============================================================
  Generated by:           Genus(TM) Synthesis Solution 21.15-s080_1
  Generated on:           Jan 21 2025  05:10:23 pm
  Module:                 lp_riscv_top
  Operating conditions:   ss_typical_max_0p90v_125c (balanced_tree)
  Wireload mode:          top
  Area mode:              timing library
============================================================

Max_transition design rule (violation total = 16892)
Pin                                                  Slew           Max     Violation
---------------------------------------------------------------------------------------
lp_riscv/g131140/A                                   1170           350           820
  --> Other violations on net                                 4100
lp_riscv/g131139/A                                   1170           350           820
  --> Other violations on net                                 4100
lp_riscv/g131138/A                                   1170           350           820
  --> Other violations on net                                 4100
lp_riscv/g131137/A                                   1170           350           820
  --> Other violations on net                                 4100
lp_riscv/g126426/B1                                  1170           350           820
  --> Other violations on net                                 4100
lp_riscv/g82638/Y                                    1170           350           820
  --> Other violations on net                                 4100
i_ioring/i_DONE_FLAG/PAD                              659           350           309
  --> Other violations on net                                 617
i_ioring/i_DONE_FLAG/PAD                              659           350           309
  --> Other violations on net                                 617
PAD_EXT_PERF_COUNTERS_5 (Primary Input)               532           350           182
  --> Other violations on net                                 182
i_ioring/i_EXT_PERF_COUNTERS_5/PAD                    532           350           182
  --> Other violations on net                                 182
PAD_EXT_PERF_COUNTERS_6 (Primary Input)               532           350           182
  --> Other violations on net                                 182
i_ioring/i_EXT_PERF_COUNTERS_6/PAD                    532           350           182
  --> Other violations on net                                 182
PAD_EXT_PERF_COUNTERS_0 (Primary Input)               532           350           182
  --> Other violations on net                                 182
i_ioring/i_EXT_PERF_COUNTERS_0/PAD                    532           350           182
  --> Other violations on net                                 182
PAD_EXT_PERF_COUNTERS_1 (Primary Input)               532           350           182
  --> Other violations on net                                 182
i_ioring/i_EXT_PERF_COUNTERS_1/PAD                    532           350           182
  --> Other violations on net                                 182
PAD_EXT_PERF_COUNTERS_2 (Primary Input)               532           350           182
  --> Other violations on net                                 182
i_ioring/i_EXT_PERF_COUNTERS_2/PAD                    532           350           182
  --> Other violations on net                                 182
PAD_EXT_PERF_COUNTERS_3 (Primary Input)               532           350           182
  --> Other violations on net                                 182
i_ioring/i_EXT_PERF_COUNTERS_3/PAD                    532           350           182
  --> Other violations on net                                 182
PAD_EXT_PERF_COUNTERS_4 (Primary Input)               532           350           182
  --> Other violations on net                                 182
i_ioring/i_EXT_PERF_COUNTERS_4/PAD                    532           350           182
  --> Other violations on net                                 182
PAD_EXT_PERF_COUNTERS_7 (Primary Input)               532           350           182
  --> Other violations on net                                 182
i_ioring/i_EXT_PERF_COUNTERS_7/PAD                    532           350           182
  --> Other violations on net                                 182
PAD_EXT_PERF_COUNTERS_8 (Primary Input)               532           350           182
  --> Other violations on net                                 182
i_ioring/i_EXT_PERF_COUNTERS_8/PAD                    532           350           182
  --> Other violations on net                                 182
PAD_EXT_PERF_COUNTERS_9 (Primary Input)               532           350           182
  --> Other violations on net                                 182
i_ioring/i_EXT_PERF_COUNTERS_9/PAD                    532           350           182
  --> Other violations on net                                 182
PAD_EXT_PERF_COUNTERS_10 (Primary Input)              532           350           182
  --> Other violations on net                                 182
i_ioring/i_EXT_PERF_COUNTERS_10/PAD                   532           350           182
  --> Other violations on net                                 182
PAD_EXT_PERF_COUNTERS_11 (Primary Input)              532           350           182
  --> Other violations on net                                 182
i_ioring/i_EXT_PERF_COUNTERS_11/PAD                   532           350           182
  --> Other violations on net                                 182
PAD_EXT_PERF_COUNTERS_12 (Primary Input)              532           350           182
  --> Other violations on net                                 182
i_ioring/i_EXT_PERF_COUNTERS_12/PAD                   532           350           182
  --> Other violations on net                                 182
PAD_EXT_PERF_COUNTERS_13 (Primary Input)              532           350           182
  --> Other violations on net                                 182
i_ioring/i_EXT_PERF_COUNTERS_13/PAD                   532           350           182
  --> Other violations on net                                 182
PAD_IRAM_PROG_ADDR_BYTE (Primary Input)               532           350           182
  --> Other violations on net                                 182
i_ioring/i_IRAM_PROG_ADDR_BYTE/PAD                    532           350           182
  --> Other violations on net                                 182
PAD_EXT_PERF_COUNTERS_15 (Primary Input)              532           350           182
  --> Other violations on net                                 182
i_ioring/i_EXT_PERF_COUNTERS_15/PAD                   532           350           182
  --> Other violations on net                                 182
PAD_IRAM_PROG_DATA_BYTE (Primary Input)               532           350           182
  --> Other violations on net                                 182
i_ioring/i_IRAM_PROG_DATA_BYTE/PAD                    532           350           182
  --> Other violations on net                                 182
PAD_IRAM_PROG_BYTE_IDX_0 (Primary Input)              532           350           182
  --> Other violations on net                                 182
i_ioring/i_IRAM_PROG_BYTE_IDX_0/PAD                   532           350           182
  --> Other violations on net                                 182
PAD_IRAM_PROG_BYTE_IDX_1 (Primary Input)              532           350           182
  --> Other violations on net                                 182
i_ioring/i_IRAM_PROG_BYTE_IDX_1/PAD                   532           350           182
  --> Other violations on net                                 182
PAD_FETCH_EN (Primary Input)                          532           350           182
  --> Other violations on net                                 182
i_ioring/i_FETCH_EN/PAD                               532           350           182
  --> Other violations on net                                 182
PAD_IRAM_PROG_BYTE_0 (Primary Input)                  532           350           182
  --> Other violations on net                                 182
i_ioring/i_IRAM_PROG_BYTE_0/PAD                       532           350           182
  --> Other violations on net                                 182
PAD_IRAM_PROG_BYTE_1 (Primary Input)                  532           350           182
  --> Other violations on net                                 182
i_ioring/i_IRAM_PROG_BYTE_1/PAD                       532           350           182
  --> Other violations on net                                 182
PAD_IRAM_PROG_BYTE_2 (Primary Input)                  532           350           182
  --> Other violations on net                                 182
i_ioring/i_IRAM_PROG_BYTE_2/PAD                       532           350           182
  --> Other violations on net                                 182
PAD_IRAM_PROG_BYTE_3 (Primary Input)                  532           350           182
  --> Other violations on net                                 182
i_ioring/i_IRAM_PROG_BYTE_3/PAD                       532           350           182
  --> Other violations on net                                 182
PAD_IRAM_PROG_BYTE_4 (Primary Input)                  532           350           182
  --> Other violations on net                                 182
i_ioring/i_IRAM_PROG_BYTE_4/PAD                       532           350           182
  --> Other violations on net                                 182
PAD_IRAM_PROG_BYTE_5 (Primary Input)                  532           350           182
  --> Other violations on net                                 182
i_ioring/i_IRAM_PROG_BYTE_5/PAD                       532           350           182
  --> Other violations on net                                 182
PAD_IRAM_PROG_BYTE_6 (Primary Input)                  532           350           182
  --> Other violations on net                                 182
i_ioring/i_IRAM_PROG_BYTE_6/PAD                       532           350           182
  --> Other violations on net                                 182
PAD_IRAM_PROG_BYTE_7 (Primary Input)                  532           350           182
  --> Other violations on net                                 182
i_ioring/i_IRAM_PROG_BYTE_7/PAD                       532           350           182
  --> Other violations on net                                 182
PAD_EXT_PERF_COUNTERS_14 (Primary Input)              532           350           182
  --> Other violations on net                                 182
i_ioring/i_EXT_PERF_COUNTERS_14/PAD                   532           350           182
  --> Other violations on net                                 182
PAD_IRAM_PROG_WR (Primary Input)                      532           350           182
  --> Other violations on net                                 182
i_ioring/i_IRAM_PROG_WR/PAD                           532           350           182
  --> Other violations on net                                 182
lp_riscv/g124897/A                                    357           350             7
  --> Other violations on net                                 118
lp_riscv/g125144/B                                    357           350             7
  --> Other violations on net                                 118
lp_riscv/g125132/B                                    357           350             7
  --> Other violations on net                                 118
lp_riscv/g125127/B                                    357           350             7
  --> Other violations on net                                 118
lp_riscv/g125125/B                                    357           350             7
  --> Other violations on net                                 118
lp_riscv/g125143/B                                    357           350             7
  --> Other violations on net                                 118
lp_riscv/g125137/B                                    357           350             7
  --> Other violations on net                                 118
lp_riscv/g123634/B1                                   357           350             7
  --> Other violations on net                                 118
lp_riscv/g123630/B1                                   357           350             7
  --> Other violations on net                                 118
lp_riscv/g125145/B                                    357           350             7
  --> Other violations on net                                 118
lp_riscv/g125028/B1                                   357           350             7
  --> Other violations on net                                 118
lp_riscv/g125027/B1                                   357           350             7
  --> Other violations on net                                 118
lp_riscv/g125128/B                                    357           350             7
  --> Other violations on net                                 118
lp_riscv/g125142/B                                    357           350             7
  --> Other violations on net                                 118
lp_riscv/g125135/B                                    357           350             7
  --> Other violations on net                                 118
lp_riscv/g125141/B                                    357           350             7
  --> Other violations on net                                 118
lp_riscv/drc_bufs130176/Y                             357           350             7
  --> Other violations on net                                 118


Max_capacitance design rule: no violations.


Max_fanout design rule (violation total = 428.000)
Pin                                                                                                                                     Fanout           Max     Violation
----------------------------------------------------------------------------------------------------------------------------------------------------------------------------
lp_riscv/g81817/Y                                                                                                                       59.000        20.000        39.000
lp_riscv/g81817/Y                                                                                                                       59.000        20.000        39.000
lp_riscv/g81817/Y                                                                                                                       59.000        20.000        39.000
lp_riscv/g81817/Y                                                                                                                       59.000        20.000        39.000
lp_riscv/g81817/Y                                                                                                                       59.000        20.000        39.000
lp_riscv/g81817/Y                                                                                                                       59.000        20.000        39.000
lp_riscv/g81817/Y                                                                                                                       59.000        20.000        39.000
lp_riscv/g81817/Y                                                                                                                       59.000        20.000        39.000
lp_riscv/g81817/Y                                                                                                                       59.000        20.000        39.000
lp_riscv/g81817/Y                                                                                                                       59.000        20.000        39.000
lp_riscv/g81817/Y                                                                                                                       59.000        20.000        39.000
lp_riscv/g81817/Y                                                                                                                       59.000        20.000        39.000
lp_riscv/g81817/Y                                                                                                                       59.000        20.000        39.000
lp_riscv/g81817/Y                                                                                                                       59.000        20.000        39.000
lp_riscv/g81817/Y                                                                                                                       59.000        20.000        39.000
lp_riscv/g81817/Y                                                                                                                       59.000        20.000        39.000
lp_riscv/g81817/Y                                                                                                                       59.000        20.000        39.000
lp_riscv/g81817/Y                                                                                                                       59.000        20.000        39.000
lp_riscv/g81817/Y                                                                                                                       59.000        20.000        39.000
lp_riscv/g81817/Y                                                                                                                       59.000        20.000        39.000
lp_riscv/g81817/Y                                                                                                                       59.000        20.000        39.000
lp_riscv/g81817/Y                                                                                                                       59.000        20.000        39.000
lp_riscv/g81817/Y                                                                                                                       59.000        20.000        39.000
lp_riscv/g81817/Y                                                                                                                       59.000        20.000        39.000
lp_riscv/g81817/Y                                                                                                                       59.000        20.000        39.000
lp_riscv/g81817/Y                                                                                                                       59.000        20.000        39.000
lp_riscv/g81817/Y                                                                                                                       59.000        20.000        39.000
lp_riscv/g81817/Y                                                                                                                       59.000        20.000        39.000
lp_riscv/g81817/Y                                                                                                                       59.000        20.000        39.000
lp_riscv/g81817/Y                                                                                                                       59.000        20.000        39.000
lp_riscv/g81817/Y                                                                                                                       59.000        20.000        39.000
lp_riscv/g81817/Y                                                                                                                       59.000        20.000        39.000
lp_riscv/g81817/Y                                                                                                                       59.000        20.000        39.000
lp_riscv/g81817/Y                                                                                                                       59.000        20.000        39.000
lp_riscv/g81817/Y                                                                                                                       59.000        20.000        39.000
lp_riscv/g81817/Y                                                                                                                       59.000        20.000        39.000
lp_riscv/g81817/Y                                                                                                                       59.000        20.000        39.000
lp_riscv/g81817/Y                                                                                                                       59.000        20.000        39.000
lp_riscv/g81817/Y                                                                                                                       59.000        20.000        39.000
lp_riscv/g81817/Y                                                                                                                       59.000        20.000        39.000
lp_riscv/g81817/Y                                                                                                                       59.000        20.000        39.000
lp_riscv/g81817/Y                                                                                                                       59.000        20.000        39.000
lp_riscv/g81817/Y                                                                                                                       59.000        20.000        39.000
lp_riscv/g81817/Y                                                                                                                       59.000        20.000        39.000
lp_riscv/g81817/Y                                                                                                                       59.000        20.000        39.000
lp_riscv/g81817/Y                                                                                                                       59.000        20.000        39.000
lp_riscv/g81817/Y                                                                                                                       59.000        20.000        39.000
lp_riscv/g81817/Y                                                                                                                       59.000        20.000        39.000
lp_riscv/g81817/Y                                                                                                                       59.000        20.000        39.000
lp_riscv/g81817/Y                                                                                                                       59.000        20.000        39.000
lp_riscv/g81817/Y                                                                                                                       59.000        20.000        39.000
lp_riscv/g81817/Y                                                                                                                       59.000        20.000        39.000
lp_riscv/g81817/Y                                                                                                                       59.000        20.000        39.000
lp_riscv/g81817/Y                                                                                                                       59.000        20.000        39.000
lp_riscv/g81817/Y                                                                                                                       59.000        20.000        39.000
lp_riscv/g81817/Y                                                                                                                       59.000        20.000        39.000
lp_riscv/g81817/Y                                                                                                                       59.000        20.000        39.000
lp_riscv/g81817/Y                                                                                                                       59.000        20.000        39.000
lp_riscv/g81817/Y                                                                                                                       59.000        20.000        39.000
lp_riscv/g81817/Y                                                                                                                       59.000        20.000        39.000
lp_riscv/g72747/Y                                                                                                                       40.000        20.000        20.000
lp_riscv/g72747/Y                                                                                                                       40.000        20.000        20.000
lp_riscv/g72747/Y                                                                                                                       40.000        20.000        20.000
lp_riscv/g72747/Y                                                                                                                       40.000        20.000        20.000
lp_riscv/g72747/Y                                                                                                                       40.000        20.000        20.000
lp_riscv/g72747/Y                                                                                                                       40.000        20.000        20.000
lp_riscv/g72747/Y                                                                                                                       40.000        20.000        20.000
lp_riscv/g72747/Y                                                                                                                       40.000        20.000        20.000
lp_riscv/g72747/Y                                                                                                                       40.000        20.000        20.000
lp_riscv/g72747/Y                                                                                                                       40.000        20.000        20.000
lp_riscv/g72747/Y                                                                                                                       40.000        20.000        20.000
lp_riscv/g72747/Y                                                                                                                       40.000        20.000        20.000
lp_riscv/g72747/Y                                                                                                                       40.000        20.000        20.000
lp_riscv/g72747/Y                                                                                                                       40.000        20.000        20.000
lp_riscv/g72747/Y                                                                                                                       40.000        20.000        20.000
lp_riscv/g72747/Y                                                                                                                       40.000        20.000        20.000
lp_riscv/g72747/Y                                                                                                                       40.000        20.000        20.000
lp_riscv/g72747/Y                                                                                                                       40.000        20.000        20.000
lp_riscv/g72747/Y                                                                                                                       40.000        20.000        20.000
lp_riscv/g72747/Y                                                                                                                       40.000        20.000        20.000
lp_riscv/g72747/Y                                                                                                                       40.000        20.000        20.000
lp_riscv/g72747/Y                                                                                                                       40.000        20.000        20.000
lp_riscv/g72747/Y                                                                                                                       40.000        20.000        20.000
lp_riscv/g72747/Y                                                                                                                       40.000        20.000        20.000
lp_riscv/g72747/Y                                                                                                                       40.000        20.000        20.000
lp_riscv/g72747/Y                                                                                                                       40.000        20.000        20.000
lp_riscv/g72747/Y                                                                                                                       40.000        20.000        20.000
lp_riscv/g72747/Y                                                                                                                       40.000        20.000        20.000
lp_riscv/g72747/Y                                                                                                                       40.000        20.000        20.000
lp_riscv/g72747/Y                                                                                                                       40.000        20.000        20.000
lp_riscv/g72747/Y                                                                                                                       40.000        20.000        20.000
lp_riscv/g72747/Y                                                                                                                       40.000        20.000        20.000
lp_riscv/g72747/Y                                                                                                                       40.000        20.000        20.000
lp_riscv/g72747/Y                                                                                                                       40.000        20.000        20.000
lp_riscv/g72747/Y                                                                                                                       40.000        20.000        20.000
lp_riscv/g72747/Y                                                                                                                       40.000        20.000        20.000
lp_riscv/g72747/Y                                                                                                                       40.000        20.000        20.000
lp_riscv/g72747/Y                                                                                                                       40.000        20.000        20.000
lp_riscv/g72747/Y                                                                                                                       40.000        20.000        20.000
lp_riscv/g72747/Y                                                                                                                       40.000        20.000        20.000
lp_riscv/g72747/Y                                                                                                                       40.000        20.000        20.000
lp_riscv/g82624/Y                                                                                                                       40.000        20.000        20.000
lp_riscv/g82624/Y                                                                                                                       40.000        20.000        20.000
lp_riscv/g82624/Y                                                                                                                       40.000        20.000        20.000
lp_riscv/g82624/Y                                                                                                                       40.000        20.000        20.000
lp_riscv/g82624/Y                                                                                                                       40.000        20.000        20.000
lp_riscv/g82624/Y                                                                                                                       40.000        20.000        20.000
lp_riscv/g82624/Y                                                                                                                       40.000        20.000        20.000
lp_riscv/g82624/Y                                                                                                                       40.000        20.000        20.000
lp_riscv/g82624/Y                                                                                                                       40.000        20.000        20.000
lp_riscv/g82624/Y                                                                                                                       40.000        20.000        20.000
lp_riscv/g82624/Y                                                                                                                       40.000        20.000        20.000
lp_riscv/g82624/Y                                                                                                                       40.000        20.000        20.000
lp_riscv/g82624/Y                                                                                                                       40.000        20.000        20.000
lp_riscv/g82624/Y                                                                                                                       40.000        20.000        20.000
lp_riscv/g82624/Y                                                                                                                       40.000        20.000        20.000
lp_riscv/g82624/Y                                                                                                                       40.000        20.000        20.000
lp_riscv/g82624/Y                                                                                                                       40.000        20.000        20.000
lp_riscv/g82624/Y                                                                                                                       40.000        20.000        20.000
lp_riscv/g82624/Y                                                                                                                       40.000        20.000        20.000
lp_riscv/g82624/Y                                                                                                                       40.000        20.000        20.000
lp_riscv/g82624/Y                                                                                                                       40.000        20.000        20.000
lp_riscv/g82624/Y                                                                                                                       40.000        20.000        20.000
lp_riscv/g82624/Y                                                                                                                       40.000        20.000        20.000
lp_riscv/g82624/Y                                                                                                                       40.000        20.000        20.000
lp_riscv/g82624/Y                                                                                                                       40.000        20.000        20.000
lp_riscv/g82624/Y                                                                                                                       40.000        20.000        20.000
lp_riscv/g82624/Y                                                                                                                       40.000        20.000        20.000
lp_riscv/g82624/Y                                                                                                                       40.000        20.000        20.000
lp_riscv/g82624/Y                                                                                                                       40.000        20.000        20.000
lp_riscv/g82624/Y                                                                                                                       40.000        20.000        20.000
lp_riscv/g82624/Y                                                                                                                       40.000        20.000        20.000
lp_riscv/g82624/Y                                                                                                                       40.000        20.000        20.000
lp_riscv/g82624/Y                                                                                                                       40.000        20.000        20.000
lp_riscv/g82624/Y                                                                                                                       40.000        20.000        20.000
lp_riscv/g82624/Y                                                                                                                       40.000        20.000        20.000
lp_riscv/g82624/Y                                                                                                                       40.000        20.000        20.000
lp_riscv/g82624/Y                                                                                                                       40.000        20.000        20.000
lp_riscv/g82624/Y                                                                                                                       40.000        20.000        20.000
lp_riscv/g82624/Y                                                                                                                       40.000        20.000        20.000
lp_riscv/g82624/Y                                                                                                                       40.000        20.000        20.000
lp_riscv/g82624/Y                                                                                                                       40.000        20.000        20.000
lp_riscv/g81773/Y                                                                                                                       36.000        20.000        16.000
lp_riscv/g81773/Y                                                                                                                       36.000        20.000        16.000
lp_riscv/g81773/Y                                                                                                                       36.000        20.000        16.000
lp_riscv/g81773/Y                                                                                                                       36.000        20.000        16.000
lp_riscv/g81773/Y                                                                                                                       36.000        20.000        16.000
lp_riscv/g81773/Y                                                                                                                       36.000        20.000        16.000
lp_riscv/g81773/Y                                                                                                                       36.000        20.000        16.000
lp_riscv/g81773/Y                                                                                                                       36.000        20.000        16.000
lp_riscv/g81773/Y                                                                                                                       36.000        20.000        16.000
lp_riscv/g81773/Y                                                                                                                       36.000        20.000        16.000
lp_riscv/g81773/Y                                                                                                                       36.000        20.000        16.000
lp_riscv/g81773/Y                                                                                                                       36.000        20.000        16.000
lp_riscv/g81773/Y                                                                                                                       36.000        20.000        16.000
lp_riscv/g81773/Y                                                                                                                       36.000        20.000        16.000
lp_riscv/g81773/Y                                                                                                                       36.000        20.000        16.000
lp_riscv/g81773/Y                                                                                                                       36.000        20.000        16.000
lp_riscv/g81773/Y                                                                                                                       36.000        20.000        16.000
lp_riscv/g81773/Y                                                                                                                       36.000        20.000        16.000
lp_riscv/g81773/Y                                                                                                                       36.000        20.000        16.000
lp_riscv/g81773/Y                                                                                                                       36.000        20.000        16.000
lp_riscv/g81773/Y                                                                                                                       36.000        20.000        16.000
lp_riscv/g81773/Y                                                                                                                       36.000        20.000        16.000
lp_riscv/g81773/Y                                                                                                                       36.000        20.000        16.000
lp_riscv/g81773/Y                                                                                                                       36.000        20.000        16.000
lp_riscv/g81773/Y                                                                                                                       36.000        20.000        16.000
lp_riscv/g81773/Y                                                                                                                       36.000        20.000        16.000
lp_riscv/g81773/Y                                                                                                                       36.000        20.000        16.000
lp_riscv/g81773/Y                                                                                                                       36.000        20.000        16.000
lp_riscv/g81773/Y                                                                                                                       36.000        20.000        16.000
lp_riscv/g81773/Y                                                                                                                       36.000        20.000        16.000
lp_riscv/g81773/Y                                                                                                                       36.000        20.000        16.000
lp_riscv/g81773/Y                                                                                                                       36.000        20.000        16.000
lp_riscv/g81773/Y                                                                                                                       36.000        20.000        16.000
lp_riscv/g81773/Y                                                                                                                       36.000        20.000        16.000
lp_riscv/g81773/Y                                                                                                                       36.000        20.000        16.000
lp_riscv/g81773/Y                                                                                                                       36.000        20.000        16.000
lp_riscv/g81773/Y                                                                                                                       36.000        20.000        16.000
lp_riscv/g80727/Y                                                                                                                       35.000        20.000        15.000
lp_riscv/g80727/Y                                                                                                                       35.000        20.000        15.000
lp_riscv/g80727/Y                                                                                                                       35.000        20.000        15.000
lp_riscv/g80727/Y                                                                                                                       35.000        20.000        15.000
lp_riscv/g80727/Y                                                                                                                       35.000        20.000        15.000
lp_riscv/g80727/Y                                                                                                                       35.000        20.000        15.000
lp_riscv/g80727/Y                                                                                                                       35.000        20.000        15.000
lp_riscv/g80727/Y                                                                                                                       35.000        20.000        15.000
lp_riscv/g80727/Y                                                                                                                       35.000        20.000        15.000
lp_riscv/g80727/Y                                                                                                                       35.000        20.000        15.000
lp_riscv/g80727/Y                                                                                                                       35.000        20.000        15.000
lp_riscv/g80727/Y                                                                                                                       35.000        20.000        15.000
lp_riscv/g80727/Y                                                                                                                       35.000        20.000        15.000
lp_riscv/g80727/Y                                                                                                                       35.000        20.000        15.000
lp_riscv/g80727/Y                                                                                                                       35.000        20.000        15.000
lp_riscv/g80727/Y                                                                                                                       35.000        20.000        15.000
lp_riscv/g80727/Y                                                                                                                       35.000        20.000        15.000
lp_riscv/g80727/Y                                                                                                                       35.000        20.000        15.000
lp_riscv/g80727/Y                                                                                                                       35.000        20.000        15.000
lp_riscv/g80727/Y                                                                                                                       35.000        20.000        15.000
lp_riscv/g80727/Y                                                                                                                       35.000        20.000        15.000
lp_riscv/g80727/Y                                                                                                                       35.000        20.000        15.000
lp_riscv/g80727/Y                                                                                                                       35.000        20.000        15.000
lp_riscv/g80727/Y                                                                                                                       35.000        20.000        15.000
lp_riscv/g80727/Y                                                                                                                       35.000        20.000        15.000
lp_riscv/g80727/Y                                                                                                                       35.000        20.000        15.000
lp_riscv/g80727/Y                                                                                                                       35.000        20.000        15.000
lp_riscv/g80727/Y                                                                                                                       35.000        20.000        15.000
lp_riscv/g80727/Y                                                                                                                       35.000        20.000        15.000
lp_riscv/g80727/Y                                                                                                                       35.000        20.000        15.000
lp_riscv/g80727/Y                                                                                                                       35.000        20.000        15.000
lp_riscv/g80727/Y                                                                                                                       35.000        20.000        15.000
lp_riscv/g80727/Y                                                                                                                       35.000        20.000        15.000
lp_riscv/g80727/Y                                                                                                                       35.000        20.000        15.000
lp_riscv/g80727/Y                                                                                                                       35.000        20.000        15.000
lp_riscv/g80727/Y                                                                                                                       35.000        20.000        15.000
lp_riscv/g81818/Y                                                                                                                       34.000        20.000        14.000
lp_riscv/g81818/Y                                                                                                                       34.000        20.000        14.000
lp_riscv/g81818/Y                                                                                                                       34.000        20.000        14.000
lp_riscv/g81818/Y                                                                                                                       34.000        20.000        14.000
lp_riscv/g81818/Y                                                                                                                       34.000        20.000        14.000
lp_riscv/g81818/Y                                                                                                                       34.000        20.000        14.000
lp_riscv/g81818/Y                                                                                                                       34.000        20.000        14.000
lp_riscv/g81818/Y                                                                                                                       34.000        20.000        14.000
lp_riscv/g81818/Y                                                                                                                       34.000        20.000        14.000
lp_riscv/g81818/Y                                                                                                                       34.000        20.000        14.000
lp_riscv/g81818/Y                                                                                                                       34.000        20.000        14.000
lp_riscv/g81818/Y                                                                                                                       34.000        20.000        14.000
lp_riscv/g81818/Y                                                                                                                       34.000        20.000        14.000
lp_riscv/g81818/Y                                                                                                                       34.000        20.000        14.000
lp_riscv/g81818/Y                                                                                                                       34.000        20.000        14.000
lp_riscv/g81818/Y                                                                                                                       34.000        20.000        14.000
lp_riscv/g81818/Y                                                                                                                       34.000        20.000        14.000
lp_riscv/g81818/Y                                                                                                                       34.000        20.000        14.000
lp_riscv/g81818/Y                                                                                                                       34.000        20.000        14.000
lp_riscv/g81818/Y                                                                                                                       34.000        20.000        14.000
lp_riscv/g81818/Y                                                                                                                       34.000        20.000        14.000
lp_riscv/g81818/Y                                                                                                                       34.000        20.000        14.000
lp_riscv/g81818/Y                                                                                                                       34.000        20.000        14.000
lp_riscv/g81818/Y                                                                                                                       34.000        20.000        14.000
lp_riscv/g81818/Y                                                                                                                       34.000        20.000        14.000
lp_riscv/g81818/Y                                                                                                                       34.000        20.000        14.000
lp_riscv/g81818/Y                                                                                                                       34.000        20.000        14.000
lp_riscv/g81818/Y                                                                                                                       34.000        20.000        14.000
lp_riscv/g81818/Y                                                                                                                       34.000        20.000        14.000
lp_riscv/g81818/Y                                                                                                                       34.000        20.000        14.000
lp_riscv/g81818/Y                                                                                                                       34.000        20.000        14.000
lp_riscv/g81818/Y                                                                                                                       34.000        20.000        14.000
lp_riscv/g81818/Y                                                                                                                       34.000        20.000        14.000
lp_riscv/g81818/Y                                                                                                                       34.000        20.000        14.000
lp_riscv/g81818/Y                                                                                                                       34.000        20.000        14.000
lp_riscv/g81812/Y                                                                                                                       33.000        20.000        13.000
lp_riscv/g81812/Y                                                                                                                       33.000        20.000        13.000
lp_riscv/g81812/Y                                                                                                                       33.000        20.000        13.000
lp_riscv/g81812/Y                                                                                                                       33.000        20.000        13.000
lp_riscv/g81812/Y                                                                                                                       33.000        20.000        13.000
lp_riscv/g81812/Y                                                                                                                       33.000        20.000        13.000
lp_riscv/g81812/Y                                                                                                                       33.000        20.000        13.000
lp_riscv/g81812/Y                                                                                                                       33.000        20.000        13.000
lp_riscv/g81812/Y                                                                                                                       33.000        20.000        13.000
lp_riscv/g81812/Y                                                                                                                       33.000        20.000        13.000
lp_riscv/g81812/Y                                                                                                                       33.000        20.000        13.000
lp_riscv/g81812/Y                                                                                                                       33.000        20.000        13.000
lp_riscv/g81812/Y                                                                                                                       33.000        20.000        13.000
lp_riscv/g81812/Y                                                                                                                       33.000        20.000        13.000
lp_riscv/g81812/Y                                                                                                                       33.000        20.000        13.000
lp_riscv/g81812/Y                                                                                                                       33.000        20.000        13.000
lp_riscv/g81812/Y                                                                                                                       33.000        20.000        13.000
lp_riscv/g81812/Y                                                                                                                       33.000        20.000        13.000
lp_riscv/g81812/Y                                                                                                                       33.000        20.000        13.000
lp_riscv/g81812/Y                                                                                                                       33.000        20.000        13.000
lp_riscv/g81812/Y                                                                                                                       33.000        20.000        13.000
lp_riscv/g81812/Y                                                                                                                       33.000        20.000        13.000
lp_riscv/g81812/Y                                                                                                                       33.000        20.000        13.000
lp_riscv/g81812/Y                                                                                                                       33.000        20.000        13.000
lp_riscv/g81812/Y                                                                                                                       33.000        20.000        13.000
lp_riscv/g81812/Y                                                                                                                       33.000        20.000        13.000
lp_riscv/g81812/Y                                                                                                                       33.000        20.000        13.000
lp_riscv/g81812/Y                                                                                                                       33.000        20.000        13.000
lp_riscv/g81812/Y                                                                                                                       33.000        20.000        13.000
lp_riscv/g81812/Y                                                                                                                       33.000        20.000        13.000
lp_riscv/g81812/Y                                                                                                                       33.000        20.000        13.000
lp_riscv/g81812/Y                                                                                                                       33.000        20.000        13.000
lp_riscv/g81812/Y                                                                                                                       33.000        20.000        13.000
lp_riscv/g81812/Y                                                                                                                       33.000        20.000        13.000
lp_riscv/g80519/Y                                                                                                                       32.000        20.000        12.000
lp_riscv/g80519/Y                                                                                                                       32.000        20.000        12.000
lp_riscv/g80519/Y                                                                                                                       32.000        20.000        12.000
lp_riscv/g80519/Y                                                                                                                       32.000        20.000        12.000
lp_riscv/g80519/Y                                                                                                                       32.000        20.000        12.000
lp_riscv/g80519/Y                                                                                                                       32.000        20.000        12.000
lp_riscv/g80519/Y                                                                                                                       32.000        20.000        12.000
lp_riscv/g80519/Y                                                                                                                       32.000        20.000        12.000
lp_riscv/g80519/Y                                                                                                                       32.000        20.000        12.000
lp_riscv/g80519/Y                                                                                                                       32.000        20.000        12.000
lp_riscv/g80519/Y                                                                                                                       32.000        20.000        12.000
lp_riscv/g80519/Y                                                                                                                       32.000        20.000        12.000
lp_riscv/g80519/Y                                                                                                                       32.000        20.000        12.000
lp_riscv/g80519/Y                                                                                                                       32.000        20.000        12.000
lp_riscv/g80519/Y                                                                                                                       32.000        20.000        12.000
lp_riscv/g80519/Y                                                                                                                       32.000        20.000        12.000
lp_riscv/g80519/Y                                                                                                                       32.000        20.000        12.000
lp_riscv/g80519/Y                                                                                                                       32.000        20.000        12.000
lp_riscv/g80519/Y                                                                                                                       32.000        20.000        12.000
lp_riscv/g80519/Y                                                                                                                       32.000        20.000        12.000
lp_riscv/g80519/Y                                                                                                                       32.000        20.000        12.000
lp_riscv/g80519/Y                                                                                                                       32.000        20.000        12.000
lp_riscv/g80519/Y                                                                                                                       32.000        20.000        12.000
lp_riscv/g80519/Y                                                                                                                       32.000        20.000        12.000
lp_riscv/g80519/Y                                                                                                                       32.000        20.000        12.000
lp_riscv/g80519/Y                                                                                                                       32.000        20.000        12.000
lp_riscv/g80519/Y                                                                                                                       32.000        20.000        12.000
lp_riscv/g80519/Y                                                                                                                       32.000        20.000        12.000
lp_riscv/g80519/Y                                                                                                                       32.000        20.000        12.000
lp_riscv/g80519/Y                                                                                                                       32.000        20.000        12.000
lp_riscv/g80519/Y                                                                                                                       32.000        20.000        12.000
lp_riscv/g80519/Y                                                                                                                       32.000        20.000        12.000
lp_riscv/g80519/Y                                                                                                                       32.000        20.000        12.000
lp_riscv/g80778/Y                                                                                                                       32.000        20.000        12.000
lp_riscv/g80778/Y                                                                                                                       32.000        20.000        12.000
lp_riscv/g80778/Y                                                                                                                       32.000        20.000        12.000
lp_riscv/g80778/Y                                                                                                                       32.000        20.000        12.000
lp_riscv/g80778/Y                                                                                                                       32.000        20.000        12.000
lp_riscv/g80778/Y                                                                                                                       32.000        20.000        12.000
lp_riscv/g80778/Y                                                                                                                       32.000        20.000        12.000
lp_riscv/g80778/Y                                                                                                                       32.000        20.000        12.000
lp_riscv/g80778/Y                                                                                                                       32.000        20.000        12.000
lp_riscv/g80778/Y                                                                                                                       32.000        20.000        12.000
lp_riscv/g80778/Y                                                                                                                       32.000        20.000        12.000
lp_riscv/g80778/Y                                                                                                                       32.000        20.000        12.000
lp_riscv/g80778/Y                                                                                                                       32.000        20.000        12.000
lp_riscv/g80778/Y                                                                                                                       32.000        20.000        12.000
lp_riscv/g80778/Y                                                                                                                       32.000        20.000        12.000
lp_riscv/g80778/Y                                                                                                                       32.000        20.000        12.000
lp_riscv/g80778/Y                                                                                                                       32.000        20.000        12.000
lp_riscv/g80778/Y                                                                                                                       32.000        20.000        12.000
lp_riscv/g80778/Y                                                                                                                       32.000        20.000        12.000
lp_riscv/g80778/Y                                                                                                                       32.000        20.000        12.000
lp_riscv/g80778/Y                                                                                                                       32.000        20.000        12.000
lp_riscv/g80778/Y                                                                                                                       32.000        20.000        12.000
lp_riscv/g80778/Y                                                                                                                       32.000        20.000        12.000
lp_riscv/g80778/Y                                                                                                                       32.000        20.000        12.000
lp_riscv/g80778/Y                                                                                                                       32.000        20.000        12.000
lp_riscv/g80778/Y                                                                                                                       32.000        20.000        12.000
lp_riscv/g80778/Y                                                                                                                       32.000        20.000        12.000
lp_riscv/g80778/Y                                                                                                                       32.000        20.000        12.000
lp_riscv/g80778/Y                                                                                                                       32.000        20.000        12.000
lp_riscv/g80778/Y                                                                                                                       32.000        20.000        12.000
lp_riscv/g80778/Y                                                                                                                       32.000        20.000        12.000
lp_riscv/g80778/Y                                                                                                                       32.000        20.000        12.000
lp_riscv/g80778/Y                                                                                                                       32.000        20.000        12.000
lp_riscv/g80674/Y                                                                                                                       32.000        20.000        12.000
lp_riscv/g80674/Y                                                                                                                       32.000        20.000        12.000
lp_riscv/g80674/Y                                                                                                                       32.000        20.000        12.000
lp_riscv/g80674/Y                                                                                                                       32.000        20.000        12.000
lp_riscv/g80674/Y                                                                                                                       32.000        20.000        12.000
lp_riscv/g80674/Y                                                                                                                       32.000        20.000        12.000
lp_riscv/g80674/Y                                                                                                                       32.000        20.000        12.000
lp_riscv/g80674/Y                                                                                                                       32.000        20.000        12.000
lp_riscv/g80674/Y                                                                                                                       32.000        20.000        12.000
lp_riscv/g80674/Y                                                                                                                       32.000        20.000        12.000
lp_riscv/g80674/Y                                                                                                                       32.000        20.000        12.000
lp_riscv/g80674/Y                                                                                                                       32.000        20.000        12.000
lp_riscv/g80674/Y                                                                                                                       32.000        20.000        12.000
lp_riscv/g80674/Y                                                                                                                       32.000        20.000        12.000
lp_riscv/g80674/Y                                                                                                                       32.000        20.000        12.000
lp_riscv/g80674/Y                                                                                                                       32.000        20.000        12.000
lp_riscv/g80674/Y                                                                                                                       32.000        20.000        12.000
lp_riscv/g80674/Y                                                                                                                       32.000        20.000        12.000
lp_riscv/g80674/Y                                                                                                                       32.000        20.000        12.000
lp_riscv/g80674/Y                                                                                                                       32.000        20.000        12.000
lp_riscv/g80674/Y                                                                                                                       32.000        20.000        12.000
lp_riscv/g80674/Y                                                                                                                       32.000        20.000        12.000
lp_riscv/g80674/Y                                                                                                                       32.000        20.000        12.000
lp_riscv/g80674/Y                                                                                                                       32.000        20.000        12.000
lp_riscv/g80674/Y                                                                                                                       32.000        20.000        12.000
lp_riscv/g80674/Y                                                                                                                       32.000        20.000        12.000
lp_riscv/g80674/Y                                                                                                                       32.000        20.000        12.000
lp_riscv/g80674/Y                                                                                                                       32.000        20.000        12.000
lp_riscv/g80674/Y                                                                                                                       32.000        20.000        12.000
lp_riscv/g80674/Y                                                                                                                       32.000        20.000        12.000
lp_riscv/g80674/Y                                                                                                                       32.000        20.000        12.000
lp_riscv/g80674/Y                                                                                                                       32.000        20.000        12.000
lp_riscv/g80674/Y                                                                                                                       32.000        20.000        12.000
lp_riscv/g128306/Y                                                                                                                      32.000        20.000        12.000
lp_riscv/g128306/Y                                                                                                                      32.000        20.000        12.000
lp_riscv/g128306/Y                                                                                                                      32.000        20.000        12.000
lp_riscv/g128306/Y                                                                                                                      32.000        20.000        12.000
lp_riscv/g128306/Y                                                                                                                      32.000        20.000        12.000
lp_riscv/g128306/Y                                                                                                                      32.000        20.000        12.000
lp_riscv/g128306/Y                                                                                                                      32.000        20.000        12.000
lp_riscv/g128306/Y                                                                                                                      32.000        20.000        12.000
lp_riscv/g128306/Y                                                                                                                      32.000        20.000        12.000
lp_riscv/g128306/Y                                                                                                                      32.000        20.000        12.000
lp_riscv/g128306/Y                                                                                                                      32.000        20.000        12.000
lp_riscv/g128306/Y                                                                                                                      32.000        20.000        12.000
lp_riscv/g128306/Y                                                                                                                      32.000        20.000        12.000
lp_riscv/g128306/Y                                                                                                                      32.000        20.000        12.000
lp_riscv/g128306/Y                                                                                                                      32.000        20.000        12.000
lp_riscv/g128306/Y                                                                                                                      32.000        20.000        12.000
lp_riscv/g128306/Y                                                                                                                      32.000        20.000        12.000
lp_riscv/g128306/Y                                                                                                                      32.000        20.000        12.000
lp_riscv/g128306/Y                                                                                                                      32.000        20.000        12.000
lp_riscv/g128306/Y                                                                                                                      32.000        20.000        12.000
lp_riscv/g128306/Y                                                                                                                      32.000        20.000        12.000
lp_riscv/g128306/Y                                                                                                                      32.000        20.000        12.000
lp_riscv/g128306/Y                                                                                                                      32.000        20.000        12.000
lp_riscv/g128306/Y                                                                                                                      32.000        20.000        12.000
lp_riscv/g128306/Y                                                                                                                      32.000        20.000        12.000
lp_riscv/g128306/Y                                                                                                                      32.000        20.000        12.000
lp_riscv/g128306/Y                                                                                                                      32.000        20.000        12.000
lp_riscv/g128306/Y                                                                                                                      32.000        20.000        12.000
lp_riscv/g128306/Y                                                                                                                      32.000        20.000        12.000
lp_riscv/g128306/Y                                                                                                                      32.000        20.000        12.000
lp_riscv/g128306/Y                                                                                                                      32.000        20.000        12.000
lp_riscv/g128306/Y                                                                                                                      32.000        20.000        12.000
lp_riscv/g128306/Y                                                                                                                      32.000        20.000        12.000
lp_riscv/g81763/Y                                                                                                                       32.000        20.000        12.000
lp_riscv/g81763/Y                                                                                                                       32.000        20.000        12.000
lp_riscv/g81763/Y                                                                                                                       32.000        20.000        12.000
lp_riscv/g81763/Y                                                                                                                       32.000        20.000        12.000
lp_riscv/g81763/Y                                                                                                                       32.000        20.000        12.000
lp_riscv/g81763/Y                                                                                                                       32.000        20.000        12.000
lp_riscv/g81763/Y                                                                                                                       32.000        20.000        12.000
lp_riscv/g81763/Y                                                                                                                       32.000        20.000        12.000
lp_riscv/g81763/Y                                                                                                                       32.000        20.000        12.000
lp_riscv/g81763/Y                                                                                                                       32.000        20.000        12.000
lp_riscv/g81763/Y                                                                                                                       32.000        20.000        12.000
lp_riscv/g81763/Y                                                                                                                       32.000        20.000        12.000
lp_riscv/g81763/Y                                                                                                                       32.000        20.000        12.000
lp_riscv/g81763/Y                                                                                                                       32.000        20.000        12.000
lp_riscv/g81763/Y                                                                                                                       32.000        20.000        12.000
lp_riscv/g81763/Y                                                                                                                       32.000        20.000        12.000
lp_riscv/g81763/Y                                                                                                                       32.000        20.000        12.000
lp_riscv/g81763/Y                                                                                                                       32.000        20.000        12.000
lp_riscv/g81763/Y                                                                                                                       32.000        20.000        12.000
lp_riscv/g81763/Y                                                                                                                       32.000        20.000        12.000
lp_riscv/g81763/Y                                                                                                                       32.000        20.000        12.000
lp_riscv/g81763/Y                                                                                                                       32.000        20.000        12.000
lp_riscv/g81763/Y                                                                                                                       32.000        20.000        12.000
lp_riscv/g81763/Y                                                                                                                       32.000        20.000        12.000
lp_riscv/g81763/Y                                                                                                                       32.000        20.000        12.000
lp_riscv/g81763/Y                                                                                                                       32.000        20.000        12.000
lp_riscv/g81763/Y                                                                                                                       32.000        20.000        12.000
lp_riscv/g81763/Y                                                                                                                       32.000        20.000        12.000
lp_riscv/g81763/Y                                                                                                                       32.000        20.000        12.000
lp_riscv/g81763/Y                                                                                                                       32.000        20.000        12.000
lp_riscv/g81763/Y                                                                                                                       32.000        20.000        12.000
lp_riscv/g81763/Y                                                                                                                       32.000        20.000        12.000
lp_riscv/g81763/Y                                                                                                                       32.000        20.000        12.000
lp_riscv/g80673/Y                                                                                                                       32.000        20.000        12.000
lp_riscv/g80673/Y                                                                                                                       32.000        20.000        12.000
lp_riscv/g80673/Y                                                                                                                       32.000        20.000        12.000
lp_riscv/g80673/Y                                                                                                                       32.000        20.000        12.000
lp_riscv/g80673/Y                                                                                                                       32.000        20.000        12.000
lp_riscv/g80673/Y                                                                                                                       32.000        20.000        12.000
lp_riscv/g80673/Y                                                                                                                       32.000        20.000        12.000
lp_riscv/g80673/Y                                                                                                                       32.000        20.000        12.000
lp_riscv/g80673/Y                                                                                                                       32.000        20.000        12.000
lp_riscv/g80673/Y                                                                                                                       32.000        20.000        12.000
lp_riscv/g80673/Y                                                                                                                       32.000        20.000        12.000
lp_riscv/g80673/Y                                                                                                                       32.000        20.000        12.000
lp_riscv/g80673/Y                                                                                                                       32.000        20.000        12.000
lp_riscv/g80673/Y                                                                                                                       32.000        20.000        12.000
lp_riscv/g80673/Y                                                                                                                       32.000        20.000        12.000
lp_riscv/g80673/Y                                                                                                                       32.000        20.000        12.000
lp_riscv/g80673/Y                                                                                                                       32.000        20.000        12.000
lp_riscv/g80673/Y                                                                                                                       32.000        20.000        12.000
lp_riscv/g80673/Y                                                                                                                       32.000        20.000        12.000
lp_riscv/g80673/Y                                                                                                                       32.000        20.000        12.000
lp_riscv/g80673/Y                                                                                                                       32.000        20.000        12.000
lp_riscv/g80673/Y                                                                                                                       32.000        20.000        12.000
lp_riscv/g80673/Y                                                                                                                       32.000        20.000        12.000
lp_riscv/g80673/Y                                                                                                                       32.000        20.000        12.000
lp_riscv/g80673/Y                                                                                                                       32.000        20.000        12.000
lp_riscv/g80673/Y                                                                                                                       32.000        20.000        12.000
lp_riscv/g80673/Y                                                                                                                       32.000        20.000        12.000
lp_riscv/g80673/Y                                                                                                                       32.000        20.000        12.000
lp_riscv/g80673/Y                                                                                                                       32.000        20.000        12.000
lp_riscv/g80673/Y                                                                                                                       32.000        20.000        12.000
lp_riscv/g80673/Y                                                                                                                       32.000        20.000        12.000
lp_riscv/g80673/Y                                                                                                                       32.000        20.000        12.000
lp_riscv/g80673/Y                                                                                                                       32.000        20.000        12.000
lp_riscv/g80624/Y                                                                                                                       31.000        20.000        11.000
lp_riscv/g80624/Y                                                                                                                       31.000        20.000        11.000
lp_riscv/g80624/Y                                                                                                                       31.000        20.000        11.000
lp_riscv/g80624/Y                                                                                                                       31.000        20.000        11.000
lp_riscv/g80624/Y                                                                                                                       31.000        20.000        11.000
lp_riscv/g80624/Y                                                                                                                       31.000        20.000        11.000
lp_riscv/g80624/Y                                                                                                                       31.000        20.000        11.000
lp_riscv/g80624/Y                                                                                                                       31.000        20.000        11.000
lp_riscv/g80624/Y                                                                                                                       31.000        20.000        11.000
lp_riscv/g80624/Y                                                                                                                       31.000        20.000        11.000
lp_riscv/g80624/Y                                                                                                                       31.000        20.000        11.000
lp_riscv/g80624/Y                                                                                                                       31.000        20.000        11.000
lp_riscv/g80624/Y                                                                                                                       31.000        20.000        11.000
lp_riscv/g80624/Y                                                                                                                       31.000        20.000        11.000
lp_riscv/g80624/Y                                                                                                                       31.000        20.000        11.000
lp_riscv/g80624/Y                                                                                                                       31.000        20.000        11.000
lp_riscv/g80624/Y                                                                                                                       31.000        20.000        11.000
lp_riscv/g80624/Y                                                                                                                       31.000        20.000        11.000
lp_riscv/g80624/Y                                                                                                                       31.000        20.000        11.000
lp_riscv/g80624/Y                                                                                                                       31.000        20.000        11.000
lp_riscv/g80624/Y                                                                                                                       31.000        20.000        11.000
lp_riscv/g80624/Y                                                                                                                       31.000        20.000        11.000
lp_riscv/g80624/Y                                                                                                                       31.000        20.000        11.000
lp_riscv/g80624/Y                                                                                                                       31.000        20.000        11.000
lp_riscv/g80624/Y                                                                                                                       31.000        20.000        11.000
lp_riscv/g80624/Y                                                                                                                       31.000        20.000        11.000
lp_riscv/g80624/Y                                                                                                                       31.000        20.000        11.000
lp_riscv/g80624/Y                                                                                                                       31.000        20.000        11.000
lp_riscv/g80624/Y                                                                                                                       31.000        20.000        11.000
lp_riscv/g80624/Y                                                                                                                       31.000        20.000        11.000
lp_riscv/g80624/Y                                                                                                                       31.000        20.000        11.000
lp_riscv/g80624/Y                                                                                                                       31.000        20.000        11.000
lp_riscv/g81736/Y                                                                                                                       31.000        20.000        11.000
lp_riscv/g81736/Y                                                                                                                       31.000        20.000        11.000
lp_riscv/g81736/Y                                                                                                                       31.000        20.000        11.000
lp_riscv/g81736/Y                                                                                                                       31.000        20.000        11.000
lp_riscv/g81736/Y                                                                                                                       31.000        20.000        11.000
lp_riscv/g81736/Y                                                                                                                       31.000        20.000        11.000
lp_riscv/g81736/Y                                                                                                                       31.000        20.000        11.000
lp_riscv/g81736/Y                                                                                                                       31.000        20.000        11.000
lp_riscv/g81736/Y                                                                                                                       31.000        20.000        11.000
lp_riscv/g81736/Y                                                                                                                       31.000        20.000        11.000
lp_riscv/g81736/Y                                                                                                                       31.000        20.000        11.000
lp_riscv/g81736/Y                                                                                                                       31.000        20.000        11.000
lp_riscv/g81736/Y                                                                                                                       31.000        20.000        11.000
lp_riscv/g81736/Y                                                                                                                       31.000        20.000        11.000
lp_riscv/g81736/Y                                                                                                                       31.000        20.000        11.000
lp_riscv/g81736/Y                                                                                                                       31.000        20.000        11.000
lp_riscv/g81736/Y                                                                                                                       31.000        20.000        11.000
lp_riscv/g81736/Y                                                                                                                       31.000        20.000        11.000
lp_riscv/g81736/Y                                                                                                                       31.000        20.000        11.000
lp_riscv/g81736/Y                                                                                                                       31.000        20.000        11.000
lp_riscv/g81736/Y                                                                                                                       31.000        20.000        11.000
lp_riscv/g81736/Y                                                                                                                       31.000        20.000        11.000
lp_riscv/g81736/Y                                                                                                                       31.000        20.000        11.000
lp_riscv/g81736/Y                                                                                                                       31.000        20.000        11.000
lp_riscv/g81736/Y                                                                                                                       31.000        20.000        11.000
lp_riscv/g81736/Y                                                                                                                       31.000        20.000        11.000
lp_riscv/g81736/Y                                                                                                                       31.000        20.000        11.000
lp_riscv/g81736/Y                                                                                                                       31.000        20.000        11.000
lp_riscv/g81736/Y                                                                                                                       31.000        20.000        11.000
lp_riscv/g81736/Y                                                                                                                       31.000        20.000        11.000
lp_riscv/g81736/Y                                                                                                                       31.000        20.000        11.000
lp_riscv/g81736/Y                                                                                                                       31.000        20.000        11.000
lp_riscv/g81764/Y                                                                                                                       30.000        20.000        10.000
lp_riscv/g81764/Y                                                                                                                       30.000        20.000        10.000
lp_riscv/g81764/Y                                                                                                                       30.000        20.000        10.000
lp_riscv/g81764/Y                                                                                                                       30.000        20.000        10.000
lp_riscv/g81764/Y                                                                                                                       30.000        20.000        10.000
lp_riscv/g81764/Y                                                                                                                       30.000        20.000        10.000
lp_riscv/g81764/Y                                                                                                                       30.000        20.000        10.000
lp_riscv/g81764/Y                                                                                                                       30.000        20.000        10.000
lp_riscv/g81764/Y                                                                                                                       30.000        20.000        10.000
lp_riscv/g81764/Y                                                                                                                       30.000        20.000        10.000
lp_riscv/g81764/Y                                                                                                                       30.000        20.000        10.000
lp_riscv/g81764/Y                                                                                                                       30.000        20.000        10.000
lp_riscv/g81764/Y                                                                                                                       30.000        20.000        10.000
lp_riscv/g81764/Y                                                                                                                       30.000        20.000        10.000
lp_riscv/g81764/Y                                                                                                                       30.000        20.000        10.000
lp_riscv/g81764/Y                                                                                                                       30.000        20.000        10.000
lp_riscv/g81764/Y                                                                                                                       30.000        20.000        10.000
lp_riscv/g81764/Y                                                                                                                       30.000        20.000        10.000
lp_riscv/g81764/Y                                                                                                                       30.000        20.000        10.000
lp_riscv/g81764/Y                                                                                                                       30.000        20.000        10.000
lp_riscv/g81764/Y                                                                                                                       30.000        20.000        10.000
lp_riscv/g81764/Y                                                                                                                       30.000        20.000        10.000
lp_riscv/g81764/Y                                                                                                                       30.000        20.000        10.000
lp_riscv/g81764/Y                                                                                                                       30.000        20.000        10.000
lp_riscv/g81764/Y                                                                                                                       30.000        20.000        10.000
lp_riscv/g81764/Y                                                                                                                       30.000        20.000        10.000
lp_riscv/g81764/Y                                                                                                                       30.000        20.000        10.000
lp_riscv/g81764/Y                                                                                                                       30.000        20.000        10.000
lp_riscv/g81764/Y                                                                                                                       30.000        20.000        10.000
lp_riscv/g81764/Y                                                                                                                       30.000        20.000        10.000
lp_riscv/g81764/Y                                                                                                                       30.000        20.000        10.000
lp_riscv/g81759/Y                                                                                                                       30.000        20.000        10.000
lp_riscv/g81759/Y                                                                                                                       30.000        20.000        10.000
lp_riscv/g81759/Y                                                                                                                       30.000        20.000        10.000
lp_riscv/g81759/Y                                                                                                                       30.000        20.000        10.000
lp_riscv/g81759/Y                                                                                                                       30.000        20.000        10.000
lp_riscv/g81759/Y                                                                                                                       30.000        20.000        10.000
lp_riscv/g81759/Y                                                                                                                       30.000        20.000        10.000
lp_riscv/g81759/Y                                                                                                                       30.000        20.000        10.000
lp_riscv/g81759/Y                                                                                                                       30.000        20.000        10.000
lp_riscv/g81759/Y                                                                                                                       30.000        20.000        10.000
lp_riscv/g81759/Y                                                                                                                       30.000        20.000        10.000
lp_riscv/g81759/Y                                                                                                                       30.000        20.000        10.000
lp_riscv/g81759/Y                                                                                                                       30.000        20.000        10.000
lp_riscv/g81759/Y                                                                                                                       30.000        20.000        10.000
lp_riscv/g81759/Y                                                                                                                       30.000        20.000        10.000
lp_riscv/g81759/Y                                                                                                                       30.000        20.000        10.000
lp_riscv/g81759/Y                                                                                                                       30.000        20.000        10.000
lp_riscv/g81759/Y                                                                                                                       30.000        20.000        10.000
lp_riscv/g81759/Y                                                                                                                       30.000        20.000        10.000
lp_riscv/g81759/Y                                                                                                                       30.000        20.000        10.000
lp_riscv/g81759/Y                                                                                                                       30.000        20.000        10.000
lp_riscv/g81759/Y                                                                                                                       30.000        20.000        10.000
lp_riscv/g81759/Y                                                                                                                       30.000        20.000        10.000
lp_riscv/g81759/Y                                                                                                                       30.000        20.000        10.000
lp_riscv/g81759/Y                                                                                                                       30.000        20.000        10.000
lp_riscv/g81759/Y                                                                                                                       30.000        20.000        10.000
lp_riscv/g81759/Y                                                                                                                       30.000        20.000        10.000
lp_riscv/g81759/Y                                                                                                                       30.000        20.000        10.000
lp_riscv/g81759/Y                                                                                                                       30.000        20.000        10.000
lp_riscv/g81759/Y                                                                                                                       30.000        20.000        10.000
lp_riscv/g81759/Y                                                                                                                       30.000        20.000        10.000
lp_riscv/g80556/Y                                                                                                                       30.000        20.000        10.000
lp_riscv/g80556/Y                                                                                                                       30.000        20.000        10.000
lp_riscv/g80556/Y                                                                                                                       30.000        20.000        10.000
lp_riscv/g80556/Y                                                                                                                       30.000        20.000        10.000
lp_riscv/g80556/Y                                                                                                                       30.000        20.000        10.000
lp_riscv/g80556/Y                                                                                                                       30.000        20.000        10.000
lp_riscv/g80556/Y                                                                                                                       30.000        20.000        10.000
lp_riscv/g80556/Y                                                                                                                       30.000        20.000        10.000
lp_riscv/g80556/Y                                                                                                                       30.000        20.000        10.000
lp_riscv/g80556/Y                                                                                                                       30.000        20.000        10.000
lp_riscv/g80556/Y                                                                                                                       30.000        20.000        10.000
lp_riscv/g80556/Y                                                                                                                       30.000        20.000        10.000
lp_riscv/g80556/Y                                                                                                                       30.000        20.000        10.000
lp_riscv/g80556/Y                                                                                                                       30.000        20.000        10.000
lp_riscv/g80556/Y                                                                                                                       30.000        20.000        10.000
lp_riscv/g80556/Y                                                                                                                       30.000        20.000        10.000
lp_riscv/g80556/Y                                                                                                                       30.000        20.000        10.000
lp_riscv/g80556/Y                                                                                                                       30.000        20.000        10.000
lp_riscv/g80556/Y                                                                                                                       30.000        20.000        10.000
lp_riscv/g80556/Y                                                                                                                       30.000        20.000        10.000
lp_riscv/g80556/Y                                                                                                                       30.000        20.000        10.000
lp_riscv/g80556/Y                                                                                                                       30.000        20.000        10.000
lp_riscv/g80556/Y                                                                                                                       30.000        20.000        10.000
lp_riscv/g80556/Y                                                                                                                       30.000        20.000        10.000
lp_riscv/g80556/Y                                                                                                                       30.000        20.000        10.000
lp_riscv/g80556/Y                                                                                                                       30.000        20.000        10.000
lp_riscv/g80556/Y                                                                                                                       30.000        20.000        10.000
lp_riscv/g80556/Y                                                                                                                       30.000        20.000        10.000
lp_riscv/g80556/Y                                                                                                                       30.000        20.000        10.000
lp_riscv/g80556/Y                                                                                                                       30.000        20.000        10.000
lp_riscv/g80556/Y                                                                                                                       30.000        20.000        10.000
lp_riscv/g80769/Y                                                                                                                       28.000        20.000         8.000
lp_riscv/g80769/Y                                                                                                                       28.000        20.000         8.000
lp_riscv/g80769/Y                                                                                                                       28.000        20.000         8.000
lp_riscv/g80769/Y                                                                                                                       28.000        20.000         8.000
lp_riscv/g80769/Y                                                                                                                       28.000        20.000         8.000
lp_riscv/g80769/Y                                                                                                                       28.000        20.000         8.000
lp_riscv/g80769/Y                                                                                                                       28.000        20.000         8.000
lp_riscv/g80769/Y                                                                                                                       28.000        20.000         8.000
lp_riscv/g80769/Y                                                                                                                       28.000        20.000         8.000
lp_riscv/g80769/Y                                                                                                                       28.000        20.000         8.000
lp_riscv/g80769/Y                                                                                                                       28.000        20.000         8.000
lp_riscv/g80769/Y                                                                                                                       28.000        20.000         8.000
lp_riscv/g80769/Y                                                                                                                       28.000        20.000         8.000
lp_riscv/g80769/Y                                                                                                                       28.000        20.000         8.000
lp_riscv/g80769/Y                                                                                                                       28.000        20.000         8.000
lp_riscv/g80769/Y                                                                                                                       28.000        20.000         8.000
lp_riscv/g80769/Y                                                                                                                       28.000        20.000         8.000
lp_riscv/g80769/Y                                                                                                                       28.000        20.000         8.000
lp_riscv/g80769/Y                                                                                                                       28.000        20.000         8.000
lp_riscv/g80769/Y                                                                                                                       28.000        20.000         8.000
lp_riscv/g80769/Y                                                                                                                       28.000        20.000         8.000
lp_riscv/g80769/Y                                                                                                                       28.000        20.000         8.000
lp_riscv/g80769/Y                                                                                                                       28.000        20.000         8.000
lp_riscv/g80769/Y                                                                                                                       28.000        20.000         8.000
lp_riscv/g80769/Y                                                                                                                       28.000        20.000         8.000
lp_riscv/g80769/Y                                                                                                                       28.000        20.000         8.000
lp_riscv/g80769/Y                                                                                                                       28.000        20.000         8.000
lp_riscv/g80769/Y                                                                                                                       28.000        20.000         8.000
lp_riscv/g80769/Y                                                                                                                       28.000        20.000         8.000
lp_riscv/g80608/Y                                                                                                                       28.000        20.000         8.000
lp_riscv/g80608/Y                                                                                                                       28.000        20.000         8.000
lp_riscv/g80608/Y                                                                                                                       28.000        20.000         8.000
lp_riscv/g80608/Y                                                                                                                       28.000        20.000         8.000
lp_riscv/g80608/Y                                                                                                                       28.000        20.000         8.000
lp_riscv/g80608/Y                                                                                                                       28.000        20.000         8.000
lp_riscv/g80608/Y                                                                                                                       28.000        20.000         8.000
lp_riscv/g80608/Y                                                                                                                       28.000        20.000         8.000
lp_riscv/g80608/Y                                                                                                                       28.000        20.000         8.000
lp_riscv/g80608/Y                                                                                                                       28.000        20.000         8.000
lp_riscv/g80608/Y                                                                                                                       28.000        20.000         8.000
lp_riscv/g80608/Y                                                                                                                       28.000        20.000         8.000
lp_riscv/g80608/Y                                                                                                                       28.000        20.000         8.000
lp_riscv/g80608/Y                                                                                                                       28.000        20.000         8.000
lp_riscv/g80608/Y                                                                                                                       28.000        20.000         8.000
lp_riscv/g80608/Y                                                                                                                       28.000        20.000         8.000
lp_riscv/g80608/Y                                                                                                                       28.000        20.000         8.000
lp_riscv/g80608/Y                                                                                                                       28.000        20.000         8.000
lp_riscv/g80608/Y                                                                                                                       28.000        20.000         8.000
lp_riscv/g80608/Y                                                                                                                       28.000        20.000         8.000
lp_riscv/g80608/Y                                                                                                                       28.000        20.000         8.000
lp_riscv/g80608/Y                                                                                                                       28.000        20.000         8.000
lp_riscv/g80608/Y                                                                                                                       28.000        20.000         8.000
lp_riscv/g80608/Y                                                                                                                       28.000        20.000         8.000
lp_riscv/g80608/Y                                                                                                                       28.000        20.000         8.000
lp_riscv/g80608/Y                                                                                                                       28.000        20.000         8.000
lp_riscv/g80608/Y                                                                                                                       28.000        20.000         8.000
lp_riscv/g80608/Y                                                                                                                       28.000        20.000         8.000
lp_riscv/g80608/Y                                                                                                                       28.000        20.000         8.000
lp_riscv/g128786/Y                                                                                                                      28.000        20.000         8.000
lp_riscv/g128786/Y                                                                                                                      28.000        20.000         8.000
lp_riscv/g128786/Y                                                                                                                      28.000        20.000         8.000
lp_riscv/g128786/Y                                                                                                                      28.000        20.000         8.000
lp_riscv/g128786/Y                                                                                                                      28.000        20.000         8.000
lp_riscv/g128786/Y                                                                                                                      28.000        20.000         8.000
lp_riscv/g128786/Y                                                                                                                      28.000        20.000         8.000
lp_riscv/g128786/Y                                                                                                                      28.000        20.000         8.000
lp_riscv/g128786/Y                                                                                                                      28.000        20.000         8.000
lp_riscv/g128786/Y                                                                                                                      28.000        20.000         8.000
lp_riscv/g128786/Y                                                                                                                      28.000        20.000         8.000
lp_riscv/g128786/Y                                                                                                                      28.000        20.000         8.000
lp_riscv/g128786/Y                                                                                                                      28.000        20.000         8.000
lp_riscv/g128786/Y                                                                                                                      28.000        20.000         8.000
lp_riscv/g128786/Y                                                                                                                      28.000        20.000         8.000
lp_riscv/g128786/Y                                                                                                                      28.000        20.000         8.000
lp_riscv/g128786/Y                                                                                                                      28.000        20.000         8.000
lp_riscv/g128786/Y                                                                                                                      28.000        20.000         8.000
lp_riscv/g128786/Y                                                                                                                      28.000        20.000         8.000
lp_riscv/g128786/Y                                                                                                                      28.000        20.000         8.000
lp_riscv/g128786/Y                                                                                                                      28.000        20.000         8.000
lp_riscv/g128786/Y                                                                                                                      28.000        20.000         8.000
lp_riscv/g128786/Y                                                                                                                      28.000        20.000         8.000
lp_riscv/g128786/Y                                                                                                                      28.000        20.000         8.000
lp_riscv/g128786/Y                                                                                                                      28.000        20.000         8.000
lp_riscv/g128786/Y                                                                                                                      28.000        20.000         8.000
lp_riscv/g128786/Y                                                                                                                      28.000        20.000         8.000
lp_riscv/g128786/Y                                                                                                                      28.000        20.000         8.000
lp_riscv/g128786/Y                                                                                                                      28.000        20.000         8.000
lp_riscv/g121068/Y                                                                                                                      27.000        20.000         7.000
lp_riscv/g121068/Y                                                                                                                      27.000        20.000         7.000
lp_riscv/g121068/Y                                                                                                                      27.000        20.000         7.000
lp_riscv/g121068/Y                                                                                                                      27.000        20.000         7.000
lp_riscv/g121068/Y                                                                                                                      27.000        20.000         7.000
lp_riscv/g121068/Y                                                                                                                      27.000        20.000         7.000
lp_riscv/g121068/Y                                                                                                                      27.000        20.000         7.000
lp_riscv/g121068/Y                                                                                                                      27.000        20.000         7.000
lp_riscv/g121068/Y                                                                                                                      27.000        20.000         7.000
lp_riscv/g121068/Y                                                                                                                      27.000        20.000         7.000
lp_riscv/g121068/Y                                                                                                                      27.000        20.000         7.000
lp_riscv/g121068/Y                                                                                                                      27.000        20.000         7.000
lp_riscv/g121068/Y                                                                                                                      27.000        20.000         7.000
lp_riscv/g121068/Y                                                                                                                      27.000        20.000         7.000
lp_riscv/g121068/Y                                                                                                                      27.000        20.000         7.000
lp_riscv/g121068/Y                                                                                                                      27.000        20.000         7.000
lp_riscv/g121068/Y                                                                                                                      27.000        20.000         7.000
lp_riscv/g121068/Y                                                                                                                      27.000        20.000         7.000
lp_riscv/g121068/Y                                                                                                                      27.000        20.000         7.000
lp_riscv/g121068/Y                                                                                                                      27.000        20.000         7.000
lp_riscv/g121068/Y                                                                                                                      27.000        20.000         7.000
lp_riscv/g121068/Y                                                                                                                      27.000        20.000         7.000
lp_riscv/g121068/Y                                                                                                                      27.000        20.000         7.000
lp_riscv/g121068/Y                                                                                                                      27.000        20.000         7.000
lp_riscv/g121068/Y                                                                                                                      27.000        20.000         7.000
lp_riscv/g121068/Y                                                                                                                      27.000        20.000         7.000
lp_riscv/g121068/Y                                                                                                                      27.000        20.000         7.000
lp_riscv/g121068/Y                                                                                                                      27.000        20.000         7.000
lp_riscv/g128451/Y                                                                                                                      27.000        20.000         7.000
lp_riscv/g128451/Y                                                                                                                      27.000        20.000         7.000
lp_riscv/g128451/Y                                                                                                                      27.000        20.000         7.000
lp_riscv/g128451/Y                                                                                                                      27.000        20.000         7.000
lp_riscv/g128451/Y                                                                                                                      27.000        20.000         7.000
lp_riscv/g128451/Y                                                                                                                      27.000        20.000         7.000
lp_riscv/g128451/Y                                                                                                                      27.000        20.000         7.000
lp_riscv/g128451/Y                                                                                                                      27.000        20.000         7.000
lp_riscv/g128451/Y                                                                                                                      27.000        20.000         7.000
lp_riscv/g128451/Y                                                                                                                      27.000        20.000         7.000
lp_riscv/g128451/Y                                                                                                                      27.000        20.000         7.000
lp_riscv/g128451/Y                                                                                                                      27.000        20.000         7.000
lp_riscv/g128451/Y                                                                                                                      27.000        20.000         7.000
lp_riscv/g128451/Y                                                                                                                      27.000        20.000         7.000
lp_riscv/g128451/Y                                                                                                                      27.000        20.000         7.000
lp_riscv/g128451/Y                                                                                                                      27.000        20.000         7.000
lp_riscv/g128451/Y                                                                                                                      27.000        20.000         7.000
lp_riscv/g128451/Y                                                                                                                      27.000        20.000         7.000
lp_riscv/g128451/Y                                                                                                                      27.000        20.000         7.000
lp_riscv/g128451/Y                                                                                                                      27.000        20.000         7.000
lp_riscv/g128451/Y                                                                                                                      27.000        20.000         7.000
lp_riscv/g128451/Y                                                                                                                      27.000        20.000         7.000
lp_riscv/g128451/Y                                                                                                                      27.000        20.000         7.000
lp_riscv/g128451/Y                                                                                                                      27.000        20.000         7.000
lp_riscv/g128451/Y                                                                                                                      27.000        20.000         7.000
lp_riscv/g128451/Y                                                                                                                      27.000        20.000         7.000
lp_riscv/g128451/Y                                                                                                                      27.000        20.000         7.000
lp_riscv/g128451/Y                                                                                                                      27.000        20.000         7.000
lp_riscv/g82626/Y                                                                                                                       26.000        20.000         6.000
lp_riscv/g82626/Y                                                                                                                       26.000        20.000         6.000
lp_riscv/g82626/Y                                                                                                                       26.000        20.000         6.000
lp_riscv/g82626/Y                                                                                                                       26.000        20.000         6.000
lp_riscv/g82626/Y                                                                                                                       26.000        20.000         6.000
lp_riscv/g82626/Y                                                                                                                       26.000        20.000         6.000
lp_riscv/g82626/Y                                                                                                                       26.000        20.000         6.000
lp_riscv/g82626/Y                                                                                                                       26.000        20.000         6.000
lp_riscv/g82626/Y                                                                                                                       26.000        20.000         6.000
lp_riscv/g82626/Y                                                                                                                       26.000        20.000         6.000
lp_riscv/g82626/Y                                                                                                                       26.000        20.000         6.000
lp_riscv/g82626/Y                                                                                                                       26.000        20.000         6.000
lp_riscv/g82626/Y                                                                                                                       26.000        20.000         6.000
lp_riscv/g82626/Y                                                                                                                       26.000        20.000         6.000
lp_riscv/g82626/Y                                                                                                                       26.000        20.000         6.000
lp_riscv/g82626/Y                                                                                                                       26.000        20.000         6.000
lp_riscv/g82626/Y                                                                                                                       26.000        20.000         6.000
lp_riscv/g82626/Y                                                                                                                       26.000        20.000         6.000
lp_riscv/g82626/Y                                                                                                                       26.000        20.000         6.000
lp_riscv/g82626/Y                                                                                                                       26.000        20.000         6.000
lp_riscv/g82626/Y                                                                                                                       26.000        20.000         6.000
lp_riscv/g82626/Y                                                                                                                       26.000        20.000         6.000
lp_riscv/g82626/Y                                                                                                                       26.000        20.000         6.000
lp_riscv/g82626/Y                                                                                                                       26.000        20.000         6.000
lp_riscv/g82626/Y                                                                                                                       26.000        20.000         6.000
lp_riscv/g82626/Y                                                                                                                       26.000        20.000         6.000
lp_riscv/g82626/Y                                                                                                                       26.000        20.000         6.000
lp_riscv/g82424/Y                                                                                                                       26.000        20.000         6.000
lp_riscv/g82424/Y                                                                                                                       26.000        20.000         6.000
lp_riscv/g82424/Y                                                                                                                       26.000        20.000         6.000
lp_riscv/g82424/Y                                                                                                                       26.000        20.000         6.000
lp_riscv/g82424/Y                                                                                                                       26.000        20.000         6.000
lp_riscv/g82424/Y                                                                                                                       26.000        20.000         6.000
lp_riscv/g82424/Y                                                                                                                       26.000        20.000         6.000
lp_riscv/g82424/Y                                                                                                                       26.000        20.000         6.000
lp_riscv/g82424/Y                                                                                                                       26.000        20.000         6.000
lp_riscv/g82424/Y                                                                                                                       26.000        20.000         6.000
lp_riscv/g82424/Y                                                                                                                       26.000        20.000         6.000
lp_riscv/g82424/Y                                                                                                                       26.000        20.000         6.000
lp_riscv/g82424/Y                                                                                                                       26.000        20.000         6.000
lp_riscv/g82424/Y                                                                                                                       26.000        20.000         6.000
lp_riscv/g82424/Y                                                                                                                       26.000        20.000         6.000
lp_riscv/g82424/Y                                                                                                                       26.000        20.000         6.000
lp_riscv/g82424/Y                                                                                                                       26.000        20.000         6.000
lp_riscv/g82424/Y                                                                                                                       26.000        20.000         6.000
lp_riscv/g82424/Y                                                                                                                       26.000        20.000         6.000
lp_riscv/g82424/Y                                                                                                                       26.000        20.000         6.000
lp_riscv/g82424/Y                                                                                                                       26.000        20.000         6.000
lp_riscv/g82424/Y                                                                                                                       26.000        20.000         6.000
lp_riscv/g82424/Y                                                                                                                       26.000        20.000         6.000
lp_riscv/g82424/Y                                                                                                                       26.000        20.000         6.000
lp_riscv/g82424/Y                                                                                                                       26.000        20.000         6.000
lp_riscv/g82424/Y                                                                                                                       26.000        20.000         6.000
lp_riscv/g82424/Y                                                                                                                       26.000        20.000         6.000
lp_riscv/g80731/Y                                                                                                                       26.000        20.000         6.000
lp_riscv/g80731/Y                                                                                                                       26.000        20.000         6.000
lp_riscv/g80731/Y                                                                                                                       26.000        20.000         6.000
lp_riscv/g80731/Y                                                                                                                       26.000        20.000         6.000
lp_riscv/g80731/Y                                                                                                                       26.000        20.000         6.000
lp_riscv/g80731/Y                                                                                                                       26.000        20.000         6.000
lp_riscv/g80731/Y                                                                                                                       26.000        20.000         6.000
lp_riscv/g80731/Y                                                                                                                       26.000        20.000         6.000
lp_riscv/g80731/Y                                                                                                                       26.000        20.000         6.000
lp_riscv/g80731/Y                                                                                                                       26.000        20.000         6.000
lp_riscv/g80731/Y                                                                                                                       26.000        20.000         6.000
lp_riscv/g80731/Y                                                                                                                       26.000        20.000         6.000
lp_riscv/g80731/Y                                                                                                                       26.000        20.000         6.000
lp_riscv/g80731/Y                                                                                                                       26.000        20.000         6.000
lp_riscv/g80731/Y                                                                                                                       26.000        20.000         6.000
lp_riscv/g80731/Y                                                                                                                       26.000        20.000         6.000
lp_riscv/g80731/Y                                                                                                                       26.000        20.000         6.000
lp_riscv/g80731/Y                                                                                                                       26.000        20.000         6.000
lp_riscv/g80731/Y                                                                                                                       26.000        20.000         6.000
lp_riscv/g80731/Y                                                                                                                       26.000        20.000         6.000
lp_riscv/g80731/Y                                                                                                                       26.000        20.000         6.000
lp_riscv/g80731/Y                                                                                                                       26.000        20.000         6.000
lp_riscv/g80731/Y                                                                                                                       26.000        20.000         6.000
lp_riscv/g80731/Y                                                                                                                       26.000        20.000         6.000
lp_riscv/g80731/Y                                                                                                                       26.000        20.000         6.000
lp_riscv/g80731/Y                                                                                                                       26.000        20.000         6.000
lp_riscv/g80731/Y                                                                                                                       26.000        20.000         6.000
lp_riscv/g82426/Y                                                                                                                       26.000        20.000         6.000
lp_riscv/g82426/Y                                                                                                                       26.000        20.000         6.000
lp_riscv/g82426/Y                                                                                                                       26.000        20.000         6.000
lp_riscv/g82426/Y                                                                                                                       26.000        20.000         6.000
lp_riscv/g82426/Y                                                                                                                       26.000        20.000         6.000
lp_riscv/g82426/Y                                                                                                                       26.000        20.000         6.000
lp_riscv/g82426/Y                                                                                                                       26.000        20.000         6.000
lp_riscv/g82426/Y                                                                                                                       26.000        20.000         6.000
lp_riscv/g82426/Y                                                                                                                       26.000        20.000         6.000
lp_riscv/g82426/Y                                                                                                                       26.000        20.000         6.000
lp_riscv/g82426/Y                                                                                                                       26.000        20.000         6.000
lp_riscv/g82426/Y                                                                                                                       26.000        20.000         6.000
lp_riscv/g82426/Y                                                                                                                       26.000        20.000         6.000
lp_riscv/g82426/Y                                                                                                                       26.000        20.000         6.000
lp_riscv/g82426/Y                                                                                                                       26.000        20.000         6.000
lp_riscv/g82426/Y                                                                                                                       26.000        20.000         6.000
lp_riscv/g82426/Y                                                                                                                       26.000        20.000         6.000
lp_riscv/g82426/Y                                                                                                                       26.000        20.000         6.000
lp_riscv/g82426/Y                                                                                                                       26.000        20.000         6.000
lp_riscv/g82426/Y                                                                                                                       26.000        20.000         6.000
lp_riscv/g82426/Y                                                                                                                       26.000        20.000         6.000
lp_riscv/g82426/Y                                                                                                                       26.000        20.000         6.000
lp_riscv/g82426/Y                                                                                                                       26.000        20.000         6.000
lp_riscv/g82426/Y                                                                                                                       26.000        20.000         6.000
lp_riscv/g82426/Y                                                                                                                       26.000        20.000         6.000
lp_riscv/g82426/Y                                                                                                                       26.000        20.000         6.000
lp_riscv/g82426/Y                                                                                                                       26.000        20.000         6.000
lp_riscv/g80647/Y                                                                                                                       25.000        20.000         5.000
lp_riscv/g80647/Y                                                                                                                       25.000        20.000         5.000
lp_riscv/g80647/Y                                                                                                                       25.000        20.000         5.000
lp_riscv/g80647/Y                                                                                                                       25.000        20.000         5.000
lp_riscv/g80647/Y                                                                                                                       25.000        20.000         5.000
lp_riscv/g80647/Y                                                                                                                       25.000        20.000         5.000
lp_riscv/g80647/Y                                                                                                                       25.000        20.000         5.000
lp_riscv/g80647/Y                                                                                                                       25.000        20.000         5.000
lp_riscv/g80647/Y                                                                                                                       25.000        20.000         5.000
lp_riscv/g80647/Y                                                                                                                       25.000        20.000         5.000
lp_riscv/g80647/Y                                                                                                                       25.000        20.000         5.000
lp_riscv/g80647/Y                                                                                                                       25.000        20.000         5.000
lp_riscv/g80647/Y                                                                                                                       25.000        20.000         5.000
lp_riscv/g80647/Y                                                                                                                       25.000        20.000         5.000
lp_riscv/g80647/Y                                                                                                                       25.000        20.000         5.000
lp_riscv/g80647/Y                                                                                                                       25.000        20.000         5.000
lp_riscv/g80647/Y                                                                                                                       25.000        20.000         5.000
lp_riscv/g80647/Y                                                                                                                       25.000        20.000         5.000
lp_riscv/g80647/Y                                                                                                                       25.000        20.000         5.000
lp_riscv/g80647/Y                                                                                                                       25.000        20.000         5.000
lp_riscv/g80647/Y                                                                                                                       25.000        20.000         5.000
lp_riscv/g80647/Y                                                                                                                       25.000        20.000         5.000
lp_riscv/g80647/Y                                                                                                                       25.000        20.000         5.000
lp_riscv/g80647/Y                                                                                                                       25.000        20.000         5.000
lp_riscv/g80647/Y                                                                                                                       25.000        20.000         5.000
lp_riscv/g80647/Y                                                                                                                       25.000        20.000         5.000
lp_riscv/g80677/Y                                                                                                                       25.000        20.000         5.000
lp_riscv/g80677/Y                                                                                                                       25.000        20.000         5.000
lp_riscv/g80677/Y                                                                                                                       25.000        20.000         5.000
lp_riscv/g80677/Y                                                                                                                       25.000        20.000         5.000
lp_riscv/g80677/Y                                                                                                                       25.000        20.000         5.000
lp_riscv/g80677/Y                                                                                                                       25.000        20.000         5.000
lp_riscv/g80677/Y                                                                                                                       25.000        20.000         5.000
lp_riscv/g80677/Y                                                                                                                       25.000        20.000         5.000
lp_riscv/g80677/Y                                                                                                                       25.000        20.000         5.000
lp_riscv/g80677/Y                                                                                                                       25.000        20.000         5.000
lp_riscv/g80677/Y                                                                                                                       25.000        20.000         5.000
lp_riscv/g80677/Y                                                                                                                       25.000        20.000         5.000
lp_riscv/g80677/Y                                                                                                                       25.000        20.000         5.000
lp_riscv/g80677/Y                                                                                                                       25.000        20.000         5.000
lp_riscv/g80677/Y                                                                                                                       25.000        20.000         5.000
lp_riscv/g80677/Y                                                                                                                       25.000        20.000         5.000
lp_riscv/g80677/Y                                                                                                                       25.000        20.000         5.000
lp_riscv/g80677/Y                                                                                                                       25.000        20.000         5.000
lp_riscv/g80677/Y                                                                                                                       25.000        20.000         5.000
lp_riscv/g80677/Y                                                                                                                       25.000        20.000         5.000
lp_riscv/g80677/Y                                                                                                                       25.000        20.000         5.000
lp_riscv/g80677/Y                                                                                                                       25.000        20.000         5.000
lp_riscv/g80677/Y                                                                                                                       25.000        20.000         5.000
lp_riscv/g80677/Y                                                                                                                       25.000        20.000         5.000
lp_riscv/g80677/Y                                                                                                                       25.000        20.000         5.000
lp_riscv/g80677/Y                                                                                                                       25.000        20.000         5.000
lp_riscv/g80721/Y                                                                                                                       25.000        20.000         5.000
lp_riscv/g80721/Y                                                                                                                       25.000        20.000         5.000
lp_riscv/g80721/Y                                                                                                                       25.000        20.000         5.000
lp_riscv/g80721/Y                                                                                                                       25.000        20.000         5.000
lp_riscv/g80721/Y                                                                                                                       25.000        20.000         5.000
lp_riscv/g80721/Y                                                                                                                       25.000        20.000         5.000
lp_riscv/g80721/Y                                                                                                                       25.000        20.000         5.000
lp_riscv/g80721/Y                                                                                                                       25.000        20.000         5.000
lp_riscv/g80721/Y                                                                                                                       25.000        20.000         5.000
lp_riscv/g80721/Y                                                                                                                       25.000        20.000         5.000
lp_riscv/g80721/Y                                                                                                                       25.000        20.000         5.000
lp_riscv/g80721/Y                                                                                                                       25.000        20.000         5.000
lp_riscv/g80721/Y                                                                                                                       25.000        20.000         5.000
lp_riscv/g80721/Y                                                                                                                       25.000        20.000         5.000
lp_riscv/g80721/Y                                                                                                                       25.000        20.000         5.000
lp_riscv/g80721/Y                                                                                                                       25.000        20.000         5.000
lp_riscv/g80721/Y                                                                                                                       25.000        20.000         5.000
lp_riscv/g80721/Y                                                                                                                       25.000        20.000         5.000
lp_riscv/g80721/Y                                                                                                                       25.000        20.000         5.000
lp_riscv/g80721/Y                                                                                                                       25.000        20.000         5.000
lp_riscv/g80721/Y                                                                                                                       25.000        20.000         5.000
lp_riscv/g80721/Y                                                                                                                       25.000        20.000         5.000
lp_riscv/g80721/Y                                                                                                                       25.000        20.000         5.000
lp_riscv/g80721/Y                                                                                                                       25.000        20.000         5.000
lp_riscv/g80721/Y                                                                                                                       25.000        20.000         5.000
lp_riscv/g80721/Y                                                                                                                       25.000        20.000         5.000
lp_riscv/g80666/Y                                                                                                                       25.000        20.000         5.000
lp_riscv/g80666/Y                                                                                                                       25.000        20.000         5.000
lp_riscv/g80666/Y                                                                                                                       25.000        20.000         5.000
lp_riscv/g80666/Y                                                                                                                       25.000        20.000         5.000
lp_riscv/g80666/Y                                                                                                                       25.000        20.000         5.000
lp_riscv/g80666/Y                                                                                                                       25.000        20.000         5.000
lp_riscv/g80666/Y                                                                                                                       25.000        20.000         5.000
lp_riscv/g80666/Y                                                                                                                       25.000        20.000         5.000
lp_riscv/g80666/Y                                                                                                                       25.000        20.000         5.000
lp_riscv/g80666/Y                                                                                                                       25.000        20.000         5.000
lp_riscv/g80666/Y                                                                                                                       25.000        20.000         5.000
lp_riscv/g80666/Y                                                                                                                       25.000        20.000         5.000
lp_riscv/g80666/Y                                                                                                                       25.000        20.000         5.000
lp_riscv/g80666/Y                                                                                                                       25.000        20.000         5.000
lp_riscv/g80666/Y                                                                                                                       25.000        20.000         5.000
lp_riscv/g80666/Y                                                                                                                       25.000        20.000         5.000
lp_riscv/g80666/Y                                                                                                                       25.000        20.000         5.000
lp_riscv/g80666/Y                                                                                                                       25.000        20.000         5.000
lp_riscv/g80666/Y                                                                                                                       25.000        20.000         5.000
lp_riscv/g80666/Y                                                                                                                       25.000        20.000         5.000
lp_riscv/g80666/Y                                                                                                                       25.000        20.000         5.000
lp_riscv/g80666/Y                                                                                                                       25.000        20.000         5.000
lp_riscv/g80666/Y                                                                                                                       25.000        20.000         5.000
lp_riscv/g80666/Y                                                                                                                       25.000        20.000         5.000
lp_riscv/g80666/Y                                                                                                                       25.000        20.000         5.000
lp_riscv/g80666/Y                                                                                                                       25.000        20.000         5.000
lp_riscv/g80750/Y                                                                                                                       25.000        20.000         5.000
lp_riscv/g80750/Y                                                                                                                       25.000        20.000         5.000
lp_riscv/g80750/Y                                                                                                                       25.000        20.000         5.000
lp_riscv/g80750/Y                                                                                                                       25.000        20.000         5.000
lp_riscv/g80750/Y                                                                                                                       25.000        20.000         5.000
lp_riscv/g80750/Y                                                                                                                       25.000        20.000         5.000
lp_riscv/g80750/Y                                                                                                                       25.000        20.000         5.000
lp_riscv/g80750/Y                                                                                                                       25.000        20.000         5.000
lp_riscv/g80750/Y                                                                                                                       25.000        20.000         5.000
lp_riscv/g80750/Y                                                                                                                       25.000        20.000         5.000
lp_riscv/g80750/Y                                                                                                                       25.000        20.000         5.000
lp_riscv/g80750/Y                                                                                                                       25.000        20.000         5.000
lp_riscv/g80750/Y                                                                                                                       25.000        20.000         5.000
lp_riscv/g80750/Y                                                                                                                       25.000        20.000         5.000
lp_riscv/g80750/Y                                                                                                                       25.000        20.000         5.000
lp_riscv/g80750/Y                                                                                                                       25.000        20.000         5.000
lp_riscv/g80750/Y                                                                                                                       25.000        20.000         5.000
lp_riscv/g80750/Y                                                                                                                       25.000        20.000         5.000
lp_riscv/g80750/Y                                                                                                                       25.000        20.000         5.000
lp_riscv/g80750/Y                                                                                                                       25.000        20.000         5.000
lp_riscv/g80750/Y                                                                                                                       25.000        20.000         5.000
lp_riscv/g80750/Y                                                                                                                       25.000        20.000         5.000
lp_riscv/g80750/Y                                                                                                                       25.000        20.000         5.000
lp_riscv/g80750/Y                                                                                                                       25.000        20.000         5.000
lp_riscv/g80750/Y                                                                                                                       25.000        20.000         5.000
lp_riscv/g80750/Y                                                                                                                       25.000        20.000         5.000
lp_riscv/g80529/Y                                                                                                                       25.000        20.000         5.000
lp_riscv/g80529/Y                                                                                                                       25.000        20.000         5.000
lp_riscv/g80529/Y                                                                                                                       25.000        20.000         5.000
lp_riscv/g80529/Y                                                                                                                       25.000        20.000         5.000
lp_riscv/g80529/Y                                                                                                                       25.000        20.000         5.000
lp_riscv/g80529/Y                                                                                                                       25.000        20.000         5.000
lp_riscv/g80529/Y                                                                                                                       25.000        20.000         5.000
lp_riscv/g80529/Y                                                                                                                       25.000        20.000         5.000
lp_riscv/g80529/Y                                                                                                                       25.000        20.000         5.000
lp_riscv/g80529/Y                                                                                                                       25.000        20.000         5.000
lp_riscv/g80529/Y                                                                                                                       25.000        20.000         5.000
lp_riscv/g80529/Y                                                                                                                       25.000        20.000         5.000
lp_riscv/g80529/Y                                                                                                                       25.000        20.000         5.000
lp_riscv/g80529/Y                                                                                                                       25.000        20.000         5.000
lp_riscv/g80529/Y                                                                                                                       25.000        20.000         5.000
lp_riscv/g80529/Y                                                                                                                       25.000        20.000         5.000
lp_riscv/g80529/Y                                                                                                                       25.000        20.000         5.000
lp_riscv/g80529/Y                                                                                                                       25.000        20.000         5.000
lp_riscv/g80529/Y                                                                                                                       25.000        20.000         5.000
lp_riscv/g80529/Y                                                                                                                       25.000        20.000         5.000
lp_riscv/g80529/Y                                                                                                                       25.000        20.000         5.000
lp_riscv/g80529/Y                                                                                                                       25.000        20.000         5.000
lp_riscv/g80529/Y                                                                                                                       25.000        20.000         5.000
lp_riscv/g80529/Y                                                                                                                       25.000        20.000         5.000
lp_riscv/g80529/Y                                                                                                                       25.000        20.000         5.000
lp_riscv/g80529/Y                                                                                                                       25.000        20.000         5.000
lp_riscv/g80509/Y                                                                                                                       25.000        20.000         5.000
lp_riscv/g80509/Y                                                                                                                       25.000        20.000         5.000
lp_riscv/g80509/Y                                                                                                                       25.000        20.000         5.000
lp_riscv/g80509/Y                                                                                                                       25.000        20.000         5.000
lp_riscv/g80509/Y                                                                                                                       25.000        20.000         5.000
lp_riscv/g80509/Y                                                                                                                       25.000        20.000         5.000
lp_riscv/g80509/Y                                                                                                                       25.000        20.000         5.000
lp_riscv/g80509/Y                                                                                                                       25.000        20.000         5.000
lp_riscv/g80509/Y                                                                                                                       25.000        20.000         5.000
lp_riscv/g80509/Y                                                                                                                       25.000        20.000         5.000
lp_riscv/g80509/Y                                                                                                                       25.000        20.000         5.000
lp_riscv/g80509/Y                                                                                                                       25.000        20.000         5.000
lp_riscv/g80509/Y                                                                                                                       25.000        20.000         5.000
lp_riscv/g80509/Y                                                                                                                       25.000        20.000         5.000
lp_riscv/g80509/Y                                                                                                                       25.000        20.000         5.000
lp_riscv/g80509/Y                                                                                                                       25.000        20.000         5.000
lp_riscv/g80509/Y                                                                                                                       25.000        20.000         5.000
lp_riscv/g80509/Y                                                                                                                       25.000        20.000         5.000
lp_riscv/g80509/Y                                                                                                                       25.000        20.000         5.000
lp_riscv/g80509/Y                                                                                                                       25.000        20.000         5.000
lp_riscv/g80509/Y                                                                                                                       25.000        20.000         5.000
lp_riscv/g80509/Y                                                                                                                       25.000        20.000         5.000
lp_riscv/g80509/Y                                                                                                                       25.000        20.000         5.000
lp_riscv/g80509/Y                                                                                                                       25.000        20.000         5.000
lp_riscv/g80509/Y                                                                                                                       25.000        20.000         5.000
lp_riscv/g80509/Y                                                                                                                       25.000        20.000         5.000
lp_riscv/g80760/Y                                                                                                                       24.000        20.000         4.000
lp_riscv/g80760/Y                                                                                                                       24.000        20.000         4.000
lp_riscv/g80760/Y                                                                                                                       24.000        20.000         4.000
lp_riscv/g80760/Y                                                                                                                       24.000        20.000         4.000
lp_riscv/g80760/Y                                                                                                                       24.000        20.000         4.000
lp_riscv/g80760/Y                                                                                                                       24.000        20.000         4.000
lp_riscv/g80760/Y                                                                                                                       24.000        20.000         4.000
lp_riscv/g80760/Y                                                                                                                       24.000        20.000         4.000
lp_riscv/g80760/Y                                                                                                                       24.000        20.000         4.000
lp_riscv/g80760/Y                                                                                                                       24.000        20.000         4.000
lp_riscv/g80760/Y                                                                                                                       24.000        20.000         4.000
lp_riscv/g80760/Y                                                                                                                       24.000        20.000         4.000
lp_riscv/g80760/Y                                                                                                                       24.000        20.000         4.000
lp_riscv/g80760/Y                                                                                                                       24.000        20.000         4.000
lp_riscv/g80760/Y                                                                                                                       24.000        20.000         4.000
lp_riscv/g80760/Y                                                                                                                       24.000        20.000         4.000
lp_riscv/g80760/Y                                                                                                                       24.000        20.000         4.000
lp_riscv/g80760/Y                                                                                                                       24.000        20.000         4.000
lp_riscv/g80760/Y                                                                                                                       24.000        20.000         4.000
lp_riscv/g80760/Y                                                                                                                       24.000        20.000         4.000
lp_riscv/g80760/Y                                                                                                                       24.000        20.000         4.000
lp_riscv/g80760/Y                                                                                                                       24.000        20.000         4.000
lp_riscv/g80760/Y                                                                                                                       24.000        20.000         4.000
lp_riscv/g80760/Y                                                                                                                       24.000        20.000         4.000
lp_riscv/g80760/Y                                                                                                                       24.000        20.000         4.000
lp_riscv/g80537/Y                                                                                                                       24.000        20.000         4.000
lp_riscv/g80537/Y                                                                                                                       24.000        20.000         4.000
lp_riscv/g80537/Y                                                                                                                       24.000        20.000         4.000
lp_riscv/g80537/Y                                                                                                                       24.000        20.000         4.000
lp_riscv/g80537/Y                                                                                                                       24.000        20.000         4.000
lp_riscv/g80537/Y                                                                                                                       24.000        20.000         4.000
lp_riscv/g80537/Y                                                                                                                       24.000        20.000         4.000
lp_riscv/g80537/Y                                                                                                                       24.000        20.000         4.000
lp_riscv/g80537/Y                                                                                                                       24.000        20.000         4.000
lp_riscv/g80537/Y                                                                                                                       24.000        20.000         4.000
lp_riscv/g80537/Y                                                                                                                       24.000        20.000         4.000
lp_riscv/g80537/Y                                                                                                                       24.000        20.000         4.000
lp_riscv/g80537/Y                                                                                                                       24.000        20.000         4.000
lp_riscv/g80537/Y                                                                                                                       24.000        20.000         4.000
lp_riscv/g80537/Y                                                                                                                       24.000        20.000         4.000
lp_riscv/g80537/Y                                                                                                                       24.000        20.000         4.000
lp_riscv/g80537/Y                                                                                                                       24.000        20.000         4.000
lp_riscv/g80537/Y                                                                                                                       24.000        20.000         4.000
lp_riscv/g80537/Y                                                                                                                       24.000        20.000         4.000
lp_riscv/g80537/Y                                                                                                                       24.000        20.000         4.000
lp_riscv/g80537/Y                                                                                                                       24.000        20.000         4.000
lp_riscv/g80537/Y                                                                                                                       24.000        20.000         4.000
lp_riscv/g80537/Y                                                                                                                       24.000        20.000         4.000
lp_riscv/g80537/Y                                                                                                                       24.000        20.000         4.000
lp_riscv/g80537/Y                                                                                                                       24.000        20.000         4.000
lp_riscv/g128780/Y                                                                                                                      24.000        20.000         4.000
lp_riscv/g128780/Y                                                                                                                      24.000        20.000         4.000
lp_riscv/g128780/Y                                                                                                                      24.000        20.000         4.000
lp_riscv/g128780/Y                                                                                                                      24.000        20.000         4.000
lp_riscv/g128780/Y                                                                                                                      24.000        20.000         4.000
lp_riscv/g128780/Y                                                                                                                      24.000        20.000         4.000
lp_riscv/g128780/Y                                                                                                                      24.000        20.000         4.000
lp_riscv/g128780/Y                                                                                                                      24.000        20.000         4.000
lp_riscv/g128780/Y                                                                                                                      24.000        20.000         4.000
lp_riscv/g128780/Y                                                                                                                      24.000        20.000         4.000
lp_riscv/g128780/Y                                                                                                                      24.000        20.000         4.000
lp_riscv/g128780/Y                                                                                                                      24.000        20.000         4.000
lp_riscv/g128780/Y                                                                                                                      24.000        20.000         4.000
lp_riscv/g128780/Y                                                                                                                      24.000        20.000         4.000
lp_riscv/g128780/Y                                                                                                                      24.000        20.000         4.000
lp_riscv/g128780/Y                                                                                                                      24.000        20.000         4.000
lp_riscv/g128780/Y                                                                                                                      24.000        20.000         4.000
lp_riscv/g128780/Y                                                                                                                      24.000        20.000         4.000
lp_riscv/g128780/Y                                                                                                                      24.000        20.000         4.000
lp_riscv/g128780/Y                                                                                                                      24.000        20.000         4.000
lp_riscv/g128780/Y                                                                                                                      24.000        20.000         4.000
lp_riscv/g128780/Y                                                                                                                      24.000        20.000         4.000
lp_riscv/g128780/Y                                                                                                                      24.000        20.000         4.000
lp_riscv/g128780/Y                                                                                                                      24.000        20.000         4.000
lp_riscv/g128780/Y                                                                                                                      24.000        20.000         4.000
lp_riscv/g80693/Y                                                                                                                       24.000        20.000         4.000
lp_riscv/g80693/Y                                                                                                                       24.000        20.000         4.000
lp_riscv/g80693/Y                                                                                                                       24.000        20.000         4.000
lp_riscv/g80693/Y                                                                                                                       24.000        20.000         4.000
lp_riscv/g80693/Y                                                                                                                       24.000        20.000         4.000
lp_riscv/g80693/Y                                                                                                                       24.000        20.000         4.000
lp_riscv/g80693/Y                                                                                                                       24.000        20.000         4.000
lp_riscv/g80693/Y                                                                                                                       24.000        20.000         4.000
lp_riscv/g80693/Y                                                                                                                       24.000        20.000         4.000
lp_riscv/g80693/Y                                                                                                                       24.000        20.000         4.000
lp_riscv/g80693/Y                                                                                                                       24.000        20.000         4.000
lp_riscv/g80693/Y                                                                                                                       24.000        20.000         4.000
lp_riscv/g80693/Y                                                                                                                       24.000        20.000         4.000
lp_riscv/g80693/Y                                                                                                                       24.000        20.000         4.000
lp_riscv/g80693/Y                                                                                                                       24.000        20.000         4.000
lp_riscv/g80693/Y                                                                                                                       24.000        20.000         4.000
lp_riscv/g80693/Y                                                                                                                       24.000        20.000         4.000
lp_riscv/g80693/Y                                                                                                                       24.000        20.000         4.000
lp_riscv/g80693/Y                                                                                                                       24.000        20.000         4.000
lp_riscv/g80693/Y                                                                                                                       24.000        20.000         4.000
lp_riscv/g80693/Y                                                                                                                       24.000        20.000         4.000
lp_riscv/g80693/Y                                                                                                                       24.000        20.000         4.000
lp_riscv/g80693/Y                                                                                                                       24.000        20.000         4.000
lp_riscv/g80693/Y                                                                                                                       24.000        20.000         4.000
lp_riscv/g80693/Y                                                                                                                       24.000        20.000         4.000
lp_riscv/g80571/Y                                                                                                                       24.000        20.000         4.000
lp_riscv/g80571/Y                                                                                                                       24.000        20.000         4.000
lp_riscv/g80571/Y                                                                                                                       24.000        20.000         4.000
lp_riscv/g80571/Y                                                                                                                       24.000        20.000         4.000
lp_riscv/g80571/Y                                                                                                                       24.000        20.000         4.000
lp_riscv/g80571/Y                                                                                                                       24.000        20.000         4.000
lp_riscv/g80571/Y                                                                                                                       24.000        20.000         4.000
lp_riscv/g80571/Y                                                                                                                       24.000        20.000         4.000
lp_riscv/g80571/Y                                                                                                                       24.000        20.000         4.000
lp_riscv/g80571/Y                                                                                                                       24.000        20.000         4.000
lp_riscv/g80571/Y                                                                                                                       24.000        20.000         4.000
lp_riscv/g80571/Y                                                                                                                       24.000        20.000         4.000
lp_riscv/g80571/Y                                                                                                                       24.000        20.000         4.000
lp_riscv/g80571/Y                                                                                                                       24.000        20.000         4.000
lp_riscv/g80571/Y                                                                                                                       24.000        20.000         4.000
lp_riscv/g80571/Y                                                                                                                       24.000        20.000         4.000
lp_riscv/g80571/Y                                                                                                                       24.000        20.000         4.000
lp_riscv/g80571/Y                                                                                                                       24.000        20.000         4.000
lp_riscv/g80571/Y                                                                                                                       24.000        20.000         4.000
lp_riscv/g80571/Y                                                                                                                       24.000        20.000         4.000
lp_riscv/g80571/Y                                                                                                                       24.000        20.000         4.000
lp_riscv/g80571/Y                                                                                                                       24.000        20.000         4.000
lp_riscv/g80571/Y                                                                                                                       24.000        20.000         4.000
lp_riscv/g80571/Y                                                                                                                       24.000        20.000         4.000
lp_riscv/g80571/Y                                                                                                                       24.000        20.000         4.000
lp_riscv/g80656/Y                                                                                                                       24.000        20.000         4.000
lp_riscv/g80656/Y                                                                                                                       24.000        20.000         4.000
lp_riscv/g80656/Y                                                                                                                       24.000        20.000         4.000
lp_riscv/g80656/Y                                                                                                                       24.000        20.000         4.000
lp_riscv/g80656/Y                                                                                                                       24.000        20.000         4.000
lp_riscv/g80656/Y                                                                                                                       24.000        20.000         4.000
lp_riscv/g80656/Y                                                                                                                       24.000        20.000         4.000
lp_riscv/g80656/Y                                                                                                                       24.000        20.000         4.000
lp_riscv/g80656/Y                                                                                                                       24.000        20.000         4.000
lp_riscv/g80656/Y                                                                                                                       24.000        20.000         4.000
lp_riscv/g80656/Y                                                                                                                       24.000        20.000         4.000
lp_riscv/g80656/Y                                                                                                                       24.000        20.000         4.000
lp_riscv/g80656/Y                                                                                                                       24.000        20.000         4.000
lp_riscv/g80656/Y                                                                                                                       24.000        20.000         4.000
lp_riscv/g80656/Y                                                                                                                       24.000        20.000         4.000
lp_riscv/g80656/Y                                                                                                                       24.000        20.000         4.000
lp_riscv/g80656/Y                                                                                                                       24.000        20.000         4.000
lp_riscv/g80656/Y                                                                                                                       24.000        20.000         4.000
lp_riscv/g80656/Y                                                                                                                       24.000        20.000         4.000
lp_riscv/g80656/Y                                                                                                                       24.000        20.000         4.000
lp_riscv/g80656/Y                                                                                                                       24.000        20.000         4.000
lp_riscv/g80656/Y                                                                                                                       24.000        20.000         4.000
lp_riscv/g80656/Y                                                                                                                       24.000        20.000         4.000
lp_riscv/g80656/Y                                                                                                                       24.000        20.000         4.000
lp_riscv/g80656/Y                                                                                                                       24.000        20.000         4.000
lp_riscv/g80582/Y                                                                                                                       24.000        20.000         4.000
lp_riscv/g80582/Y                                                                                                                       24.000        20.000         4.000
lp_riscv/g80582/Y                                                                                                                       24.000        20.000         4.000
lp_riscv/g80582/Y                                                                                                                       24.000        20.000         4.000
lp_riscv/g80582/Y                                                                                                                       24.000        20.000         4.000
lp_riscv/g80582/Y                                                                                                                       24.000        20.000         4.000
lp_riscv/g80582/Y                                                                                                                       24.000        20.000         4.000
lp_riscv/g80582/Y                                                                                                                       24.000        20.000         4.000
lp_riscv/g80582/Y                                                                                                                       24.000        20.000         4.000
lp_riscv/g80582/Y                                                                                                                       24.000        20.000         4.000
lp_riscv/g80582/Y                                                                                                                       24.000        20.000         4.000
lp_riscv/g80582/Y                                                                                                                       24.000        20.000         4.000
lp_riscv/g80582/Y                                                                                                                       24.000        20.000         4.000
lp_riscv/g80582/Y                                                                                                                       24.000        20.000         4.000
lp_riscv/g80582/Y                                                                                                                       24.000        20.000         4.000
lp_riscv/g80582/Y                                                                                                                       24.000        20.000         4.000
lp_riscv/g80582/Y                                                                                                                       24.000        20.000         4.000
lp_riscv/g80582/Y                                                                                                                       24.000        20.000         4.000
lp_riscv/g80582/Y                                                                                                                       24.000        20.000         4.000
lp_riscv/g80582/Y                                                                                                                       24.000        20.000         4.000
lp_riscv/g80582/Y                                                                                                                       24.000        20.000         4.000
lp_riscv/g80582/Y                                                                                                                       24.000        20.000         4.000
lp_riscv/g80582/Y                                                                                                                       24.000        20.000         4.000
lp_riscv/g80582/Y                                                                                                                       24.000        20.000         4.000
lp_riscv/g80582/Y                                                                                                                       24.000        20.000         4.000
lp_riscv/g80619/Y                                                                                                                       24.000        20.000         4.000
lp_riscv/g80619/Y                                                                                                                       24.000        20.000         4.000
lp_riscv/g80619/Y                                                                                                                       24.000        20.000         4.000
lp_riscv/g80619/Y                                                                                                                       24.000        20.000         4.000
lp_riscv/g80619/Y                                                                                                                       24.000        20.000         4.000
lp_riscv/g80619/Y                                                                                                                       24.000        20.000         4.000
lp_riscv/g80619/Y                                                                                                                       24.000        20.000         4.000
lp_riscv/g80619/Y                                                                                                                       24.000        20.000         4.000
lp_riscv/g80619/Y                                                                                                                       24.000        20.000         4.000
lp_riscv/g80619/Y                                                                                                                       24.000        20.000         4.000
lp_riscv/g80619/Y                                                                                                                       24.000        20.000         4.000
lp_riscv/g80619/Y                                                                                                                       24.000        20.000         4.000
lp_riscv/g80619/Y                                                                                                                       24.000        20.000         4.000
lp_riscv/g80619/Y                                                                                                                       24.000        20.000         4.000
lp_riscv/g80619/Y                                                                                                                       24.000        20.000         4.000
lp_riscv/g80619/Y                                                                                                                       24.000        20.000         4.000
lp_riscv/g80619/Y                                                                                                                       24.000        20.000         4.000
lp_riscv/g80619/Y                                                                                                                       24.000        20.000         4.000
lp_riscv/g80619/Y                                                                                                                       24.000        20.000         4.000
lp_riscv/g80619/Y                                                                                                                       24.000        20.000         4.000
lp_riscv/g80619/Y                                                                                                                       24.000        20.000         4.000
lp_riscv/g80619/Y                                                                                                                       24.000        20.000         4.000
lp_riscv/g80619/Y                                                                                                                       24.000        20.000         4.000
lp_riscv/g80619/Y                                                                                                                       24.000        20.000         4.000
lp_riscv/g80619/Y                                                                                                                       24.000        20.000         4.000
lp_riscv/g81811/Y                                                                                                                       24.000        20.000         4.000
lp_riscv/g81811/Y                                                                                                                       24.000        20.000         4.000
lp_riscv/g81811/Y                                                                                                                       24.000        20.000         4.000
lp_riscv/g81811/Y                                                                                                                       24.000        20.000         4.000
lp_riscv/g81811/Y                                                                                                                       24.000        20.000         4.000
lp_riscv/g81811/Y                                                                                                                       24.000        20.000         4.000
lp_riscv/g81811/Y                                                                                                                       24.000        20.000         4.000
lp_riscv/g81811/Y                                                                                                                       24.000        20.000         4.000
lp_riscv/g81811/Y                                                                                                                       24.000        20.000         4.000
lp_riscv/g81811/Y                                                                                                                       24.000        20.000         4.000
lp_riscv/g81811/Y                                                                                                                       24.000        20.000         4.000
lp_riscv/g81811/Y                                                                                                                       24.000        20.000         4.000
lp_riscv/g81811/Y                                                                                                                       24.000        20.000         4.000
lp_riscv/g81811/Y                                                                                                                       24.000        20.000         4.000
lp_riscv/g81811/Y                                                                                                                       24.000        20.000         4.000
lp_riscv/g81811/Y                                                                                                                       24.000        20.000         4.000
lp_riscv/g81811/Y                                                                                                                       24.000        20.000         4.000
lp_riscv/g81811/Y                                                                                                                       24.000        20.000         4.000
lp_riscv/g81811/Y                                                                                                                       24.000        20.000         4.000
lp_riscv/g81811/Y                                                                                                                       24.000        20.000         4.000
lp_riscv/g81811/Y                                                                                                                       24.000        20.000         4.000
lp_riscv/g81811/Y                                                                                                                       24.000        20.000         4.000
lp_riscv/g81811/Y                                                                                                                       24.000        20.000         4.000
lp_riscv/g81811/Y                                                                                                                       24.000        20.000         4.000
lp_riscv/g81811/Y                                                                                                                       24.000        20.000         4.000
lp_riscv/g128349/Y                                                                                                                      23.000        20.000         3.000
lp_riscv/g128349/Y                                                                                                                      23.000        20.000         3.000
lp_riscv/g128349/Y                                                                                                                      23.000        20.000         3.000
lp_riscv/g128349/Y                                                                                                                      23.000        20.000         3.000
lp_riscv/g128349/Y                                                                                                                      23.000        20.000         3.000
lp_riscv/g128349/Y                                                                                                                      23.000        20.000         3.000
lp_riscv/g128349/Y                                                                                                                      23.000        20.000         3.000
lp_riscv/g128349/Y                                                                                                                      23.000        20.000         3.000
lp_riscv/g128349/Y                                                                                                                      23.000        20.000         3.000
lp_riscv/g128349/Y                                                                                                                      23.000        20.000         3.000
lp_riscv/g128349/Y                                                                                                                      23.000        20.000         3.000
lp_riscv/g128349/Y                                                                                                                      23.000        20.000         3.000
lp_riscv/g128349/Y                                                                                                                      23.000        20.000         3.000
lp_riscv/g128349/Y                                                                                                                      23.000        20.000         3.000
lp_riscv/g128349/Y                                                                                                                      23.000        20.000         3.000
lp_riscv/g128349/Y                                                                                                                      23.000        20.000         3.000
lp_riscv/g128349/Y                                                                                                                      23.000        20.000         3.000
lp_riscv/g128349/Y                                                                                                                      23.000        20.000         3.000
lp_riscv/g128349/Y                                                                                                                      23.000        20.000         3.000
lp_riscv/g128349/Y                                                                                                                      23.000        20.000         3.000
lp_riscv/g128349/Y                                                                                                                      23.000        20.000         3.000
lp_riscv/g128349/Y                                                                                                                      23.000        20.000         3.000
lp_riscv/g128349/Y                                                                                                                      23.000        20.000         3.000
lp_riscv/g128349/Y                                                                                                                      23.000        20.000         3.000
lp_riscv/g80600/Y                                                                                                                       22.000        20.000         2.000
lp_riscv/g80600/Y                                                                                                                       22.000        20.000         2.000
lp_riscv/g80600/Y                                                                                                                       22.000        20.000         2.000
lp_riscv/g80600/Y                                                                                                                       22.000        20.000         2.000
lp_riscv/g80600/Y                                                                                                                       22.000        20.000         2.000
lp_riscv/g80600/Y                                                                                                                       22.000        20.000         2.000
lp_riscv/g80600/Y                                                                                                                       22.000        20.000         2.000
lp_riscv/g80600/Y                                                                                                                       22.000        20.000         2.000
lp_riscv/g80600/Y                                                                                                                       22.000        20.000         2.000
lp_riscv/g80600/Y                                                                                                                       22.000        20.000         2.000
lp_riscv/g80600/Y                                                                                                                       22.000        20.000         2.000
lp_riscv/g80600/Y                                                                                                                       22.000        20.000         2.000
lp_riscv/g80600/Y                                                                                                                       22.000        20.000         2.000
lp_riscv/g80600/Y                                                                                                                       22.000        20.000         2.000
lp_riscv/g80600/Y                                                                                                                       22.000        20.000         2.000
lp_riscv/g80600/Y                                                                                                                       22.000        20.000         2.000
lp_riscv/g80600/Y                                                                                                                       22.000        20.000         2.000
lp_riscv/g80600/Y                                                                                                                       22.000        20.000         2.000
lp_riscv/g80600/Y                                                                                                                       22.000        20.000         2.000
lp_riscv/g80600/Y                                                                                                                       22.000        20.000         2.000
lp_riscv/g80600/Y                                                                                                                       22.000        20.000         2.000
lp_riscv/g80600/Y                                                                                                                       22.000        20.000         2.000
lp_riscv/g80600/Y                                                                                                                       22.000        20.000         2.000
lp_riscv/g80461/Y                                                                                                                       22.000        20.000         2.000
lp_riscv/g80461/Y                                                                                                                       22.000        20.000         2.000
lp_riscv/g80461/Y                                                                                                                       22.000        20.000         2.000
lp_riscv/g80461/Y                                                                                                                       22.000        20.000         2.000
lp_riscv/g80461/Y                                                                                                                       22.000        20.000         2.000
lp_riscv/g80461/Y                                                                                                                       22.000        20.000         2.000
lp_riscv/g80461/Y                                                                                                                       22.000        20.000         2.000
lp_riscv/g80461/Y                                                                                                                       22.000        20.000         2.000
lp_riscv/g80461/Y                                                                                                                       22.000        20.000         2.000
lp_riscv/g80461/Y                                                                                                                       22.000        20.000         2.000
lp_riscv/g80461/Y                                                                                                                       22.000        20.000         2.000
lp_riscv/g80461/Y                                                                                                                       22.000        20.000         2.000
lp_riscv/g80461/Y                                                                                                                       22.000        20.000         2.000
lp_riscv/g80461/Y                                                                                                                       22.000        20.000         2.000
lp_riscv/g80461/Y                                                                                                                       22.000        20.000         2.000
lp_riscv/g80461/Y                                                                                                                       22.000        20.000         2.000
lp_riscv/g80461/Y                                                                                                                       22.000        20.000         2.000
lp_riscv/g80461/Y                                                                                                                       22.000        20.000         2.000
lp_riscv/g80461/Y                                                                                                                       22.000        20.000         2.000
lp_riscv/g80461/Y                                                                                                                       22.000        20.000         2.000
lp_riscv/g80461/Y                                                                                                                       22.000        20.000         2.000
lp_riscv/g80461/Y                                                                                                                       22.000        20.000         2.000
lp_riscv/g80461/Y                                                                                                                       22.000        20.000         2.000
lp_riscv/g80741/Y                                                                                                                       22.000        20.000         2.000
lp_riscv/g80741/Y                                                                                                                       22.000        20.000         2.000
lp_riscv/g80741/Y                                                                                                                       22.000        20.000         2.000
lp_riscv/g80741/Y                                                                                                                       22.000        20.000         2.000
lp_riscv/g80741/Y                                                                                                                       22.000        20.000         2.000
lp_riscv/g80741/Y                                                                                                                       22.000        20.000         2.000
lp_riscv/g80741/Y                                                                                                                       22.000        20.000         2.000
lp_riscv/g80741/Y                                                                                                                       22.000        20.000         2.000
lp_riscv/g80741/Y                                                                                                                       22.000        20.000         2.000
lp_riscv/g80741/Y                                                                                                                       22.000        20.000         2.000
lp_riscv/g80741/Y                                                                                                                       22.000        20.000         2.000
lp_riscv/g80741/Y                                                                                                                       22.000        20.000         2.000
lp_riscv/g80741/Y                                                                                                                       22.000        20.000         2.000
lp_riscv/g80741/Y                                                                                                                       22.000        20.000         2.000
lp_riscv/g80741/Y                                                                                                                       22.000        20.000         2.000
lp_riscv/g80741/Y                                                                                                                       22.000        20.000         2.000
lp_riscv/g80741/Y                                                                                                                       22.000        20.000         2.000
lp_riscv/g80741/Y                                                                                                                       22.000        20.000         2.000
lp_riscv/g80741/Y                                                                                                                       22.000        20.000         2.000
lp_riscv/g80741/Y                                                                                                                       22.000        20.000         2.000
lp_riscv/g80741/Y                                                                                                                       22.000        20.000         2.000
lp_riscv/g80741/Y                                                                                                                       22.000        20.000         2.000
lp_riscv/g80741/Y                                                                                                                       22.000        20.000         2.000
lp_riscv/i_riscv_core_if_stage_i_instr_rdata_id_o_reg[12]/Q                                                                             22.000        20.000         2.000
lp_riscv/i_riscv_core_if_stage_i_instr_rdata_id_o_reg[12]/Q                                                                             22.000        20.000         2.000
lp_riscv/i_riscv_core_if_stage_i_instr_rdata_id_o_reg[12]/Q                                                                             22.000        20.000         2.000
lp_riscv/i_riscv_core_if_stage_i_instr_rdata_id_o_reg[12]/Q                                                                             22.000        20.000         2.000
lp_riscv/i_riscv_core_if_stage_i_instr_rdata_id_o_reg[12]/Q                                                                             22.000        20.000         2.000
lp_riscv/i_riscv_core_if_stage_i_instr_rdata_id_o_reg[12]/Q                                                                             22.000        20.000         2.000
lp_riscv/i_riscv_core_if_stage_i_instr_rdata_id_o_reg[12]/Q                                                                             22.000        20.000         2.000
lp_riscv/i_riscv_core_if_stage_i_instr_rdata_id_o_reg[12]/Q                                                                             22.000        20.000         2.000
lp_riscv/i_riscv_core_if_stage_i_instr_rdata_id_o_reg[12]/Q                                                                             22.000        20.000         2.000
lp_riscv/i_riscv_core_if_stage_i_instr_rdata_id_o_reg[12]/Q                                                                             22.000        20.000         2.000
lp_riscv/i_riscv_core_if_stage_i_instr_rdata_id_o_reg[12]/Q                                                                             22.000        20.000         2.000
lp_riscv/i_riscv_core_if_stage_i_instr_rdata_id_o_reg[12]/Q                                                                             22.000        20.000         2.000
lp_riscv/i_riscv_core_if_stage_i_instr_rdata_id_o_reg[12]/Q                                                                             22.000        20.000         2.000
lp_riscv/i_riscv_core_if_stage_i_instr_rdata_id_o_reg[12]/Q                                                                             22.000        20.000         2.000
lp_riscv/i_riscv_core_if_stage_i_instr_rdata_id_o_reg[12]/Q                                                                             22.000        20.000         2.000
lp_riscv/i_riscv_core_if_stage_i_instr_rdata_id_o_reg[12]/Q                                                                             22.000        20.000         2.000
lp_riscv/i_riscv_core_if_stage_i_instr_rdata_id_o_reg[12]/Q                                                                             22.000        20.000         2.000
lp_riscv/i_riscv_core_if_stage_i_instr_rdata_id_o_reg[12]/Q                                                                             22.000        20.000         2.000
lp_riscv/i_riscv_core_if_stage_i_instr_rdata_id_o_reg[12]/Q                                                                             22.000        20.000         2.000
lp_riscv/i_riscv_core_if_stage_i_instr_rdata_id_o_reg[12]/Q                                                                             22.000        20.000         2.000
lp_riscv/i_riscv_core_if_stage_i_instr_rdata_id_o_reg[12]/Q                                                                             22.000        20.000         2.000
lp_riscv/i_riscv_core_if_stage_i_instr_rdata_id_o_reg[12]/Q                                                                             22.000        20.000         2.000
lp_riscv/i_riscv_core_if_stage_i_instr_rdata_id_o_reg[12]/Q                                                                             22.000        20.000         2.000
lp_riscv/i_riscv_core_ex_stage_i_alu_i_sra_292_63_g2089/Y                                                                               22.000        20.000         2.000
lp_riscv/i_riscv_core_ex_stage_i_alu_i_sra_292_63_g2089/Y                                                                               22.000        20.000         2.000
lp_riscv/i_riscv_core_ex_stage_i_alu_i_sra_292_63_g2089/Y                                                                               22.000        20.000         2.000
lp_riscv/i_riscv_core_ex_stage_i_alu_i_sra_292_63_g2089/Y                                                                               22.000        20.000         2.000
lp_riscv/i_riscv_core_ex_stage_i_alu_i_sra_292_63_g2089/Y                                                                               22.000        20.000         2.000
lp_riscv/i_riscv_core_ex_stage_i_alu_i_sra_292_63_g2089/Y                                                                               22.000        20.000         2.000
lp_riscv/i_riscv_core_ex_stage_i_alu_i_sra_292_63_g2089/Y                                                                               22.000        20.000         2.000
lp_riscv/i_riscv_core_ex_stage_i_alu_i_sra_292_63_g2089/Y                                                                               22.000        20.000         2.000
lp_riscv/i_riscv_core_ex_stage_i_alu_i_sra_292_63_g2089/Y                                                                               22.000        20.000         2.000
lp_riscv/i_riscv_core_ex_stage_i_alu_i_sra_292_63_g2089/Y                                                                               22.000        20.000         2.000
lp_riscv/i_riscv_core_ex_stage_i_alu_i_sra_292_63_g2089/Y                                                                               22.000        20.000         2.000
lp_riscv/i_riscv_core_ex_stage_i_alu_i_sra_292_63_g2089/Y                                                                               22.000        20.000         2.000
lp_riscv/i_riscv_core_ex_stage_i_alu_i_sra_292_63_g2089/Y                                                                               22.000        20.000         2.000
lp_riscv/i_riscv_core_ex_stage_i_alu_i_sra_292_63_g2089/Y                                                                               22.000        20.000         2.000
lp_riscv/i_riscv_core_ex_stage_i_alu_i_sra_292_63_g2089/Y                                                                               22.000        20.000         2.000
lp_riscv/i_riscv_core_ex_stage_i_alu_i_sra_292_63_g2089/Y                                                                               22.000        20.000         2.000
lp_riscv/i_riscv_core_ex_stage_i_alu_i_sra_292_63_g2089/Y                                                                               22.000        20.000         2.000
lp_riscv/i_riscv_core_ex_stage_i_alu_i_sra_292_63_g2089/Y                                                                               22.000        20.000         2.000
lp_riscv/i_riscv_core_ex_stage_i_alu_i_sra_292_63_g2089/Y                                                                               22.000        20.000         2.000
lp_riscv/i_riscv_core_ex_stage_i_alu_i_sra_292_63_g2089/Y                                                                               22.000        20.000         2.000
lp_riscv/i_riscv_core_ex_stage_i_alu_i_sra_292_63_g2089/Y                                                                               22.000        20.000         2.000
lp_riscv/i_riscv_core_ex_stage_i_alu_i_sra_292_63_g2089/Y                                                                               22.000        20.000         2.000
lp_riscv/i_riscv_core_ex_stage_i_alu_i_sra_292_63_g2089/Y                                                                               22.000        20.000         2.000
lp_riscv/g72745/Y                                                                                                                       22.000        20.000         2.000
lp_riscv/g72745/Y                                                                                                                       22.000        20.000         2.000
lp_riscv/g72745/Y                                                                                                                       22.000        20.000         2.000
lp_riscv/g72745/Y                                                                                                                       22.000        20.000         2.000
lp_riscv/g72745/Y                                                                                                                       22.000        20.000         2.000
lp_riscv/g72745/Y                                                                                                                       22.000        20.000         2.000
lp_riscv/g72745/Y                                                                                                                       22.000        20.000         2.000
lp_riscv/g72745/Y                                                                                                                       22.000        20.000         2.000
lp_riscv/g72745/Y                                                                                                                       22.000        20.000         2.000
lp_riscv/g72745/Y                                                                                                                       22.000        20.000         2.000
lp_riscv/g72745/Y                                                                                                                       22.000        20.000         2.000
lp_riscv/g72745/Y                                                                                                                       22.000        20.000         2.000
lp_riscv/g72745/Y                                                                                                                       22.000        20.000         2.000
lp_riscv/g72745/Y                                                                                                                       22.000        20.000         2.000
lp_riscv/g72745/Y                                                                                                                       22.000        20.000         2.000
lp_riscv/g72745/Y                                                                                                                       22.000        20.000         2.000
lp_riscv/g72745/Y                                                                                                                       22.000        20.000         2.000
lp_riscv/g72745/Y                                                                                                                       22.000        20.000         2.000
lp_riscv/g72745/Y                                                                                                                       22.000        20.000         2.000
lp_riscv/g72745/Y                                                                                                                       22.000        20.000         2.000
lp_riscv/g72745/Y                                                                                                                       22.000        20.000         2.000
lp_riscv/g72745/Y                                                                                                                       22.000        20.000         2.000
lp_riscv/g72745/Y                                                                                                                       22.000        20.000         2.000
lp_riscv/g72748/Y                                                                                                                       22.000        20.000         2.000
lp_riscv/g72748/Y                                                                                                                       22.000        20.000         2.000
lp_riscv/g72748/Y                                                                                                                       22.000        20.000         2.000
lp_riscv/g72748/Y                                                                                                                       22.000        20.000         2.000
lp_riscv/g72748/Y                                                                                                                       22.000        20.000         2.000
lp_riscv/g72748/Y                                                                                                                       22.000        20.000         2.000
lp_riscv/g72748/Y                                                                                                                       22.000        20.000         2.000
lp_riscv/g72748/Y                                                                                                                       22.000        20.000         2.000
lp_riscv/g72748/Y                                                                                                                       22.000        20.000         2.000
lp_riscv/g72748/Y                                                                                                                       22.000        20.000         2.000
lp_riscv/g72748/Y                                                                                                                       22.000        20.000         2.000
lp_riscv/g72748/Y                                                                                                                       22.000        20.000         2.000
lp_riscv/g72748/Y                                                                                                                       22.000        20.000         2.000
lp_riscv/g72748/Y                                                                                                                       22.000        20.000         2.000
lp_riscv/g72748/Y                                                                                                                       22.000        20.000         2.000
lp_riscv/g72748/Y                                                                                                                       22.000        20.000         2.000
lp_riscv/g72748/Y                                                                                                                       22.000        20.000         2.000
lp_riscv/g72748/Y                                                                                                                       22.000        20.000         2.000
lp_riscv/g72748/Y                                                                                                                       22.000        20.000         2.000
lp_riscv/g72748/Y                                                                                                                       22.000        20.000         2.000
lp_riscv/g72748/Y                                                                                                                       22.000        20.000         2.000
lp_riscv/g72748/Y                                                                                                                       22.000        20.000         2.000
lp_riscv/g72748/Y                                                                                                                       22.000        20.000         2.000
lp_riscv/g80547/Y                                                                                                                       22.000        20.000         2.000
lp_riscv/g80547/Y                                                                                                                       22.000        20.000         2.000
lp_riscv/g80547/Y                                                                                                                       22.000        20.000         2.000
lp_riscv/g80547/Y                                                                                                                       22.000        20.000         2.000
lp_riscv/g80547/Y                                                                                                                       22.000        20.000         2.000
lp_riscv/g80547/Y                                                                                                                       22.000        20.000         2.000
lp_riscv/g80547/Y                                                                                                                       22.000        20.000         2.000
lp_riscv/g80547/Y                                                                                                                       22.000        20.000         2.000
lp_riscv/g80547/Y                                                                                                                       22.000        20.000         2.000
lp_riscv/g80547/Y                                                                                                                       22.000        20.000         2.000
lp_riscv/g80547/Y                                                                                                                       22.000        20.000         2.000
lp_riscv/g80547/Y                                                                                                                       22.000        20.000         2.000
lp_riscv/g80547/Y                                                                                                                       22.000        20.000         2.000
lp_riscv/g80547/Y                                                                                                                       22.000        20.000         2.000
lp_riscv/g80547/Y                                                                                                                       22.000        20.000         2.000
lp_riscv/g80547/Y                                                                                                                       22.000        20.000         2.000
lp_riscv/g80547/Y                                                                                                                       22.000        20.000         2.000
lp_riscv/g80547/Y                                                                                                                       22.000        20.000         2.000
lp_riscv/g80547/Y                                                                                                                       22.000        20.000         2.000
lp_riscv/g80547/Y                                                                                                                       22.000        20.000         2.000
lp_riscv/g80547/Y                                                                                                                       22.000        20.000         2.000
lp_riscv/g80547/Y                                                                                                                       22.000        20.000         2.000
lp_riscv/g80547/Y                                                                                                                       22.000        20.000         2.000
lp_riscv/g80932/Y                                                                                                                       22.000        20.000         2.000
lp_riscv/g80932/Y                                                                                                                       22.000        20.000         2.000
lp_riscv/g80932/Y                                                                                                                       22.000        20.000         2.000
lp_riscv/g80932/Y                                                                                                                       22.000        20.000         2.000
lp_riscv/g80932/Y                                                                                                                       22.000        20.000         2.000
lp_riscv/g80932/Y                                                                                                                       22.000        20.000         2.000
lp_riscv/g80932/Y                                                                                                                       22.000        20.000         2.000
lp_riscv/g80932/Y                                                                                                                       22.000        20.000         2.000
lp_riscv/g80932/Y                                                                                                                       22.000        20.000         2.000
lp_riscv/g80932/Y                                                                                                                       22.000        20.000         2.000
lp_riscv/g80932/Y                                                                                                                       22.000        20.000         2.000
lp_riscv/g80932/Y                                                                                                                       22.000        20.000         2.000
lp_riscv/g80932/Y                                                                                                                       22.000        20.000         2.000
lp_riscv/g80932/Y                                                                                                                       22.000        20.000         2.000
lp_riscv/g80932/Y                                                                                                                       22.000        20.000         2.000
lp_riscv/g80932/Y                                                                                                                       22.000        20.000         2.000
lp_riscv/g80932/Y                                                                                                                       22.000        20.000         2.000
lp_riscv/g80932/Y                                                                                                                       22.000        20.000         2.000
lp_riscv/g80932/Y                                                                                                                       22.000        20.000         2.000
lp_riscv/g80932/Y                                                                                                                       22.000        20.000         2.000
lp_riscv/g80932/Y                                                                                                                       22.000        20.000         2.000
lp_riscv/g80932/Y                                                                                                                       22.000        20.000         2.000
lp_riscv/g80932/Y                                                                                                                       22.000        20.000         2.000
lp_riscv/g80628/Y                                                                                                                       22.000        20.000         2.000
lp_riscv/g80628/Y                                                                                                                       22.000        20.000         2.000
lp_riscv/g80628/Y                                                                                                                       22.000        20.000         2.000
lp_riscv/g80628/Y                                                                                                                       22.000        20.000         2.000
lp_riscv/g80628/Y                                                                                                                       22.000        20.000         2.000
lp_riscv/g80628/Y                                                                                                                       22.000        20.000         2.000
lp_riscv/g80628/Y                                                                                                                       22.000        20.000         2.000
lp_riscv/g80628/Y                                                                                                                       22.000        20.000         2.000
lp_riscv/g80628/Y                                                                                                                       22.000        20.000         2.000
lp_riscv/g80628/Y                                                                                                                       22.000        20.000         2.000
lp_riscv/g80628/Y                                                                                                                       22.000        20.000         2.000
lp_riscv/g80628/Y                                                                                                                       22.000        20.000         2.000
lp_riscv/g80628/Y                                                                                                                       22.000        20.000         2.000
lp_riscv/g80628/Y                                                                                                                       22.000        20.000         2.000
lp_riscv/g80628/Y                                                                                                                       22.000        20.000         2.000
lp_riscv/g80628/Y                                                                                                                       22.000        20.000         2.000
lp_riscv/g80628/Y                                                                                                                       22.000        20.000         2.000
lp_riscv/g80628/Y                                                                                                                       22.000        20.000         2.000
lp_riscv/g80628/Y                                                                                                                       22.000        20.000         2.000
lp_riscv/g80628/Y                                                                                                                       22.000        20.000         2.000
lp_riscv/g80628/Y                                                                                                                       22.000        20.000         2.000
lp_riscv/g80628/Y                                                                                                                       22.000        20.000         2.000
lp_riscv/g80628/Y                                                                                                                       22.000        20.000         2.000
lp_riscv/i_riscv_core_id_stage_i_mult_dot_op_b_ex_o_reg[16]/Q                                                                           21.000        20.000         1.000
lp_riscv/i_riscv_core_id_stage_i_mult_dot_op_b_ex_o_reg[16]/Q                                                                           21.000        20.000         1.000
lp_riscv/i_riscv_core_id_stage_i_mult_dot_op_b_ex_o_reg[16]/Q                                                                           21.000        20.000         1.000
lp_riscv/i_riscv_core_id_stage_i_mult_dot_op_b_ex_o_reg[16]/Q                                                                           21.000        20.000         1.000
lp_riscv/i_riscv_core_id_stage_i_mult_dot_op_b_ex_o_reg[16]/Q                                                                           21.000        20.000         1.000
lp_riscv/i_riscv_core_id_stage_i_mult_dot_op_b_ex_o_reg[16]/Q                                                                           21.000        20.000         1.000
lp_riscv/i_riscv_core_id_stage_i_mult_dot_op_b_ex_o_reg[16]/Q                                                                           21.000        20.000         1.000
lp_riscv/i_riscv_core_id_stage_i_mult_dot_op_b_ex_o_reg[16]/Q                                                                           21.000        20.000         1.000
lp_riscv/i_riscv_core_id_stage_i_mult_dot_op_b_ex_o_reg[16]/Q                                                                           21.000        20.000         1.000
lp_riscv/i_riscv_core_id_stage_i_mult_dot_op_b_ex_o_reg[16]/Q                                                                           21.000        20.000         1.000
lp_riscv/i_riscv_core_id_stage_i_mult_dot_op_b_ex_o_reg[16]/Q                                                                           21.000        20.000         1.000
lp_riscv/i_riscv_core_id_stage_i_mult_dot_op_b_ex_o_reg[16]/Q                                                                           21.000        20.000         1.000
lp_riscv/i_riscv_core_id_stage_i_mult_dot_op_b_ex_o_reg[16]/Q                                                                           21.000        20.000         1.000
lp_riscv/i_riscv_core_id_stage_i_mult_dot_op_b_ex_o_reg[16]/Q                                                                           21.000        20.000         1.000
lp_riscv/i_riscv_core_id_stage_i_mult_dot_op_b_ex_o_reg[16]/Q                                                                           21.000        20.000         1.000
lp_riscv/i_riscv_core_id_stage_i_mult_dot_op_b_ex_o_reg[16]/Q                                                                           21.000        20.000         1.000
lp_riscv/i_riscv_core_id_stage_i_mult_dot_op_b_ex_o_reg[16]/Q                                                                           21.000        20.000         1.000
lp_riscv/i_riscv_core_id_stage_i_mult_dot_op_b_ex_o_reg[16]/Q                                                                           21.000        20.000         1.000
lp_riscv/i_riscv_core_id_stage_i_mult_dot_op_b_ex_o_reg[16]/Q                                                                           21.000        20.000         1.000
lp_riscv/i_riscv_core_id_stage_i_mult_dot_op_b_ex_o_reg[16]/Q                                                                           21.000        20.000         1.000
lp_riscv/i_riscv_core_id_stage_i_mult_dot_op_b_ex_o_reg[16]/Q                                                                           21.000        20.000         1.000
lp_riscv/i_riscv_core_id_stage_i_mult_dot_op_b_ex_o_reg[16]/Q                                                                           21.000        20.000         1.000
lp_riscv/g80563/Y                                                                                                                       21.000        20.000         1.000
lp_riscv/g80563/Y                                                                                                                       21.000        20.000         1.000
lp_riscv/g80563/Y                                                                                                                       21.000        20.000         1.000
lp_riscv/g80563/Y                                                                                                                       21.000        20.000         1.000
lp_riscv/g80563/Y                                                                                                                       21.000        20.000         1.000
lp_riscv/g80563/Y                                                                                                                       21.000        20.000         1.000
lp_riscv/g80563/Y                                                                                                                       21.000        20.000         1.000
lp_riscv/g80563/Y                                                                                                                       21.000        20.000         1.000
lp_riscv/g80563/Y                                                                                                                       21.000        20.000         1.000
lp_riscv/g80563/Y                                                                                                                       21.000        20.000         1.000
lp_riscv/g80563/Y                                                                                                                       21.000        20.000         1.000
lp_riscv/g80563/Y                                                                                                                       21.000        20.000         1.000
lp_riscv/g80563/Y                                                                                                                       21.000        20.000         1.000
lp_riscv/g80563/Y                                                                                                                       21.000        20.000         1.000
lp_riscv/g80563/Y                                                                                                                       21.000        20.000         1.000
lp_riscv/g80563/Y                                                                                                                       21.000        20.000         1.000
lp_riscv/g80563/Y                                                                                                                       21.000        20.000         1.000
lp_riscv/g80563/Y                                                                                                                       21.000        20.000         1.000
lp_riscv/g80563/Y                                                                                                                       21.000        20.000         1.000
lp_riscv/g80563/Y                                                                                                                       21.000        20.000         1.000
lp_riscv/g80563/Y                                                                                                                       21.000        20.000         1.000
lp_riscv/g80563/Y                                                                                                                       21.000        20.000         1.000
lp_riscv/g80711/Y                                                                                                                       21.000        20.000         1.000
lp_riscv/g80711/Y                                                                                                                       21.000        20.000         1.000
lp_riscv/g80711/Y                                                                                                                       21.000        20.000         1.000
lp_riscv/g80711/Y                                                                                                                       21.000        20.000         1.000
lp_riscv/g80711/Y                                                                                                                       21.000        20.000         1.000
lp_riscv/g80711/Y                                                                                                                       21.000        20.000         1.000
lp_riscv/g80711/Y                                                                                                                       21.000        20.000         1.000
lp_riscv/g80711/Y                                                                                                                       21.000        20.000         1.000
lp_riscv/g80711/Y                                                                                                                       21.000        20.000         1.000
lp_riscv/g80711/Y                                                                                                                       21.000        20.000         1.000
lp_riscv/g80711/Y                                                                                                                       21.000        20.000         1.000
lp_riscv/g80711/Y                                                                                                                       21.000        20.000         1.000
lp_riscv/g80711/Y                                                                                                                       21.000        20.000         1.000
lp_riscv/g80711/Y                                                                                                                       21.000        20.000         1.000
lp_riscv/g80711/Y                                                                                                                       21.000        20.000         1.000
lp_riscv/g80711/Y                                                                                                                       21.000        20.000         1.000
lp_riscv/g80711/Y                                                                                                                       21.000        20.000         1.000
lp_riscv/g80711/Y                                                                                                                       21.000        20.000         1.000
lp_riscv/g80711/Y                                                                                                                       21.000        20.000         1.000
lp_riscv/g80711/Y                                                                                                                       21.000        20.000         1.000
lp_riscv/g80711/Y                                                                                                                       21.000        20.000         1.000
lp_riscv/g80711/Y                                                                                                                       21.000        20.000         1.000
lp_riscv/g80702/Y                                                                                                                       21.000        20.000         1.000
lp_riscv/g80702/Y                                                                                                                       21.000        20.000         1.000
lp_riscv/g80702/Y                                                                                                                       21.000        20.000         1.000
lp_riscv/g80702/Y                                                                                                                       21.000        20.000         1.000
lp_riscv/g80702/Y                                                                                                                       21.000        20.000         1.000
lp_riscv/g80702/Y                                                                                                                       21.000        20.000         1.000
lp_riscv/g80702/Y                                                                                                                       21.000        20.000         1.000
lp_riscv/g80702/Y                                                                                                                       21.000        20.000         1.000
lp_riscv/g80702/Y                                                                                                                       21.000        20.000         1.000
lp_riscv/g80702/Y                                                                                                                       21.000        20.000         1.000
lp_riscv/g80702/Y                                                                                                                       21.000        20.000         1.000
lp_riscv/g80702/Y                                                                                                                       21.000        20.000         1.000
lp_riscv/g80702/Y                                                                                                                       21.000        20.000         1.000
lp_riscv/g80702/Y                                                                                                                       21.000        20.000         1.000
lp_riscv/g80702/Y                                                                                                                       21.000        20.000         1.000
lp_riscv/g80702/Y                                                                                                                       21.000        20.000         1.000
lp_riscv/g80702/Y                                                                                                                       21.000        20.000         1.000
lp_riscv/g80702/Y                                                                                                                       21.000        20.000         1.000
lp_riscv/g80702/Y                                                                                                                       21.000        20.000         1.000
lp_riscv/g80702/Y                                                                                                                       21.000        20.000         1.000
lp_riscv/g80702/Y                                                                                                                       21.000        20.000         1.000
lp_riscv/g80702/Y                                                                                                                       21.000        20.000         1.000
lp_riscv/g80591/Y                                                                                                                       21.000        20.000         1.000
lp_riscv/g80591/Y                                                                                                                       21.000        20.000         1.000
lp_riscv/g80591/Y                                                                                                                       21.000        20.000         1.000
lp_riscv/g80591/Y                                                                                                                       21.000        20.000         1.000
lp_riscv/g80591/Y                                                                                                                       21.000        20.000         1.000
lp_riscv/g80591/Y                                                                                                                       21.000        20.000         1.000
lp_riscv/g80591/Y                                                                                                                       21.000        20.000         1.000
lp_riscv/g80591/Y                                                                                                                       21.000        20.000         1.000
lp_riscv/g80591/Y                                                                                                                       21.000        20.000         1.000
lp_riscv/g80591/Y                                                                                                                       21.000        20.000         1.000
lp_riscv/g80591/Y                                                                                                                       21.000        20.000         1.000
lp_riscv/g80591/Y                                                                                                                       21.000        20.000         1.000
lp_riscv/g80591/Y                                                                                                                       21.000        20.000         1.000
lp_riscv/g80591/Y                                                                                                                       21.000        20.000         1.000
lp_riscv/g80591/Y                                                                                                                       21.000        20.000         1.000
lp_riscv/g80591/Y                                                                                                                       21.000        20.000         1.000
lp_riscv/g80591/Y                                                                                                                       21.000        20.000         1.000
lp_riscv/g80591/Y                                                                                                                       21.000        20.000         1.000
lp_riscv/g80591/Y                                                                                                                       21.000        20.000         1.000
lp_riscv/g80591/Y                                                                                                                       21.000        20.000         1.000
lp_riscv/g80591/Y                                                                                                                       21.000        20.000         1.000
lp_riscv/g80591/Y                                                                                                                       21.000        20.000         1.000
lp_riscv/g72743/Y                                                                                                                       21.000        20.000         1.000
lp_riscv/g72743/Y                                                                                                                       21.000        20.000         1.000
lp_riscv/g72743/Y                                                                                                                       21.000        20.000         1.000
lp_riscv/g72743/Y                                                                                                                       21.000        20.000         1.000
lp_riscv/g72743/Y                                                                                                                       21.000        20.000         1.000
lp_riscv/g72743/Y                                                                                                                       21.000        20.000         1.000
lp_riscv/g72743/Y                                                                                                                       21.000        20.000         1.000
lp_riscv/g72743/Y                                                                                                                       21.000        20.000         1.000
lp_riscv/g72743/Y                                                                                                                       21.000        20.000         1.000
lp_riscv/g72743/Y                                                                                                                       21.000        20.000         1.000
lp_riscv/g72743/Y                                                                                                                       21.000        20.000         1.000
lp_riscv/g72743/Y                                                                                                                       21.000        20.000         1.000
lp_riscv/g72743/Y                                                                                                                       21.000        20.000         1.000
lp_riscv/g72743/Y                                                                                                                       21.000        20.000         1.000
lp_riscv/g72743/Y                                                                                                                       21.000        20.000         1.000
lp_riscv/g72743/Y                                                                                                                       21.000        20.000         1.000
lp_riscv/g72743/Y                                                                                                                       21.000        20.000         1.000
lp_riscv/g72743/Y                                                                                                                       21.000        20.000         1.000
lp_riscv/g72743/Y                                                                                                                       21.000        20.000         1.000
lp_riscv/g72743/Y                                                                                                                       21.000        20.000         1.000
lp_riscv/g72743/Y                                                                                                                       21.000        20.000         1.000
lp_riscv/g72743/Y                                                                                                                       21.000        20.000         1.000
lp_riscv/g128908/Y                                                                                                                      21.000        20.000         1.000
lp_riscv/g128908/Y                                                                                                                      21.000        20.000         1.000
lp_riscv/g128908/Y                                                                                                                      21.000        20.000         1.000
lp_riscv/g128908/Y                                                                                                                      21.000        20.000         1.000
lp_riscv/g128908/Y                                                                                                                      21.000        20.000         1.000
lp_riscv/g128908/Y                                                                                                                      21.000        20.000         1.000
lp_riscv/g128908/Y                                                                                                                      21.000        20.000         1.000
lp_riscv/g128908/Y                                                                                                                      21.000        20.000         1.000
lp_riscv/g128908/Y                                                                                                                      21.000        20.000         1.000
lp_riscv/g128908/Y                                                                                                                      21.000        20.000         1.000
lp_riscv/g128908/Y                                                                                                                      21.000        20.000         1.000
lp_riscv/g128908/Y                                                                                                                      21.000        20.000         1.000
lp_riscv/g128908/Y                                                                                                                      21.000        20.000         1.000
lp_riscv/g128908/Y                                                                                                                      21.000        20.000         1.000
lp_riscv/g128908/Y                                                                                                                      21.000        20.000         1.000
lp_riscv/g128908/Y                                                                                                                      21.000        20.000         1.000
lp_riscv/g128908/Y                                                                                                                      21.000        20.000         1.000
lp_riscv/g128908/Y                                                                                                                      21.000        20.000         1.000
lp_riscv/g128908/Y                                                                                                                      21.000        20.000         1.000
lp_riscv/g128908/Y                                                                                                                      21.000        20.000         1.000
lp_riscv/g128908/Y                                                                                                                      21.000        20.000         1.000
lp_riscv/g128908/Y                                                                                                                      21.000        20.000         1.000
lp_riscv/i_riscv_core_ex_stage_i_alu_i_div_i_State_SP_reg[0]/Q                                                                          21.000        20.000         1.000
lp_riscv/i_riscv_core_ex_stage_i_alu_i_div_i_State_SP_reg[0]/Q                                                                          21.000        20.000         1.000
lp_riscv/i_riscv_core_ex_stage_i_alu_i_div_i_State_SP_reg[0]/Q                                                                          21.000        20.000         1.000
lp_riscv/i_riscv_core_ex_stage_i_alu_i_div_i_State_SP_reg[0]/Q                                                                          21.000        20.000         1.000
lp_riscv/i_riscv_core_ex_stage_i_alu_i_div_i_State_SP_reg[0]/Q                                                                          21.000        20.000         1.000
lp_riscv/i_riscv_core_ex_stage_i_alu_i_div_i_State_SP_reg[0]/Q                                                                          21.000        20.000         1.000
lp_riscv/i_riscv_core_ex_stage_i_alu_i_div_i_State_SP_reg[0]/Q                                                                          21.000        20.000         1.000
lp_riscv/i_riscv_core_ex_stage_i_alu_i_div_i_State_SP_reg[0]/Q                                                                          21.000        20.000         1.000
lp_riscv/i_riscv_core_ex_stage_i_alu_i_div_i_State_SP_reg[0]/Q                                                                          21.000        20.000         1.000
lp_riscv/i_riscv_core_ex_stage_i_alu_i_div_i_State_SP_reg[0]/Q                                                                          21.000        20.000         1.000
lp_riscv/i_riscv_core_ex_stage_i_alu_i_div_i_State_SP_reg[0]/Q                                                                          21.000        20.000         1.000
lp_riscv/i_riscv_core_ex_stage_i_alu_i_div_i_State_SP_reg[0]/Q                                                                          21.000        20.000         1.000
lp_riscv/i_riscv_core_ex_stage_i_alu_i_div_i_State_SP_reg[0]/Q                                                                          21.000        20.000         1.000
lp_riscv/i_riscv_core_ex_stage_i_alu_i_div_i_State_SP_reg[0]/Q                                                                          21.000        20.000         1.000
lp_riscv/i_riscv_core_ex_stage_i_alu_i_div_i_State_SP_reg[0]/Q                                                                          21.000        20.000         1.000
lp_riscv/i_riscv_core_ex_stage_i_alu_i_div_i_State_SP_reg[0]/Q                                                                          21.000        20.000         1.000
lp_riscv/i_riscv_core_ex_stage_i_alu_i_div_i_State_SP_reg[0]/Q                                                                          21.000        20.000         1.000
lp_riscv/i_riscv_core_ex_stage_i_alu_i_div_i_State_SP_reg[0]/Q                                                                          21.000        20.000         1.000
lp_riscv/i_riscv_core_ex_stage_i_alu_i_div_i_State_SP_reg[0]/Q                                                                          21.000        20.000         1.000
lp_riscv/i_riscv_core_ex_stage_i_alu_i_div_i_State_SP_reg[0]/Q                                                                          21.000        20.000         1.000
lp_riscv/i_riscv_core_ex_stage_i_alu_i_div_i_State_SP_reg[0]/Q                                                                          21.000        20.000         1.000
lp_riscv/i_riscv_core_ex_stage_i_alu_i_div_i_State_SP_reg[0]/Q                                                                          21.000        20.000         1.000
lp_riscv/i_riscv_core_id_stage_i_csr_op_ex_o_reg[1]/Q                                                                                   21.000        20.000         1.000
lp_riscv/i_riscv_core_id_stage_i_csr_op_ex_o_reg[1]/Q                                                                                   21.000        20.000         1.000
lp_riscv/i_riscv_core_id_stage_i_csr_op_ex_o_reg[1]/Q                                                                                   21.000        20.000         1.000
lp_riscv/i_riscv_core_id_stage_i_csr_op_ex_o_reg[1]/Q                                                                                   21.000        20.000         1.000
lp_riscv/i_riscv_core_id_stage_i_csr_op_ex_o_reg[1]/Q                                                                                   21.000        20.000         1.000
lp_riscv/i_riscv_core_id_stage_i_csr_op_ex_o_reg[1]/Q                                                                                   21.000        20.000         1.000
lp_riscv/i_riscv_core_id_stage_i_csr_op_ex_o_reg[1]/Q                                                                                   21.000        20.000         1.000
lp_riscv/i_riscv_core_id_stage_i_csr_op_ex_o_reg[1]/Q                                                                                   21.000        20.000         1.000
lp_riscv/i_riscv_core_id_stage_i_csr_op_ex_o_reg[1]/Q                                                                                   21.000        20.000         1.000
lp_riscv/i_riscv_core_id_stage_i_csr_op_ex_o_reg[1]/Q                                                                                   21.000        20.000         1.000
lp_riscv/i_riscv_core_id_stage_i_csr_op_ex_o_reg[1]/Q                                                                                   21.000        20.000         1.000
lp_riscv/i_riscv_core_id_stage_i_csr_op_ex_o_reg[1]/Q                                                                                   21.000        20.000         1.000
lp_riscv/i_riscv_core_id_stage_i_csr_op_ex_o_reg[1]/Q                                                                                   21.000        20.000         1.000
lp_riscv/i_riscv_core_id_stage_i_csr_op_ex_o_reg[1]/Q                                                                                   21.000        20.000         1.000
lp_riscv/i_riscv_core_id_stage_i_csr_op_ex_o_reg[1]/Q                                                                                   21.000        20.000         1.000
lp_riscv/i_riscv_core_id_stage_i_csr_op_ex_o_reg[1]/Q                                                                                   21.000        20.000         1.000
lp_riscv/i_riscv_core_id_stage_i_csr_op_ex_o_reg[1]/Q                                                                                   21.000        20.000         1.000
lp_riscv/i_riscv_core_id_stage_i_csr_op_ex_o_reg[1]/Q                                                                                   21.000        20.000         1.000
lp_riscv/i_riscv_core_id_stage_i_csr_op_ex_o_reg[1]/Q                                                                                   21.000        20.000         1.000
lp_riscv/i_riscv_core_id_stage_i_csr_op_ex_o_reg[1]/Q                                                                                   21.000        20.000         1.000
lp_riscv/i_riscv_core_id_stage_i_csr_op_ex_o_reg[1]/Q                                                                                   21.000        20.000         1.000
lp_riscv/i_riscv_core_id_stage_i_csr_op_ex_o_reg[1]/Q                                                                                   21.000        20.000         1.000
lp_riscv/g128505/Y                                                                                                                      21.000        20.000         1.000
lp_riscv/g128505/Y                                                                                                                      21.000        20.000         1.000
lp_riscv/g128505/Y                                                                                                                      21.000        20.000         1.000
lp_riscv/g128505/Y                                                                                                                      21.000        20.000         1.000
lp_riscv/g128505/Y                                                                                                                      21.000        20.000         1.000
lp_riscv/g128505/Y                                                                                                                      21.000        20.000         1.000
lp_riscv/g128505/Y                                                                                                                      21.000        20.000         1.000
lp_riscv/g128505/Y                                                                                                                      21.000        20.000         1.000
lp_riscv/g128505/Y                                                                                                                      21.000        20.000         1.000
lp_riscv/g128505/Y                                                                                                                      21.000        20.000         1.000
lp_riscv/g128505/Y                                                                                                                      21.000        20.000         1.000
lp_riscv/g128505/Y                                                                                                                      21.000        20.000         1.000
lp_riscv/g128505/Y                                                                                                                      21.000        20.000         1.000
lp_riscv/g128505/Y                                                                                                                      21.000        20.000         1.000
lp_riscv/g128505/Y                                                                                                                      21.000        20.000         1.000
lp_riscv/g128505/Y                                                                                                                      21.000        20.000         1.000
lp_riscv/g128505/Y                                                                                                                      21.000        20.000         1.000
lp_riscv/g128505/Y                                                                                                                      21.000        20.000         1.000
lp_riscv/g128505/Y                                                                                                                      21.000        20.000         1.000
lp_riscv/g128505/Y                                                                                                                      21.000        20.000         1.000
lp_riscv/g128505/Y                                                                                                                      21.000        20.000         1.000
lp_riscv/g128505/Y                                                                                                                      21.000        20.000         1.000
lp_riscv/g128392/Y                                                                                                                      21.000        20.000         1.000
lp_riscv/g128392/Y                                                                                                                      21.000        20.000         1.000
lp_riscv/g128392/Y                                                                                                                      21.000        20.000         1.000
lp_riscv/g128392/Y                                                                                                                      21.000        20.000         1.000
lp_riscv/g128392/Y                                                                                                                      21.000        20.000         1.000
lp_riscv/g128392/Y                                                                                                                      21.000        20.000         1.000
lp_riscv/g128392/Y                                                                                                                      21.000        20.000         1.000
lp_riscv/g128392/Y                                                                                                                      21.000        20.000         1.000
lp_riscv/g128392/Y                                                                                                                      21.000        20.000         1.000
lp_riscv/g128392/Y                                                                                                                      21.000        20.000         1.000
lp_riscv/g128392/Y                                                                                                                      21.000        20.000         1.000
lp_riscv/g128392/Y                                                                                                                      21.000        20.000         1.000
lp_riscv/g128392/Y                                                                                                                      21.000        20.000         1.000
lp_riscv/g128392/Y                                                                                                                      21.000        20.000         1.000
lp_riscv/g128392/Y                                                                                                                      21.000        20.000         1.000
lp_riscv/g128392/Y                                                                                                                      21.000        20.000         1.000
lp_riscv/g128392/Y                                                                                                                      21.000        20.000         1.000
lp_riscv/g128392/Y                                                                                                                      21.000        20.000         1.000
lp_riscv/g128392/Y                                                                                                                      21.000        20.000         1.000
lp_riscv/g128392/Y                                                                                                                      21.000        20.000         1.000
lp_riscv/g128392/Y                                                                                                                      21.000        20.000         1.000
lp_riscv/g128392/Y                                                                                                                      21.000        20.000         1.000



