###############################################################
#  Generated by:      Cadence Innovus 21.15-s110_1
#  OS:                Linux x86_64(Host ID ip-10-70-158-178.il-central-1.compute.internal)
#  Generated on:      Mon Feb 10 16:08:33 2025
#  Design:            lp_riscv_top
#  Command:           check_place /data/project/tsmc65/users/liosky/ws/DVD25/hw7/workspace/../reports/placement//check_place.rpt
###############################################################

#########################################################
## Total instances with placement violations: 7122
##   of which 2 insts have multiple violations.
#########################################################

## Insts not on placement grid, or blocks not on manufacturing grid (2) ##
#########################################################
### 2 (Preplaced) Not Placed on Placement Grid>
set pchkNotOnGridFixedList [list \
	{lp_riscv/iccm_ram_wrapper_iccm_ram_0_sram_sp_16384x32} \
	{lp_riscv/iccm_ram_wrapper_iccm_ram_1_sram_sp_16384x32} \
	]

## Insts placed overlapping with other insts (7122) ##
#########################################################
### 7122 (Preplaced) Overlapping with other instance>
set pchkOverlapFixedList [list \
	{lp_riscv/iccm_ram_wrapper_iccm_ram_0_sram_sp_16384x32} \
	{lp_riscv/iccm_ram_wrapper_iccm_ram_1_sram_sp_16384x32} \
	{WELLTAP_2327} \
	{WELLTAP_2328} \
	{WELLTAP_2329} \
	{WELLTAP_2330} \
	{WELLTAP_2331} \
	{WELLTAP_2332} \
	{WELLTAP_2333} \
	{WELLTAP_2334} \
	{WELLTAP_2335} \
	{WELLTAP_2336} \
	{WELLTAP_2337} \
	{WELLTAP_2338} \
	{WELLTAP_2339} \
	{WELLTAP_2340} \
	{WELLTAP_2341} \
	{WELLTAP_2342} \
	{WELLTAP_2355} \
	{WELLTAP_2356} \
	{WELLTAP_2357} \
	{WELLTAP_2358} \
	{WELLTAP_2359} \
	{WELLTAP_2360} \
	{WELLTAP_2361} \
	{WELLTAP_2362} \
	{WELLTAP_2363} \
	{WELLTAP_2364} \
	{WELLTAP_2365} \
	{WELLTAP_2366} \
	{WELLTAP_2367} \
	{WELLTAP_2368} \
	{WELLTAP_2369} \
	{WELLTAP_2381} \
	{WELLTAP_2382} \
	{WELLTAP_2383} \
	{WELLTAP_2384} \
	{WELLTAP_2385} \
	{WELLTAP_2386} \
	{WELLTAP_2387} \
	{WELLTAP_2388} \
	{WELLTAP_2389} \
	{WELLTAP_2390} \
	{WELLTAP_2391} \
	{WELLTAP_2392} \
	{WELLTAP_2393} \
	{WELLTAP_2394} \
	{WELLTAP_2395} \
	{WELLTAP_2396} \
	{WELLTAP_2409} \
	{WELLTAP_2410} \
	{WELLTAP_2411} \
	{WELLTAP_2412} \
	{WELLTAP_2413} \
	{WELLTAP_2414} \
	{WELLTAP_2415} \
	{WELLTAP_2416} \
	{WELLTAP_2417} \
	{WELLTAP_2418} \
	{WELLTAP_2419} \
	{WELLTAP_2420} \
	{WELLTAP_2421} \
	{WELLTAP_2422} \
	{WELLTAP_2423} \
	{WELLTAP_2435} \
	{WELLTAP_2436} \
	{WELLTAP_2437} \
	{WELLTAP_2438} \
	{WELLTAP_2439} \
	{WELLTAP_2440} \
	{WELLTAP_2441} \
	{WELLTAP_2442} \
	{WELLTAP_2443} \
	{WELLTAP_2444} \
	{WELLTAP_2445} \
	{WELLTAP_2446} \
	{WELLTAP_2447} \
	{WELLTAP_2448} \
	{WELLTAP_2449} \
	{WELLTAP_2450} \
	{WELLTAP_2463} \
	{WELLTAP_2464} \
	{WELLTAP_2465} \
	{WELLTAP_2466} \
	{WELLTAP_2467} \
	{WELLTAP_2468} \
	{WELLTAP_2469} \
	{WELLTAP_2470} \
	{WELLTAP_2471} \
	{WELLTAP_2472} \
	{WELLTAP_2473} \
	{WELLTAP_2474} \
	{WELLTAP_2475} \
	{WELLTAP_2476} \
	{WELLTAP_2477} \
	{WELLTAP_2489} \
	{WELLTAP_2490} \
	{WELLTAP_2491} \
	{WELLTAP_2492} \
	{WELLTAP_2493} \
	{WELLTAP_2494} \
	{WELLTAP_2495} \
	{WELLTAP_2496} \
	{WELLTAP_2497} \
	{WELLTAP_2498} \
	{WELLTAP_2499} \
	{WELLTAP_2500} \
	{WELLTAP_2501} \
	{WELLTAP_2502} \
	{WELLTAP_2503} \
	{WELLTAP_2504} \
	{WELLTAP_2517} \
	{WELLTAP_2518} \
	{WELLTAP_2519} \
	{WELLTAP_2520} \
	{WELLTAP_2521} \
	{WELLTAP_2522} \
	{WELLTAP_2523} \
	{WELLTAP_2524} \
	{WELLTAP_2525} \
	{WELLTAP_2526} \
	{WELLTAP_2527} \
	{WELLTAP_2528} \
	{WELLTAP_2529} \
	{WELLTAP_2530} \
	{WELLTAP_2531} \
	{WELLTAP_2543} \
	{WELLTAP_2544} \
	{WELLTAP_2545} \
	{WELLTAP_2546} \
	{WELLTAP_2547} \
	{WELLTAP_2548} \
	{WELLTAP_2549} \
	{WELLTAP_2550} \
	{WELLTAP_2551} \
	{WELLTAP_2552} \
	{WELLTAP_2553} \
	{WELLTAP_2554} \
	{WELLTAP_2555} \
	{WELLTAP_2556} \
	{WELLTAP_2557} \
	{WELLTAP_2558} \
	{WELLTAP_2571} \
	{WELLTAP_2572} \
	{WELLTAP_2573} \
	{WELLTAP_2574} \
	{WELLTAP_2575} \
	{WELLTAP_2576} \
	{WELLTAP_2577} \
	{WELLTAP_2578} \
	{WELLTAP_2579} \
	{WELLTAP_2580} \
	{WELLTAP_2581} \
	{WELLTAP_2582} \
	{WELLTAP_2583} \
	{WELLTAP_2584} \
	{WELLTAP_2585} \
	{WELLTAP_2597} \
	{WELLTAP_2598} \
	{WELLTAP_2599} \
	{WELLTAP_2600} \
	{WELLTAP_2601} \
	{WELLTAP_2602} \
	{WELLTAP_2603} \
	{WELLTAP_2604} \
	{WELLTAP_2605} \
	{WELLTAP_2606} \
	{WELLTAP_2607} \
	{WELLTAP_2608} \
	{WELLTAP_2609} \
	{WELLTAP_2610} \
	{WELLTAP_2611} \
	{WELLTAP_2612} \
	{WELLTAP_2625} \
	{WELLTAP_2626} \
	{WELLTAP_2627} \
	{WELLTAP_2628} \
	{WELLTAP_2629} \
	{WELLTAP_2630} \
	{WELLTAP_2631} \
	{WELLTAP_2632} \
	{WELLTAP_2633} \
	{WELLTAP_2634} \
	{WELLTAP_2635} \
	{WELLTAP_2636} \
	{WELLTAP_2637} \
	{WELLTAP_2638} \
	{WELLTAP_2639} \
	{WELLTAP_2651} \
	{WELLTAP_2652} \
	{WELLTAP_2653} \
	{WELLTAP_2654} \
	{WELLTAP_2655} \
	{WELLTAP_2656} \
	{WELLTAP_2657} \
	{WELLTAP_2658} \
	{WELLTAP_2659} \
	{WELLTAP_2660} \
	{WELLTAP_2661} \
	{WELLTAP_2662} \
	{WELLTAP_2663} \
	{WELLTAP_2664} \
	{WELLTAP_2665} \
	{WELLTAP_2666} \
	{WELLTAP_2679} \
	{WELLTAP_2680} \
	{WELLTAP_2681} \
	{WELLTAP_2682} \
	{WELLTAP_2683} \
	{WELLTAP_2684} \
	{WELLTAP_2685} \
	{WELLTAP_2686} \
	{WELLTAP_2687} \
	{WELLTAP_2688} \
	{WELLTAP_2689} \
	{WELLTAP_2690} \
	{WELLTAP_2691} \
	{WELLTAP_2692} \
	{WELLTAP_2693} \
	{WELLTAP_2705} \
	{WELLTAP_2706} \
	{WELLTAP_2707} \
	{WELLTAP_2708} \
	{WELLTAP_2709} \
	{WELLTAP_2710} \
	{WELLTAP_2711} \
	{WELLTAP_2712} \
	{WELLTAP_2713} \
	{WELLTAP_2714} \
	{WELLTAP_2715} \
	{WELLTAP_2716} \
	{WELLTAP_2717} \
	{WELLTAP_2718} \
	{WELLTAP_2719} \
	{WELLTAP_2720} \
	{WELLTAP_2733} \
	{WELLTAP_2734} \
	{WELLTAP_2735} \
	{WELLTAP_2736} \
	{WELLTAP_2737} \
	{WELLTAP_2738} \
	{WELLTAP_2739} \
	{WELLTAP_2740} \
	{WELLTAP_2741} \
	{WELLTAP_2742} \
	{WELLTAP_2743} \
	{WELLTAP_2744} \
	{WELLTAP_2745} \
	{WELLTAP_2746} \
	{WELLTAP_2747} \
	{WELLTAP_2759} \
	{WELLTAP_2760} \
	{WELLTAP_2761} \
	{WELLTAP_2762} \
	{WELLTAP_2763} \
	{WELLTAP_2764} \
	{WELLTAP_2765} \
	{WELLTAP_2766} \
	{WELLTAP_2767} \
	{WELLTAP_2768} \
	{WELLTAP_2769} \
	{WELLTAP_2770} \
	{WELLTAP_2771} \
	{WELLTAP_2772} \
	{WELLTAP_2773} \
	{WELLTAP_2774} \
	{WELLTAP_2787} \
	{WELLTAP_2788} \
	{WELLTAP_2789} \
	{WELLTAP_2790} \
	{WELLTAP_2791} \
	{WELLTAP_2792} \
	{WELLTAP_2793} \
	{WELLTAP_2794} \
	{WELLTAP_2795} \
	{WELLTAP_2796} \
	{WELLTAP_2797} \
	{WELLTAP_2798} \
	{WELLTAP_2799} \
	{WELLTAP_2800} \
	{WELLTAP_2801} \
	{WELLTAP_2813} \
	{WELLTAP_2814} \
	{WELLTAP_2815} \
	{WELLTAP_2816} \
	{WELLTAP_2817} \
	{WELLTAP_2818} \
	{WELLTAP_2819} \
	{WELLTAP_2820} \
	{WELLTAP_2821} \
	{WELLTAP_2822} \
	{WELLTAP_2823} \
	{WELLTAP_2824} \
	{WELLTAP_2825} \
	{WELLTAP_2826} \
	{WELLTAP_2827} \
	{WELLTAP_2828} \
	{WELLTAP_2841} \
	{WELLTAP_2842} \
	{WELLTAP_2843} \
	{WELLTAP_2844} \
	{WELLTAP_2845} \
	{WELLTAP_2846} \
	{WELLTAP_2847} \
	{WELLTAP_2848} \
	{WELLTAP_2849} \
	{WELLTAP_2850} \
	{WELLTAP_2851} \
	{WELLTAP_2852} \
	{WELLTAP_2853} \
	{WELLTAP_2854} \
	{WELLTAP_2855} \
	{WELLTAP_2867} \
	{WELLTAP_2868} \
	{WELLTAP_2869} \
	{WELLTAP_2870} \
	{WELLTAP_2871} \
	{WELLTAP_2872} \
	{WELLTAP_2873} \
	{WELLTAP_2874} \
	{WELLTAP_2875} \
	{WELLTAP_2876} \
	{WELLTAP_2877} \
	{WELLTAP_2878} \
	{WELLTAP_2879} \
	{WELLTAP_2880} \
	{WELLTAP_2881} \
	{WELLTAP_2882} \
	{WELLTAP_2895} \
	{WELLTAP_2896} \
	{WELLTAP_2897} \
	{WELLTAP_2898} \
	{WELLTAP_2899} \
	{WELLTAP_2900} \
	{WELLTAP_2901} \
	{WELLTAP_2902} \
	{WELLTAP_2903} \
	{WELLTAP_2904} \
	{WELLTAP_2905} \
	{WELLTAP_2906} \
	{WELLTAP_2907} \
	{WELLTAP_2908} \
	{WELLTAP_2909} \
	{WELLTAP_2921} \
	{WELLTAP_2922} \
	{WELLTAP_2923} \
	{WELLTAP_2924} \
	{WELLTAP_2925} \
	{WELLTAP_2926} \
	{WELLTAP_2927} \
	{WELLTAP_2928} \
	{WELLTAP_2929} \
	{WELLTAP_2930} \
	{WELLTAP_2931} \
	{WELLTAP_2932} \
	{WELLTAP_2933} \
	{WELLTAP_2934} \
	{WELLTAP_2935} \
	{WELLTAP_2936} \
	{WELLTAP_2949} \
	{WELLTAP_2950} \
	{WELLTAP_2951} \
	{WELLTAP_2952} \
	{WELLTAP_2953} \
	{WELLTAP_2954} \
	{WELLTAP_2955} \
	{WELLTAP_2956} \
	{WELLTAP_2957} \
	{WELLTAP_2958} \
	{WELLTAP_2959} \
	{WELLTAP_2960} \
	{WELLTAP_2961} \
	{WELLTAP_2962} \
	{WELLTAP_2963} \
	{WELLTAP_2975} \
	{WELLTAP_2976} \
	{WELLTAP_2977} \
	{WELLTAP_2978} \
	{WELLTAP_2979} \
	{WELLTAP_2980} \
	{WELLTAP_2981} \
	{WELLTAP_2982} \
	{WELLTAP_2983} \
	{WELLTAP_2984} \
	{WELLTAP_2985} \
	{WELLTAP_2986} \
	{WELLTAP_2987} \
	{WELLTAP_2988} \
	{WELLTAP_2989} \
	{WELLTAP_2990} \
	{WELLTAP_3003} \
	{WELLTAP_3004} \
	{WELLTAP_3005} \
	{WELLTAP_3006} \
	{WELLTAP_3007} \
	{WELLTAP_3008} \
	{WELLTAP_3009} \
	{WELLTAP_3010} \
	{WELLTAP_3011} \
	{WELLTAP_3012} \
	{WELLTAP_3013} \
	{WELLTAP_3014} \
	{WELLTAP_3015} \
	{WELLTAP_3016} \
	{WELLTAP_3017} \
	{WELLTAP_3029} \
	{WELLTAP_3030} \
	{WELLTAP_3031} \
	{WELLTAP_3032} \
	{WELLTAP_3033} \
	{WELLTAP_3034} \
	{WELLTAP_3035} \
	{WELLTAP_3036} \
	{WELLTAP_3037} \
	{WELLTAP_3038} \
	{WELLTAP_3039} \
	{WELLTAP_3040} \
	{WELLTAP_3041} \
	{WELLTAP_3042} \
	{WELLTAP_3043} \
	{WELLTAP_3044} \
	{WELLTAP_3057} \
	{WELLTAP_3058} \
	{WELLTAP_3059} \
	{WELLTAP_3060} \
	{WELLTAP_3061} \
	{WELLTAP_3062} \
	{WELLTAP_3063} \
	{WELLTAP_3064} \
	{WELLTAP_3065} \
	{WELLTAP_3066} \
	{WELLTAP_3067} \
	{WELLTAP_3068} \
	{WELLTAP_3069} \
	{WELLTAP_3070} \
	{WELLTAP_3071} \
	{WELLTAP_3083} \
	{WELLTAP_3084} \
	{WELLTAP_3085} \
	{WELLTAP_3086} \
	{WELLTAP_3087} \
	{WELLTAP_3088} \
	{WELLTAP_3089} \
	{WELLTAP_3090} \
	{WELLTAP_3091} \
	{WELLTAP_3092} \
	{WELLTAP_3093} \
	{WELLTAP_3094} \
	{WELLTAP_3095} \
	{WELLTAP_3096} \
	{WELLTAP_3097} \
	{WELLTAP_3098} \
	{WELLTAP_3111} \
	{WELLTAP_3112} \
	{WELLTAP_3113} \
	{WELLTAP_3114} \
	{WELLTAP_3115} \
	{WELLTAP_3116} \
	{WELLTAP_3117} \
	{WELLTAP_3118} \
	{WELLTAP_3119} \
	{WELLTAP_3120} \
	{WELLTAP_3121} \
	{WELLTAP_3122} \
	{WELLTAP_3123} \
	{WELLTAP_3124} \
	{WELLTAP_3125} \
	{WELLTAP_3137} \
	{WELLTAP_3138} \
	{WELLTAP_3139} \
	{WELLTAP_3140} \
	{WELLTAP_3141} \
	{WELLTAP_3142} \
	{WELLTAP_3143} \
	{WELLTAP_3144} \
	{WELLTAP_3145} \
	{WELLTAP_3146} \
	{WELLTAP_3147} \
	{WELLTAP_3148} \
	{WELLTAP_3149} \
	{WELLTAP_3150} \
	{WELLTAP_3151} \
	{WELLTAP_3152} \
	{WELLTAP_3165} \
	{WELLTAP_3166} \
	{WELLTAP_3167} \
	{WELLTAP_3168} \
	{WELLTAP_3169} \
	{WELLTAP_3170} \
	{WELLTAP_3171} \
	{WELLTAP_3172} \
	{WELLTAP_3173} \
	{WELLTAP_3174} \
	{WELLTAP_3175} \
	{WELLTAP_3176} \
	{WELLTAP_3177} \
	{WELLTAP_3178} \
	{WELLTAP_3179} \
	{WELLTAP_3191} \
	{WELLTAP_3192} \
	{WELLTAP_3193} \
	{WELLTAP_3194} \
	{WELLTAP_3195} \
	{WELLTAP_3196} \
	{WELLTAP_3197} \
	{WELLTAP_3198} \
	{WELLTAP_3199} \
	{WELLTAP_3200} \
	{WELLTAP_3201} \
	{WELLTAP_3202} \
	{WELLTAP_3203} \
	{WELLTAP_3204} \
	{WELLTAP_3205} \
	{WELLTAP_3206} \
	{WELLTAP_3219} \
	{WELLTAP_3220} \
	{WELLTAP_3221} \
	{WELLTAP_3222} \
	{WELLTAP_3223} \
	{WELLTAP_3224} \
	{WELLTAP_3225} \
	{WELLTAP_3226} \
	{WELLTAP_3227} \
	{WELLTAP_3228} \
	{WELLTAP_3229} \
	{WELLTAP_3230} \
	{WELLTAP_3231} \
	{WELLTAP_3232} \
	{WELLTAP_3233} \
	{WELLTAP_3245} \
	{WELLTAP_3246} \
	{WELLTAP_3247} \
	{WELLTAP_3248} \
	{WELLTAP_3249} \
	{WELLTAP_3250} \
	{WELLTAP_3251} \
	{WELLTAP_3252} \
	{WELLTAP_3253} \
	{WELLTAP_3254} \
	{WELLTAP_3255} \
	{WELLTAP_3256} \
	{WELLTAP_3257} \
	{WELLTAP_3258} \
	{WELLTAP_3259} \
	{WELLTAP_3260} \
	{WELLTAP_3273} \
	{WELLTAP_3274} \
	{WELLTAP_3275} \
	{WELLTAP_3276} \
	{WELLTAP_3277} \
	{WELLTAP_3278} \
	{WELLTAP_3279} \
	{WELLTAP_3280} \
	{WELLTAP_3281} \
	{WELLTAP_3282} \
	{WELLTAP_3283} \
	{WELLTAP_3284} \
	{WELLTAP_3285} \
	{WELLTAP_3286} \
	{WELLTAP_3287} \
	{WELLTAP_3299} \
	{WELLTAP_3300} \
	{WELLTAP_3301} \
	{WELLTAP_3302} \
	{WELLTAP_3303} \
	{WELLTAP_3304} \
	{WELLTAP_3305} \
	{WELLTAP_3306} \
	{WELLTAP_3307} \
	{WELLTAP_3308} \
	{WELLTAP_3309} \
	{WELLTAP_3310} \
	{WELLTAP_3311} \
	{WELLTAP_3312} \
	{WELLTAP_3313} \
	{WELLTAP_3314} \
	{WELLTAP_3327} \
	{WELLTAP_3328} \
	{WELLTAP_3329} \
	{WELLTAP_3330} \
	{WELLTAP_3331} \
	{WELLTAP_3332} \
	{WELLTAP_3333} \
	{WELLTAP_3334} \
	{WELLTAP_3335} \
	{WELLTAP_3336} \
	{WELLTAP_3337} \
	{WELLTAP_3338} \
	{WELLTAP_3339} \
	{WELLTAP_3340} \
	{WELLTAP_3341} \
	{WELLTAP_3353} \
	{WELLTAP_3354} \
	{WELLTAP_3355} \
	{WELLTAP_3356} \
	{WELLTAP_3357} \
	{WELLTAP_3358} \
	{WELLTAP_3359} \
	{WELLTAP_3360} \
	{WELLTAP_3361} \
	{WELLTAP_3362} \
	{WELLTAP_3363} \
	{WELLTAP_3364} \
	{WELLTAP_3365} \
	{WELLTAP_3366} \
	{WELLTAP_3367} \
	{WELLTAP_3368} \
	{WELLTAP_3381} \
	{WELLTAP_3382} \
	{WELLTAP_3383} \
	{WELLTAP_3384} \
	{WELLTAP_3385} \
	{WELLTAP_3386} \
	{WELLTAP_3387} \
	{WELLTAP_3388} \
	{WELLTAP_3389} \
	{WELLTAP_3390} \
	{WELLTAP_3391} \
	{WELLTAP_3392} \
	{WELLTAP_3393} \
	{WELLTAP_3394} \
	{WELLTAP_3395} \
	{WELLTAP_3407} \
	{WELLTAP_3408} \
	{WELLTAP_3409} \
	{WELLTAP_3410} \
	{WELLTAP_3411} \
	{WELLTAP_3412} \
	{WELLTAP_3413} \
	{WELLTAP_3414} \
	{WELLTAP_3415} \
	{WELLTAP_3416} \
	{WELLTAP_3417} \
	{WELLTAP_3418} \
	{WELLTAP_3419} \
	{WELLTAP_3420} \
	{WELLTAP_3421} \
	{WELLTAP_3422} \
	{WELLTAP_3435} \
	{WELLTAP_3436} \
	{WELLTAP_3437} \
	{WELLTAP_3438} \
	{WELLTAP_3439} \
	{WELLTAP_3440} \
	{WELLTAP_3441} \
	{WELLTAP_3442} \
	{WELLTAP_3443} \
	{WELLTAP_3444} \
	{WELLTAP_3445} \
	{WELLTAP_3446} \
	{WELLTAP_3447} \
	{WELLTAP_3448} \
	{WELLTAP_3449} \
	{WELLTAP_3461} \
	{WELLTAP_3462} \
	{WELLTAP_3463} \
	{WELLTAP_3464} \
	{WELLTAP_3465} \
	{WELLTAP_3466} \
	{WELLTAP_3467} \
	{WELLTAP_3468} \
	{WELLTAP_3469} \
	{WELLTAP_3470} \
	{WELLTAP_3471} \
	{WELLTAP_3472} \
	{WELLTAP_3473} \
	{WELLTAP_3474} \
	{WELLTAP_3475} \
	{WELLTAP_3476} \
	{WELLTAP_3489} \
	{WELLTAP_3490} \
	{WELLTAP_3491} \
	{WELLTAP_3492} \
	{WELLTAP_3493} \
	{WELLTAP_3494} \
	{WELLTAP_3495} \
	{WELLTAP_3496} \
	{WELLTAP_3497} \
	{WELLTAP_3498} \
	{WELLTAP_3499} \
	{WELLTAP_3500} \
	{WELLTAP_3501} \
	{WELLTAP_3502} \
	{WELLTAP_3503} \
	{WELLTAP_3515} \
	{WELLTAP_3516} \
	{WELLTAP_3517} \
	{WELLTAP_3518} \
	{WELLTAP_3519} \
	{WELLTAP_3520} \
	{WELLTAP_3521} \
	{WELLTAP_3522} \
	{WELLTAP_3523} \
	{WELLTAP_3524} \
	{WELLTAP_3525} \
	{WELLTAP_3526} \
	{WELLTAP_3527} \
	{WELLTAP_3528} \
	{WELLTAP_3529} \
	{WELLTAP_3530} \
	{WELLTAP_3543} \
	{WELLTAP_3544} \
	{WELLTAP_3545} \
	{WELLTAP_3546} \
	{WELLTAP_3547} \
	{WELLTAP_3548} \
	{WELLTAP_3549} \
	{WELLTAP_3550} \
	{WELLTAP_3551} \
	{WELLTAP_3552} \
	{WELLTAP_3553} \
	{WELLTAP_3554} \
	{WELLTAP_3555} \
	{WELLTAP_3556} \
	{WELLTAP_3557} \
	{WELLTAP_3569} \
	{WELLTAP_3570} \
	{WELLTAP_3571} \
	{WELLTAP_3572} \
	{WELLTAP_3573} \
	{WELLTAP_3574} \
	{WELLTAP_3575} \
	{WELLTAP_3576} \
	{WELLTAP_3577} \
	{WELLTAP_3578} \
	{WELLTAP_3579} \
	{WELLTAP_3580} \
	{WELLTAP_3581} \
	{WELLTAP_3582} \
	{WELLTAP_3583} \
	{WELLTAP_3584} \
	{WELLTAP_3597} \
	{WELLTAP_3598} \
	{WELLTAP_3599} \
	{WELLTAP_3600} \
	{WELLTAP_3601} \
	{WELLTAP_3602} \
	{WELLTAP_3603} \
	{WELLTAP_3604} \
	{WELLTAP_3605} \
	{WELLTAP_3606} \
	{WELLTAP_3607} \
	{WELLTAP_3608} \
	{WELLTAP_3609} \
	{WELLTAP_3610} \
	{WELLTAP_3611} \
	{WELLTAP_3623} \
	{WELLTAP_3624} \
	{WELLTAP_3625} \
	{WELLTAP_3626} \
	{WELLTAP_3627} \
	{WELLTAP_3628} \
	{WELLTAP_3629} \
	{WELLTAP_3630} \
	{WELLTAP_3631} \
	{WELLTAP_3632} \
	{WELLTAP_3633} \
	{WELLTAP_3634} \
	{WELLTAP_3635} \
	{WELLTAP_3636} \
	{WELLTAP_3637} \
	{WELLTAP_3638} \
	{WELLTAP_3651} \
	{WELLTAP_3652} \
	{WELLTAP_3653} \
	{WELLTAP_3654} \
	{WELLTAP_3655} \
	{WELLTAP_3656} \
	{WELLTAP_3657} \
	{WELLTAP_3658} \
	{WELLTAP_3659} \
	{WELLTAP_3660} \
	{WELLTAP_3661} \
	{WELLTAP_3662} \
	{WELLTAP_3663} \
	{WELLTAP_3664} \
	{WELLTAP_3665} \
	{WELLTAP_3677} \
	{WELLTAP_3678} \
	{WELLTAP_3679} \
	{WELLTAP_3680} \
	{WELLTAP_3681} \
	{WELLTAP_3682} \
	{WELLTAP_3683} \
	{WELLTAP_3684} \
	{WELLTAP_3685} \
	{WELLTAP_3686} \
	{WELLTAP_3687} \
	{WELLTAP_3688} \
	{WELLTAP_3689} \
	{WELLTAP_3690} \
	{WELLTAP_3691} \
	{WELLTAP_3692} \
	{WELLTAP_3705} \
	{WELLTAP_3706} \
	{WELLTAP_3707} \
	{WELLTAP_3708} \
	{WELLTAP_3709} \
	{WELLTAP_3710} \
	{WELLTAP_3711} \
	{WELLTAP_3712} \
	{WELLTAP_3713} \
	{WELLTAP_3714} \
	{WELLTAP_3715} \
	{WELLTAP_3716} \
	{WELLTAP_3717} \
	{WELLTAP_3718} \
	{WELLTAP_3719} \
	{WELLTAP_3731} \
	{WELLTAP_3732} \
	{WELLTAP_3733} \
	{WELLTAP_3734} \
	{WELLTAP_3735} \
	{WELLTAP_3736} \
	{WELLTAP_3737} \
	{WELLTAP_3738} \
	{WELLTAP_3739} \
	{WELLTAP_3740} \
	{WELLTAP_3741} \
	{WELLTAP_3742} \
	{WELLTAP_3743} \
	{WELLTAP_3744} \
	{WELLTAP_3745} \
	{WELLTAP_3746} \
	{WELLTAP_3759} \
	{WELLTAP_3760} \
	{WELLTAP_3761} \
	{WELLTAP_3762} \
	{WELLTAP_3763} \
	{WELLTAP_3764} \
	{WELLTAP_3765} \
	{WELLTAP_3766} \
	{WELLTAP_3767} \
	{WELLTAP_3768} \
	{WELLTAP_3769} \
	{WELLTAP_3770} \
	{WELLTAP_3771} \
	{WELLTAP_3772} \
	{WELLTAP_3773} \
	{WELLTAP_3785} \
	{WELLTAP_3786} \
	{WELLTAP_3787} \
	{WELLTAP_3788} \
	{WELLTAP_3789} \
	{WELLTAP_3790} \
	{WELLTAP_3791} \
	{WELLTAP_3792} \
	{WELLTAP_3793} \
	{WELLTAP_3794} \
	{WELLTAP_3795} \
	{WELLTAP_3796} \
	{WELLTAP_3797} \
	{WELLTAP_3798} \
	{WELLTAP_3799} \
	{WELLTAP_3800} \
	{WELLTAP_3813} \
	{WELLTAP_3814} \
	{WELLTAP_3815} \
	{WELLTAP_3816} \
	{WELLTAP_3817} \
	{WELLTAP_3818} \
	{WELLTAP_3819} \
	{WELLTAP_3820} \
	{WELLTAP_3821} \
	{WELLTAP_3822} \
	{WELLTAP_3823} \
	{WELLTAP_3824} \
	{WELLTAP_3825} \
	{WELLTAP_3826} \
	{WELLTAP_3827} \
	{WELLTAP_3839} \
	{WELLTAP_3840} \
	{WELLTAP_3841} \
	{WELLTAP_3842} \
	{WELLTAP_3843} \
	{WELLTAP_3844} \
	{WELLTAP_3845} \
	{WELLTAP_3846} \
	{WELLTAP_3847} \
	{WELLTAP_3848} \
	{WELLTAP_3849} \
	{WELLTAP_3850} \
	{WELLTAP_3851} \
	{WELLTAP_3852} \
	{WELLTAP_3853} \
	{WELLTAP_3854} \
	{WELLTAP_3867} \
	{WELLTAP_3868} \
	{WELLTAP_3869} \
	{WELLTAP_3870} \
	{WELLTAP_3871} \
	{WELLTAP_3872} \
	{WELLTAP_3873} \
	{WELLTAP_3874} \
	{WELLTAP_3875} \
	{WELLTAP_3876} \
	{WELLTAP_3877} \
	{WELLTAP_3878} \
	{WELLTAP_3879} \
	{WELLTAP_3880} \
	{WELLTAP_3881} \
	{WELLTAP_3893} \
	{WELLTAP_3894} \
	{WELLTAP_3895} \
	{WELLTAP_3896} \
	{WELLTAP_3897} \
	{WELLTAP_3898} \
	{WELLTAP_3899} \
	{WELLTAP_3900} \
	{WELLTAP_3901} \
	{WELLTAP_3902} \
	{WELLTAP_3903} \
	{WELLTAP_3904} \
	{WELLTAP_3905} \
	{WELLTAP_3906} \
	{WELLTAP_3907} \
	{WELLTAP_3908} \
	{WELLTAP_3921} \
	{WELLTAP_3922} \
	{WELLTAP_3923} \
	{WELLTAP_3924} \
	{WELLTAP_3925} \
	{WELLTAP_3926} \
	{WELLTAP_3927} \
	{WELLTAP_3928} \
	{WELLTAP_3929} \
	{WELLTAP_3930} \
	{WELLTAP_3931} \
	{WELLTAP_3932} \
	{WELLTAP_3933} \
	{WELLTAP_3934} \
	{WELLTAP_3935} \
	{WELLTAP_3947} \
	{WELLTAP_3948} \
	{WELLTAP_3949} \
	{WELLTAP_3950} \
	{WELLTAP_3951} \
	{WELLTAP_3952} \
	{WELLTAP_3953} \
	{WELLTAP_3954} \
	{WELLTAP_3955} \
	{WELLTAP_3956} \
	{WELLTAP_3957} \
	{WELLTAP_3958} \
	{WELLTAP_3959} \
	{WELLTAP_3960} \
	{WELLTAP_3961} \
	{WELLTAP_3962} \
	{WELLTAP_3975} \
	{WELLTAP_3976} \
	{WELLTAP_3977} \
	{WELLTAP_3978} \
	{WELLTAP_3979} \
	{WELLTAP_3980} \
	{WELLTAP_3981} \
	{WELLTAP_3982} \
	{WELLTAP_3983} \
	{WELLTAP_3984} \
	{WELLTAP_3985} \
	{WELLTAP_3986} \
	{WELLTAP_3987} \
	{WELLTAP_3988} \
	{WELLTAP_3989} \
	{WELLTAP_4001} \
	{WELLTAP_4002} \
	{WELLTAP_4003} \
	{WELLTAP_4004} \
	{WELLTAP_4005} \
	{WELLTAP_4006} \
	{WELLTAP_4007} \
	{WELLTAP_4008} \
	{WELLTAP_4009} \
	{WELLTAP_4010} \
	{WELLTAP_4011} \
	{WELLTAP_4012} \
	{WELLTAP_4013} \
	{WELLTAP_4014} \
	{WELLTAP_4015} \
	{WELLTAP_4016} \
	{WELLTAP_4029} \
	{WELLTAP_4030} \
	{WELLTAP_4031} \
	{WELLTAP_4032} \
	{WELLTAP_4033} \
	{WELLTAP_4034} \
	{WELLTAP_4035} \
	{WELLTAP_4036} \
	{WELLTAP_4037} \
	{WELLTAP_4038} \
	{WELLTAP_4039} \
	{WELLTAP_4040} \
	{WELLTAP_4041} \
	{WELLTAP_4042} \
	{WELLTAP_4043} \
	{WELLTAP_4055} \
	{WELLTAP_4056} \
	{WELLTAP_4057} \
	{WELLTAP_4058} \
	{WELLTAP_4059} \
	{WELLTAP_4060} \
	{WELLTAP_4061} \
	{WELLTAP_4062} \
	{WELLTAP_4063} \
	{WELLTAP_4064} \
	{WELLTAP_4065} \
	{WELLTAP_4066} \
	{WELLTAP_4067} \
	{WELLTAP_4068} \
	{WELLTAP_4069} \
	{WELLTAP_4070} \
	{WELLTAP_4083} \
	{WELLTAP_4084} \
	{WELLTAP_4085} \
	{WELLTAP_4086} \
	{WELLTAP_4087} \
	{WELLTAP_4088} \
	{WELLTAP_4089} \
	{WELLTAP_4090} \
	{WELLTAP_4091} \
	{WELLTAP_4092} \
	{WELLTAP_4093} \
	{WELLTAP_4094} \
	{WELLTAP_4095} \
	{WELLTAP_4096} \
	{WELLTAP_4097} \
	{WELLTAP_4109} \
	{WELLTAP_4110} \
	{WELLTAP_4111} \
	{WELLTAP_4112} \
	{WELLTAP_4113} \
	{WELLTAP_4114} \
	{WELLTAP_4115} \
	{WELLTAP_4116} \
	{WELLTAP_4117} \
	{WELLTAP_4118} \
	{WELLTAP_4119} \
	{WELLTAP_4120} \
	{WELLTAP_4121} \
	{WELLTAP_4122} \
	{WELLTAP_4123} \
	{WELLTAP_4124} \
	{WELLTAP_4137} \
	{WELLTAP_4138} \
	{WELLTAP_4139} \
	{WELLTAP_4140} \
	{WELLTAP_4141} \
	{WELLTAP_4142} \
	{WELLTAP_4143} \
	{WELLTAP_4144} \
	{WELLTAP_4145} \
	{WELLTAP_4146} \
	{WELLTAP_4147} \
	{WELLTAP_4148} \
	{WELLTAP_4149} \
	{WELLTAP_4150} \
	{WELLTAP_4151} \
	{WELLTAP_4163} \
	{WELLTAP_4164} \
	{WELLTAP_4165} \
	{WELLTAP_4166} \
	{WELLTAP_4167} \
	{WELLTAP_4168} \
	{WELLTAP_4169} \
	{WELLTAP_4170} \
	{WELLTAP_4171} \
	{WELLTAP_4172} \
	{WELLTAP_4173} \
	{WELLTAP_4174} \
	{WELLTAP_4175} \
	{WELLTAP_4176} \
	{WELLTAP_4177} \
	{WELLTAP_4178} \
	{WELLTAP_4191} \
	{WELLTAP_4192} \
	{WELLTAP_4193} \
	{WELLTAP_4194} \
	{WELLTAP_4195} \
	{WELLTAP_4196} \
	{WELLTAP_4197} \
	{WELLTAP_4198} \
	{WELLTAP_4199} \
	{WELLTAP_4200} \
	{WELLTAP_4201} \
	{WELLTAP_4202} \
	{WELLTAP_4203} \
	{WELLTAP_4204} \
	{WELLTAP_4205} \
	{WELLTAP_4217} \
	{WELLTAP_4218} \
	{WELLTAP_4219} \
	{WELLTAP_4220} \
	{WELLTAP_4221} \
	{WELLTAP_4222} \
	{WELLTAP_4223} \
	{WELLTAP_4224} \
	{WELLTAP_4225} \
	{WELLTAP_4226} \
	{WELLTAP_4227} \
	{WELLTAP_4228} \
	{WELLTAP_4229} \
	{WELLTAP_4230} \
	{WELLTAP_4231} \
	{WELLTAP_4232} \
	{WELLTAP_4245} \
	{WELLTAP_4246} \
	{WELLTAP_4247} \
	{WELLTAP_4248} \
	{WELLTAP_4249} \
	{WELLTAP_4250} \
	{WELLTAP_4251} \
	{WELLTAP_4252} \
	{WELLTAP_4253} \
	{WELLTAP_4254} \
	{WELLTAP_4255} \
	{WELLTAP_4256} \
	{WELLTAP_4257} \
	{WELLTAP_4258} \
	{WELLTAP_4259} \
	{WELLTAP_4271} \
	{WELLTAP_4272} \
	{WELLTAP_4273} \
	{WELLTAP_4274} \
	{WELLTAP_4275} \
	{WELLTAP_4276} \
	{WELLTAP_4277} \
	{WELLTAP_4278} \
	{WELLTAP_4279} \
	{WELLTAP_4280} \
	{WELLTAP_4281} \
	{WELLTAP_4282} \
	{WELLTAP_4283} \
	{WELLTAP_4284} \
	{WELLTAP_4285} \
	{WELLTAP_4286} \
	{WELLTAP_4299} \
	{WELLTAP_4300} \
	{WELLTAP_4301} \
	{WELLTAP_4302} \
	{WELLTAP_4303} \
	{WELLTAP_4304} \
	{WELLTAP_4305} \
	{WELLTAP_4306} \
	{WELLTAP_4307} \
	{WELLTAP_4308} \
	{WELLTAP_4309} \
	{WELLTAP_4310} \
	{WELLTAP_4311} \
	{WELLTAP_4312} \
	{WELLTAP_4313} \
	{WELLTAP_4325} \
	{WELLTAP_4326} \
	{WELLTAP_4327} \
	{WELLTAP_4328} \
	{WELLTAP_4329} \
	{WELLTAP_4330} \
	{WELLTAP_4331} \
	{WELLTAP_4332} \
	{WELLTAP_4333} \
	{WELLTAP_4334} \
	{WELLTAP_4335} \
	{WELLTAP_4336} \
	{WELLTAP_4337} \
	{WELLTAP_4338} \
	{WELLTAP_4339} \
	{WELLTAP_4340} \
	{WELLTAP_4353} \
	{WELLTAP_4354} \
	{WELLTAP_4355} \
	{WELLTAP_4356} \
	{WELLTAP_4357} \
	{WELLTAP_4358} \
	{WELLTAP_4359} \
	{WELLTAP_4360} \
	{WELLTAP_4361} \
	{WELLTAP_4362} \
	{WELLTAP_4363} \
	{WELLTAP_4364} \
	{WELLTAP_4365} \
	{WELLTAP_4366} \
	{WELLTAP_4367} \
	{WELLTAP_4379} \
	{WELLTAP_4380} \
	{WELLTAP_4381} \
	{WELLTAP_4382} \
	{WELLTAP_4383} \
	{WELLTAP_4384} \
	{WELLTAP_4385} \
	{WELLTAP_4386} \
	{WELLTAP_4387} \
	{WELLTAP_4388} \
	{WELLTAP_4389} \
	{WELLTAP_4390} \
	{WELLTAP_4391} \
	{WELLTAP_4392} \
	{WELLTAP_4393} \
	{WELLTAP_4394} \
	{WELLTAP_4407} \
	{WELLTAP_4408} \
	{WELLTAP_4409} \
	{WELLTAP_4410} \
	{WELLTAP_4411} \
	{WELLTAP_4412} \
	{WELLTAP_4413} \
	{WELLTAP_4414} \
	{WELLTAP_4415} \
	{WELLTAP_4416} \
	{WELLTAP_4417} \
	{WELLTAP_4418} \
	{WELLTAP_4419} \
	{WELLTAP_4420} \
	{WELLTAP_4421} \
	{WELLTAP_4433} \
	{WELLTAP_4434} \
	{WELLTAP_4435} \
	{WELLTAP_4436} \
	{WELLTAP_4437} \
	{WELLTAP_4438} \
	{WELLTAP_4439} \
	{WELLTAP_4440} \
	{WELLTAP_4441} \
	{WELLTAP_4442} \
	{WELLTAP_4443} \
	{WELLTAP_4444} \
	{WELLTAP_4445} \
	{WELLTAP_4446} \
	{WELLTAP_4447} \
	{WELLTAP_4448} \
	{WELLTAP_4461} \
	{WELLTAP_4462} \
	{WELLTAP_4463} \
	{WELLTAP_4464} \
	{WELLTAP_4465} \
	{WELLTAP_4466} \
	{WELLTAP_4467} \
	{WELLTAP_4468} \
	{WELLTAP_4469} \
	{WELLTAP_4470} \
	{WELLTAP_4471} \
	{WELLTAP_4472} \
	{WELLTAP_4473} \
	{WELLTAP_4474} \
	{WELLTAP_4475} \
	{WELLTAP_4487} \
	{WELLTAP_4488} \
	{WELLTAP_4489} \
	{WELLTAP_4490} \
	{WELLTAP_4491} \
	{WELLTAP_4492} \
	{WELLTAP_4493} \
	{WELLTAP_4494} \
	{WELLTAP_4495} \
	{WELLTAP_4496} \
	{WELLTAP_4497} \
	{WELLTAP_4498} \
	{WELLTAP_4499} \
	{WELLTAP_4500} \
	{WELLTAP_4501} \
	{WELLTAP_4502} \
	{WELLTAP_4515} \
	{WELLTAP_4516} \
	{WELLTAP_4517} \
	{WELLTAP_4518} \
	{WELLTAP_4519} \
	{WELLTAP_4520} \
	{WELLTAP_4521} \
	{WELLTAP_4522} \
	{WELLTAP_4523} \
	{WELLTAP_4524} \
	{WELLTAP_4525} \
	{WELLTAP_4526} \
	{WELLTAP_4527} \
	{WELLTAP_4528} \
	{WELLTAP_4529} \
	{WELLTAP_4541} \
	{WELLTAP_4542} \
	{WELLTAP_4543} \
	{WELLTAP_4544} \
	{WELLTAP_4545} \
	{WELLTAP_4546} \
	{WELLTAP_4547} \
	{WELLTAP_4548} \
	{WELLTAP_4549} \
	{WELLTAP_4550} \
	{WELLTAP_4551} \
	{WELLTAP_4552} \
	{WELLTAP_4553} \
	{WELLTAP_4554} \
	{WELLTAP_4555} \
	{WELLTAP_4556} \
	{WELLTAP_4569} \
	{WELLTAP_4570} \
	{WELLTAP_4571} \
	{WELLTAP_4572} \
	{WELLTAP_4573} \
	{WELLTAP_4574} \
	{WELLTAP_4575} \
	{WELLTAP_4576} \
	{WELLTAP_4577} \
	{WELLTAP_4578} \
	{WELLTAP_4579} \
	{WELLTAP_4580} \
	{WELLTAP_4581} \
	{WELLTAP_4582} \
	{WELLTAP_4583} \
	{WELLTAP_4584} \
	{WELLTAP_4585} \
	{WELLTAP_4586} \
	{WELLTAP_4595} \
	{WELLTAP_4596} \
	{WELLTAP_4597} \
	{WELLTAP_4598} \
	{WELLTAP_4599} \
	{WELLTAP_4600} \
	{WELLTAP_4601} \
	{WELLTAP_4602} \
	{WELLTAP_4603} \
	{WELLTAP_4604} \
	{WELLTAP_4605} \
	{WELLTAP_4606} \
	{WELLTAP_4607} \
	{WELLTAP_4608} \
	{WELLTAP_4609} \
	{WELLTAP_4610} \
	{WELLTAP_4611} \
	{WELLTAP_4612} \
	{WELLTAP_4613} \
	{WELLTAP_4623} \
	{WELLTAP_4624} \
	{WELLTAP_4625} \
	{WELLTAP_4626} \
	{WELLTAP_4627} \
	{WELLTAP_4628} \
	{WELLTAP_4629} \
	{WELLTAP_4630} \
	{WELLTAP_4631} \
	{WELLTAP_4632} \
	{WELLTAP_4633} \
	{WELLTAP_4634} \
	{WELLTAP_4635} \
	{WELLTAP_4636} \
	{WELLTAP_4637} \
	{WELLTAP_4638} \
	{WELLTAP_4639} \
	{WELLTAP_4640} \
	{WELLTAP_4649} \
	{WELLTAP_4650} \
	{WELLTAP_4651} \
	{WELLTAP_4652} \
	{WELLTAP_4653} \
	{WELLTAP_4654} \
	{WELLTAP_4655} \
	{WELLTAP_4656} \
	{WELLTAP_4657} \
	{WELLTAP_4658} \
	{WELLTAP_4659} \
	{WELLTAP_4660} \
	{WELLTAP_4661} \
	{WELLTAP_4662} \
	{WELLTAP_4663} \
	{WELLTAP_4664} \
	{WELLTAP_4665} \
	{WELLTAP_4666} \
	{WELLTAP_4667} \
	{WELLTAP_4677} \
	{WELLTAP_4678} \
	{WELLTAP_4679} \
	{WELLTAP_4680} \
	{WELLTAP_4681} \
	{WELLTAP_4682} \
	{WELLTAP_4683} \
	{WELLTAP_4684} \
	{WELLTAP_4685} \
	{WELLTAP_4686} \
	{WELLTAP_4687} \
	{WELLTAP_4688} \
	{WELLTAP_4689} \
	{WELLTAP_4690} \
	{WELLTAP_4691} \
	{WELLTAP_4692} \
	{WELLTAP_4693} \
	{WELLTAP_4694} \
	{WELLTAP_4703} \
	{WELLTAP_4704} \
	{WELLTAP_4705} \
	{WELLTAP_4706} \
	{WELLTAP_4707} \
	{WELLTAP_4708} \
	{WELLTAP_4709} \
	{WELLTAP_4710} \
	{WELLTAP_4711} \
	{WELLTAP_4712} \
	{WELLTAP_4713} \
	{WELLTAP_4714} \
	{WELLTAP_4715} \
	{WELLTAP_4716} \
	{WELLTAP_4717} \
	{WELLTAP_4718} \
	{WELLTAP_4719} \
	{WELLTAP_4720} \
	{WELLTAP_4721} \
	{WELLTAP_4731} \
	{WELLTAP_4732} \
	{WELLTAP_4733} \
	{WELLTAP_4734} \
	{WELLTAP_4735} \
	{WELLTAP_4736} \
	{WELLTAP_4737} \
	{WELLTAP_4738} \
	{WELLTAP_4739} \
	{WELLTAP_4740} \
	{WELLTAP_4741} \
	{WELLTAP_4742} \
	{WELLTAP_4743} \
	{WELLTAP_4744} \
	{WELLTAP_4745} \
	{WELLTAP_4746} \
	{WELLTAP_4747} \
	{WELLTAP_4748} \
	{WELLTAP_4757} \
	{WELLTAP_4758} \
	{WELLTAP_4759} \
	{WELLTAP_4760} \
	{WELLTAP_4761} \
	{WELLTAP_4762} \
	{WELLTAP_4763} \
	{WELLTAP_4764} \
	{WELLTAP_4765} \
	{WELLTAP_4766} \
	{WELLTAP_4767} \
	{WELLTAP_4768} \
	{WELLTAP_4769} \
	{WELLTAP_4770} \
	{WELLTAP_4771} \
	{WELLTAP_4772} \
	{WELLTAP_4773} \
	{WELLTAP_4774} \
	{WELLTAP_4775} \
	{WELLTAP_4785} \
	{WELLTAP_4786} \
	{WELLTAP_4787} \
	{WELLTAP_4788} \
	{WELLTAP_4789} \
	{WELLTAP_4790} \
	{WELLTAP_4791} \
	{WELLTAP_4792} \
	{WELLTAP_4793} \
	{WELLTAP_4794} \
	{WELLTAP_4795} \
	{WELLTAP_4796} \
	{WELLTAP_4797} \
	{WELLTAP_4798} \
	{WELLTAP_4799} \
	{WELLTAP_4800} \
	{WELLTAP_4801} \
	{WELLTAP_4802} \
	{WELLTAP_4811} \
	{WELLTAP_4812} \
	{WELLTAP_4813} \
	{WELLTAP_4814} \
	{WELLTAP_4815} \
	{WELLTAP_4816} \
	{WELLTAP_4817} \
	{WELLTAP_4818} \
	{WELLTAP_4819} \
	{WELLTAP_4820} \
	{WELLTAP_4821} \
	{WELLTAP_4822} \
	{WELLTAP_4823} \
	{WELLTAP_4824} \
	{WELLTAP_4825} \
	{WELLTAP_4826} \
	{WELLTAP_4827} \
	{WELLTAP_4828} \
	{WELLTAP_4829} \
	{WELLTAP_4839} \
	{WELLTAP_4840} \
	{WELLTAP_4841} \
	{WELLTAP_4842} \
	{WELLTAP_4843} \
	{WELLTAP_4844} \
	{WELLTAP_4845} \
	{WELLTAP_4846} \
	{WELLTAP_4847} \
	{WELLTAP_4848} \
	{WELLTAP_4849} \
	{WELLTAP_4850} \
	{WELLTAP_4851} \
	{WELLTAP_4852} \
	{WELLTAP_4853} \
	{WELLTAP_4854} \
	{WELLTAP_4855} \
	{WELLTAP_4856} \
	{WELLTAP_4865} \
	{WELLTAP_4866} \
	{WELLTAP_4867} \
	{WELLTAP_4868} \
	{WELLTAP_4869} \
	{WELLTAP_4870} \
	{WELLTAP_4871} \
	{WELLTAP_4872} \
	{WELLTAP_4873} \
	{WELLTAP_4874} \
	{WELLTAP_4875} \
	{WELLTAP_4876} \
	{WELLTAP_4877} \
	{WELLTAP_4878} \
	{WELLTAP_4879} \
	{WELLTAP_4880} \
	{WELLTAP_4881} \
	{WELLTAP_4882} \
	{WELLTAP_4883} \
	{WELLTAP_4893} \
	{WELLTAP_4894} \
	{WELLTAP_4895} \
	{WELLTAP_4896} \
	{WELLTAP_4897} \
	{WELLTAP_4898} \
	{WELLTAP_4899} \
	{WELLTAP_4900} \
	{WELLTAP_4901} \
	{WELLTAP_4902} \
	{WELLTAP_4903} \
	{WELLTAP_4904} \
	{WELLTAP_4905} \
	{WELLTAP_4906} \
	{WELLTAP_4907} \
	{WELLTAP_4908} \
	{WELLTAP_4909} \
	{WELLTAP_4910} \
	{WELLTAP_4919} \
	{WELLTAP_4920} \
	{WELLTAP_4921} \
	{WELLTAP_4922} \
	{WELLTAP_4923} \
	{WELLTAP_4924} \
	{WELLTAP_4925} \
	{WELLTAP_4926} \
	{WELLTAP_4927} \
	{WELLTAP_4928} \
	{WELLTAP_4929} \
	{WELLTAP_4930} \
	{WELLTAP_4931} \
	{WELLTAP_4932} \
	{WELLTAP_4933} \
	{WELLTAP_4934} \
	{WELLTAP_4935} \
	{WELLTAP_4936} \
	{WELLTAP_4937} \
	{WELLTAP_4947} \
	{WELLTAP_4948} \
	{WELLTAP_4949} \
	{WELLTAP_4950} \
	{WELLTAP_4951} \
	{WELLTAP_4952} \
	{WELLTAP_4953} \
	{WELLTAP_4954} \
	{WELLTAP_4955} \
	{WELLTAP_4956} \
	{WELLTAP_4957} \
	{WELLTAP_4958} \
	{WELLTAP_4959} \
	{WELLTAP_4960} \
	{WELLTAP_4961} \
	{WELLTAP_4962} \
	{WELLTAP_4963} \
	{WELLTAP_4964} \
	{WELLTAP_4973} \
	{WELLTAP_4974} \
	{WELLTAP_4975} \
	{WELLTAP_4976} \
	{WELLTAP_4977} \
	{WELLTAP_4978} \
	{WELLTAP_4979} \
	{WELLTAP_4980} \
	{WELLTAP_4981} \
	{WELLTAP_4982} \
	{WELLTAP_4983} \
	{WELLTAP_4984} \
	{WELLTAP_4985} \
	{WELLTAP_4986} \
	{WELLTAP_4987} \
	{WELLTAP_4988} \
	{WELLTAP_4989} \
	{WELLTAP_4990} \
	{WELLTAP_4991} \
	{WELLTAP_5001} \
	{WELLTAP_5002} \
	{WELLTAP_5003} \
	{WELLTAP_5004} \
	{WELLTAP_5005} \
	{WELLTAP_5006} \
	{WELLTAP_5007} \
	{WELLTAP_5008} \
	{WELLTAP_5009} \
	{WELLTAP_5010} \
	{WELLTAP_5011} \
	{WELLTAP_5012} \
	{WELLTAP_5013} \
	{WELLTAP_5014} \
	{WELLTAP_5015} \
	{WELLTAP_5016} \
	{WELLTAP_5017} \
	{WELLTAP_5018} \
	{WELLTAP_5027} \
	{WELLTAP_5028} \
	{WELLTAP_5029} \
	{WELLTAP_5030} \
	{WELLTAP_5031} \
	{WELLTAP_5032} \
	{WELLTAP_5033} \
	{WELLTAP_5034} \
	{WELLTAP_5035} \
	{WELLTAP_5036} \
	{WELLTAP_5037} \
	{WELLTAP_5038} \
	{WELLTAP_5039} \
	{WELLTAP_5040} \
	{WELLTAP_5041} \
	{WELLTAP_5042} \
	{WELLTAP_5043} \
	{WELLTAP_5044} \
	{WELLTAP_5045} \
	{WELLTAP_5055} \
	{WELLTAP_5056} \
	{WELLTAP_5057} \
	{WELLTAP_5058} \
	{WELLTAP_5059} \
	{WELLTAP_5060} \
	{WELLTAP_5061} \
	{WELLTAP_5062} \
	{WELLTAP_5063} \
	{WELLTAP_5064} \
	{WELLTAP_5065} \
	{WELLTAP_5066} \
	{WELLTAP_5067} \
	{WELLTAP_5068} \
	{WELLTAP_5069} \
	{WELLTAP_5070} \
	{WELLTAP_5071} \
	{WELLTAP_5072} \
	{WELLTAP_5081} \
	{WELLTAP_5082} \
	{WELLTAP_5083} \
	{WELLTAP_5084} \
	{WELLTAP_5085} \
	{WELLTAP_5086} \
	{WELLTAP_5087} \
	{WELLTAP_5088} \
	{WELLTAP_5089} \
	{WELLTAP_5090} \
	{WELLTAP_5091} \
	{WELLTAP_5092} \
	{WELLTAP_5093} \
	{WELLTAP_5094} \
	{WELLTAP_5095} \
	{WELLTAP_5096} \
	{WELLTAP_5097} \
	{WELLTAP_5098} \
	{WELLTAP_5099} \
	{WELLTAP_5109} \
	{WELLTAP_5110} \
	{WELLTAP_5111} \
	{WELLTAP_5112} \
	{WELLTAP_5113} \
	{WELLTAP_5114} \
	{WELLTAP_5115} \
	{WELLTAP_5116} \
	{WELLTAP_5117} \
	{WELLTAP_5118} \
	{WELLTAP_5119} \
	{WELLTAP_5120} \
	{WELLTAP_5121} \
	{WELLTAP_5122} \
	{WELLTAP_5123} \
	{WELLTAP_5124} \
	{WELLTAP_5125} \
	{WELLTAP_5126} \
	{WELLTAP_5135} \
	{WELLTAP_5136} \
	{WELLTAP_5137} \
	{WELLTAP_5138} \
	{WELLTAP_5139} \
	{WELLTAP_5140} \
	{WELLTAP_5141} \
	{WELLTAP_5142} \
	{WELLTAP_5143} \
	{WELLTAP_5144} \
	{WELLTAP_5145} \
	{WELLTAP_5146} \
	{WELLTAP_5147} \
	{WELLTAP_5148} \
	{WELLTAP_5149} \
	{WELLTAP_5150} \
	{WELLTAP_5151} \
	{WELLTAP_5152} \
	{WELLTAP_5153} \
	{WELLTAP_5163} \
	{WELLTAP_5164} \
	{WELLTAP_5165} \
	{WELLTAP_5166} \
	{WELLTAP_5167} \
	{WELLTAP_5168} \
	{WELLTAP_5169} \
	{WELLTAP_5170} \
	{WELLTAP_5171} \
	{WELLTAP_5172} \
	{WELLTAP_5173} \
	{WELLTAP_5174} \
	{WELLTAP_5175} \
	{WELLTAP_5176} \
	{WELLTAP_5177} \
	{WELLTAP_5178} \
	{WELLTAP_5179} \
	{WELLTAP_5180} \
	{WELLTAP_5189} \
	{WELLTAP_5190} \
	{WELLTAP_5191} \
	{WELLTAP_5192} \
	{WELLTAP_5193} \
	{WELLTAP_5194} \
	{WELLTAP_5195} \
	{WELLTAP_5196} \
	{WELLTAP_5197} \
	{WELLTAP_5198} \
	{WELLTAP_5199} \
	{WELLTAP_5200} \
	{WELLTAP_5201} \
	{WELLTAP_5202} \
	{WELLTAP_5203} \
	{WELLTAP_5204} \
	{WELLTAP_5205} \
	{WELLTAP_5206} \
	{WELLTAP_5207} \
	{WELLTAP_5217} \
	{WELLTAP_5218} \
	{WELLTAP_5219} \
	{WELLTAP_5220} \
	{WELLTAP_5221} \
	{WELLTAP_5222} \
	{WELLTAP_5223} \
	{WELLTAP_5224} \
	{WELLTAP_5225} \
	{WELLTAP_5226} \
	{WELLTAP_5227} \
	{WELLTAP_5228} \
	{WELLTAP_5229} \
	{WELLTAP_5230} \
	{WELLTAP_5231} \
	{WELLTAP_5232} \
	{WELLTAP_5233} \
	{WELLTAP_5234} \
	{WELLTAP_5243} \
	{WELLTAP_5244} \
	{WELLTAP_5245} \
	{WELLTAP_5246} \
	{WELLTAP_5247} \
	{WELLTAP_5248} \
	{WELLTAP_5249} \
	{WELLTAP_5250} \
	{WELLTAP_5251} \
	{WELLTAP_5252} \
	{WELLTAP_5253} \
	{WELLTAP_5254} \
	{WELLTAP_5255} \
	{WELLTAP_5256} \
	{WELLTAP_5257} \
	{WELLTAP_5258} \
	{WELLTAP_5259} \
	{WELLTAP_5260} \
	{WELLTAP_5261} \
	{WELLTAP_5271} \
	{WELLTAP_5272} \
	{WELLTAP_5273} \
	{WELLTAP_5274} \
	{WELLTAP_5275} \
	{WELLTAP_5276} \
	{WELLTAP_5277} \
	{WELLTAP_5278} \
	{WELLTAP_5279} \
	{WELLTAP_5280} \
	{WELLTAP_5281} \
	{WELLTAP_5282} \
	{WELLTAP_5283} \
	{WELLTAP_5284} \
	{WELLTAP_5285} \
	{WELLTAP_5286} \
	{WELLTAP_5287} \
	{WELLTAP_5288} \
	{WELLTAP_5297} \
	{WELLTAP_5298} \
	{WELLTAP_5299} \
	{WELLTAP_5300} \
	{WELLTAP_5301} \
	{WELLTAP_5302} \
	{WELLTAP_5303} \
	{WELLTAP_5304} \
	{WELLTAP_5305} \
	{WELLTAP_5306} \
	{WELLTAP_5307} \
	{WELLTAP_5308} \
	{WELLTAP_5309} \
	{WELLTAP_5310} \
	{WELLTAP_5311} \
	{WELLTAP_5312} \
	{WELLTAP_5313} \
	{WELLTAP_5314} \
	{WELLTAP_5315} \
	{WELLTAP_5325} \
	{WELLTAP_5326} \
	{WELLTAP_5327} \
	{WELLTAP_5328} \
	{WELLTAP_5329} \
	{WELLTAP_5330} \
	{WELLTAP_5331} \
	{WELLTAP_5332} \
	{WELLTAP_5333} \
	{WELLTAP_5334} \
	{WELLTAP_5335} \
	{WELLTAP_5336} \
	{WELLTAP_5337} \
	{WELLTAP_5338} \
	{WELLTAP_5339} \
	{WELLTAP_5340} \
	{WELLTAP_5341} \
	{WELLTAP_5342} \
	{WELLTAP_5351} \
	{WELLTAP_5352} \
	{WELLTAP_5353} \
	{WELLTAP_5354} \
	{WELLTAP_5355} \
	{WELLTAP_5356} \
	{WELLTAP_5357} \
	{WELLTAP_5358} \
	{WELLTAP_5359} \
	{WELLTAP_5360} \
	{WELLTAP_5361} \
	{WELLTAP_5362} \
	{WELLTAP_5363} \
	{WELLTAP_5364} \
	{WELLTAP_5365} \
	{WELLTAP_5366} \
	{WELLTAP_5367} \
	{WELLTAP_5368} \
	{WELLTAP_5369} \
	{WELLTAP_5379} \
	{WELLTAP_5380} \
	{WELLTAP_5381} \
	{WELLTAP_5382} \
	{WELLTAP_5383} \
	{WELLTAP_5384} \
	{WELLTAP_5385} \
	{WELLTAP_5386} \
	{WELLTAP_5387} \
	{WELLTAP_5388} \
	{WELLTAP_5389} \
	{WELLTAP_5390} \
	{WELLTAP_5391} \
	{WELLTAP_5392} \
	{WELLTAP_5393} \
	{WELLTAP_5394} \
	{WELLTAP_5395} \
	{WELLTAP_5396} \
	{WELLTAP_5405} \
	{WELLTAP_5406} \
	{WELLTAP_5407} \
	{WELLTAP_5408} \
	{WELLTAP_5409} \
	{WELLTAP_5410} \
	{WELLTAP_5411} \
	{WELLTAP_5412} \
	{WELLTAP_5413} \
	{WELLTAP_5414} \
	{WELLTAP_5415} \
	{WELLTAP_5416} \
	{WELLTAP_5417} \
	{WELLTAP_5418} \
	{WELLTAP_5419} \
	{WELLTAP_5420} \
	{WELLTAP_5421} \
	{WELLTAP_5422} \
	{WELLTAP_5423} \
	{WELLTAP_5433} \
	{WELLTAP_5434} \
	{WELLTAP_5435} \
	{WELLTAP_5436} \
	{WELLTAP_5437} \
	{WELLTAP_5438} \
	{WELLTAP_5439} \
	{WELLTAP_5440} \
	{WELLTAP_5441} \
	{WELLTAP_5442} \
	{WELLTAP_5443} \
	{WELLTAP_5444} \
	{WELLTAP_5445} \
	{WELLTAP_5446} \
	{WELLTAP_5447} \
	{WELLTAP_5448} \
	{WELLTAP_5449} \
	{WELLTAP_5450} \
	{WELLTAP_5459} \
	{WELLTAP_5460} \
	{WELLTAP_5461} \
	{WELLTAP_5462} \
	{WELLTAP_5463} \
	{WELLTAP_5464} \
	{WELLTAP_5465} \
	{WELLTAP_5466} \
	{WELLTAP_5467} \
	{WELLTAP_5468} \
	{WELLTAP_5469} \
	{WELLTAP_5470} \
	{WELLTAP_5471} \
	{WELLTAP_5472} \
	{WELLTAP_5473} \
	{WELLTAP_5474} \
	{WELLTAP_5475} \
	{WELLTAP_5476} \
	{WELLTAP_5477} \
	{WELLTAP_5487} \
	{WELLTAP_5488} \
	{WELLTAP_5489} \
	{WELLTAP_5490} \
	{WELLTAP_5491} \
	{WELLTAP_5492} \
	{WELLTAP_5493} \
	{WELLTAP_5494} \
	{WELLTAP_5495} \
	{WELLTAP_5496} \
	{WELLTAP_5497} \
	{WELLTAP_5498} \
	{WELLTAP_5499} \
	{WELLTAP_5500} \
	{WELLTAP_5501} \
	{WELLTAP_5502} \
	{WELLTAP_5503} \
	{WELLTAP_5504} \
	{WELLTAP_5513} \
	{WELLTAP_5514} \
	{WELLTAP_5515} \
	{WELLTAP_5516} \
	{WELLTAP_5517} \
	{WELLTAP_5518} \
	{WELLTAP_5519} \
	{WELLTAP_5520} \
	{WELLTAP_5521} \
	{WELLTAP_5522} \
	{WELLTAP_5523} \
	{WELLTAP_5524} \
	{WELLTAP_5525} \
	{WELLTAP_5526} \
	{WELLTAP_5527} \
	{WELLTAP_5528} \
	{WELLTAP_5529} \
	{WELLTAP_5530} \
	{WELLTAP_5531} \
	{WELLTAP_5541} \
	{WELLTAP_5542} \
	{WELLTAP_5543} \
	{WELLTAP_5544} \
	{WELLTAP_5545} \
	{WELLTAP_5546} \
	{WELLTAP_5547} \
	{WELLTAP_5548} \
	{WELLTAP_5549} \
	{WELLTAP_5550} \
	{WELLTAP_5551} \
	{WELLTAP_5552} \
	{WELLTAP_5553} \
	{WELLTAP_5554} \
	{WELLTAP_5555} \
	{WELLTAP_5556} \
	{WELLTAP_5557} \
	{WELLTAP_5558} \
	{WELLTAP_5567} \
	{WELLTAP_5568} \
	{WELLTAP_5569} \
	{WELLTAP_5570} \
	{WELLTAP_5571} \
	{WELLTAP_5572} \
	{WELLTAP_5573} \
	{WELLTAP_5574} \
	{WELLTAP_5575} \
	{WELLTAP_5576} \
	{WELLTAP_5577} \
	{WELLTAP_5578} \
	{WELLTAP_5579} \
	{WELLTAP_5580} \
	{WELLTAP_5581} \
	{WELLTAP_5582} \
	{WELLTAP_5583} \
	{WELLTAP_5584} \
	{WELLTAP_5585} \
	{WELLTAP_5595} \
	{WELLTAP_5596} \
	{WELLTAP_5597} \
	{WELLTAP_5598} \
	{WELLTAP_5599} \
	{WELLTAP_5600} \
	{WELLTAP_5601} \
	{WELLTAP_5602} \
	{WELLTAP_5603} \
	{WELLTAP_5604} \
	{WELLTAP_5605} \
	{WELLTAP_5606} \
	{WELLTAP_5607} \
	{WELLTAP_5608} \
	{WELLTAP_5609} \
	{WELLTAP_5610} \
	{WELLTAP_5611} \
	{WELLTAP_5612} \
	{WELLTAP_5621} \
	{WELLTAP_5622} \
	{WELLTAP_5623} \
	{WELLTAP_5624} \
	{WELLTAP_5625} \
	{WELLTAP_5626} \
	{WELLTAP_5627} \
	{WELLTAP_5628} \
	{WELLTAP_5629} \
	{WELLTAP_5630} \
	{WELLTAP_5631} \
	{WELLTAP_5632} \
	{WELLTAP_5633} \
	{WELLTAP_5634} \
	{WELLTAP_5635} \
	{WELLTAP_5636} \
	{WELLTAP_5637} \
	{WELLTAP_5638} \
	{WELLTAP_5639} \
	{WELLTAP_5649} \
	{WELLTAP_5650} \
	{WELLTAP_5651} \
	{WELLTAP_5652} \
	{WELLTAP_5653} \
	{WELLTAP_5654} \
	{WELLTAP_5655} \
	{WELLTAP_5656} \
	{WELLTAP_5657} \
	{WELLTAP_5658} \
	{WELLTAP_5659} \
	{WELLTAP_5660} \
	{WELLTAP_5661} \
	{WELLTAP_5662} \
	{WELLTAP_5663} \
	{WELLTAP_5664} \
	{WELLTAP_5665} \
	{WELLTAP_5666} \
	{WELLTAP_5675} \
	{WELLTAP_5676} \
	{WELLTAP_5677} \
	{WELLTAP_5678} \
	{WELLTAP_5679} \
	{WELLTAP_5680} \
	{WELLTAP_5681} \
	{WELLTAP_5682} \
	{WELLTAP_5683} \
	{WELLTAP_5684} \
	{WELLTAP_5685} \
	{WELLTAP_5686} \
	{WELLTAP_5687} \
	{WELLTAP_5688} \
	{WELLTAP_5689} \
	{WELLTAP_5690} \
	{WELLTAP_5691} \
	{WELLTAP_5692} \
	{WELLTAP_5693} \
	{WELLTAP_5703} \
	{WELLTAP_5704} \
	{WELLTAP_5705} \
	{WELLTAP_5706} \
	{WELLTAP_5707} \
	{WELLTAP_5708} \
	{WELLTAP_5709} \
	{WELLTAP_5710} \
	{WELLTAP_5711} \
	{WELLTAP_5712} \
	{WELLTAP_5713} \
	{WELLTAP_5714} \
	{WELLTAP_5715} \
	{WELLTAP_5716} \
	{WELLTAP_5717} \
	{WELLTAP_5718} \
	{WELLTAP_5719} \
	{WELLTAP_5720} \
	{WELLTAP_5729} \
	{WELLTAP_5730} \
	{WELLTAP_5731} \
	{WELLTAP_5732} \
	{WELLTAP_5733} \
	{WELLTAP_5734} \
	{WELLTAP_5735} \
	{WELLTAP_5736} \
	{WELLTAP_5737} \
	{WELLTAP_5738} \
	{WELLTAP_5739} \
	{WELLTAP_5740} \
	{WELLTAP_5741} \
	{WELLTAP_5742} \
	{WELLTAP_5743} \
	{WELLTAP_5744} \
	{WELLTAP_5745} \
	{WELLTAP_5746} \
	{WELLTAP_5747} \
	{WELLTAP_5757} \
	{WELLTAP_5758} \
	{WELLTAP_5759} \
	{WELLTAP_5760} \
	{WELLTAP_5761} \
	{WELLTAP_5762} \
	{WELLTAP_5763} \
	{WELLTAP_5764} \
	{WELLTAP_5765} \
	{WELLTAP_5766} \
	{WELLTAP_5767} \
	{WELLTAP_5768} \
	{WELLTAP_5769} \
	{WELLTAP_5770} \
	{WELLTAP_5771} \
	{WELLTAP_5772} \
	{WELLTAP_5773} \
	{WELLTAP_5774} \
	{WELLTAP_5783} \
	{WELLTAP_5784} \
	{WELLTAP_5785} \
	{WELLTAP_5786} \
	{WELLTAP_5787} \
	{WELLTAP_5788} \
	{WELLTAP_5789} \
	{WELLTAP_5790} \
	{WELLTAP_5791} \
	{WELLTAP_5792} \
	{WELLTAP_5793} \
	{WELLTAP_5794} \
	{WELLTAP_5795} \
	{WELLTAP_5796} \
	{WELLTAP_5797} \
	{WELLTAP_5798} \
	{WELLTAP_5799} \
	{WELLTAP_5800} \
	{WELLTAP_5801} \
	{WELLTAP_5811} \
	{WELLTAP_5812} \
	{WELLTAP_5813} \
	{WELLTAP_5814} \
	{WELLTAP_5815} \
	{WELLTAP_5816} \
	{WELLTAP_5817} \
	{WELLTAP_5818} \
	{WELLTAP_5819} \
	{WELLTAP_5820} \
	{WELLTAP_5821} \
	{WELLTAP_5822} \
	{WELLTAP_5823} \
	{WELLTAP_5824} \
	{WELLTAP_5825} \
	{WELLTAP_5826} \
	{WELLTAP_5827} \
	{WELLTAP_5828} \
	{WELLTAP_5837} \
	{WELLTAP_5838} \
	{WELLTAP_5839} \
	{WELLTAP_5840} \
	{WELLTAP_5841} \
	{WELLTAP_5842} \
	{WELLTAP_5843} \
	{WELLTAP_5844} \
	{WELLTAP_5845} \
	{WELLTAP_5846} \
	{WELLTAP_5847} \
	{WELLTAP_5848} \
	{WELLTAP_5849} \
	{WELLTAP_5850} \
	{WELLTAP_5851} \
	{WELLTAP_5852} \
	{WELLTAP_5853} \
	{WELLTAP_5854} \
	{WELLTAP_5855} \
	{WELLTAP_5865} \
	{WELLTAP_5866} \
	{WELLTAP_5867} \
	{WELLTAP_5868} \
	{WELLTAP_5869} \
	{WELLTAP_5870} \
	{WELLTAP_5871} \
	{WELLTAP_5872} \
	{WELLTAP_5873} \
	{WELLTAP_5874} \
	{WELLTAP_5875} \
	{WELLTAP_5876} \
	{WELLTAP_5877} \
	{WELLTAP_5878} \
	{WELLTAP_5879} \
	{WELLTAP_5880} \
	{WELLTAP_5881} \
	{WELLTAP_5882} \
	{WELLTAP_5891} \
	{WELLTAP_5892} \
	{WELLTAP_5893} \
	{WELLTAP_5894} \
	{WELLTAP_5895} \
	{WELLTAP_5896} \
	{WELLTAP_5897} \
	{WELLTAP_5898} \
	{WELLTAP_5899} \
	{WELLTAP_5900} \
	{WELLTAP_5901} \
	{WELLTAP_5902} \
	{WELLTAP_5903} \
	{WELLTAP_5904} \
	{WELLTAP_5905} \
	{WELLTAP_5906} \
	{WELLTAP_5907} \
	{WELLTAP_5908} \
	{WELLTAP_5909} \
	{WELLTAP_5919} \
	{WELLTAP_5920} \
	{WELLTAP_5921} \
	{WELLTAP_5922} \
	{WELLTAP_5923} \
	{WELLTAP_5924} \
	{WELLTAP_5925} \
	{WELLTAP_5926} \
	{WELLTAP_5927} \
	{WELLTAP_5928} \
	{WELLTAP_5929} \
	{WELLTAP_5930} \
	{WELLTAP_5931} \
	{WELLTAP_5932} \
	{WELLTAP_5933} \
	{WELLTAP_5934} \
	{WELLTAP_5935} \
	{WELLTAP_5936} \
	{WELLTAP_5945} \
	{WELLTAP_5946} \
	{WELLTAP_5947} \
	{WELLTAP_5948} \
	{WELLTAP_5949} \
	{WELLTAP_5950} \
	{WELLTAP_5951} \
	{WELLTAP_5952} \
	{WELLTAP_5953} \
	{WELLTAP_5954} \
	{WELLTAP_5955} \
	{WELLTAP_5956} \
	{WELLTAP_5957} \
	{WELLTAP_5958} \
	{WELLTAP_5959} \
	{WELLTAP_5960} \
	{WELLTAP_5961} \
	{WELLTAP_5962} \
	{WELLTAP_5963} \
	{WELLTAP_5973} \
	{WELLTAP_5974} \
	{WELLTAP_5975} \
	{WELLTAP_5976} \
	{WELLTAP_5977} \
	{WELLTAP_5978} \
	{WELLTAP_5979} \
	{WELLTAP_5980} \
	{WELLTAP_5981} \
	{WELLTAP_5982} \
	{WELLTAP_5983} \
	{WELLTAP_5984} \
	{WELLTAP_5985} \
	{WELLTAP_5986} \
	{WELLTAP_5987} \
	{WELLTAP_5988} \
	{WELLTAP_5989} \
	{WELLTAP_5990} \
	{WELLTAP_5999} \
	{WELLTAP_6000} \
	{WELLTAP_6001} \
	{WELLTAP_6002} \
	{WELLTAP_6003} \
	{WELLTAP_6004} \
	{WELLTAP_6005} \
	{WELLTAP_6006} \
	{WELLTAP_6007} \
	{WELLTAP_6008} \
	{WELLTAP_6009} \
	{WELLTAP_6010} \
	{WELLTAP_6011} \
	{WELLTAP_6012} \
	{WELLTAP_6013} \
	{WELLTAP_6014} \
	{WELLTAP_6015} \
	{WELLTAP_6016} \
	{WELLTAP_6017} \
	{WELLTAP_6027} \
	{WELLTAP_6028} \
	{WELLTAP_6029} \
	{WELLTAP_6030} \
	{WELLTAP_6031} \
	{WELLTAP_6032} \
	{WELLTAP_6033} \
	{WELLTAP_6034} \
	{WELLTAP_6035} \
	{WELLTAP_6036} \
	{WELLTAP_6037} \
	{WELLTAP_6038} \
	{WELLTAP_6039} \
	{WELLTAP_6040} \
	{WELLTAP_6041} \
	{WELLTAP_6042} \
	{WELLTAP_6043} \
	{WELLTAP_6044} \
	{WELLTAP_6053} \
	{WELLTAP_6054} \
	{WELLTAP_6055} \
	{WELLTAP_6056} \
	{WELLTAP_6057} \
	{WELLTAP_6058} \
	{WELLTAP_6059} \
	{WELLTAP_6060} \
	{WELLTAP_6061} \
	{WELLTAP_6062} \
	{WELLTAP_6063} \
	{WELLTAP_6064} \
	{WELLTAP_6065} \
	{WELLTAP_6066} \
	{WELLTAP_6067} \
	{WELLTAP_6068} \
	{WELLTAP_6069} \
	{WELLTAP_6070} \
	{WELLTAP_6071} \
	{WELLTAP_6081} \
	{WELLTAP_6082} \
	{WELLTAP_6083} \
	{WELLTAP_6084} \
	{WELLTAP_6085} \
	{WELLTAP_6086} \
	{WELLTAP_6087} \
	{WELLTAP_6088} \
	{WELLTAP_6089} \
	{WELLTAP_6090} \
	{WELLTAP_6091} \
	{WELLTAP_6092} \
	{WELLTAP_6093} \
	{WELLTAP_6094} \
	{WELLTAP_6095} \
	{WELLTAP_6096} \
	{WELLTAP_6097} \
	{WELLTAP_6098} \
	{WELLTAP_6107} \
	{WELLTAP_6108} \
	{WELLTAP_6109} \
	{WELLTAP_6110} \
	{WELLTAP_6111} \
	{WELLTAP_6112} \
	{WELLTAP_6113} \
	{WELLTAP_6114} \
	{WELLTAP_6115} \
	{WELLTAP_6116} \
	{WELLTAP_6117} \
	{WELLTAP_6118} \
	{WELLTAP_6119} \
	{WELLTAP_6120} \
	{WELLTAP_6121} \
	{WELLTAP_6122} \
	{WELLTAP_6123} \
	{WELLTAP_6124} \
	{WELLTAP_6125} \
	{WELLTAP_6135} \
	{WELLTAP_6136} \
	{WELLTAP_6137} \
	{WELLTAP_6138} \
	{WELLTAP_6139} \
	{WELLTAP_6140} \
	{WELLTAP_6141} \
	{WELLTAP_6142} \
	{WELLTAP_6143} \
	{WELLTAP_6144} \
	{WELLTAP_6145} \
	{WELLTAP_6146} \
	{WELLTAP_6147} \
	{WELLTAP_6148} \
	{WELLTAP_6149} \
	{WELLTAP_6150} \
	{WELLTAP_6151} \
	{WELLTAP_6152} \
	{WELLTAP_6161} \
	{WELLTAP_6162} \
	{WELLTAP_6163} \
	{WELLTAP_6164} \
	{WELLTAP_6165} \
	{WELLTAP_6166} \
	{WELLTAP_6167} \
	{WELLTAP_6168} \
	{WELLTAP_6169} \
	{WELLTAP_6170} \
	{WELLTAP_6171} \
	{WELLTAP_6172} \
	{WELLTAP_6173} \
	{WELLTAP_6174} \
	{WELLTAP_6175} \
	{WELLTAP_6176} \
	{WELLTAP_6177} \
	{WELLTAP_6178} \
	{WELLTAP_6179} \
	{WELLTAP_6189} \
	{WELLTAP_6190} \
	{WELLTAP_6191} \
	{WELLTAP_6192} \
	{WELLTAP_6193} \
	{WELLTAP_6194} \
	{WELLTAP_6195} \
	{WELLTAP_6196} \
	{WELLTAP_6197} \
	{WELLTAP_6198} \
	{WELLTAP_6199} \
	{WELLTAP_6200} \
	{WELLTAP_6201} \
	{WELLTAP_6202} \
	{WELLTAP_6203} \
	{WELLTAP_6204} \
	{WELLTAP_6205} \
	{WELLTAP_6206} \
	{WELLTAP_6215} \
	{WELLTAP_6216} \
	{WELLTAP_6217} \
	{WELLTAP_6218} \
	{WELLTAP_6219} \
	{WELLTAP_6220} \
	{WELLTAP_6221} \
	{WELLTAP_6222} \
	{WELLTAP_6223} \
	{WELLTAP_6224} \
	{WELLTAP_6225} \
	{WELLTAP_6226} \
	{WELLTAP_6227} \
	{WELLTAP_6228} \
	{WELLTAP_6229} \
	{WELLTAP_6230} \
	{WELLTAP_6231} \
	{WELLTAP_6232} \
	{WELLTAP_6233} \
	{WELLTAP_6243} \
	{WELLTAP_6244} \
	{WELLTAP_6245} \
	{WELLTAP_6246} \
	{WELLTAP_6247} \
	{WELLTAP_6248} \
	{WELLTAP_6249} \
	{WELLTAP_6250} \
	{WELLTAP_6251} \
	{WELLTAP_6252} \
	{WELLTAP_6253} \
	{WELLTAP_6254} \
	{WELLTAP_6255} \
	{WELLTAP_6256} \
	{WELLTAP_6257} \
	{WELLTAP_6258} \
	{WELLTAP_6259} \
	{WELLTAP_6260} \
	{WELLTAP_6269} \
	{WELLTAP_6270} \
	{WELLTAP_6271} \
	{WELLTAP_6272} \
	{WELLTAP_6273} \
	{WELLTAP_6274} \
	{WELLTAP_6275} \
	{WELLTAP_6276} \
	{WELLTAP_6277} \
	{WELLTAP_6278} \
	{WELLTAP_6279} \
	{WELLTAP_6280} \
	{WELLTAP_6281} \
	{WELLTAP_6282} \
	{WELLTAP_6283} \
	{WELLTAP_6284} \
	{WELLTAP_6285} \
	{WELLTAP_6286} \
	{WELLTAP_6287} \
	{WELLTAP_6297} \
	{WELLTAP_6298} \
	{WELLTAP_6299} \
	{WELLTAP_6300} \
	{WELLTAP_6301} \
	{WELLTAP_6302} \
	{WELLTAP_6303} \
	{WELLTAP_6304} \
	{WELLTAP_6305} \
	{WELLTAP_6306} \
	{WELLTAP_6307} \
	{WELLTAP_6308} \
	{WELLTAP_6309} \
	{WELLTAP_6310} \
	{WELLTAP_6311} \
	{WELLTAP_6312} \
	{WELLTAP_6313} \
	{WELLTAP_6314} \
	{WELLTAP_6323} \
	{WELLTAP_6324} \
	{WELLTAP_6325} \
	{WELLTAP_6326} \
	{WELLTAP_6327} \
	{WELLTAP_6328} \
	{WELLTAP_6329} \
	{WELLTAP_6330} \
	{WELLTAP_6331} \
	{WELLTAP_6332} \
	{WELLTAP_6333} \
	{WELLTAP_6334} \
	{WELLTAP_6335} \
	{WELLTAP_6336} \
	{WELLTAP_6337} \
	{WELLTAP_6338} \
	{WELLTAP_6339} \
	{WELLTAP_6340} \
	{WELLTAP_6341} \
	{WELLTAP_6351} \
	{WELLTAP_6352} \
	{WELLTAP_6353} \
	{WELLTAP_6354} \
	{WELLTAP_6355} \
	{WELLTAP_6356} \
	{WELLTAP_6357} \
	{WELLTAP_6358} \
	{WELLTAP_6359} \
	{WELLTAP_6360} \
	{WELLTAP_6361} \
	{WELLTAP_6362} \
	{WELLTAP_6363} \
	{WELLTAP_6364} \
	{WELLTAP_6365} \
	{WELLTAP_6366} \
	{WELLTAP_6367} \
	{WELLTAP_6368} \
	{WELLTAP_6377} \
	{WELLTAP_6378} \
	{WELLTAP_6379} \
	{WELLTAP_6380} \
	{WELLTAP_6381} \
	{WELLTAP_6382} \
	{WELLTAP_6383} \
	{WELLTAP_6384} \
	{WELLTAP_6385} \
	{WELLTAP_6386} \
	{WELLTAP_6387} \
	{WELLTAP_6388} \
	{WELLTAP_6389} \
	{WELLTAP_6390} \
	{WELLTAP_6391} \
	{WELLTAP_6392} \
	{WELLTAP_6393} \
	{WELLTAP_6394} \
	{WELLTAP_6395} \
	{WELLTAP_6405} \
	{WELLTAP_6406} \
	{WELLTAP_6407} \
	{WELLTAP_6408} \
	{WELLTAP_6409} \
	{WELLTAP_6410} \
	{WELLTAP_6411} \
	{WELLTAP_6412} \
	{WELLTAP_6413} \
	{WELLTAP_6414} \
	{WELLTAP_6415} \
	{WELLTAP_6416} \
	{WELLTAP_6417} \
	{WELLTAP_6418} \
	{WELLTAP_6419} \
	{WELLTAP_6420} \
	{WELLTAP_6421} \
	{WELLTAP_6422} \
	{WELLTAP_6431} \
	{WELLTAP_6432} \
	{WELLTAP_6433} \
	{WELLTAP_6434} \
	{WELLTAP_6435} \
	{WELLTAP_6436} \
	{WELLTAP_6437} \
	{WELLTAP_6438} \
	{WELLTAP_6439} \
	{WELLTAP_6440} \
	{WELLTAP_6441} \
	{WELLTAP_6442} \
	{WELLTAP_6443} \
	{WELLTAP_6444} \
	{WELLTAP_6445} \
	{WELLTAP_6446} \
	{WELLTAP_6447} \
	{WELLTAP_6448} \
	{WELLTAP_6449} \
	{WELLTAP_6459} \
	{WELLTAP_6460} \
	{WELLTAP_6461} \
	{WELLTAP_6462} \
	{WELLTAP_6463} \
	{WELLTAP_6464} \
	{WELLTAP_6465} \
	{WELLTAP_6466} \
	{WELLTAP_6467} \
	{WELLTAP_6468} \
	{WELLTAP_6469} \
	{WELLTAP_6470} \
	{WELLTAP_6471} \
	{WELLTAP_6472} \
	{WELLTAP_6473} \
	{WELLTAP_6474} \
	{WELLTAP_6475} \
	{WELLTAP_6476} \
	{WELLTAP_6485} \
	{WELLTAP_6486} \
	{WELLTAP_6487} \
	{WELLTAP_6488} \
	{WELLTAP_6489} \
	{WELLTAP_6490} \
	{WELLTAP_6491} \
	{WELLTAP_6492} \
	{WELLTAP_6493} \
	{WELLTAP_6494} \
	{WELLTAP_6495} \
	{WELLTAP_6496} \
	{WELLTAP_6497} \
	{WELLTAP_6498} \
	{WELLTAP_6499} \
	{WELLTAP_6500} \
	{WELLTAP_6501} \
	{WELLTAP_6502} \
	{WELLTAP_6503} \
	{WELLTAP_6513} \
	{WELLTAP_6514} \
	{WELLTAP_6515} \
	{WELLTAP_6516} \
	{WELLTAP_6517} \
	{WELLTAP_6518} \
	{WELLTAP_6519} \
	{WELLTAP_6520} \
	{WELLTAP_6521} \
	{WELLTAP_6522} \
	{WELLTAP_6523} \
	{WELLTAP_6524} \
	{WELLTAP_6525} \
	{WELLTAP_6526} \
	{WELLTAP_6527} \
	{WELLTAP_6528} \
	{WELLTAP_6529} \
	{WELLTAP_6530} \
	{WELLTAP_6539} \
	{WELLTAP_6540} \
	{WELLTAP_6541} \
	{WELLTAP_6542} \
	{WELLTAP_6543} \
	{WELLTAP_6544} \
	{WELLTAP_6545} \
	{WELLTAP_6546} \
	{WELLTAP_6547} \
	{WELLTAP_6548} \
	{WELLTAP_6549} \
	{WELLTAP_6550} \
	{WELLTAP_6551} \
	{WELLTAP_6552} \
	{WELLTAP_6553} \
	{WELLTAP_6554} \
	{WELLTAP_6555} \
	{WELLTAP_6556} \
	{WELLTAP_6557} \
	{WELLTAP_6567} \
	{WELLTAP_6568} \
	{WELLTAP_6569} \
	{WELLTAP_6570} \
	{WELLTAP_6571} \
	{WELLTAP_6572} \
	{WELLTAP_6573} \
	{WELLTAP_6574} \
	{WELLTAP_6575} \
	{WELLTAP_6576} \
	{WELLTAP_6577} \
	{WELLTAP_6578} \
	{WELLTAP_6579} \
	{WELLTAP_6580} \
	{WELLTAP_6581} \
	{WELLTAP_6582} \
	{WELLTAP_6583} \
	{WELLTAP_6584} \
	{WELLTAP_6593} \
	{WELLTAP_6594} \
	{WELLTAP_6595} \
	{WELLTAP_6596} \
	{WELLTAP_6597} \
	{WELLTAP_6598} \
	{WELLTAP_6599} \
	{WELLTAP_6600} \
	{WELLTAP_6601} \
	{WELLTAP_6602} \
	{WELLTAP_6603} \
	{WELLTAP_6604} \
	{WELLTAP_6605} \
	{WELLTAP_6606} \
	{WELLTAP_6607} \
	{WELLTAP_6608} \
	{WELLTAP_6609} \
	{WELLTAP_6610} \
	{WELLTAP_6611} \
	{WELLTAP_6621} \
	{WELLTAP_6622} \
	{WELLTAP_6623} \
	{WELLTAP_6624} \
	{WELLTAP_6625} \
	{WELLTAP_6626} \
	{WELLTAP_6627} \
	{WELLTAP_6628} \
	{WELLTAP_6629} \
	{WELLTAP_6630} \
	{WELLTAP_6631} \
	{WELLTAP_6632} \
	{WELLTAP_6633} \
	{WELLTAP_6634} \
	{WELLTAP_6635} \
	{WELLTAP_6636} \
	{WELLTAP_6637} \
	{WELLTAP_6638} \
	{WELLTAP_6647} \
	{WELLTAP_6648} \
	{WELLTAP_6649} \
	{WELLTAP_6650} \
	{WELLTAP_6651} \
	{WELLTAP_6652} \
	{WELLTAP_6653} \
	{WELLTAP_6654} \
	{WELLTAP_6655} \
	{WELLTAP_6656} \
	{WELLTAP_6657} \
	{WELLTAP_6658} \
	{WELLTAP_6659} \
	{WELLTAP_6660} \
	{WELLTAP_6661} \
	{WELLTAP_6662} \
	{WELLTAP_6663} \
	{WELLTAP_6664} \
	{WELLTAP_6665} \
	{WELLTAP_6675} \
	{WELLTAP_6676} \
	{WELLTAP_6677} \
	{WELLTAP_6678} \
	{WELLTAP_6679} \
	{WELLTAP_6680} \
	{WELLTAP_6681} \
	{WELLTAP_6682} \
	{WELLTAP_6683} \
	{WELLTAP_6684} \
	{WELLTAP_6685} \
	{WELLTAP_6686} \
	{WELLTAP_6687} \
	{WELLTAP_6688} \
	{WELLTAP_6689} \
	{WELLTAP_6690} \
	{WELLTAP_6691} \
	{WELLTAP_6692} \
	{WELLTAP_6701} \
	{WELLTAP_6702} \
	{WELLTAP_6703} \
	{WELLTAP_6704} \
	{WELLTAP_6705} \
	{WELLTAP_6706} \
	{WELLTAP_6707} \
	{WELLTAP_6708} \
	{WELLTAP_6709} \
	{WELLTAP_6710} \
	{WELLTAP_6711} \
	{WELLTAP_6712} \
	{WELLTAP_6713} \
	{WELLTAP_6714} \
	{WELLTAP_6715} \
	{WELLTAP_6716} \
	{WELLTAP_6717} \
	{WELLTAP_6718} \
	{WELLTAP_6719} \
	{WELLTAP_6729} \
	{WELLTAP_6730} \
	{WELLTAP_6731} \
	{WELLTAP_6732} \
	{WELLTAP_6733} \
	{WELLTAP_6734} \
	{WELLTAP_6735} \
	{WELLTAP_6736} \
	{WELLTAP_6737} \
	{WELLTAP_6738} \
	{WELLTAP_6739} \
	{WELLTAP_6740} \
	{WELLTAP_6741} \
	{WELLTAP_6742} \
	{WELLTAP_6743} \
	{WELLTAP_6744} \
	{WELLTAP_6745} \
	{WELLTAP_6746} \
	{WELLTAP_6755} \
	{WELLTAP_6756} \
	{WELLTAP_6757} \
	{WELLTAP_6758} \
	{WELLTAP_6759} \
	{WELLTAP_6760} \
	{WELLTAP_6761} \
	{WELLTAP_6762} \
	{WELLTAP_6763} \
	{WELLTAP_6764} \
	{WELLTAP_6765} \
	{WELLTAP_6766} \
	{WELLTAP_6767} \
	{WELLTAP_6768} \
	{WELLTAP_6769} \
	{WELLTAP_6770} \
	{WELLTAP_6771} \
	{WELLTAP_6772} \
	{WELLTAP_6773} \
	{WELLTAP_6783} \
	{WELLTAP_6784} \
	{WELLTAP_6785} \
	{WELLTAP_6786} \
	{WELLTAP_6787} \
	{WELLTAP_6788} \
	{WELLTAP_6789} \
	{WELLTAP_6790} \
	{WELLTAP_6791} \
	{WELLTAP_6792} \
	{WELLTAP_6793} \
	{WELLTAP_6794} \
	{WELLTAP_6795} \
	{WELLTAP_6796} \
	{WELLTAP_6797} \
	{WELLTAP_6798} \
	{WELLTAP_6799} \
	{WELLTAP_6800} \
	{WELLTAP_6809} \
	{WELLTAP_6810} \
	{WELLTAP_6811} \
	{WELLTAP_6812} \
	{WELLTAP_6813} \
	{WELLTAP_6814} \
	{WELLTAP_6815} \
	{WELLTAP_6816} \
	{WELLTAP_6817} \
	{WELLTAP_6818} \
	{WELLTAP_6819} \
	{WELLTAP_6820} \
	{WELLTAP_6821} \
	{WELLTAP_6822} \
	{WELLTAP_6823} \
	{WELLTAP_6824} \
	{WELLTAP_6825} \
	{WELLTAP_6826} \
	{WELLTAP_6827} \
	{WELLTAP_6837} \
	{WELLTAP_6838} \
	{WELLTAP_6839} \
	{WELLTAP_6840} \
	{WELLTAP_6841} \
	{WELLTAP_6842} \
	{WELLTAP_6843} \
	{WELLTAP_6844} \
	{WELLTAP_6845} \
	{WELLTAP_6846} \
	{WELLTAP_6847} \
	{WELLTAP_6848} \
	{WELLTAP_6849} \
	{WELLTAP_6850} \
	{WELLTAP_6851} \
	{WELLTAP_6852} \
	{WELLTAP_6853} \
	{WELLTAP_6854} \
	{WELLTAP_6863} \
	{WELLTAP_6864} \
	{WELLTAP_6865} \
	{WELLTAP_6866} \
	{WELLTAP_6867} \
	{WELLTAP_6868} \
	{WELLTAP_6869} \
	{WELLTAP_6870} \
	{WELLTAP_6871} \
	{WELLTAP_6872} \
	{WELLTAP_6873} \
	{WELLTAP_6874} \
	{WELLTAP_6875} \
	{WELLTAP_6876} \
	{WELLTAP_6877} \
	{WELLTAP_6878} \
	{WELLTAP_6879} \
	{WELLTAP_6880} \
	{WELLTAP_6881} \
	{WELLTAP_6891} \
	{WELLTAP_6892} \
	{WELLTAP_6893} \
	{WELLTAP_6894} \
	{WELLTAP_6895} \
	{WELLTAP_6896} \
	{WELLTAP_6897} \
	{WELLTAP_6898} \
	{WELLTAP_6899} \
	{WELLTAP_6900} \
	{WELLTAP_6901} \
	{WELLTAP_6902} \
	{WELLTAP_6903} \
	{WELLTAP_6904} \
	{WELLTAP_6905} \
	{WELLTAP_6906} \
	{WELLTAP_6907} \
	{WELLTAP_6908} \
	{WELLTAP_6917} \
	{WELLTAP_6918} \
	{WELLTAP_6919} \
	{WELLTAP_6920} \
	{WELLTAP_6921} \
	{WELLTAP_6922} \
	{WELLTAP_6923} \
	{WELLTAP_6924} \
	{WELLTAP_6925} \
	{WELLTAP_6926} \
	{WELLTAP_6927} \
	{WELLTAP_6928} \
	{WELLTAP_6929} \
	{WELLTAP_6930} \
	{WELLTAP_6931} \
	{WELLTAP_6932} \
	{WELLTAP_6933} \
	{WELLTAP_6934} \
	{WELLTAP_6935} \
	{WELLTAP_6945} \
	{WELLTAP_6946} \
	{WELLTAP_6947} \
	{WELLTAP_6948} \
	{WELLTAP_6949} \
	{WELLTAP_6950} \
	{WELLTAP_6951} \
	{WELLTAP_6952} \
	{WELLTAP_6953} \
	{WELLTAP_6954} \
	{WELLTAP_6955} \
	{WELLTAP_6956} \
	{WELLTAP_6957} \
	{WELLTAP_6958} \
	{WELLTAP_6959} \
	{WELLTAP_6960} \
	{WELLTAP_6961} \
	{WELLTAP_6962} \
	{WELLTAP_6971} \
	{WELLTAP_6972} \
	{WELLTAP_6973} \
	{WELLTAP_6974} \
	{WELLTAP_6975} \
	{WELLTAP_6976} \
	{WELLTAP_6977} \
	{WELLTAP_6978} \
	{WELLTAP_6979} \
	{WELLTAP_6980} \
	{WELLTAP_6981} \
	{WELLTAP_6982} \
	{WELLTAP_6983} \
	{WELLTAP_6984} \
	{WELLTAP_6985} \
	{WELLTAP_6986} \
	{WELLTAP_6987} \
	{WELLTAP_6988} \
	{WELLTAP_6989} \
	{WELLTAP_6999} \
	{WELLTAP_7000} \
	{WELLTAP_7001} \
	{WELLTAP_7002} \
	{WELLTAP_7003} \
	{WELLTAP_7004} \
	{WELLTAP_7005} \
	{WELLTAP_7006} \
	{WELLTAP_7007} \
	{WELLTAP_7008} \
	{WELLTAP_7009} \
	{WELLTAP_7010} \
	{WELLTAP_7011} \
	{WELLTAP_7012} \
	{WELLTAP_7013} \
	{WELLTAP_7014} \
	{WELLTAP_7015} \
	{WELLTAP_7016} \
	{WELLTAP_7025} \
	{WELLTAP_7026} \
	{WELLTAP_7027} \
	{WELLTAP_7028} \
	{WELLTAP_7029} \
	{WELLTAP_7030} \
	{WELLTAP_7031} \
	{WELLTAP_7032} \
	{WELLTAP_7033} \
	{WELLTAP_7034} \
	{WELLTAP_7035} \
	{WELLTAP_7036} \
	{WELLTAP_7037} \
	{WELLTAP_7038} \
	{WELLTAP_7039} \
	{WELLTAP_7040} \
	{WELLTAP_7041} \
	{WELLTAP_7042} \
	{WELLTAP_7043} \
	{WELLTAP_7053} \
	{WELLTAP_7054} \
	{WELLTAP_7055} \
	{WELLTAP_7056} \
	{WELLTAP_7057} \
	{WELLTAP_7058} \
	{WELLTAP_7059} \
	{WELLTAP_7060} \
	{WELLTAP_7061} \
	{WELLTAP_7062} \
	{WELLTAP_7063} \
	{WELLTAP_7064} \
	{WELLTAP_7065} \
	{WELLTAP_7066} \
	{WELLTAP_7067} \
	{WELLTAP_7068} \
	{WELLTAP_7069} \
	{WELLTAP_7070} \
	{WELLTAP_7079} \
	{WELLTAP_7080} \
	{WELLTAP_7081} \
	{WELLTAP_7082} \
	{WELLTAP_7083} \
	{WELLTAP_7084} \
	{WELLTAP_7085} \
	{WELLTAP_7086} \
	{WELLTAP_7087} \
	{WELLTAP_7088} \
	{WELLTAP_7089} \
	{WELLTAP_7090} \
	{WELLTAP_7091} \
	{WELLTAP_7092} \
	{WELLTAP_7093} \
	{WELLTAP_7094} \
	{WELLTAP_7095} \
	{WELLTAP_7096} \
	{WELLTAP_7097} \
	{WELLTAP_7107} \
	{WELLTAP_7108} \
	{WELLTAP_7109} \
	{WELLTAP_7110} \
	{WELLTAP_7111} \
	{WELLTAP_7112} \
	{WELLTAP_7113} \
	{WELLTAP_7114} \
	{WELLTAP_7115} \
	{WELLTAP_7116} \
	{WELLTAP_7117} \
	{WELLTAP_7118} \
	{WELLTAP_7119} \
	{WELLTAP_7120} \
	{WELLTAP_7121} \
	{WELLTAP_7122} \
	{WELLTAP_7123} \
	{WELLTAP_7124} \
	{WELLTAP_7133} \
	{WELLTAP_7134} \
	{WELLTAP_7135} \
	{WELLTAP_7136} \
	{WELLTAP_7137} \
	{WELLTAP_7138} \
	{WELLTAP_7139} \
	{WELLTAP_7140} \
	{WELLTAP_7141} \
	{WELLTAP_7142} \
	{WELLTAP_7143} \
	{WELLTAP_7144} \
	{WELLTAP_7145} \
	{WELLTAP_7146} \
	{WELLTAP_7147} \
	{WELLTAP_7148} \
	{WELLTAP_7149} \
	{WELLTAP_7150} \
	{WELLTAP_7151} \
	{WELLTAP_7161} \
	{WELLTAP_7162} \
	{WELLTAP_7163} \
	{WELLTAP_7164} \
	{WELLTAP_7165} \
	{WELLTAP_7166} \
	{WELLTAP_7167} \
	{WELLTAP_7168} \
	{WELLTAP_7169} \
	{WELLTAP_7170} \
	{WELLTAP_7171} \
	{WELLTAP_7172} \
	{WELLTAP_7173} \
	{WELLTAP_7174} \
	{WELLTAP_7175} \
	{WELLTAP_7176} \
	{WELLTAP_7177} \
	{WELLTAP_7178} \
	{WELLTAP_7187} \
	{WELLTAP_7188} \
	{WELLTAP_7189} \
	{WELLTAP_7190} \
	{WELLTAP_7191} \
	{WELLTAP_7192} \
	{WELLTAP_7193} \
	{WELLTAP_7194} \
	{WELLTAP_7195} \
	{WELLTAP_7196} \
	{WELLTAP_7197} \
	{WELLTAP_7198} \
	{WELLTAP_7199} \
	{WELLTAP_7200} \
	{WELLTAP_7201} \
	{WELLTAP_7202} \
	{WELLTAP_7203} \
	{WELLTAP_7204} \
	{WELLTAP_7205} \
	{WELLTAP_7215} \
	{WELLTAP_7216} \
	{WELLTAP_7217} \
	{WELLTAP_7218} \
	{WELLTAP_7219} \
	{WELLTAP_7220} \
	{WELLTAP_7221} \
	{WELLTAP_7222} \
	{WELLTAP_7223} \
	{WELLTAP_7224} \
	{WELLTAP_7225} \
	{WELLTAP_7226} \
	{WELLTAP_7227} \
	{WELLTAP_7228} \
	{WELLTAP_7229} \
	{WELLTAP_7230} \
	{WELLTAP_7231} \
	{WELLTAP_7232} \
	{WELLTAP_7241} \
	{WELLTAP_7242} \
	{WELLTAP_7243} \
	{WELLTAP_7244} \
	{WELLTAP_7245} \
	{WELLTAP_7246} \
	{WELLTAP_7247} \
	{WELLTAP_7248} \
	{WELLTAP_7249} \
	{WELLTAP_7250} \
	{WELLTAP_7251} \
	{WELLTAP_7252} \
	{WELLTAP_7253} \
	{WELLTAP_7254} \
	{WELLTAP_7255} \
	{WELLTAP_7256} \
	{WELLTAP_7257} \
	{WELLTAP_7258} \
	{WELLTAP_7259} \
	{WELLTAP_7269} \
	{WELLTAP_7270} \
	{WELLTAP_7271} \
	{WELLTAP_7272} \
	{WELLTAP_7273} \
	{WELLTAP_7274} \
	{WELLTAP_7275} \
	{WELLTAP_7276} \
	{WELLTAP_7277} \
	{WELLTAP_7278} \
	{WELLTAP_7279} \
	{WELLTAP_7280} \
	{WELLTAP_7281} \
	{WELLTAP_7282} \
	{WELLTAP_7283} \
	{WELLTAP_7284} \
	{WELLTAP_7285} \
	{WELLTAP_7286} \
	{WELLTAP_7295} \
	{WELLTAP_7296} \
	{WELLTAP_7297} \
	{WELLTAP_7298} \
	{WELLTAP_7299} \
	{WELLTAP_7300} \
	{WELLTAP_7301} \
	{WELLTAP_7302} \
	{WELLTAP_7303} \
	{WELLTAP_7304} \
	{WELLTAP_7305} \
	{WELLTAP_7306} \
	{WELLTAP_7307} \
	{WELLTAP_7308} \
	{WELLTAP_7309} \
	{WELLTAP_7310} \
	{WELLTAP_7311} \
	{WELLTAP_7312} \
	{WELLTAP_7313} \
	{WELLTAP_7323} \
	{WELLTAP_7324} \
	{WELLTAP_7325} \
	{WELLTAP_7326} \
	{WELLTAP_7327} \
	{WELLTAP_7328} \
	{WELLTAP_7329} \
	{WELLTAP_7330} \
	{WELLTAP_7331} \
	{WELLTAP_7332} \
	{WELLTAP_7333} \
	{WELLTAP_7334} \
	{WELLTAP_7335} \
	{WELLTAP_7336} \
	{WELLTAP_7337} \
	{WELLTAP_7338} \
	{WELLTAP_7339} \
	{WELLTAP_7340} \
	{WELLTAP_7349} \
	{WELLTAP_7350} \
	{WELLTAP_7351} \
	{WELLTAP_7352} \
	{WELLTAP_7353} \
	{WELLTAP_7354} \
	{WELLTAP_7355} \
	{WELLTAP_7356} \
	{WELLTAP_7357} \
	{WELLTAP_7358} \
	{WELLTAP_7359} \
	{WELLTAP_7360} \
	{WELLTAP_7361} \
	{WELLTAP_7362} \
	{WELLTAP_7363} \
	{WELLTAP_7364} \
	{WELLTAP_7365} \
	{WELLTAP_7366} \
	{WELLTAP_7367} \
	{WELLTAP_7377} \
	{WELLTAP_7378} \
	{WELLTAP_7379} \
	{WELLTAP_7380} \
	{WELLTAP_7381} \
	{WELLTAP_7382} \
	{WELLTAP_7383} \
	{WELLTAP_7384} \
	{WELLTAP_7385} \
	{WELLTAP_7386} \
	{WELLTAP_7387} \
	{WELLTAP_7388} \
	{WELLTAP_7389} \
	{WELLTAP_7390} \
	{WELLTAP_7391} \
	{WELLTAP_7392} \
	{WELLTAP_7393} \
	{WELLTAP_7394} \
	{WELLTAP_7403} \
	{WELLTAP_7404} \
	{WELLTAP_7405} \
	{WELLTAP_7406} \
	{WELLTAP_7407} \
	{WELLTAP_7408} \
	{WELLTAP_7409} \
	{WELLTAP_7410} \
	{WELLTAP_7411} \
	{WELLTAP_7412} \
	{WELLTAP_7413} \
	{WELLTAP_7414} \
	{WELLTAP_7415} \
	{WELLTAP_7416} \
	{WELLTAP_7417} \
	{WELLTAP_7418} \
	{WELLTAP_7419} \
	{WELLTAP_7420} \
	{WELLTAP_7421} \
	{WELLTAP_7431} \
	{WELLTAP_7432} \
	{WELLTAP_7433} \
	{WELLTAP_7434} \
	{WELLTAP_7435} \
	{WELLTAP_7436} \
	{WELLTAP_7437} \
	{WELLTAP_7438} \
	{WELLTAP_7439} \
	{WELLTAP_7440} \
	{WELLTAP_7441} \
	{WELLTAP_7442} \
	{WELLTAP_7443} \
	{WELLTAP_7444} \
	{WELLTAP_7445} \
	{WELLTAP_7446} \
	{WELLTAP_7447} \
	{WELLTAP_7448} \
	{WELLTAP_7457} \
	{WELLTAP_7458} \
	{WELLTAP_7459} \
	{WELLTAP_7460} \
	{WELLTAP_7461} \
	{WELLTAP_7462} \
	{WELLTAP_7463} \
	{WELLTAP_7464} \
	{WELLTAP_7465} \
	{WELLTAP_7466} \
	{WELLTAP_7467} \
	{WELLTAP_7468} \
	{WELLTAP_7469} \
	{WELLTAP_7470} \
	{WELLTAP_7471} \
	{WELLTAP_7472} \
	{WELLTAP_7473} \
	{WELLTAP_7474} \
	{WELLTAP_7475} \
	{WELLTAP_7485} \
	{WELLTAP_7486} \
	{WELLTAP_7487} \
	{WELLTAP_7488} \
	{WELLTAP_7489} \
	{WELLTAP_7490} \
	{WELLTAP_7491} \
	{WELLTAP_7492} \
	{WELLTAP_7493} \
	{WELLTAP_7494} \
	{WELLTAP_7495} \
	{WELLTAP_7496} \
	{WELLTAP_7497} \
	{WELLTAP_7498} \
	{WELLTAP_7499} \
	{WELLTAP_7500} \
	{WELLTAP_7501} \
	{WELLTAP_7502} \
	{WELLTAP_7511} \
	{WELLTAP_7512} \
	{WELLTAP_7513} \
	{WELLTAP_7514} \
	{WELLTAP_7515} \
	{WELLTAP_7516} \
	{WELLTAP_7517} \
	{WELLTAP_7518} \
	{WELLTAP_7519} \
	{WELLTAP_7520} \
	{WELLTAP_7521} \
	{WELLTAP_7522} \
	{WELLTAP_7523} \
	{WELLTAP_7524} \
	{WELLTAP_7525} \
	{WELLTAP_7526} \
	{WELLTAP_7527} \
	{WELLTAP_7528} \
	{WELLTAP_7529} \
	{WELLTAP_7539} \
	{WELLTAP_7540} \
	{WELLTAP_7541} \
	{WELLTAP_7542} \
	{WELLTAP_7543} \
	{WELLTAP_7544} \
	{WELLTAP_7545} \
	{WELLTAP_7546} \
	{WELLTAP_7547} \
	{WELLTAP_7548} \
	{WELLTAP_7549} \
	{WELLTAP_7550} \
	{WELLTAP_7551} \
	{WELLTAP_7552} \
	{WELLTAP_7553} \
	{WELLTAP_7554} \
	{WELLTAP_7555} \
	{WELLTAP_7556} \
	{WELLTAP_7565} \
	{WELLTAP_7566} \
	{WELLTAP_7567} \
	{WELLTAP_7568} \
	{WELLTAP_7569} \
	{WELLTAP_7570} \
	{WELLTAP_7571} \
	{WELLTAP_7572} \
	{WELLTAP_7573} \
	{WELLTAP_7574} \
	{WELLTAP_7575} \
	{WELLTAP_7576} \
	{WELLTAP_7577} \
	{WELLTAP_7578} \
	{WELLTAP_7579} \
	{WELLTAP_7580} \
	{WELLTAP_7581} \
	{WELLTAP_7582} \
	{WELLTAP_7583} \
	{WELLTAP_7593} \
	{WELLTAP_7594} \
	{WELLTAP_7595} \
	{WELLTAP_7596} \
	{WELLTAP_7597} \
	{WELLTAP_7598} \
	{WELLTAP_7599} \
	{WELLTAP_7600} \
	{WELLTAP_7601} \
	{WELLTAP_7602} \
	{WELLTAP_7603} \
	{WELLTAP_7604} \
	{WELLTAP_7605} \
	{WELLTAP_7606} \
	{WELLTAP_7607} \
	{WELLTAP_7608} \
	{WELLTAP_7609} \
	{WELLTAP_7610} \
	{WELLTAP_7619} \
	{WELLTAP_7620} \
	{WELLTAP_7621} \
	{WELLTAP_7622} \
	{WELLTAP_7623} \
	{WELLTAP_7624} \
	{WELLTAP_7625} \
	{WELLTAP_7626} \
	{WELLTAP_7627} \
	{WELLTAP_7628} \
	{WELLTAP_7629} \
	{WELLTAP_7630} \
	{WELLTAP_7631} \
	{WELLTAP_7632} \
	{WELLTAP_7633} \
	{WELLTAP_7634} \
	{WELLTAP_7635} \
	{WELLTAP_7636} \
	{WELLTAP_7637} \
	{WELLTAP_7647} \
	{WELLTAP_7648} \
	{WELLTAP_7649} \
	{WELLTAP_7650} \
	{WELLTAP_7651} \
	{WELLTAP_7652} \
	{WELLTAP_7653} \
	{WELLTAP_7654} \
	{WELLTAP_7655} \
	{WELLTAP_7656} \
	{WELLTAP_7657} \
	{WELLTAP_7658} \
	{WELLTAP_7659} \
	{WELLTAP_7660} \
	{WELLTAP_7661} \
	{WELLTAP_7662} \
	{WELLTAP_7663} \
	{WELLTAP_7664} \
	{WELLTAP_7673} \
	{WELLTAP_7674} \
	{WELLTAP_7675} \
	{WELLTAP_7676} \
	{WELLTAP_7677} \
	{WELLTAP_7678} \
	{WELLTAP_7679} \
	{WELLTAP_7680} \
	{WELLTAP_7681} \
	{WELLTAP_7682} \
	{WELLTAP_7683} \
	{WELLTAP_7684} \
	{WELLTAP_7685} \
	{WELLTAP_7686} \
	{WELLTAP_7687} \
	{WELLTAP_7688} \
	{WELLTAP_7689} \
	{WELLTAP_7690} \
	{WELLTAP_7691} \
	{WELLTAP_7701} \
	{WELLTAP_7702} \
	{WELLTAP_7703} \
	{WELLTAP_7704} \
	{WELLTAP_7705} \
	{WELLTAP_7706} \
	{WELLTAP_7707} \
	{WELLTAP_7708} \
	{WELLTAP_7709} \
	{WELLTAP_7710} \
	{WELLTAP_7711} \
	{WELLTAP_7712} \
	{WELLTAP_7713} \
	{WELLTAP_7714} \
	{WELLTAP_7715} \
	{WELLTAP_7716} \
	{WELLTAP_7717} \
	{WELLTAP_7718} \
	{WELLTAP_7727} \
	{WELLTAP_7728} \
	{WELLTAP_7729} \
	{WELLTAP_7730} \
	{WELLTAP_7731} \
	{WELLTAP_7732} \
	{WELLTAP_7733} \
	{WELLTAP_7734} \
	{WELLTAP_7735} \
	{WELLTAP_7736} \
	{WELLTAP_7737} \
	{WELLTAP_7738} \
	{WELLTAP_7739} \
	{WELLTAP_7740} \
	{WELLTAP_7741} \
	{WELLTAP_7742} \
	{WELLTAP_7743} \
	{WELLTAP_7744} \
	{WELLTAP_7745} \
	{WELLTAP_7755} \
	{WELLTAP_7756} \
	{WELLTAP_7757} \
	{WELLTAP_7758} \
	{WELLTAP_7759} \
	{WELLTAP_7760} \
	{WELLTAP_7761} \
	{WELLTAP_7762} \
	{WELLTAP_7763} \
	{WELLTAP_7764} \
	{WELLTAP_7765} \
	{WELLTAP_7766} \
	{WELLTAP_7767} \
	{WELLTAP_7768} \
	{WELLTAP_7769} \
	{WELLTAP_7770} \
	{WELLTAP_7771} \
	{WELLTAP_7772} \
	{WELLTAP_7781} \
	{WELLTAP_7782} \
	{WELLTAP_7783} \
	{WELLTAP_7784} \
	{WELLTAP_7785} \
	{WELLTAP_7786} \
	{WELLTAP_7787} \
	{WELLTAP_7788} \
	{WELLTAP_7789} \
	{WELLTAP_7790} \
	{WELLTAP_7791} \
	{WELLTAP_7792} \
	{WELLTAP_7793} \
	{WELLTAP_7794} \
	{WELLTAP_7795} \
	{WELLTAP_7796} \
	{WELLTAP_7797} \
	{WELLTAP_7798} \
	{WELLTAP_7799} \
	{WELLTAP_7809} \
	{WELLTAP_7810} \
	{WELLTAP_7811} \
	{WELLTAP_7812} \
	{WELLTAP_7813} \
	{WELLTAP_7814} \
	{WELLTAP_7815} \
	{WELLTAP_7816} \
	{WELLTAP_7817} \
	{WELLTAP_7818} \
	{WELLTAP_7819} \
	{WELLTAP_7820} \
	{WELLTAP_7821} \
	{WELLTAP_7822} \
	{WELLTAP_7823} \
	{WELLTAP_7824} \
	{WELLTAP_7825} \
	{WELLTAP_7826} \
	{WELLTAP_7835} \
	{WELLTAP_7836} \
	{WELLTAP_7837} \
	{WELLTAP_7838} \
	{WELLTAP_7839} \
	{WELLTAP_7840} \
	{WELLTAP_7841} \
	{WELLTAP_7842} \
	{WELLTAP_7843} \
	{WELLTAP_7844} \
	{WELLTAP_7845} \
	{WELLTAP_7846} \
	{WELLTAP_7847} \
	{WELLTAP_7848} \
	{WELLTAP_7849} \
	{WELLTAP_7850} \
	{WELLTAP_7851} \
	{WELLTAP_7852} \
	{WELLTAP_7853} \
	{WELLTAP_7863} \
	{WELLTAP_7864} \
	{WELLTAP_7865} \
	{WELLTAP_7866} \
	{WELLTAP_7867} \
	{WELLTAP_7868} \
	{WELLTAP_7869} \
	{WELLTAP_7870} \
	{WELLTAP_7871} \
	{WELLTAP_7872} \
	{WELLTAP_7873} \
	{WELLTAP_7874} \
	{WELLTAP_7875} \
	{WELLTAP_7876} \
	{WELLTAP_7877} \
	{WELLTAP_7878} \
	{WELLTAP_7879} \
	{WELLTAP_7880} \
	{WELLTAP_7889} \
	{WELLTAP_7890} \
	{WELLTAP_7891} \
	{WELLTAP_7892} \
	{WELLTAP_7893} \
	{WELLTAP_7894} \
	{WELLTAP_7895} \
	{WELLTAP_7896} \
	{WELLTAP_7897} \
	{WELLTAP_7898} \
	{WELLTAP_7899} \
	{WELLTAP_7900} \
	{WELLTAP_7901} \
	{WELLTAP_7902} \
	{WELLTAP_7903} \
	{WELLTAP_7904} \
	{WELLTAP_7905} \
	{WELLTAP_7906} \
	{WELLTAP_7907} \
	{WELLTAP_7917} \
	{WELLTAP_7918} \
	{WELLTAP_7919} \
	{WELLTAP_7920} \
	{WELLTAP_7921} \
	{WELLTAP_7922} \
	{WELLTAP_7923} \
	{WELLTAP_7924} \
	{WELLTAP_7925} \
	{WELLTAP_7926} \
	{WELLTAP_7927} \
	{WELLTAP_7928} \
	{WELLTAP_7929} \
	{WELLTAP_7930} \
	{WELLTAP_7931} \
	{WELLTAP_7932} \
	{WELLTAP_7933} \
	{WELLTAP_7934} \
	{WELLTAP_7943} \
	{WELLTAP_7944} \
	{WELLTAP_7945} \
	{WELLTAP_7946} \
	{WELLTAP_7947} \
	{WELLTAP_7948} \
	{WELLTAP_7949} \
	{WELLTAP_7950} \
	{WELLTAP_7951} \
	{WELLTAP_7952} \
	{WELLTAP_7953} \
	{WELLTAP_7954} \
	{WELLTAP_7955} \
	{WELLTAP_7956} \
	{WELLTAP_7957} \
	{WELLTAP_7958} \
	{WELLTAP_7959} \
	{WELLTAP_7960} \
	{WELLTAP_7961} \
	{WELLTAP_7971} \
	{WELLTAP_7972} \
	{WELLTAP_7973} \
	{WELLTAP_7974} \
	{WELLTAP_7975} \
	{WELLTAP_7976} \
	{WELLTAP_7977} \
	{WELLTAP_7978} \
	{WELLTAP_7979} \
	{WELLTAP_7980} \
	{WELLTAP_7981} \
	{WELLTAP_7982} \
	{WELLTAP_7983} \
	{WELLTAP_7984} \
	{WELLTAP_7985} \
	{WELLTAP_7986} \
	{WELLTAP_7987} \
	{WELLTAP_7988} \
	{WELLTAP_7997} \
	{WELLTAP_7998} \
	{WELLTAP_7999} \
	{WELLTAP_8000} \
	{WELLTAP_8001} \
	{WELLTAP_8002} \
	{WELLTAP_8003} \
	{WELLTAP_8004} \
	{WELLTAP_8005} \
	{WELLTAP_8006} \
	{WELLTAP_8007} \
	{WELLTAP_8008} \
	{WELLTAP_8009} \
	{WELLTAP_8010} \
	{WELLTAP_8011} \
	{WELLTAP_8012} \
	{WELLTAP_8013} \
	{WELLTAP_8014} \
	{WELLTAP_8015} \
	{WELLTAP_8025} \
	{WELLTAP_8026} \
	{WELLTAP_8027} \
	{WELLTAP_8028} \
	{WELLTAP_8029} \
	{WELLTAP_8030} \
	{WELLTAP_8031} \
	{WELLTAP_8032} \
	{WELLTAP_8033} \
	{WELLTAP_8034} \
	{WELLTAP_8035} \
	{WELLTAP_8036} \
	{WELLTAP_8037} \
	{WELLTAP_8038} \
	{WELLTAP_8039} \
	{WELLTAP_8040} \
	{WELLTAP_8041} \
	{WELLTAP_8042} \
	{WELLTAP_8051} \
	{WELLTAP_8052} \
	{WELLTAP_8053} \
	{WELLTAP_8054} \
	{WELLTAP_8055} \
	{WELLTAP_8056} \
	{WELLTAP_8057} \
	{WELLTAP_8058} \
	{WELLTAP_8059} \
	{WELLTAP_8060} \
	{WELLTAP_8061} \
	{WELLTAP_8062} \
	{WELLTAP_8063} \
	{WELLTAP_8064} \
	{WELLTAP_8065} \
	{WELLTAP_8066} \
	{WELLTAP_8067} \
	{WELLTAP_8068} \
	{WELLTAP_8069} \
	{WELLTAP_8079} \
	{WELLTAP_8080} \
	{WELLTAP_8081} \
	{WELLTAP_8082} \
	{WELLTAP_8083} \
	{WELLTAP_8084} \
	{WELLTAP_8085} \
	{WELLTAP_8086} \
	{WELLTAP_8087} \
	{WELLTAP_8088} \
	{WELLTAP_8089} \
	{WELLTAP_8090} \
	{WELLTAP_8091} \
	{WELLTAP_8092} \
	{WELLTAP_8093} \
	{WELLTAP_8094} \
	{WELLTAP_8095} \
	{WELLTAP_8096} \
	{WELLTAP_8105} \
	{WELLTAP_8106} \
	{WELLTAP_8107} \
	{WELLTAP_8108} \
	{WELLTAP_8109} \
	{WELLTAP_8110} \
	{WELLTAP_8111} \
	{WELLTAP_8112} \
	{WELLTAP_8113} \
	{WELLTAP_8114} \
	{WELLTAP_8115} \
	{WELLTAP_8116} \
	{WELLTAP_8117} \
	{WELLTAP_8118} \
	{WELLTAP_8119} \
	{WELLTAP_8120} \
	{WELLTAP_8121} \
	{WELLTAP_8122} \
	{WELLTAP_8123} \
	{WELLTAP_8133} \
	{WELLTAP_8134} \
	{WELLTAP_8135} \
	{WELLTAP_8136} \
	{WELLTAP_8137} \
	{WELLTAP_8138} \
	{WELLTAP_8139} \
	{WELLTAP_8140} \
	{WELLTAP_8141} \
	{WELLTAP_8142} \
	{WELLTAP_8143} \
	{WELLTAP_8144} \
	{WELLTAP_8145} \
	{WELLTAP_8146} \
	{WELLTAP_8147} \
	{WELLTAP_8148} \
	{WELLTAP_8149} \
	{WELLTAP_8150} \
	{WELLTAP_8159} \
	{WELLTAP_8160} \
	{WELLTAP_8161} \
	{WELLTAP_8162} \
	{WELLTAP_8163} \
	{WELLTAP_8164} \
	{WELLTAP_8165} \
	{WELLTAP_8166} \
	{WELLTAP_8167} \
	{WELLTAP_8168} \
	{WELLTAP_8169} \
	{WELLTAP_8170} \
	{WELLTAP_8171} \
	{WELLTAP_8172} \
	{WELLTAP_8173} \
	{WELLTAP_8174} \
	{WELLTAP_8175} \
	{WELLTAP_8176} \
	{WELLTAP_8177} \
	{WELLTAP_8187} \
	{WELLTAP_8188} \
	{WELLTAP_8189} \
	{WELLTAP_8190} \
	{WELLTAP_8191} \
	{WELLTAP_8192} \
	{WELLTAP_8193} \
	{WELLTAP_8194} \
	{WELLTAP_8195} \
	{WELLTAP_8196} \
	{WELLTAP_8197} \
	{WELLTAP_8198} \
	{WELLTAP_8199} \
	{WELLTAP_8200} \
	{WELLTAP_8201} \
	{WELLTAP_8202} \
	{WELLTAP_8203} \
	{WELLTAP_8204} \
	{WELLTAP_8213} \
	{WELLTAP_8214} \
	{WELLTAP_8215} \
	{WELLTAP_8216} \
	{WELLTAP_8217} \
	{WELLTAP_8218} \
	{WELLTAP_8219} \
	{WELLTAP_8220} \
	{WELLTAP_8221} \
	{WELLTAP_8222} \
	{WELLTAP_8223} \
	{WELLTAP_8224} \
	{WELLTAP_8225} \
	{WELLTAP_8226} \
	{WELLTAP_8227} \
	{WELLTAP_8228} \
	{WELLTAP_8229} \
	{WELLTAP_8230} \
	{WELLTAP_8231} \
	{WELLTAP_8241} \
	{WELLTAP_8242} \
	{WELLTAP_8243} \
	{WELLTAP_8244} \
	{WELLTAP_8245} \
	{WELLTAP_8246} \
	{WELLTAP_8247} \
	{WELLTAP_8248} \
	{WELLTAP_8249} \
	{WELLTAP_8250} \
	{WELLTAP_8251} \
	{WELLTAP_8252} \
	{WELLTAP_8253} \
	{WELLTAP_8254} \
	{WELLTAP_8255} \
	{WELLTAP_8256} \
	{WELLTAP_8257} \
	{WELLTAP_8258} \
	{WELLTAP_8267} \
	{WELLTAP_8268} \
	{WELLTAP_8269} \
	{WELLTAP_8270} \
	{WELLTAP_8271} \
	{WELLTAP_8272} \
	{WELLTAP_8273} \
	{WELLTAP_8274} \
	{WELLTAP_8275} \
	{WELLTAP_8276} \
	{WELLTAP_8277} \
	{WELLTAP_8278} \
	{WELLTAP_8279} \
	{WELLTAP_8280} \
	{WELLTAP_8281} \
	{WELLTAP_8282} \
	{WELLTAP_8283} \
	{WELLTAP_8284} \
	{WELLTAP_8285} \
	{WELLTAP_8295} \
	{WELLTAP_8296} \
	{WELLTAP_8297} \
	{WELLTAP_8298} \
	{WELLTAP_8299} \
	{WELLTAP_8300} \
	{WELLTAP_8301} \
	{WELLTAP_8302} \
	{WELLTAP_8303} \
	{WELLTAP_8304} \
	{WELLTAP_8305} \
	{WELLTAP_8306} \
	{WELLTAP_8307} \
	{WELLTAP_8308} \
	{WELLTAP_8309} \
	{WELLTAP_8310} \
	{WELLTAP_8311} \
	{WELLTAP_8312} \
	{WELLTAP_8321} \
	{WELLTAP_8322} \
	{WELLTAP_8323} \
	{WELLTAP_8324} \
	{WELLTAP_8325} \
	{WELLTAP_8326} \
	{WELLTAP_8327} \
	{WELLTAP_8328} \
	{WELLTAP_8329} \
	{WELLTAP_8330} \
	{WELLTAP_8331} \
	{WELLTAP_8332} \
	{WELLTAP_8333} \
	{WELLTAP_8334} \
	{WELLTAP_8335} \
	{WELLTAP_8336} \
	{WELLTAP_8337} \
	{WELLTAP_8338} \
	{WELLTAP_8339} \
	{WELLTAP_8349} \
	{WELLTAP_8350} \
	{WELLTAP_8351} \
	{WELLTAP_8352} \
	{WELLTAP_8353} \
	{WELLTAP_8354} \
	{WELLTAP_8355} \
	{WELLTAP_8356} \
	{WELLTAP_8357} \
	{WELLTAP_8358} \
	{WELLTAP_8359} \
	{WELLTAP_8360} \
	{WELLTAP_8361} \
	{WELLTAP_8362} \
	{WELLTAP_8363} \
	{WELLTAP_8364} \
	{WELLTAP_8365} \
	{WELLTAP_8366} \
	{WELLTAP_8375} \
	{WELLTAP_8376} \
	{WELLTAP_8377} \
	{WELLTAP_8378} \
	{WELLTAP_8379} \
	{WELLTAP_8380} \
	{WELLTAP_8381} \
	{WELLTAP_8382} \
	{WELLTAP_8383} \
	{WELLTAP_8384} \
	{WELLTAP_8385} \
	{WELLTAP_8386} \
	{WELLTAP_8387} \
	{WELLTAP_8388} \
	{WELLTAP_8389} \
	{WELLTAP_8390} \
	{WELLTAP_8391} \
	{WELLTAP_8392} \
	{WELLTAP_8393} \
	{WELLTAP_8403} \
	{WELLTAP_8404} \
	{WELLTAP_8405} \
	{WELLTAP_8406} \
	{WELLTAP_8407} \
	{WELLTAP_8408} \
	{WELLTAP_8409} \
	{WELLTAP_8410} \
	{WELLTAP_8411} \
	{WELLTAP_8412} \
	{WELLTAP_8413} \
	{WELLTAP_8414} \
	{WELLTAP_8415} \
	{WELLTAP_8416} \
	{WELLTAP_8417} \
	{WELLTAP_8418} \
	{WELLTAP_8419} \
	{WELLTAP_8420} \
	{WELLTAP_8429} \
	{WELLTAP_8430} \
	{WELLTAP_8431} \
	{WELLTAP_8432} \
	{WELLTAP_8433} \
	{WELLTAP_8434} \
	{WELLTAP_8435} \
	{WELLTAP_8436} \
	{WELLTAP_8437} \
	{WELLTAP_8438} \
	{WELLTAP_8439} \
	{WELLTAP_8440} \
	{WELLTAP_8441} \
	{WELLTAP_8442} \
	{WELLTAP_8443} \
	{WELLTAP_8444} \
	{WELLTAP_8445} \
	{WELLTAP_8446} \
	{WELLTAP_8447} \
	{WELLTAP_8457} \
	{WELLTAP_8458} \
	{WELLTAP_8459} \
	{WELLTAP_8460} \
	{WELLTAP_8461} \
	{WELLTAP_8462} \
	{WELLTAP_8463} \
	{WELLTAP_8464} \
	{WELLTAP_8465} \
	{WELLTAP_8466} \
	{WELLTAP_8467} \
	{WELLTAP_8468} \
	{WELLTAP_8469} \
	{WELLTAP_8470} \
	{WELLTAP_8471} \
	{WELLTAP_8472} \
	{WELLTAP_8473} \
	{WELLTAP_8474} \
	{WELLTAP_8483} \
	{WELLTAP_8484} \
	{WELLTAP_8485} \
	{WELLTAP_8486} \
	{WELLTAP_8487} \
	{WELLTAP_8488} \
	{WELLTAP_8489} \
	{WELLTAP_8490} \
	{WELLTAP_8491} \
	{WELLTAP_8492} \
	{WELLTAP_8493} \
	{WELLTAP_8494} \
	{WELLTAP_8495} \
	{WELLTAP_8496} \
	{WELLTAP_8497} \
	{WELLTAP_8498} \
	{WELLTAP_8499} \
	{WELLTAP_8500} \
	{WELLTAP_8501} \
	{WELLTAP_8511} \
	{WELLTAP_8512} \
	{WELLTAP_8513} \
	{WELLTAP_8514} \
	{WELLTAP_8515} \
	{WELLTAP_8516} \
	{WELLTAP_8517} \
	{WELLTAP_8518} \
	{WELLTAP_8519} \
	{WELLTAP_8520} \
	{WELLTAP_8521} \
	{WELLTAP_8522} \
	{WELLTAP_8523} \
	{WELLTAP_8524} \
	{WELLTAP_8525} \
	{WELLTAP_8526} \
	{WELLTAP_8527} \
	{WELLTAP_8528} \
	{WELLTAP_8537} \
	{WELLTAP_8538} \
	{WELLTAP_8539} \
	{WELLTAP_8540} \
	{WELLTAP_8541} \
	{WELLTAP_8542} \
	{WELLTAP_8543} \
	{WELLTAP_8544} \
	{WELLTAP_8545} \
	{WELLTAP_8546} \
	{WELLTAP_8547} \
	{WELLTAP_8548} \
	{WELLTAP_8549} \
	{WELLTAP_8550} \
	{WELLTAP_8551} \
	{WELLTAP_8552} \
	{WELLTAP_8553} \
	{WELLTAP_8554} \
	{WELLTAP_8555} \
	{WELLTAP_8565} \
	{WELLTAP_8566} \
	{WELLTAP_8567} \
	{WELLTAP_8568} \
	{WELLTAP_8569} \
	{WELLTAP_8570} \
	{WELLTAP_8571} \
	{WELLTAP_8572} \
	{WELLTAP_8573} \
	{WELLTAP_8574} \
	{WELLTAP_8575} \
	{WELLTAP_8576} \
	{WELLTAP_8577} \
	{WELLTAP_8578} \
	{WELLTAP_8579} \
	{WELLTAP_8580} \
	{WELLTAP_8581} \
	{WELLTAP_8582} \
	{WELLTAP_8591} \
	{WELLTAP_8592} \
	{WELLTAP_8593} \
	{WELLTAP_8594} \
	{WELLTAP_8595} \
	{WELLTAP_8596} \
	{WELLTAP_8597} \
	{WELLTAP_8598} \
	{WELLTAP_8599} \
	{WELLTAP_8600} \
	{WELLTAP_8601} \
	{WELLTAP_8602} \
	{WELLTAP_8603} \
	{WELLTAP_8604} \
	{WELLTAP_8605} \
	{WELLTAP_8606} \
	{WELLTAP_8607} \
	{WELLTAP_8608} \
	{WELLTAP_8609} \
	{WELLTAP_8619} \
	{WELLTAP_8620} \
	{WELLTAP_8621} \
	{WELLTAP_8622} \
	{WELLTAP_8623} \
	{WELLTAP_8624} \
	{WELLTAP_8625} \
	{WELLTAP_8626} \
	{WELLTAP_8627} \
	{WELLTAP_8628} \
	{WELLTAP_8629} \
	{WELLTAP_8630} \
	{WELLTAP_8631} \
	{WELLTAP_8632} \
	{WELLTAP_8633} \
	{WELLTAP_8634} \
	{WELLTAP_8635} \
	{WELLTAP_8636} \
	{WELLTAP_8645} \
	{WELLTAP_8646} \
	{WELLTAP_8647} \
	{WELLTAP_8648} \
	{WELLTAP_8649} \
	{WELLTAP_8650} \
	{WELLTAP_8651} \
	{WELLTAP_8652} \
	{WELLTAP_8653} \
	{WELLTAP_8654} \
	{WELLTAP_8655} \
	{WELLTAP_8656} \
	{WELLTAP_8657} \
	{WELLTAP_8658} \
	{WELLTAP_8659} \
	{WELLTAP_8660} \
	{WELLTAP_8661} \
	{WELLTAP_8662} \
	{WELLTAP_8663} \
	{WELLTAP_8673} \
	{WELLTAP_8674} \
	{WELLTAP_8675} \
	{WELLTAP_8676} \
	{WELLTAP_8677} \
	{WELLTAP_8678} \
	{WELLTAP_8679} \
	{WELLTAP_8680} \
	{WELLTAP_8681} \
	{WELLTAP_8682} \
	{WELLTAP_8683} \
	{WELLTAP_8684} \
	{WELLTAP_8685} \
	{WELLTAP_8686} \
	{WELLTAP_8687} \
	{WELLTAP_8688} \
	{WELLTAP_8689} \
	{WELLTAP_8690} \
	{WELLTAP_8699} \
	{WELLTAP_8700} \
	{WELLTAP_8701} \
	{WELLTAP_8702} \
	{WELLTAP_8703} \
	{WELLTAP_8704} \
	{WELLTAP_8705} \
	{WELLTAP_8706} \
	{WELLTAP_8707} \
	{WELLTAP_8708} \
	{WELLTAP_8709} \
	{WELLTAP_8710} \
	{WELLTAP_8711} \
	{WELLTAP_8712} \
	{WELLTAP_8713} \
	{WELLTAP_8714} \
	{WELLTAP_8715} \
	{WELLTAP_8716} \
	{WELLTAP_8717} \
	{WELLTAP_8727} \
	{WELLTAP_8728} \
	{WELLTAP_8729} \
	{WELLTAP_8730} \
	{WELLTAP_8731} \
	{WELLTAP_8732} \
	{WELLTAP_8733} \
	{WELLTAP_8734} \
	{WELLTAP_8735} \
	{WELLTAP_8736} \
	{WELLTAP_8737} \
	{WELLTAP_8738} \
	{WELLTAP_8739} \
	{WELLTAP_8740} \
	{WELLTAP_8741} \
	{WELLTAP_8742} \
	{WELLTAP_8743} \
	{WELLTAP_8744} \
	{WELLTAP_8753} \
	{WELLTAP_8754} \
	{WELLTAP_8755} \
	{WELLTAP_8756} \
	{WELLTAP_8757} \
	{WELLTAP_8758} \
	{WELLTAP_8759} \
	{WELLTAP_8760} \
	{WELLTAP_8761} \
	{WELLTAP_8762} \
	{WELLTAP_8763} \
	{WELLTAP_8764} \
	{WELLTAP_8765} \
	{WELLTAP_8766} \
	{WELLTAP_8767} \
	{WELLTAP_8768} \
	{WELLTAP_8769} \
	{WELLTAP_8770} \
	{WELLTAP_8771} \
	{WELLTAP_8781} \
	{WELLTAP_8782} \
	{WELLTAP_8783} \
	{WELLTAP_8784} \
	{WELLTAP_8785} \
	{WELLTAP_8786} \
	{WELLTAP_8787} \
	{WELLTAP_8788} \
	{WELLTAP_8789} \
	{WELLTAP_8790} \
	{WELLTAP_8791} \
	{WELLTAP_8792} \
	{WELLTAP_8793} \
	{WELLTAP_8794} \
	{WELLTAP_8795} \
	{WELLTAP_8796} \
	{WELLTAP_8797} \
	{WELLTAP_8798} \
	{WELLTAP_8807} \
	{WELLTAP_8808} \
	{WELLTAP_8809} \
	{WELLTAP_8810} \
	{WELLTAP_8811} \
	{WELLTAP_8812} \
	{WELLTAP_8813} \
	{WELLTAP_8814} \
	{WELLTAP_8815} \
	{WELLTAP_8816} \
	{WELLTAP_8817} \
	{WELLTAP_8818} \
	{WELLTAP_8819} \
	{WELLTAP_8820} \
	{WELLTAP_8821} \
	{WELLTAP_8822} \
	{WELLTAP_8823} \
	{WELLTAP_8824} \
	{WELLTAP_8825} \
	{WELLTAP_8835} \
	{WELLTAP_8836} \
	{WELLTAP_8837} \
	{WELLTAP_8838} \
	{WELLTAP_8839} \
	{WELLTAP_8840} \
	{WELLTAP_8841} \
	{WELLTAP_8842} \
	{WELLTAP_8843} \
	{WELLTAP_8844} \
	{WELLTAP_8845} \
	{WELLTAP_8846} \
	{WELLTAP_8847} \
	{WELLTAP_8848} \
	{WELLTAP_8849} \
	{WELLTAP_8850} \
	{WELLTAP_8851} \
	{WELLTAP_8852} \
	{WELLTAP_8861} \
	{WELLTAP_8862} \
	{WELLTAP_8863} \
	{WELLTAP_8864} \
	{WELLTAP_8865} \
	{WELLTAP_8866} \
	{WELLTAP_8867} \
	{WELLTAP_8868} \
	{WELLTAP_8869} \
	{WELLTAP_8870} \
	{WELLTAP_8871} \
	{WELLTAP_8872} \
	{WELLTAP_8873} \
	{WELLTAP_8874} \
	{WELLTAP_8875} \
	{WELLTAP_8876} \
	{WELLTAP_8877} \
	{WELLTAP_8878} \
	{WELLTAP_8879} \
	{WELLTAP_8889} \
	{WELLTAP_8890} \
	{WELLTAP_8891} \
	{WELLTAP_8892} \
	{WELLTAP_8893} \
	{WELLTAP_8894} \
	{WELLTAP_8895} \
	{WELLTAP_8896} \
	{WELLTAP_8897} \
	{WELLTAP_8898} \
	{WELLTAP_8899} \
	{WELLTAP_8900} \
	{WELLTAP_8901} \
	{WELLTAP_8902} \
	{WELLTAP_8903} \
	{WELLTAP_8904} \
	{WELLTAP_8905} \
	{WELLTAP_8906} \
	{WELLTAP_8915} \
	{WELLTAP_8916} \
	{WELLTAP_8917} \
	{WELLTAP_8918} \
	{WELLTAP_8919} \
	{WELLTAP_8920} \
	{WELLTAP_8921} \
	{WELLTAP_8922} \
	{WELLTAP_8923} \
	{WELLTAP_8924} \
	{WELLTAP_8925} \
	{WELLTAP_8926} \
	{WELLTAP_8927} \
	{WELLTAP_8928} \
	{WELLTAP_8929} \
	{WELLTAP_8930} \
	{WELLTAP_8931} \
	{WELLTAP_8932} \
	{WELLTAP_8933} \
	{WELLTAP_8943} \
	{WELLTAP_8944} \
	{WELLTAP_8945} \
	{WELLTAP_8946} \
	{WELLTAP_8947} \
	{WELLTAP_8948} \
	{WELLTAP_8949} \
	{WELLTAP_8950} \
	{WELLTAP_8951} \
	{WELLTAP_8952} \
	{WELLTAP_8953} \
	{WELLTAP_8954} \
	{WELLTAP_8955} \
	{WELLTAP_8956} \
	{WELLTAP_8957} \
	{WELLTAP_8958} \
	{WELLTAP_8959} \
	{WELLTAP_8960} \
	{WELLTAP_8969} \
	{WELLTAP_8970} \
	{WELLTAP_8971} \
	{WELLTAP_8972} \
	{WELLTAP_8973} \
	{WELLTAP_8974} \
	{WELLTAP_8975} \
	{WELLTAP_8976} \
	{WELLTAP_8977} \
	{WELLTAP_8978} \
	{WELLTAP_8979} \
	{WELLTAP_8980} \
	{WELLTAP_8981} \
	{WELLTAP_8982} \
	{WELLTAP_8983} \
	{WELLTAP_8984} \
	{WELLTAP_8985} \
	{WELLTAP_8986} \
	{WELLTAP_8987} \
	{WELLTAP_8997} \
	{WELLTAP_8998} \
	{WELLTAP_8999} \
	{WELLTAP_9000} \
	{WELLTAP_9001} \
	{WELLTAP_9002} \
	{WELLTAP_9003} \
	{WELLTAP_9004} \
	{WELLTAP_9005} \
	{WELLTAP_9006} \
	{WELLTAP_9007} \
	{WELLTAP_9008} \
	{WELLTAP_9009} \
	{WELLTAP_9010} \
	{WELLTAP_9011} \
	{WELLTAP_9012} \
	{WELLTAP_9013} \
	{WELLTAP_9014} \
	{WELLTAP_9023} \
	{WELLTAP_9024} \
	{WELLTAP_9025} \
	{WELLTAP_9026} \
	{WELLTAP_9027} \
	{WELLTAP_9028} \
	{WELLTAP_9029} \
	{WELLTAP_9030} \
	{WELLTAP_9031} \
	{WELLTAP_9032} \
	{WELLTAP_9033} \
	{WELLTAP_9034} \
	{WELLTAP_9035} \
	{WELLTAP_9036} \
	{WELLTAP_9037} \
	{WELLTAP_9038} \
	{WELLTAP_9039} \
	{WELLTAP_9040} \
	{WELLTAP_9041} \
	{WELLTAP_9051} \
	{WELLTAP_9052} \
	{WELLTAP_9053} \
	{WELLTAP_9054} \
	{WELLTAP_9055} \
	{WELLTAP_9056} \
	{WELLTAP_9057} \
	{WELLTAP_9058} \
	{WELLTAP_9059} \
	{WELLTAP_9060} \
	{WELLTAP_9061} \
	{WELLTAP_9062} \
	{WELLTAP_9063} \
	{WELLTAP_9064} \
	{WELLTAP_9065} \
	{WELLTAP_9066} \
	{WELLTAP_9067} \
	{WELLTAP_9068} \
	{WELLTAP_9077} \
	{WELLTAP_9078} \
	{WELLTAP_9079} \
	{WELLTAP_9080} \
	{WELLTAP_9081} \
	{WELLTAP_9082} \
	{WELLTAP_9083} \
	{WELLTAP_9084} \
	{WELLTAP_9085} \
	{WELLTAP_9086} \
	{WELLTAP_9087} \
	{WELLTAP_9088} \
	{WELLTAP_9089} \
	{WELLTAP_9090} \
	{WELLTAP_9091} \
	{WELLTAP_9092} \
	{WELLTAP_9093} \
	{WELLTAP_9094} \
	{WELLTAP_9095} \
	{WELLTAP_9105} \
	{WELLTAP_9106} \
	{WELLTAP_9107} \
	{WELLTAP_9108} \
	{WELLTAP_9109} \
	{WELLTAP_9110} \
	{WELLTAP_9111} \
	{WELLTAP_9112} \
	{WELLTAP_9113} \
	{WELLTAP_9114} \
	{WELLTAP_9115} \
	{WELLTAP_9116} \
	{WELLTAP_9117} \
	{WELLTAP_9118} \
	{WELLTAP_9119} \
	{WELLTAP_9120} \
	{WELLTAP_9121} \
	{WELLTAP_9122} \
	{WELLTAP_9131} \
	{WELLTAP_9132} \
	{WELLTAP_9133} \
	{WELLTAP_9134} \
	{WELLTAP_9135} \
	{WELLTAP_9136} \
	{WELLTAP_9137} \
	{WELLTAP_9138} \
	{WELLTAP_9139} \
	{WELLTAP_9140} \
	{WELLTAP_9141} \
	{WELLTAP_9142} \
	{WELLTAP_9143} \
	{WELLTAP_9144} \
	{WELLTAP_9145} \
	{WELLTAP_9146} \
	{WELLTAP_9147} \
	{WELLTAP_9148} \
	{WELLTAP_9149} \
	{WELLTAP_9159} \
	{WELLTAP_9160} \
	{WELLTAP_9161} \
	{WELLTAP_9162} \
	{WELLTAP_9163} \
	{WELLTAP_9164} \
	{WELLTAP_9165} \
	{WELLTAP_9166} \
	{WELLTAP_9167} \
	{WELLTAP_9168} \
	{WELLTAP_9169} \
	{WELLTAP_9170} \
	{WELLTAP_9171} \
	{WELLTAP_9172} \
	{WELLTAP_9173} \
	{WELLTAP_9174} \
	{WELLTAP_9175} \
	{WELLTAP_9176} \
	{WELLTAP_9185} \
	{WELLTAP_9186} \
	{WELLTAP_9187} \
	{WELLTAP_9188} \
	{WELLTAP_9189} \
	{WELLTAP_9190} \
	{WELLTAP_9191} \
	{WELLTAP_9192} \
	{WELLTAP_9193} \
	{WELLTAP_9194} \
	{WELLTAP_9195} \
	{WELLTAP_9196} \
	{WELLTAP_9197} \
	{WELLTAP_9198} \
	{WELLTAP_9199} \
	{WELLTAP_9200} \
	{WELLTAP_9201} \
	{WELLTAP_9202} \
	{WELLTAP_9203} \
	{WELLTAP_9213} \
	{WELLTAP_9214} \
	{WELLTAP_9215} \
	{WELLTAP_9216} \
	{WELLTAP_9217} \
	{WELLTAP_9218} \
	{WELLTAP_9219} \
	{WELLTAP_9220} \
	{WELLTAP_9221} \
	{WELLTAP_9222} \
	{WELLTAP_9223} \
	{WELLTAP_9224} \
	{WELLTAP_9225} \
	{WELLTAP_9226} \
	{WELLTAP_9227} \
	{WELLTAP_9228} \
	{WELLTAP_9229} \
	{WELLTAP_9230} \
	{WELLTAP_9239} \
	{WELLTAP_9240} \
	{WELLTAP_9241} \
	{WELLTAP_9242} \
	{WELLTAP_9243} \
	{WELLTAP_9244} \
	{WELLTAP_9245} \
	{WELLTAP_9246} \
	{WELLTAP_9247} \
	{WELLTAP_9248} \
	{WELLTAP_9249} \
	{WELLTAP_9250} \
	{WELLTAP_9251} \
	{WELLTAP_9252} \
	{WELLTAP_9253} \
	{WELLTAP_9254} \
	{WELLTAP_9255} \
	{WELLTAP_9256} \
	{WELLTAP_9257} \
	{WELLTAP_9267} \
	{WELLTAP_9268} \
	{WELLTAP_9269} \
	{WELLTAP_9270} \
	{WELLTAP_9271} \
	{WELLTAP_9272} \
	{WELLTAP_9273} \
	{WELLTAP_9274} \
	{WELLTAP_9275} \
	{WELLTAP_9276} \
	{WELLTAP_9277} \
	{WELLTAP_9278} \
	{WELLTAP_9279} \
	{WELLTAP_9280} \
	{WELLTAP_9281} \
	{WELLTAP_9282} \
	{WELLTAP_9283} \
	{WELLTAP_9284} \
	{WELLTAP_9293} \
	{WELLTAP_9294} \
	{WELLTAP_9295} \
	{WELLTAP_9296} \
	{WELLTAP_9297} \
	{WELLTAP_9298} \
	{WELLTAP_9299} \
	{WELLTAP_9300} \
	{WELLTAP_9301} \
	{WELLTAP_9302} \
	{WELLTAP_9303} \
	{WELLTAP_9304} \
	{WELLTAP_9305} \
	{WELLTAP_9306} \
	{WELLTAP_9307} \
	{WELLTAP_9308} \
	{WELLTAP_9309} \
	{WELLTAP_9310} \
	{WELLTAP_9311} \
	{WELLTAP_9321} \
	{WELLTAP_9322} \
	{WELLTAP_9323} \
	{WELLTAP_9324} \
	{WELLTAP_9325} \
	{WELLTAP_9326} \
	{WELLTAP_9327} \
	{WELLTAP_9328} \
	{WELLTAP_9329} \
	{WELLTAP_9330} \
	{WELLTAP_9331} \
	{WELLTAP_9332} \
	{WELLTAP_9333} \
	{WELLTAP_9334} \
	{WELLTAP_9335} \
	{WELLTAP_9336} \
	{WELLTAP_9337} \
	{WELLTAP_9338} \
	{WELLTAP_9347} \
	{WELLTAP_9348} \
	{WELLTAP_9349} \
	{WELLTAP_9350} \
	{WELLTAP_9351} \
	{WELLTAP_9352} \
	{WELLTAP_9353} \
	{WELLTAP_9354} \
	{WELLTAP_9355} \
	{WELLTAP_9356} \
	{WELLTAP_9357} \
	{WELLTAP_9358} \
	{WELLTAP_9359} \
	{WELLTAP_9360} \
	{WELLTAP_9361} \
	{WELLTAP_9362} \
	{WELLTAP_9363} \
	{WELLTAP_9364} \
	{WELLTAP_9365} \
	{WELLTAP_9375} \
	{WELLTAP_9376} \
	{WELLTAP_9377} \
	{WELLTAP_9378} \
	{WELLTAP_9379} \
	{WELLTAP_9380} \
	{WELLTAP_9381} \
	{WELLTAP_9382} \
	{WELLTAP_9383} \
	{WELLTAP_9384} \
	{WELLTAP_9385} \
	{WELLTAP_9386} \
	{WELLTAP_9387} \
	{WELLTAP_9388} \
	{WELLTAP_9389} \
	{WELLTAP_9390} \
	{WELLTAP_9391} \
	{WELLTAP_9392} \
	{WELLTAP_9401} \
	{WELLTAP_9402} \
	{WELLTAP_9403} \
	{WELLTAP_9404} \
	{WELLTAP_9405} \
	{WELLTAP_9406} \
	{WELLTAP_9407} \
	{WELLTAP_9408} \
	{WELLTAP_9409} \
	{WELLTAP_9410} \
	{WELLTAP_9411} \
	{WELLTAP_9412} \
	{WELLTAP_9413} \
	{WELLTAP_9414} \
	{WELLTAP_9415} \
	{WELLTAP_9416} \
	{WELLTAP_9417} \
	{WELLTAP_9418} \
	{WELLTAP_9419} \
	{WELLTAP_9429} \
	{WELLTAP_9430} \
	{WELLTAP_9431} \
	{WELLTAP_9432} \
	{WELLTAP_9433} \
	{WELLTAP_9434} \
	{WELLTAP_9435} \
	{WELLTAP_9436} \
	{WELLTAP_9437} \
	{WELLTAP_9438} \
	{WELLTAP_9439} \
	{WELLTAP_9440} \
	{WELLTAP_9441} \
	{WELLTAP_9442} \
	{WELLTAP_9443} \
	{WELLTAP_9444} \
	{WELLTAP_9445} \
	{WELLTAP_9446} \
	{WELLTAP_9455} \
	{WELLTAP_9456} \
	{WELLTAP_9457} \
	{WELLTAP_9458} \
	{WELLTAP_9459} \
	{WELLTAP_9460} \
	{WELLTAP_9461} \
	{WELLTAP_9462} \
	{WELLTAP_9463} \
	{WELLTAP_9464} \
	{WELLTAP_9465} \
	{WELLTAP_9466} \
	{WELLTAP_9467} \
	{WELLTAP_9468} \
	{WELLTAP_9469} \
	{WELLTAP_9470} \
	{WELLTAP_9471} \
	{WELLTAP_9472} \
	{WELLTAP_9473} \
	{WELLTAP_9483} \
	{WELLTAP_9484} \
	{WELLTAP_9485} \
	{WELLTAP_9486} \
	{WELLTAP_9487} \
	{WELLTAP_9488} \
	{WELLTAP_9489} \
	{WELLTAP_9490} \
	{WELLTAP_9491} \
	{WELLTAP_9492} \
	{WELLTAP_9493} \
	{WELLTAP_9494} \
	{WELLTAP_9495} \
	{WELLTAP_9496} \
	{WELLTAP_9497} \
	{WELLTAP_9498} \
	{WELLTAP_9499} \
	{WELLTAP_9500} \
	{WELLTAP_9509} \
	{WELLTAP_9510} \
	{WELLTAP_9511} \
	{WELLTAP_9512} \
	{WELLTAP_9513} \
	{WELLTAP_9514} \
	{WELLTAP_9515} \
	{WELLTAP_9516} \
	{WELLTAP_9517} \
	{WELLTAP_9518} \
	{WELLTAP_9519} \
	{WELLTAP_9520} \
	{WELLTAP_9521} \
	{WELLTAP_9522} \
	{WELLTAP_9523} \
	{WELLTAP_9524} \
	{WELLTAP_9525} \
	{WELLTAP_9526} \
	{WELLTAP_9527} \
	{WELLTAP_9537} \
	{WELLTAP_9538} \
	{WELLTAP_9539} \
	{WELLTAP_9540} \
	{WELLTAP_9541} \
	{WELLTAP_9542} \
	{WELLTAP_9543} \
	{WELLTAP_9544} \
	{WELLTAP_9545} \
	{WELLTAP_9546} \
	{WELLTAP_9547} \
	{WELLTAP_9548} \
	{WELLTAP_9549} \
	{WELLTAP_9550} \
	{WELLTAP_9551} \
	{WELLTAP_9552} \
	{WELLTAP_9553} \
	{WELLTAP_9554} \
	{WELLTAP_9563} \
	{WELLTAP_9564} \
	{WELLTAP_9565} \
	{WELLTAP_9566} \
	{WELLTAP_9567} \
	{WELLTAP_9568} \
	{WELLTAP_9569} \
	{WELLTAP_9570} \
	{WELLTAP_9571} \
	{WELLTAP_9572} \
	{WELLTAP_9573} \
	{WELLTAP_9574} \
	{WELLTAP_9575} \
	{WELLTAP_9576} \
	{WELLTAP_9577} \
	{WELLTAP_9578} \
	{WELLTAP_9579} \
	{WELLTAP_9580} \
	{WELLTAP_9581} \
	{WELLTAP_9591} \
	{WELLTAP_9592} \
	{WELLTAP_9593} \
	{WELLTAP_9594} \
	{WELLTAP_9595} \
	{WELLTAP_9596} \
	{WELLTAP_9597} \
	{WELLTAP_9598} \
	{WELLTAP_9599} \
	{WELLTAP_9600} \
	{WELLTAP_9601} \
	{WELLTAP_9602} \
	{WELLTAP_9603} \
	{WELLTAP_9604} \
	{WELLTAP_9605} \
	{WELLTAP_9606} \
	{WELLTAP_9607} \
	{WELLTAP_9608} \
	{WELLTAP_9617} \
	{WELLTAP_9618} \
	{WELLTAP_9619} \
	{WELLTAP_9620} \
	{WELLTAP_9621} \
	{WELLTAP_9622} \
	{WELLTAP_9623} \
	{WELLTAP_9624} \
	{WELLTAP_9625} \
	{WELLTAP_9626} \
	{WELLTAP_9627} \
	{WELLTAP_9628} \
	{WELLTAP_9629} \
	{WELLTAP_9630} \
	{WELLTAP_9631} \
	{WELLTAP_9632} \
	{WELLTAP_9633} \
	{WELLTAP_9634} \
	{WELLTAP_9635} \
	{WELLTAP_9645} \
	{WELLTAP_9646} \
	{WELLTAP_9647} \
	{WELLTAP_9648} \
	{WELLTAP_9649} \
	{WELLTAP_9650} \
	{WELLTAP_9651} \
	{WELLTAP_9652} \
	{WELLTAP_9653} \
	{WELLTAP_9654} \
	{WELLTAP_9655} \
	{WELLTAP_9656} \
	{WELLTAP_9657} \
	{WELLTAP_9658} \
	{WELLTAP_9659} \
	{WELLTAP_9660} \
	{WELLTAP_9661} \
	{WELLTAP_9662} \
	{WELLTAP_9671} \
	{WELLTAP_9672} \
	{WELLTAP_9673} \
	{WELLTAP_9674} \
	{WELLTAP_9675} \
	{WELLTAP_9676} \
	{WELLTAP_9677} \
	{WELLTAP_9678} \
	{WELLTAP_9679} \
	{WELLTAP_9680} \
	{WELLTAP_9681} \
	{WELLTAP_9682} \
	{WELLTAP_9683} \
	{WELLTAP_9684} \
	{WELLTAP_9685} \
	{WELLTAP_9686} \
	{WELLTAP_9687} \
	{WELLTAP_9688} \
	{WELLTAP_9689} \
	{WELLTAP_9699} \
	{WELLTAP_9700} \
	{WELLTAP_9701} \
	{WELLTAP_9702} \
	{WELLTAP_9703} \
	{WELLTAP_9704} \
	{WELLTAP_9705} \
	{WELLTAP_9706} \
	{WELLTAP_9707} \
	{WELLTAP_9708} \
	{WELLTAP_9709} \
	{WELLTAP_9710} \
	{WELLTAP_9711} \
	{WELLTAP_9712} \
	{WELLTAP_9713} \
	{WELLTAP_9714} \
	{WELLTAP_9715} \
	{WELLTAP_9716} \
	{WELLTAP_9725} \
	{WELLTAP_9726} \
	{WELLTAP_9727} \
	{WELLTAP_9728} \
	{WELLTAP_9729} \
	{WELLTAP_9730} \
	{WELLTAP_9731} \
	{WELLTAP_9732} \
	{WELLTAP_9733} \
	{WELLTAP_9734} \
	{WELLTAP_9735} \
	{WELLTAP_9736} \
	{WELLTAP_9737} \
	{WELLTAP_9738} \
	{WELLTAP_9739} \
	{WELLTAP_9740} \
	{WELLTAP_9741} \
	{WELLTAP_9742} \
	{WELLTAP_9743} \
	{WELLTAP_9753} \
	{WELLTAP_9754} \
	{WELLTAP_9755} \
	{WELLTAP_9756} \
	{WELLTAP_9757} \
	{WELLTAP_9758} \
	{WELLTAP_9759} \
	{WELLTAP_9760} \
	{WELLTAP_9761} \
	{WELLTAP_9762} \
	{WELLTAP_9763} \
	{WELLTAP_9764} \
	{WELLTAP_9765} \
	{WELLTAP_9766} \
	{WELLTAP_9767} \
	{WELLTAP_9768} \
	{WELLTAP_9769} \
	{WELLTAP_9770} \
	{WELLTAP_9779} \
	{WELLTAP_9780} \
	{WELLTAP_9781} \
	{WELLTAP_9782} \
	{WELLTAP_9783} \
	{WELLTAP_9784} \
	{WELLTAP_9785} \
	{WELLTAP_9786} \
	{WELLTAP_9787} \
	{WELLTAP_9788} \
	{WELLTAP_9789} \
	{WELLTAP_9790} \
	{WELLTAP_9791} \
	{WELLTAP_9792} \
	{WELLTAP_9793} \
	{WELLTAP_9794} \
	{WELLTAP_9795} \
	{WELLTAP_9796} \
	{WELLTAP_9797} \
	{WELLTAP_9807} \
	{WELLTAP_9808} \
	{WELLTAP_9809} \
	{WELLTAP_9810} \
	{WELLTAP_9811} \
	{WELLTAP_9812} \
	{WELLTAP_9813} \
	{WELLTAP_9814} \
	{WELLTAP_9815} \
	{WELLTAP_9816} \
	{WELLTAP_9817} \
	{WELLTAP_9818} \
	{WELLTAP_9819} \
	{WELLTAP_9820} \
	{WELLTAP_9821} \
	{WELLTAP_9822} \
	{WELLTAP_9823} \
	{WELLTAP_9824} \
	{WELLTAP_9833} \
	{WELLTAP_9834} \
	{WELLTAP_9835} \
	{WELLTAP_9836} \
	{WELLTAP_9837} \
	{WELLTAP_9838} \
	{WELLTAP_9839} \
	{WELLTAP_9840} \
	{WELLTAP_9841} \
	{WELLTAP_9842} \
	{WELLTAP_9843} \
	{WELLTAP_9844} \
	{WELLTAP_9845} \
	{WELLTAP_9846} \
	{WELLTAP_9847} \
	{WELLTAP_9848} \
	{WELLTAP_9849} \
	{WELLTAP_9850} \
	{WELLTAP_9851} \
	{WELLTAP_9861} \
	{WELLTAP_9862} \
	{WELLTAP_9863} \
	{WELLTAP_9864} \
	{WELLTAP_9865} \
	{WELLTAP_9866} \
	{WELLTAP_9867} \
	{WELLTAP_9868} \
	{WELLTAP_9869} \
	{WELLTAP_9870} \
	{WELLTAP_9871} \
	{WELLTAP_9872} \
	{WELLTAP_9873} \
	{WELLTAP_9874} \
	{WELLTAP_9875} \
	{WELLTAP_9876} \
	{WELLTAP_9877} \
	{WELLTAP_9878} \
	{WELLTAP_9887} \
	{WELLTAP_9888} \
	{WELLTAP_9889} \
	{WELLTAP_9890} \
	{WELLTAP_9891} \
	{WELLTAP_9892} \
	{WELLTAP_9893} \
	{WELLTAP_9894} \
	{WELLTAP_9895} \
	{WELLTAP_9896} \
	{WELLTAP_9897} \
	{WELLTAP_9898} \
	{WELLTAP_9899} \
	{WELLTAP_9900} \
	{WELLTAP_9901} \
	{WELLTAP_9902} \
	{WELLTAP_9903} \
	{WELLTAP_9904} \
	{WELLTAP_9905} \
	{WELLTAP_9915} \
	{WELLTAP_9916} \
	{WELLTAP_9917} \
	{WELLTAP_9918} \
	{WELLTAP_9919} \
	{WELLTAP_9920} \
	{WELLTAP_9921} \
	{WELLTAP_9922} \
	{WELLTAP_9923} \
	{WELLTAP_9924} \
	{WELLTAP_9925} \
	{WELLTAP_9926} \
	{WELLTAP_9927} \
	{WELLTAP_9928} \
	{WELLTAP_9929} \
	{WELLTAP_9930} \
	{WELLTAP_9931} \
	{WELLTAP_9932} \
	{WELLTAP_9941} \
	{WELLTAP_9942} \
	{WELLTAP_9943} \
	{WELLTAP_9944} \
	{WELLTAP_9945} \
	{WELLTAP_9946} \
	{WELLTAP_9947} \
	{WELLTAP_9948} \
	{WELLTAP_9949} \
	{WELLTAP_9950} \
	{WELLTAP_9951} \
	{WELLTAP_9952} \
	{WELLTAP_9953} \
	{WELLTAP_9954} \
	{WELLTAP_9955} \
	{WELLTAP_9956} \
	{WELLTAP_9957} \
	{WELLTAP_9958} \
	{WELLTAP_9959} \
	{WELLTAP_9969} \
	{WELLTAP_9970} \
	{WELLTAP_9971} \
	{WELLTAP_9972} \
	{WELLTAP_9973} \
	{WELLTAP_9974} \
	{WELLTAP_9975} \
	{WELLTAP_9976} \
	{WELLTAP_9977} \
	{WELLTAP_9978} \
	{WELLTAP_9979} \
	{WELLTAP_9980} \
	{WELLTAP_9981} \
	{WELLTAP_9982} \
	{WELLTAP_9983} \
	{WELLTAP_9984} \
	{WELLTAP_9985} \
	{WELLTAP_9986} \
	{WELLTAP_9995} \
	{WELLTAP_9996} \
	{WELLTAP_9997} \
	{WELLTAP_9998} \
	{WELLTAP_9999} \
	{WELLTAP_10000} \
	{WELLTAP_10001} \
	{WELLTAP_10002} \
	{WELLTAP_10003} \
	{WELLTAP_10004} \
	{WELLTAP_10005} \
	{WELLTAP_10006} \
	{WELLTAP_10007} \
	{WELLTAP_10008} \
	{WELLTAP_10009} \
	{WELLTAP_10010} \
	{WELLTAP_10011} \
	{WELLTAP_10012} \
	{WELLTAP_10013} \
	{WELLTAP_10023} \
	{WELLTAP_10024} \
	{WELLTAP_10025} \
	{WELLTAP_10026} \
	{WELLTAP_10027} \
	{WELLTAP_10028} \
	{WELLTAP_10029} \
	{WELLTAP_10030} \
	{WELLTAP_10031} \
	{WELLTAP_10032} \
	{WELLTAP_10033} \
	{WELLTAP_10034} \
	{WELLTAP_10035} \
	{WELLTAP_10036} \
	{WELLTAP_10037} \
	{WELLTAP_10038} \
	{WELLTAP_10039} \
	{WELLTAP_10040} \
	{WELLTAP_10049} \
	{WELLTAP_10050} \
	{WELLTAP_10051} \
	{WELLTAP_10052} \
	{WELLTAP_10053} \
	{WELLTAP_10054} \
	{WELLTAP_10055} \
	{WELLTAP_10056} \
	{WELLTAP_10057} \
	{WELLTAP_10058} \
	{WELLTAP_10059} \
	{WELLTAP_10060} \
	{WELLTAP_10061} \
	{WELLTAP_10062} \
	{WELLTAP_10063} \
	{WELLTAP_10064} \
	{WELLTAP_10065} \
	{WELLTAP_10066} \
	{WELLTAP_10067} \
	{WELLTAP_10077} \
	{WELLTAP_10078} \
	{WELLTAP_10079} \
	{WELLTAP_10080} \
	{WELLTAP_10081} \
	{WELLTAP_10082} \
	{WELLTAP_10083} \
	{WELLTAP_10084} \
	{WELLTAP_10085} \
	{WELLTAP_10086} \
	{WELLTAP_10087} \
	{WELLTAP_10088} \
	{WELLTAP_10089} \
	{WELLTAP_10090} \
	{WELLTAP_10091} \
	{WELLTAP_10092} \
	{WELLTAP_10093} \
	{WELLTAP_10094} \
	{WELLTAP_10103} \
	{WELLTAP_10104} \
	{WELLTAP_10105} \
	{WELLTAP_10106} \
	{WELLTAP_10107} \
	{WELLTAP_10108} \
	{WELLTAP_10109} \
	{WELLTAP_10110} \
	{WELLTAP_10111} \
	{WELLTAP_10112} \
	{WELLTAP_10113} \
	{WELLTAP_10114} \
	{WELLTAP_10115} \
	{WELLTAP_10116} \
	{WELLTAP_10117} \
	{WELLTAP_10118} \
	{WELLTAP_10119} \
	{WELLTAP_10120} \
	{WELLTAP_10121} \
	{WELLTAP_10131} \
	{WELLTAP_10132} \
	{WELLTAP_10133} \
	{WELLTAP_10134} \
	{WELLTAP_10135} \
	{WELLTAP_10136} \
	{WELLTAP_10137} \
	{WELLTAP_10138} \
	{WELLTAP_10139} \
	{WELLTAP_10140} \
	{WELLTAP_10141} \
	{WELLTAP_10142} \
	{WELLTAP_10143} \
	{WELLTAP_10144} \
	{WELLTAP_10145} \
	{WELLTAP_10146} \
	{WELLTAP_10147} \
	{WELLTAP_10148} \
	{WELLTAP_10157} \
	{WELLTAP_10158} \
	{WELLTAP_10159} \
	{WELLTAP_10160} \
	{WELLTAP_10161} \
	{WELLTAP_10162} \
	{WELLTAP_10163} \
	{WELLTAP_10164} \
	{WELLTAP_10165} \
	{WELLTAP_10166} \
	{WELLTAP_10167} \
	{WELLTAP_10168} \
	{WELLTAP_10169} \
	{WELLTAP_10170} \
	{WELLTAP_10171} \
	{WELLTAP_10172} \
	{WELLTAP_10173} \
	{WELLTAP_10174} \
	{WELLTAP_10175} \
	{WELLTAP_10185} \
	{WELLTAP_10186} \
	{WELLTAP_10187} \
	{WELLTAP_10188} \
	{WELLTAP_10189} \
	{WELLTAP_10190} \
	{WELLTAP_10191} \
	{WELLTAP_10192} \
	{WELLTAP_10193} \
	{WELLTAP_10194} \
	{WELLTAP_10195} \
	{WELLTAP_10196} \
	{WELLTAP_10197} \
	{WELLTAP_10198} \
	{WELLTAP_10199} \
	{WELLTAP_10200} \
	{WELLTAP_10201} \
	{WELLTAP_10202} \
	{WELLTAP_10211} \
	{WELLTAP_10212} \
	{WELLTAP_10213} \
	{WELLTAP_10214} \
	{WELLTAP_10215} \
	{WELLTAP_10216} \
	{WELLTAP_10217} \
	{WELLTAP_10218} \
	{WELLTAP_10219} \
	{WELLTAP_10220} \
	{WELLTAP_10221} \
	{WELLTAP_10222} \
	{WELLTAP_10223} \
	{WELLTAP_10224} \
	{WELLTAP_10225} \
	{WELLTAP_10226} \
	{WELLTAP_10227} \
	{WELLTAP_10228} \
	{WELLTAP_10229} \
	{WELLTAP_10239} \
	{WELLTAP_10240} \
	{WELLTAP_10241} \
	{WELLTAP_10242} \
	{WELLTAP_10243} \
	{WELLTAP_10244} \
	{WELLTAP_10245} \
	{WELLTAP_10246} \
	{WELLTAP_10247} \
	{WELLTAP_10248} \
	{WELLTAP_10249} \
	{WELLTAP_10250} \
	{WELLTAP_10251} \
	{WELLTAP_10252} \
	{WELLTAP_10253} \
	{WELLTAP_10254} \
	{WELLTAP_10255} \
	{WELLTAP_10256} \
	{WELLTAP_10265} \
	{WELLTAP_10266} \
	{WELLTAP_10267} \
	{WELLTAP_10268} \
	{WELLTAP_10269} \
	{WELLTAP_10270} \
	{WELLTAP_10271} \
	{WELLTAP_10272} \
	{WELLTAP_10273} \
	{WELLTAP_10274} \
	{WELLTAP_10275} \
	{WELLTAP_10276} \
	{WELLTAP_10277} \
	{WELLTAP_10278} \
	{WELLTAP_10279} \
	{WELLTAP_10280} \
	{WELLTAP_10281} \
	{WELLTAP_10282} \
	{WELLTAP_10283} \
	{WELLTAP_10293} \
	{WELLTAP_10294} \
	{WELLTAP_10295} \
	{WELLTAP_10296} \
	{WELLTAP_10297} \
	{WELLTAP_10298} \
	{WELLTAP_10299} \
	{WELLTAP_10300} \
	{WELLTAP_10301} \
	{WELLTAP_10302} \
	{WELLTAP_10303} \
	{WELLTAP_10304} \
	{WELLTAP_10305} \
	{WELLTAP_10306} \
	{WELLTAP_10307} \
	{WELLTAP_10308} \
	{WELLTAP_10309} \
	{WELLTAP_10310} \
	{WELLTAP_10319} \
	{WELLTAP_10320} \
	{WELLTAP_10321} \
	{WELLTAP_10322} \
	{WELLTAP_10323} \
	{WELLTAP_10324} \
	{WELLTAP_10325} \
	{WELLTAP_10326} \
	{WELLTAP_10327} \
	{WELLTAP_10328} \
	{WELLTAP_10329} \
	{WELLTAP_10330} \
	{WELLTAP_10331} \
	{WELLTAP_10332} \
	{WELLTAP_10333} \
	{WELLTAP_10334} \
	{WELLTAP_10335} \
	{WELLTAP_10336} \
	{WELLTAP_10337} \
	{WELLTAP_10347} \
	{WELLTAP_10348} \
	{WELLTAP_10349} \
	{WELLTAP_10350} \
	{WELLTAP_10351} \
	{WELLTAP_10352} \
	{WELLTAP_10353} \
	{WELLTAP_10354} \
	{WELLTAP_10355} \
	{WELLTAP_10356} \
	{WELLTAP_10357} \
	{WELLTAP_10358} \
	{WELLTAP_10359} \
	{WELLTAP_10360} \
	{WELLTAP_10361} \
	{WELLTAP_10362} \
	{WELLTAP_10363} \
	{WELLTAP_10364} \
	{WELLTAP_10373} \
	{WELLTAP_10374} \
	{WELLTAP_10375} \
	{WELLTAP_10376} \
	{WELLTAP_10377} \
	{WELLTAP_10378} \
	{WELLTAP_10379} \
	{WELLTAP_10380} \
	{WELLTAP_10381} \
	{WELLTAP_10382} \
	{WELLTAP_10383} \
	{WELLTAP_10384} \
	{WELLTAP_10385} \
	{WELLTAP_10386} \
	{WELLTAP_10387} \
	{WELLTAP_10388} \
	{WELLTAP_10389} \
	{WELLTAP_10390} \
	{WELLTAP_10391} \
	{WELLTAP_10401} \
	{WELLTAP_10402} \
	{WELLTAP_10403} \
	{WELLTAP_10404} \
	{WELLTAP_10405} \
	{WELLTAP_10406} \
	{WELLTAP_10407} \
	{WELLTAP_10408} \
	{WELLTAP_10409} \
	{WELLTAP_10410} \
	{WELLTAP_10411} \
	{WELLTAP_10412} \
	{WELLTAP_10413} \
	{WELLTAP_10414} \
	{WELLTAP_10415} \
	{WELLTAP_10416} \
	{WELLTAP_10417} \
	{WELLTAP_10418} \
	{WELLTAP_10427} \
	{WELLTAP_10428} \
	{WELLTAP_10429} \
	{WELLTAP_10430} \
	{WELLTAP_10431} \
	{WELLTAP_10432} \
	{WELLTAP_10433} \
	{WELLTAP_10434} \
	{WELLTAP_10435} \
	{WELLTAP_10436} \
	{WELLTAP_10437} \
	{WELLTAP_10438} \
	{WELLTAP_10439} \
	{WELLTAP_10440} \
	{WELLTAP_10441} \
	{WELLTAP_10442} \
	{WELLTAP_10443} \
	{WELLTAP_10444} \
	{WELLTAP_10445} \
	{WELLTAP_10455} \
	{WELLTAP_10456} \
	{WELLTAP_10457} \
	{WELLTAP_10458} \
	{WELLTAP_10459} \
	{WELLTAP_10460} \
	{WELLTAP_10461} \
	{WELLTAP_10462} \
	{WELLTAP_10463} \
	{WELLTAP_10464} \
	{WELLTAP_10465} \
	{WELLTAP_10466} \
	{WELLTAP_10467} \
	{WELLTAP_10468} \
	{WELLTAP_10469} \
	{WELLTAP_10470} \
	{WELLTAP_10471} \
	{WELLTAP_10472} \
	{WELLTAP_10481} \
	{WELLTAP_10482} \
	{WELLTAP_10483} \
	{WELLTAP_10484} \
	{WELLTAP_10485} \
	{WELLTAP_10486} \
	{WELLTAP_10487} \
	{WELLTAP_10488} \
	{WELLTAP_10489} \
	{WELLTAP_10490} \
	{WELLTAP_10491} \
	{WELLTAP_10492} \
	{WELLTAP_10493} \
	{WELLTAP_10494} \
	{WELLTAP_10495} \
	{WELLTAP_10496} \
	{WELLTAP_10497} \
	{WELLTAP_10498} \
	{WELLTAP_10499} \
	{WELLTAP_10509} \
	{WELLTAP_10510} \
	{WELLTAP_10511} \
	{WELLTAP_10512} \
	{WELLTAP_10513} \
	{WELLTAP_10514} \
	{WELLTAP_10515} \
	{WELLTAP_10516} \
	{WELLTAP_10517} \
	{WELLTAP_10518} \
	{WELLTAP_10519} \
	{WELLTAP_10520} \
	{WELLTAP_10521} \
	{WELLTAP_10522} \
	{WELLTAP_10523} \
	{WELLTAP_10524} \
	{WELLTAP_10525} \
	{WELLTAP_10526} \
	{WELLTAP_10535} \
	{WELLTAP_10536} \
	{WELLTAP_10537} \
	{WELLTAP_10538} \
	{WELLTAP_10539} \
	{WELLTAP_10540} \
	{WELLTAP_10541} \
	{WELLTAP_10542} \
	{WELLTAP_10543} \
	{WELLTAP_10544} \
	{WELLTAP_10545} \
	{WELLTAP_10546} \
	{WELLTAP_10547} \
	{WELLTAP_10548} \
	{WELLTAP_10549} \
	{WELLTAP_10550} \
	{WELLTAP_10551} \
	{WELLTAP_10552} \
	{WELLTAP_10553} \
	{WELLTAP_10563} \
	{WELLTAP_10564} \
	{WELLTAP_10565} \
	{WELLTAP_10566} \
	{WELLTAP_10567} \
	{WELLTAP_10568} \
	{WELLTAP_10569} \
	{WELLTAP_10570} \
	{WELLTAP_10571} \
	{WELLTAP_10572} \
	{WELLTAP_10573} \
	{WELLTAP_10574} \
	{WELLTAP_10575} \
	{WELLTAP_10576} \
	{WELLTAP_10577} \
	{WELLTAP_10578} \
	{WELLTAP_10579} \
	{WELLTAP_10580} \
	{WELLTAP_10589} \
	{WELLTAP_10590} \
	{WELLTAP_10591} \
	{WELLTAP_10592} \
	{WELLTAP_10593} \
	{WELLTAP_10594} \
	{WELLTAP_10595} \
	{WELLTAP_10596} \
	{WELLTAP_10597} \
	{WELLTAP_10598} \
	{WELLTAP_10599} \
	{WELLTAP_10600} \
	{WELLTAP_10601} \
	{WELLTAP_10602} \
	{WELLTAP_10603} \
	{WELLTAP_10604} \
	{WELLTAP_10605} \
	{WELLTAP_10606} \
	{WELLTAP_10607} \
	{WELLTAP_10617} \
	{WELLTAP_10618} \
	{WELLTAP_10619} \
	{WELLTAP_10620} \
	{WELLTAP_10621} \
	{WELLTAP_10622} \
	{WELLTAP_10623} \
	{WELLTAP_10624} \
	{WELLTAP_10625} \
	{WELLTAP_10626} \
	{WELLTAP_10627} \
	{WELLTAP_10628} \
	{WELLTAP_10629} \
	{WELLTAP_10630} \
	{WELLTAP_10631} \
	{WELLTAP_10632} \
	{WELLTAP_10633} \
	{WELLTAP_10634} \
	{WELLTAP_10643} \
	{WELLTAP_10644} \
	{WELLTAP_10645} \
	{WELLTAP_10646} \
	{WELLTAP_10647} \
	{WELLTAP_10648} \
	{WELLTAP_10649} \
	{WELLTAP_10650} \
	{WELLTAP_10651} \
	{WELLTAP_10652} \
	{WELLTAP_10653} \
	{WELLTAP_10654} \
	{WELLTAP_10655} \
	{WELLTAP_10656} \
	{WELLTAP_10657} \
	{WELLTAP_10658} \
	{WELLTAP_10659} \
	{WELLTAP_10660} \
	{WELLTAP_10661} \
	{WELLTAP_10671} \
	{WELLTAP_10672} \
	{WELLTAP_10673} \
	{WELLTAP_10674} \
	{WELLTAP_10675} \
	{WELLTAP_10676} \
	{WELLTAP_10677} \
	{WELLTAP_10678} \
	{WELLTAP_10679} \
	{WELLTAP_10680} \
	{WELLTAP_10681} \
	{WELLTAP_10682} \
	{WELLTAP_10683} \
	{WELLTAP_10684} \
	{WELLTAP_10685} \
	{WELLTAP_10686} \
	{WELLTAP_10687} \
	{WELLTAP_10688} \
	{WELLTAP_10697} \
	{WELLTAP_10698} \
	{WELLTAP_10699} \
	{WELLTAP_10700} \
	{WELLTAP_10701} \
	{WELLTAP_10702} \
	{WELLTAP_10703} \
	{WELLTAP_10704} \
	{WELLTAP_10705} \
	{WELLTAP_10706} \
	{WELLTAP_10707} \
	{WELLTAP_10708} \
	{WELLTAP_10709} \
	{WELLTAP_10710} \
	{WELLTAP_10711} \
	{WELLTAP_10712} \
	{WELLTAP_10713} \
	{WELLTAP_10714} \
	{WELLTAP_10715} \
	{WELLTAP_10725} \
	{WELLTAP_10726} \
	{WELLTAP_10727} \
	{WELLTAP_10728} \
	{WELLTAP_10729} \
	{WELLTAP_10730} \
	{WELLTAP_10731} \
	{WELLTAP_10732} \
	{WELLTAP_10733} \
	{WELLTAP_10734} \
	{WELLTAP_10735} \
	{WELLTAP_10736} \
	{WELLTAP_10737} \
	{WELLTAP_10738} \
	{WELLTAP_10739} \
	{WELLTAP_10740} \
	{WELLTAP_10741} \
	{WELLTAP_10742} \
	{WELLTAP_10751} \
	{WELLTAP_10752} \
	{WELLTAP_10753} \
	{WELLTAP_10754} \
	{WELLTAP_10755} \
	{WELLTAP_10756} \
	{WELLTAP_10757} \
	{WELLTAP_10758} \
	{WELLTAP_10759} \
	{WELLTAP_10760} \
	{WELLTAP_10761} \
	{WELLTAP_10762} \
	{WELLTAP_10763} \
	{WELLTAP_10764} \
	{WELLTAP_10765} \
	{WELLTAP_10766} \
	{WELLTAP_10767} \
	{WELLTAP_10768} \
	{WELLTAP_10769} \
	{WELLTAP_10779} \
	{WELLTAP_10780} \
	{WELLTAP_10781} \
	{WELLTAP_10782} \
	{WELLTAP_10783} \
	{WELLTAP_10784} \
	{WELLTAP_10785} \
	{WELLTAP_10786} \
	{WELLTAP_10787} \
	{WELLTAP_10788} \
	{WELLTAP_10789} \
	{WELLTAP_10790} \
	{WELLTAP_10791} \
	{WELLTAP_10792} \
	{WELLTAP_10793} \
	{WELLTAP_10794} \
	{WELLTAP_10795} \
	{WELLTAP_10796} \
	{WELLTAP_10805} \
	{WELLTAP_10806} \
	{WELLTAP_10807} \
	{WELLTAP_10808} \
	{WELLTAP_10809} \
	{WELLTAP_10810} \
	{WELLTAP_10811} \
	{WELLTAP_10812} \
	{WELLTAP_10813} \
	{WELLTAP_10814} \
	{WELLTAP_10815} \
	{WELLTAP_10816} \
	{WELLTAP_10817} \
	{WELLTAP_10818} \
	{WELLTAP_10819} \
	{WELLTAP_10820} \
	{WELLTAP_10821} \
	{WELLTAP_10822} \
	{WELLTAP_10823} \
	{WELLTAP_10833} \
	{WELLTAP_10834} \
	{WELLTAP_10835} \
	{WELLTAP_10836} \
	{WELLTAP_10837} \
	{WELLTAP_10838} \
	{WELLTAP_10839} \
	{WELLTAP_10840} \
	{WELLTAP_10841} \
	{WELLTAP_10842} \
	{WELLTAP_10843} \
	{WELLTAP_10844} \
	{WELLTAP_10845} \
	{WELLTAP_10846} \
	{WELLTAP_10847} \
	{WELLTAP_10848} \
	{WELLTAP_10849} \
	{WELLTAP_10850} \
	{WELLTAP_10859} \
	{WELLTAP_10860} \
	{WELLTAP_10861} \
	{WELLTAP_10862} \
	{WELLTAP_10863} \
	{WELLTAP_10864} \
	{WELLTAP_10865} \
	{WELLTAP_10866} \
	{WELLTAP_10867} \
	{WELLTAP_10868} \
	{WELLTAP_10869} \
	{WELLTAP_10870} \
	{WELLTAP_10871} \
	{WELLTAP_10872} \
	{WELLTAP_10873} \
	{WELLTAP_10874} \
	{WELLTAP_10875} \
	{WELLTAP_10876} \
	{WELLTAP_10877} \
	{WELLTAP_10887} \
	{WELLTAP_10888} \
	{WELLTAP_10889} \
	{WELLTAP_10890} \
	{WELLTAP_10891} \
	{WELLTAP_10892} \
	{WELLTAP_10893} \
	{WELLTAP_10894} \
	{WELLTAP_10895} \
	{WELLTAP_10896} \
	{WELLTAP_10897} \
	{WELLTAP_10898} \
	{WELLTAP_10899} \
	{WELLTAP_10900} \
	{WELLTAP_10901} \
	{WELLTAP_10902} \
	{WELLTAP_10903} \
	{WELLTAP_10904} \
	{WELLTAP_10913} \
	{WELLTAP_10914} \
	{WELLTAP_10915} \
	{WELLTAP_10916} \
	{WELLTAP_10917} \
	{WELLTAP_10918} \
	{WELLTAP_10919} \
	{WELLTAP_10920} \
	{WELLTAP_10921} \
	{WELLTAP_10922} \
	{WELLTAP_10923} \
	{WELLTAP_10924} \
	{WELLTAP_10925} \
	{WELLTAP_10926} \
	{WELLTAP_10927} \
	{WELLTAP_10928} \
	{WELLTAP_10929} \
	{WELLTAP_10930} \
	{WELLTAP_10931} \
	{WELLTAP_10941} \
	{WELLTAP_10942} \
	{WELLTAP_10943} \
	{WELLTAP_10944} \
	{WELLTAP_10945} \
	{WELLTAP_10946} \
	{WELLTAP_10947} \
	{WELLTAP_10948} \
	{WELLTAP_10949} \
	{WELLTAP_10950} \
	{WELLTAP_10951} \
	{WELLTAP_10952} \
	{WELLTAP_10953} \
	{WELLTAP_10954} \
	{WELLTAP_10955} \
	{WELLTAP_10956} \
	{WELLTAP_10957} \
	{WELLTAP_10958} \
	{WELLTAP_10967} \
	{WELLTAP_10968} \
	{WELLTAP_10969} \
	{WELLTAP_10970} \
	{WELLTAP_10971} \
	{WELLTAP_10972} \
	{WELLTAP_10973} \
	{WELLTAP_10974} \
	{WELLTAP_10975} \
	{WELLTAP_10976} \
	{WELLTAP_10977} \
	{WELLTAP_10978} \
	{WELLTAP_10979} \
	{WELLTAP_10980} \
	{WELLTAP_10981} \
	{WELLTAP_10982} \
	{WELLTAP_10983} \
	{WELLTAP_10984} \
	{WELLTAP_10985} \
	{WELLTAP_10995} \
	{WELLTAP_10996} \
	{WELLTAP_10997} \
	{WELLTAP_10998} \
	{WELLTAP_10999} \
	{WELLTAP_11000} \
	{WELLTAP_11001} \
	{WELLTAP_11002} \
	{WELLTAP_11003} \
	{WELLTAP_11004} \
	{WELLTAP_11005} \
	{WELLTAP_11006} \
	{WELLTAP_11007} \
	{WELLTAP_11008} \
	{WELLTAP_11009} \
	{WELLTAP_11010} \
	{WELLTAP_11011} \
	{WELLTAP_11012} \
	{WELLTAP_11021} \
	{WELLTAP_11022} \
	{WELLTAP_11023} \
	{WELLTAP_11024} \
	{WELLTAP_11025} \
	{WELLTAP_11026} \
	{WELLTAP_11027} \
	{WELLTAP_11028} \
	{WELLTAP_11029} \
	{WELLTAP_11030} \
	{WELLTAP_11031} \
	{WELLTAP_11032} \
	{WELLTAP_11033} \
	{WELLTAP_11034} \
	{WELLTAP_11035} \
	{WELLTAP_11036} \
	{WELLTAP_11037} \
	{WELLTAP_11038} \
	{WELLTAP_11039} \
	{WELLTAP_11049} \
	{WELLTAP_11050} \
	{WELLTAP_11051} \
	{WELLTAP_11052} \
	{WELLTAP_11053} \
	{WELLTAP_11054} \
	{WELLTAP_11055} \
	{WELLTAP_11056} \
	{WELLTAP_11057} \
	{WELLTAP_11058} \
	{WELLTAP_11059} \
	{WELLTAP_11060} \
	{WELLTAP_11061} \
	{WELLTAP_11062} \
	{WELLTAP_11063} \
	{WELLTAP_11064} \
	{WELLTAP_11065} \
	{WELLTAP_11066} \
	{WELLTAP_11075} \
	{WELLTAP_11076} \
	{WELLTAP_11077} \
	{WELLTAP_11078} \
	{WELLTAP_11079} \
	{WELLTAP_11080} \
	{WELLTAP_11081} \
	{WELLTAP_11082} \
	{WELLTAP_11083} \
	{WELLTAP_11084} \
	{WELLTAP_11085} \
	{WELLTAP_11086} \
	{WELLTAP_11087} \
	{WELLTAP_11088} \
	{WELLTAP_11089} \
	{WELLTAP_11090} \
	{WELLTAP_11091} \
	{WELLTAP_11092} \
	{WELLTAP_11093} \
	{WELLTAP_11103} \
	{WELLTAP_11104} \
	{WELLTAP_11105} \
	{WELLTAP_11106} \
	{WELLTAP_11107} \
	{WELLTAP_11108} \
	{WELLTAP_11109} \
	{WELLTAP_11110} \
	{WELLTAP_11111} \
	{WELLTAP_11112} \
	{WELLTAP_11113} \
	{WELLTAP_11114} \
	{WELLTAP_11115} \
	{WELLTAP_11116} \
	{WELLTAP_11117} \
	{WELLTAP_11118} \
	{WELLTAP_11119} \
	{WELLTAP_11120} \
	{WELLTAP_11129} \
	{WELLTAP_11130} \
	{WELLTAP_11131} \
	{WELLTAP_11132} \
	{WELLTAP_11133} \
	{WELLTAP_11134} \
	{WELLTAP_11135} \
	{WELLTAP_11136} \
	{WELLTAP_11137} \
	{WELLTAP_11138} \
	{WELLTAP_11139} \
	{WELLTAP_11140} \
	{WELLTAP_11141} \
	{WELLTAP_11142} \
	{WELLTAP_11143} \
	{WELLTAP_11144} \
	{WELLTAP_11145} \
	{WELLTAP_11146} \
	{WELLTAP_11147} \
	{WELLTAP_11157} \
	{WELLTAP_11158} \
	{WELLTAP_11159} \
	{WELLTAP_11160} \
	{WELLTAP_11161} \
	{WELLTAP_11162} \
	{WELLTAP_11163} \
	{WELLTAP_11164} \
	{WELLTAP_11165} \
	{WELLTAP_11166} \
	{WELLTAP_11167} \
	{WELLTAP_11168} \
	{WELLTAP_11169} \
	{WELLTAP_11170} \
	{WELLTAP_11171} \
	{WELLTAP_11172} \
	{WELLTAP_11173} \
	{WELLTAP_11174} \
	{WELLTAP_11183} \
	{WELLTAP_11184} \
	{WELLTAP_11185} \
	{WELLTAP_11186} \
	{WELLTAP_11187} \
	{WELLTAP_11188} \
	{WELLTAP_11189} \
	{WELLTAP_11190} \
	{WELLTAP_11191} \
	{WELLTAP_11192} \
	{WELLTAP_11193} \
	{WELLTAP_11194} \
	{WELLTAP_11195} \
	{WELLTAP_11196} \
	{WELLTAP_11197} \
	{WELLTAP_11198} \
	{WELLTAP_11199} \
	{WELLTAP_11200} \
	{WELLTAP_11201} \
	{WELLTAP_11211} \
	{WELLTAP_11212} \
	{WELLTAP_11213} \
	{WELLTAP_11214} \
	{WELLTAP_11215} \
	{WELLTAP_11216} \
	{WELLTAP_11217} \
	{WELLTAP_11218} \
	{WELLTAP_11219} \
	{WELLTAP_11220} \
	{WELLTAP_11221} \
	{WELLTAP_11222} \
	{WELLTAP_11223} \
	{WELLTAP_11224} \
	{WELLTAP_11225} \
	{WELLTAP_11226} \
	{WELLTAP_11227} \
	{WELLTAP_11228} \
	{WELLTAP_11237} \
	{WELLTAP_11238} \
	{WELLTAP_11239} \
	{WELLTAP_11240} \
	{WELLTAP_11241} \
	{WELLTAP_11242} \
	{WELLTAP_11243} \
	{WELLTAP_11244} \
	{WELLTAP_11245} \
	{WELLTAP_11246} \
	{WELLTAP_11247} \
	{WELLTAP_11248} \
	{WELLTAP_11249} \
	{WELLTAP_11250} \
	{WELLTAP_11251} \
	{WELLTAP_11252} \
	{WELLTAP_11253} \
	{WELLTAP_11254} \
	{WELLTAP_11255} \
	{WELLTAP_11268} \
	{WELLTAP_11269} \
	{WELLTAP_11270} \
	{WELLTAP_11271} \
	{WELLTAP_11272} \
	{WELLTAP_11273} \
	{WELLTAP_11274} \
	{WELLTAP_11275} \
	{WELLTAP_11276} \
	{WELLTAP_11277} \
	{WELLTAP_11278} \
	{WELLTAP_11279} \
	{WELLTAP_11280} \
	{WELLTAP_11281} \
	{WELLTAP_11282} \
	{WELLTAP_11295} \
	{WELLTAP_11296} \
	{WELLTAP_11297} \
	{WELLTAP_11298} \
	{WELLTAP_11299} \
	{WELLTAP_11300} \
	{WELLTAP_11301} \
	{WELLTAP_11302} \
	{WELLTAP_11303} \
	{WELLTAP_11304} \
	{WELLTAP_11305} \
	{WELLTAP_11306} \
	{WELLTAP_11307} \
	{WELLTAP_11308} \
	{WELLTAP_11309} \
	{WELLTAP_11322} \
	{WELLTAP_11323} \
	{WELLTAP_11324} \
	{WELLTAP_11325} \
	{WELLTAP_11326} \
	{WELLTAP_11327} \
	{WELLTAP_11328} \
	{WELLTAP_11329} \
	{WELLTAP_11330} \
	{WELLTAP_11331} \
	{WELLTAP_11332} \
	{WELLTAP_11333} \
	{WELLTAP_11334} \
	{WELLTAP_11335} \
	{WELLTAP_11336} \
	{WELLTAP_11349} \
	{WELLTAP_11350} \
	{WELLTAP_11351} \
	{WELLTAP_11352} \
	{WELLTAP_11353} \
	{WELLTAP_11354} \
	{WELLTAP_11355} \
	{WELLTAP_11356} \
	{WELLTAP_11357} \
	{WELLTAP_11358} \
	{WELLTAP_11359} \
	{WELLTAP_11360} \
	{WELLTAP_11361} \
	{WELLTAP_11362} \
	{WELLTAP_11363} \
	{WELLTAP_11376} \
	{WELLTAP_11377} \
	{WELLTAP_11378} \
	{WELLTAP_11379} \
	{WELLTAP_11380} \
	{WELLTAP_11381} \
	{WELLTAP_11382} \
	{WELLTAP_11383} \
	{WELLTAP_11384} \
	{WELLTAP_11385} \
	{WELLTAP_11386} \
	{WELLTAP_11387} \
	{WELLTAP_11388} \
	{WELLTAP_11389} \
	{WELLTAP_11390} \
	{WELLTAP_11403} \
	{WELLTAP_11404} \
	{WELLTAP_11405} \
	{WELLTAP_11406} \
	{WELLTAP_11407} \
	{WELLTAP_11408} \
	{WELLTAP_11409} \
	{WELLTAP_11410} \
	{WELLTAP_11411} \
	{WELLTAP_11412} \
	{WELLTAP_11413} \
	{WELLTAP_11414} \
	{WELLTAP_11415} \
	{WELLTAP_11416} \
	{WELLTAP_11417} \
	{WELLTAP_11430} \
	{WELLTAP_11431} \
	{WELLTAP_11432} \
	{WELLTAP_11433} \
	{WELLTAP_11434} \
	{WELLTAP_11435} \
	{WELLTAP_11436} \
	{WELLTAP_11437} \
	{WELLTAP_11438} \
	{WELLTAP_11439} \
	{WELLTAP_11440} \
	{WELLTAP_11441} \
	{WELLTAP_11442} \
	{WELLTAP_11443} \
	{WELLTAP_11444} \
	{WELLTAP_11457} \
	{WELLTAP_11458} \
	{WELLTAP_11459} \
	{WELLTAP_11460} \
	{WELLTAP_11461} \
	{WELLTAP_11462} \
	{WELLTAP_11463} \
	{WELLTAP_11464} \
	{WELLTAP_11465} \
	{WELLTAP_11466} \
	{WELLTAP_11467} \
	{WELLTAP_11468} \
	{WELLTAP_11469} \
	{WELLTAP_11470} \
	{WELLTAP_11471} \
	{WELLTAP_11484} \
	{WELLTAP_11485} \
	{WELLTAP_11486} \
	{WELLTAP_11487} \
	{WELLTAP_11488} \
	{WELLTAP_11489} \
	{WELLTAP_11490} \
	{WELLTAP_11491} \
	{WELLTAP_11492} \
	{WELLTAP_11493} \
	{WELLTAP_11494} \
	{WELLTAP_11495} \
	{WELLTAP_11496} \
	{WELLTAP_11497} \
	{WELLTAP_11498} \
	{WELLTAP_11511} \
	{WELLTAP_11512} \
	{WELLTAP_11513} \
	{WELLTAP_11514} \
	{WELLTAP_11515} \
	{WELLTAP_11516} \
	{WELLTAP_11517} \
	{WELLTAP_11518} \
	{WELLTAP_11519} \
	{WELLTAP_11520} \
	{WELLTAP_11521} \
	{WELLTAP_11522} \
	{WELLTAP_11523} \
	{WELLTAP_11524} \
	{WELLTAP_11525} \
	{WELLTAP_11538} \
	{WELLTAP_11539} \
	{WELLTAP_11540} \
	{WELLTAP_11541} \
	{WELLTAP_11542} \
	{WELLTAP_11543} \
	{WELLTAP_11544} \
	{WELLTAP_11545} \
	{WELLTAP_11546} \
	{WELLTAP_11547} \
	{WELLTAP_11548} \
	{WELLTAP_11549} \
	{WELLTAP_11550} \
	{WELLTAP_11551} \
	{WELLTAP_11552} \
	{WELLTAP_11565} \
	{WELLTAP_11566} \
	{WELLTAP_11567} \
	{WELLTAP_11568} \
	{WELLTAP_11569} \
	{WELLTAP_11570} \
	{WELLTAP_11571} \
	{WELLTAP_11572} \
	{WELLTAP_11573} \
	{WELLTAP_11574} \
	{WELLTAP_11575} \
	{WELLTAP_11576} \
	{WELLTAP_11577} \
	{WELLTAP_11578} \
	{WELLTAP_11579} \
	{WELLTAP_11592} \
	{WELLTAP_11593} \
	{WELLTAP_11594} \
	{WELLTAP_11595} \
	{WELLTAP_11596} \
	{WELLTAP_11597} \
	{WELLTAP_11598} \
	{WELLTAP_11599} \
	{WELLTAP_11600} \
	{WELLTAP_11601} \
	{WELLTAP_11602} \
	{WELLTAP_11603} \
	{WELLTAP_11604} \
	{WELLTAP_11605} \
	{WELLTAP_11606} \
	{WELLTAP_11619} \
	{WELLTAP_11620} \
	{WELLTAP_11621} \
	{WELLTAP_11622} \
	{WELLTAP_11623} \
	{WELLTAP_11624} \
	{WELLTAP_11625} \
	{WELLTAP_11626} \
	{WELLTAP_11627} \
	{WELLTAP_11628} \
	{WELLTAP_11629} \
	{WELLTAP_11630} \
	{WELLTAP_11631} \
	{WELLTAP_11632} \
	{WELLTAP_11633} \
	{WELLTAP_11646} \
	{WELLTAP_11647} \
	{WELLTAP_11648} \
	{WELLTAP_11649} \
	{WELLTAP_11650} \
	{WELLTAP_11651} \
	{WELLTAP_11652} \
	{WELLTAP_11653} \
	{WELLTAP_11654} \
	{WELLTAP_11655} \
	{WELLTAP_11656} \
	{WELLTAP_11657} \
	{WELLTAP_11658} \
	{WELLTAP_11659} \
	{WELLTAP_11660} \
	{WELLTAP_11673} \
	{WELLTAP_11674} \
	{WELLTAP_11675} \
	{WELLTAP_11676} \
	{WELLTAP_11677} \
	{WELLTAP_11678} \
	{WELLTAP_11679} \
	{WELLTAP_11680} \
	{WELLTAP_11681} \
	{WELLTAP_11682} \
	{WELLTAP_11683} \
	{WELLTAP_11684} \
	{WELLTAP_11685} \
	{WELLTAP_11686} \
	{WELLTAP_11687} \
	{WELLTAP_11700} \
	{WELLTAP_11701} \
	{WELLTAP_11702} \
	{WELLTAP_11703} \
	{WELLTAP_11704} \
	{WELLTAP_11705} \
	{WELLTAP_11706} \
	{WELLTAP_11707} \
	{WELLTAP_11708} \
	{WELLTAP_11709} \
	{WELLTAP_11710} \
	{WELLTAP_11711} \
	{WELLTAP_11712} \
	{WELLTAP_11713} \
	{WELLTAP_11714} \
	{WELLTAP_11727} \
	{WELLTAP_11728} \
	{WELLTAP_11729} \
	{WELLTAP_11730} \
	{WELLTAP_11731} \
	{WELLTAP_11732} \
	{WELLTAP_11733} \
	{WELLTAP_11734} \
	{WELLTAP_11735} \
	{WELLTAP_11736} \
	{WELLTAP_11737} \
	{WELLTAP_11738} \
	{WELLTAP_11739} \
	{WELLTAP_11740} \
	{WELLTAP_11741} \
	{WELLTAP_11754} \
	{WELLTAP_11755} \
	{WELLTAP_11756} \
	{WELLTAP_11757} \
	{WELLTAP_11758} \
	{WELLTAP_11759} \
	{WELLTAP_11760} \
	{WELLTAP_11761} \
	{WELLTAP_11762} \
	{WELLTAP_11763} \
	{WELLTAP_11764} \
	{WELLTAP_11765} \
	{WELLTAP_11766} \
	{WELLTAP_11767} \
	{WELLTAP_11768} \
	{WELLTAP_11781} \
	{WELLTAP_11782} \
	{WELLTAP_11783} \
	{WELLTAP_11784} \
	{WELLTAP_11785} \
	{WELLTAP_11786} \
	{WELLTAP_11787} \
	{WELLTAP_11788} \
	{WELLTAP_11789} \
	{WELLTAP_11790} \
	{WELLTAP_11791} \
	{WELLTAP_11792} \
	{WELLTAP_11793} \
	{WELLTAP_11794} \
	{WELLTAP_11795} \
	{WELLTAP_11808} \
	{WELLTAP_11809} \
	{WELLTAP_11810} \
	{WELLTAP_11811} \
	{WELLTAP_11812} \
	{WELLTAP_11813} \
	{WELLTAP_11814} \
	{WELLTAP_11815} \
	{WELLTAP_11816} \
	{WELLTAP_11817} \
	{WELLTAP_11818} \
	{WELLTAP_11819} \
	{WELLTAP_11820} \
	{WELLTAP_11821} \
	{WELLTAP_11822} \
	{WELLTAP_11835} \
	{WELLTAP_11836} \
	{WELLTAP_11837} \
	{WELLTAP_11838} \
	{WELLTAP_11839} \
	{WELLTAP_11840} \
	{WELLTAP_11841} \
	{WELLTAP_11842} \
	{WELLTAP_11843} \
	{WELLTAP_11844} \
	{WELLTAP_11845} \
	{WELLTAP_11846} \
	{WELLTAP_11847} \
	{WELLTAP_11848} \
	{WELLTAP_11849} \
	{WELLTAP_11862} \
	{WELLTAP_11863} \
	{WELLTAP_11864} \
	{WELLTAP_11865} \
	{WELLTAP_11866} \
	{WELLTAP_11867} \
	{WELLTAP_11868} \
	{WELLTAP_11869} \
	{WELLTAP_11870} \
	{WELLTAP_11871} \
	{WELLTAP_11872} \
	{WELLTAP_11873} \
	{WELLTAP_11874} \
	{WELLTAP_11875} \
	{WELLTAP_11876} \
	{WELLTAP_11889} \
	{WELLTAP_11890} \
	{WELLTAP_11891} \
	{WELLTAP_11892} \
	{WELLTAP_11893} \
	{WELLTAP_11894} \
	{WELLTAP_11895} \
	{WELLTAP_11896} \
	{WELLTAP_11897} \
	{WELLTAP_11898} \
	{WELLTAP_11899} \
	{WELLTAP_11900} \
	{WELLTAP_11901} \
	{WELLTAP_11902} \
	{WELLTAP_11903} \
	{WELLTAP_11916} \
	{WELLTAP_11917} \
	{WELLTAP_11918} \
	{WELLTAP_11919} \
	{WELLTAP_11920} \
	{WELLTAP_11921} \
	{WELLTAP_11922} \
	{WELLTAP_11923} \
	{WELLTAP_11924} \
	{WELLTAP_11925} \
	{WELLTAP_11926} \
	{WELLTAP_11927} \
	{WELLTAP_11928} \
	{WELLTAP_11929} \
	{WELLTAP_11930} \
	{WELLTAP_11943} \
	{WELLTAP_11944} \
	{WELLTAP_11945} \
	{WELLTAP_11946} \
	{WELLTAP_11947} \
	{WELLTAP_11948} \
	{WELLTAP_11949} \
	{WELLTAP_11950} \
	{WELLTAP_11951} \
	{WELLTAP_11952} \
	{WELLTAP_11953} \
	{WELLTAP_11954} \
	{WELLTAP_11955} \
	{WELLTAP_11956} \
	{WELLTAP_11957} \
	{WELLTAP_11970} \
	{WELLTAP_11971} \
	{WELLTAP_11972} \
	{WELLTAP_11973} \
	{WELLTAP_11974} \
	{WELLTAP_11975} \
	{WELLTAP_11976} \
	{WELLTAP_11977} \
	{WELLTAP_11978} \
	{WELLTAP_11979} \
	{WELLTAP_11980} \
	{WELLTAP_11981} \
	{WELLTAP_11982} \
	{WELLTAP_11983} \
	{WELLTAP_11984} \
	{WELLTAP_11997} \
	{WELLTAP_11998} \
	{WELLTAP_11999} \
	{WELLTAP_12000} \
	{WELLTAP_12001} \
	{WELLTAP_12002} \
	{WELLTAP_12003} \
	{WELLTAP_12004} \
	{WELLTAP_12005} \
	{WELLTAP_12006} \
	{WELLTAP_12007} \
	{WELLTAP_12008} \
	{WELLTAP_12009} \
	{WELLTAP_12010} \
	{WELLTAP_12011} \
	{WELLTAP_12024} \
	{WELLTAP_12025} \
	{WELLTAP_12026} \
	{WELLTAP_12027} \
	{WELLTAP_12028} \
	{WELLTAP_12029} \
	{WELLTAP_12030} \
	{WELLTAP_12031} \
	{WELLTAP_12032} \
	{WELLTAP_12033} \
	{WELLTAP_12034} \
	{WELLTAP_12035} \
	{WELLTAP_12036} \
	{WELLTAP_12037} \
	{WELLTAP_12038} \
	{WELLTAP_12051} \
	{WELLTAP_12052} \
	{WELLTAP_12053} \
	{WELLTAP_12054} \
	{WELLTAP_12055} \
	{WELLTAP_12056} \
	{WELLTAP_12057} \
	{WELLTAP_12058} \
	{WELLTAP_12059} \
	{WELLTAP_12060} \
	{WELLTAP_12061} \
	{WELLTAP_12062} \
	{WELLTAP_12063} \
	{WELLTAP_12064} \
	{WELLTAP_12065} \
	{WELLTAP_12078} \
	{WELLTAP_12079} \
	{WELLTAP_12080} \
	{WELLTAP_12081} \
	{WELLTAP_12082} \
	{WELLTAP_12083} \
	{WELLTAP_12084} \
	{WELLTAP_12085} \
	{WELLTAP_12086} \
	{WELLTAP_12087} \
	{WELLTAP_12088} \
	{WELLTAP_12089} \
	{WELLTAP_12090} \
	{WELLTAP_12091} \
	{WELLTAP_12092} \
	{WELLTAP_12105} \
	{WELLTAP_12106} \
	{WELLTAP_12107} \
	{WELLTAP_12108} \
	{WELLTAP_12109} \
	{WELLTAP_12110} \
	{WELLTAP_12111} \
	{WELLTAP_12112} \
	{WELLTAP_12113} \
	{WELLTAP_12114} \
	{WELLTAP_12115} \
	{WELLTAP_12116} \
	{WELLTAP_12117} \
	{WELLTAP_12118} \
	{WELLTAP_12119} \
	{WELLTAP_12132} \
	{WELLTAP_12133} \
	{WELLTAP_12134} \
	{WELLTAP_12135} \
	{WELLTAP_12136} \
	{WELLTAP_12137} \
	{WELLTAP_12138} \
	{WELLTAP_12139} \
	{WELLTAP_12140} \
	{WELLTAP_12141} \
	{WELLTAP_12142} \
	{WELLTAP_12143} \
	{WELLTAP_12144} \
	{WELLTAP_12145} \
	{WELLTAP_12146} \
	{WELLTAP_12159} \
	{WELLTAP_12160} \
	{WELLTAP_12161} \
	{WELLTAP_12162} \
	{WELLTAP_12163} \
	{WELLTAP_12164} \
	{WELLTAP_12165} \
	{WELLTAP_12166} \
	{WELLTAP_12167} \
	{WELLTAP_12168} \
	{WELLTAP_12169} \
	{WELLTAP_12170} \
	{WELLTAP_12171} \
	{WELLTAP_12172} \
	{WELLTAP_12173} \
	{WELLTAP_12186} \
	{WELLTAP_12187} \
	{WELLTAP_12188} \
	{WELLTAP_12189} \
	{WELLTAP_12190} \
	{WELLTAP_12191} \
	{WELLTAP_12192} \
	{WELLTAP_12193} \
	{WELLTAP_12194} \
	{WELLTAP_12195} \
	{WELLTAP_12196} \
	{WELLTAP_12197} \
	{WELLTAP_12198} \
	{WELLTAP_12199} \
	{WELLTAP_12200} \
	{WELLTAP_12213} \
	{WELLTAP_12214} \
	{WELLTAP_12215} \
	{WELLTAP_12216} \
	{WELLTAP_12217} \
	{WELLTAP_12218} \
	{WELLTAP_12219} \
	{WELLTAP_12220} \
	{WELLTAP_12221} \
	{WELLTAP_12222} \
	{WELLTAP_12223} \
	{WELLTAP_12224} \
	{WELLTAP_12225} \
	{WELLTAP_12226} \
	{WELLTAP_12227} \
	{WELLTAP_12240} \
	{WELLTAP_12241} \
	{WELLTAP_12242} \
	{WELLTAP_12243} \
	{WELLTAP_12244} \
	{WELLTAP_12245} \
	{WELLTAP_12246} \
	{WELLTAP_12247} \
	{WELLTAP_12248} \
	{WELLTAP_12249} \
	{WELLTAP_12250} \
	{WELLTAP_12251} \
	{WELLTAP_12252} \
	{WELLTAP_12253} \
	{WELLTAP_12254} \
	{WELLTAP_12267} \
	{WELLTAP_12268} \
	{WELLTAP_12269} \
	{WELLTAP_12270} \
	{WELLTAP_12271} \
	{WELLTAP_12272} \
	{WELLTAP_12273} \
	{WELLTAP_12274} \
	{WELLTAP_12275} \
	{WELLTAP_12276} \
	{WELLTAP_12277} \
	{WELLTAP_12278} \
	{WELLTAP_12279} \
	{WELLTAP_12280} \
	{WELLTAP_12281} \
	{WELLTAP_12294} \
	{WELLTAP_12295} \
	{WELLTAP_12296} \
	{WELLTAP_12297} \
	{WELLTAP_12298} \
	{WELLTAP_12299} \
	{WELLTAP_12300} \
	{WELLTAP_12301} \
	{WELLTAP_12302} \
	{WELLTAP_12303} \
	{WELLTAP_12304} \
	{WELLTAP_12305} \
	{WELLTAP_12306} \
	{WELLTAP_12307} \
	{WELLTAP_12308} \
	{WELLTAP_12321} \
	{WELLTAP_12322} \
	{WELLTAP_12323} \
	{WELLTAP_12324} \
	{WELLTAP_12325} \
	{WELLTAP_12326} \
	{WELLTAP_12327} \
	{WELLTAP_12328} \
	{WELLTAP_12329} \
	{WELLTAP_12330} \
	{WELLTAP_12331} \
	{WELLTAP_12332} \
	{WELLTAP_12333} \
	{WELLTAP_12334} \
	{WELLTAP_12335} \
	{WELLTAP_12348} \
	{WELLTAP_12349} \
	{WELLTAP_12350} \
	{WELLTAP_12351} \
	{WELLTAP_12352} \
	{WELLTAP_12353} \
	{WELLTAP_12354} \
	{WELLTAP_12355} \
	{WELLTAP_12356} \
	{WELLTAP_12357} \
	{WELLTAP_12358} \
	{WELLTAP_12359} \
	{WELLTAP_12360} \
	{WELLTAP_12361} \
	{WELLTAP_12362} \
	{WELLTAP_12375} \
	{WELLTAP_12376} \
	{WELLTAP_12377} \
	{WELLTAP_12378} \
	{WELLTAP_12379} \
	{WELLTAP_12380} \
	{WELLTAP_12381} \
	{WELLTAP_12382} \
	{WELLTAP_12383} \
	{WELLTAP_12384} \
	{WELLTAP_12385} \
	{WELLTAP_12386} \
	{WELLTAP_12387} \
	{WELLTAP_12388} \
	{WELLTAP_12389} \
	{WELLTAP_12402} \
	{WELLTAP_12403} \
	{WELLTAP_12404} \
	{WELLTAP_12405} \
	{WELLTAP_12406} \
	{WELLTAP_12407} \
	{WELLTAP_12408} \
	{WELLTAP_12409} \
	{WELLTAP_12410} \
	{WELLTAP_12411} \
	{WELLTAP_12412} \
	{WELLTAP_12413} \
	{WELLTAP_12414} \
	{WELLTAP_12415} \
	{WELLTAP_12416} \
	{WELLTAP_12429} \
	{WELLTAP_12430} \
	{WELLTAP_12431} \
	{WELLTAP_12432} \
	{WELLTAP_12433} \
	{WELLTAP_12434} \
	{WELLTAP_12435} \
	{WELLTAP_12436} \
	{WELLTAP_12437} \
	{WELLTAP_12438} \
	{WELLTAP_12439} \
	{WELLTAP_12440} \
	{WELLTAP_12441} \
	{WELLTAP_12442} \
	{WELLTAP_12443} \
	{WELLTAP_12456} \
	{WELLTAP_12457} \
	{WELLTAP_12458} \
	{WELLTAP_12459} \
	{WELLTAP_12460} \
	{WELLTAP_12461} \
	{WELLTAP_12462} \
	{WELLTAP_12463} \
	{WELLTAP_12464} \
	{WELLTAP_12465} \
	{WELLTAP_12466} \
	{WELLTAP_12467} \
	{WELLTAP_12468} \
	{WELLTAP_12469} \
	{WELLTAP_12470} \
	{WELLTAP_12483} \
	{WELLTAP_12484} \
	{WELLTAP_12485} \
	{WELLTAP_12486} \
	{WELLTAP_12487} \
	{WELLTAP_12488} \
	{WELLTAP_12489} \
	{WELLTAP_12490} \
	{WELLTAP_12491} \
	{WELLTAP_12492} \
	{WELLTAP_12493} \
	{WELLTAP_12494} \
	{WELLTAP_12495} \
	{WELLTAP_12496} \
	{WELLTAP_12497} \
	{WELLTAP_12510} \
	{WELLTAP_12511} \
	{WELLTAP_12512} \
	{WELLTAP_12513} \
	{WELLTAP_12514} \
	{WELLTAP_12515} \
	{WELLTAP_12516} \
	{WELLTAP_12517} \
	{WELLTAP_12518} \
	{WELLTAP_12519} \
	{WELLTAP_12520} \
	{WELLTAP_12521} \
	{WELLTAP_12522} \
	{WELLTAP_12523} \
	{WELLTAP_12524} \
	{WELLTAP_12537} \
	{WELLTAP_12538} \
	{WELLTAP_12539} \
	{WELLTAP_12540} \
	{WELLTAP_12541} \
	{WELLTAP_12542} \
	{WELLTAP_12543} \
	{WELLTAP_12544} \
	{WELLTAP_12545} \
	{WELLTAP_12546} \
	{WELLTAP_12547} \
	{WELLTAP_12548} \
	{WELLTAP_12549} \
	{WELLTAP_12550} \
	{WELLTAP_12551} \
	{WELLTAP_12564} \
	{WELLTAP_12565} \
	{WELLTAP_12566} \
	{WELLTAP_12567} \
	{WELLTAP_12568} \
	{WELLTAP_12569} \
	{WELLTAP_12570} \
	{WELLTAP_12571} \
	{WELLTAP_12572} \
	{WELLTAP_12573} \
	{WELLTAP_12574} \
	{WELLTAP_12575} \
	{WELLTAP_12576} \
	{WELLTAP_12577} \
	{WELLTAP_12578} \
	{WELLTAP_12591} \
	{WELLTAP_12592} \
	{WELLTAP_12593} \
	{WELLTAP_12594} \
	{WELLTAP_12595} \
	{WELLTAP_12596} \
	{WELLTAP_12597} \
	{WELLTAP_12598} \
	{WELLTAP_12599} \
	{WELLTAP_12600} \
	{WELLTAP_12601} \
	{WELLTAP_12602} \
	{WELLTAP_12603} \
	{WELLTAP_12604} \
	{WELLTAP_12605} \
	{WELLTAP_12618} \
	{WELLTAP_12619} \
	{WELLTAP_12620} \
	{WELLTAP_12621} \
	{WELLTAP_12622} \
	{WELLTAP_12623} \
	{WELLTAP_12624} \
	{WELLTAP_12625} \
	{WELLTAP_12626} \
	{WELLTAP_12627} \
	{WELLTAP_12628} \
	{WELLTAP_12629} \
	{WELLTAP_12630} \
	{WELLTAP_12631} \
	{WELLTAP_12632} \
	{WELLTAP_12645} \
	{WELLTAP_12646} \
	{WELLTAP_12647} \
	{WELLTAP_12648} \
	{WELLTAP_12649} \
	{WELLTAP_12650} \
	{WELLTAP_12651} \
	{WELLTAP_12652} \
	{WELLTAP_12653} \
	{WELLTAP_12654} \
	{WELLTAP_12655} \
	{WELLTAP_12656} \
	{WELLTAP_12657} \
	{WELLTAP_12658} \
	{WELLTAP_12659} \
	{WELLTAP_12672} \
	{WELLTAP_12673} \
	{WELLTAP_12674} \
	{WELLTAP_12675} \
	{WELLTAP_12676} \
	{WELLTAP_12677} \
	{WELLTAP_12678} \
	{WELLTAP_12679} \
	{WELLTAP_12680} \
	{WELLTAP_12681} \
	{WELLTAP_12682} \
	{WELLTAP_12683} \
	{WELLTAP_12684} \
	{WELLTAP_12685} \
	{WELLTAP_12686} \
	{WELLTAP_12699} \
	{WELLTAP_12700} \
	{WELLTAP_12701} \
	{WELLTAP_12702} \
	{WELLTAP_12703} \
	{WELLTAP_12704} \
	{WELLTAP_12705} \
	{WELLTAP_12706} \
	{WELLTAP_12707} \
	{WELLTAP_12708} \
	{WELLTAP_12709} \
	{WELLTAP_12710} \
	{WELLTAP_12711} \
	{WELLTAP_12712} \
	{WELLTAP_12713} \
	{WELLTAP_12726} \
	{WELLTAP_12727} \
	{WELLTAP_12728} \
	{WELLTAP_12729} \
	{WELLTAP_12730} \
	{WELLTAP_12731} \
	{WELLTAP_12732} \
	{WELLTAP_12733} \
	{WELLTAP_12734} \
	{WELLTAP_12735} \
	{WELLTAP_12736} \
	{WELLTAP_12737} \
	{WELLTAP_12738} \
	{WELLTAP_12739} \
	{WELLTAP_12740} \
	{WELLTAP_12753} \
	{WELLTAP_12754} \
	{WELLTAP_12755} \
	{WELLTAP_12756} \
	{WELLTAP_12757} \
	{WELLTAP_12758} \
	{WELLTAP_12759} \
	{WELLTAP_12760} \
	{WELLTAP_12761} \
	{WELLTAP_12762} \
	{WELLTAP_12763} \
	{WELLTAP_12764} \
	{WELLTAP_12765} \
	{WELLTAP_12766} \
	{WELLTAP_12767} \
	{WELLTAP_12780} \
	{WELLTAP_12781} \
	{WELLTAP_12782} \
	{WELLTAP_12783} \
	{WELLTAP_12784} \
	{WELLTAP_12785} \
	{WELLTAP_12786} \
	{WELLTAP_12787} \
	{WELLTAP_12788} \
	{WELLTAP_12789} \
	{WELLTAP_12790} \
	{WELLTAP_12791} \
	{WELLTAP_12792} \
	{WELLTAP_12793} \
	{WELLTAP_12794} \
	{WELLTAP_12807} \
	{WELLTAP_12808} \
	{WELLTAP_12809} \
	{WELLTAP_12810} \
	{WELLTAP_12811} \
	{WELLTAP_12812} \
	{WELLTAP_12813} \
	{WELLTAP_12814} \
	{WELLTAP_12815} \
	{WELLTAP_12816} \
	{WELLTAP_12817} \
	{WELLTAP_12818} \
	{WELLTAP_12819} \
	{WELLTAP_12820} \
	{WELLTAP_12821} \
	{WELLTAP_12834} \
	{WELLTAP_12835} \
	{WELLTAP_12836} \
	{WELLTAP_12837} \
	{WELLTAP_12838} \
	{WELLTAP_12839} \
	{WELLTAP_12840} \
	{WELLTAP_12841} \
	{WELLTAP_12842} \
	{WELLTAP_12843} \
	{WELLTAP_12844} \
	{WELLTAP_12845} \
	{WELLTAP_12846} \
	{WELLTAP_12847} \
	{WELLTAP_12848} \
	{WELLTAP_12861} \
	{WELLTAP_12862} \
	{WELLTAP_12863} \
	{WELLTAP_12864} \
	{WELLTAP_12865} \
	{WELLTAP_12866} \
	{WELLTAP_12867} \
	{WELLTAP_12868} \
	{WELLTAP_12869} \
	{WELLTAP_12870} \
	{WELLTAP_12871} \
	{WELLTAP_12872} \
	{WELLTAP_12873} \
	{WELLTAP_12874} \
	{WELLTAP_12875} \
	{WELLTAP_12888} \
	{WELLTAP_12889} \
	{WELLTAP_12890} \
	{WELLTAP_12891} \
	{WELLTAP_12892} \
	{WELLTAP_12893} \
	{WELLTAP_12894} \
	{WELLTAP_12895} \
	{WELLTAP_12896} \
	{WELLTAP_12897} \
	{WELLTAP_12898} \
	{WELLTAP_12899} \
	{WELLTAP_12900} \
	{WELLTAP_12901} \
	{WELLTAP_12902} \
	{WELLTAP_12915} \
	{WELLTAP_12916} \
	{WELLTAP_12917} \
	{WELLTAP_12918} \
	{WELLTAP_12919} \
	{WELLTAP_12920} \
	{WELLTAP_12921} \
	{WELLTAP_12922} \
	{WELLTAP_12923} \
	{WELLTAP_12924} \
	{WELLTAP_12925} \
	{WELLTAP_12926} \
	{WELLTAP_12927} \
	{WELLTAP_12928} \
	{WELLTAP_12929} \
	{WELLTAP_12942} \
	{WELLTAP_12943} \
	{WELLTAP_12944} \
	{WELLTAP_12945} \
	{WELLTAP_12946} \
	{WELLTAP_12947} \
	{WELLTAP_12948} \
	{WELLTAP_12949} \
	{WELLTAP_12950} \
	{WELLTAP_12951} \
	{WELLTAP_12952} \
	{WELLTAP_12953} \
	{WELLTAP_12954} \
	{WELLTAP_12955} \
	{WELLTAP_12956} \
	{WELLTAP_12969} \
	{WELLTAP_12970} \
	{WELLTAP_12971} \
	{WELLTAP_12972} \
	{WELLTAP_12973} \
	{WELLTAP_12974} \
	{WELLTAP_12975} \
	{WELLTAP_12976} \
	{WELLTAP_12977} \
	{WELLTAP_12978} \
	{WELLTAP_12979} \
	{WELLTAP_12980} \
	{WELLTAP_12981} \
	{WELLTAP_12982} \
	{WELLTAP_12983} \
	{WELLTAP_12996} \
	{WELLTAP_12997} \
	{WELLTAP_12998} \
	{WELLTAP_12999} \
	{WELLTAP_13000} \
	{WELLTAP_13001} \
	{WELLTAP_13002} \
	{WELLTAP_13003} \
	{WELLTAP_13004} \
	{WELLTAP_13005} \
	{WELLTAP_13006} \
	{WELLTAP_13007} \
	{WELLTAP_13008} \
	{WELLTAP_13009} \
	{WELLTAP_13010} \
	{WELLTAP_13023} \
	{WELLTAP_13024} \
	{WELLTAP_13025} \
	{WELLTAP_13026} \
	{WELLTAP_13027} \
	{WELLTAP_13028} \
	{WELLTAP_13029} \
	{WELLTAP_13030} \
	{WELLTAP_13031} \
	{WELLTAP_13032} \
	{WELLTAP_13033} \
	{WELLTAP_13034} \
	{WELLTAP_13035} \
	{WELLTAP_13036} \
	{WELLTAP_13037} \
	{WELLTAP_13050} \
	{WELLTAP_13051} \
	{WELLTAP_13052} \
	{WELLTAP_13053} \
	{WELLTAP_13054} \
	{WELLTAP_13055} \
	{WELLTAP_13056} \
	{WELLTAP_13057} \
	{WELLTAP_13058} \
	{WELLTAP_13059} \
	{WELLTAP_13060} \
	{WELLTAP_13061} \
	{WELLTAP_13062} \
	{WELLTAP_13063} \
	{WELLTAP_13064} \
	{WELLTAP_13077} \
	{WELLTAP_13078} \
	{WELLTAP_13079} \
	{WELLTAP_13080} \
	{WELLTAP_13081} \
	{WELLTAP_13082} \
	{WELLTAP_13083} \
	{WELLTAP_13084} \
	{WELLTAP_13085} \
	{WELLTAP_13086} \
	{WELLTAP_13087} \
	{WELLTAP_13088} \
	{WELLTAP_13089} \
	{WELLTAP_13090} \
	{WELLTAP_13091} \
	{WELLTAP_13104} \
	{WELLTAP_13105} \
	{WELLTAP_13106} \
	{WELLTAP_13107} \
	{WELLTAP_13108} \
	{WELLTAP_13109} \
	{WELLTAP_13110} \
	{WELLTAP_13111} \
	{WELLTAP_13112} \
	{WELLTAP_13113} \
	{WELLTAP_13114} \
	{WELLTAP_13115} \
	{WELLTAP_13116} \
	{WELLTAP_13117} \
	{WELLTAP_13118} \
	{WELLTAP_13131} \
	{WELLTAP_13132} \
	{WELLTAP_13133} \
	{WELLTAP_13134} \
	{WELLTAP_13135} \
	{WELLTAP_13136} \
	{WELLTAP_13137} \
	{WELLTAP_13138} \
	{WELLTAP_13139} \
	{WELLTAP_13140} \
	{WELLTAP_13141} \
	{WELLTAP_13142} \
	{WELLTAP_13143} \
	{WELLTAP_13144} \
	{WELLTAP_13145} \
	{WELLTAP_13158} \
	{WELLTAP_13159} \
	{WELLTAP_13160} \
	{WELLTAP_13161} \
	{WELLTAP_13162} \
	{WELLTAP_13163} \
	{WELLTAP_13164} \
	{WELLTAP_13165} \
	{WELLTAP_13166} \
	{WELLTAP_13167} \
	{WELLTAP_13168} \
	{WELLTAP_13169} \
	{WELLTAP_13170} \
	{WELLTAP_13171} \
	{WELLTAP_13172} \
	{WELLTAP_13185} \
	{WELLTAP_13186} \
	{WELLTAP_13187} \
	{WELLTAP_13188} \
	{WELLTAP_13189} \
	{WELLTAP_13190} \
	{WELLTAP_13191} \
	{WELLTAP_13192} \
	{WELLTAP_13193} \
	{WELLTAP_13194} \
	{WELLTAP_13195} \
	{WELLTAP_13196} \
	{WELLTAP_13197} \
	{WELLTAP_13198} \
	{WELLTAP_13199} \
	{WELLTAP_13212} \
	{WELLTAP_13213} \
	{WELLTAP_13214} \
	{WELLTAP_13215} \
	{WELLTAP_13216} \
	{WELLTAP_13217} \
	{WELLTAP_13218} \
	{WELLTAP_13219} \
	{WELLTAP_13220} \
	{WELLTAP_13221} \
	{WELLTAP_13222} \
	{WELLTAP_13223} \
	{WELLTAP_13224} \
	{WELLTAP_13225} \
	{WELLTAP_13226} \
	{WELLTAP_13239} \
	{WELLTAP_13240} \
	{WELLTAP_13241} \
	{WELLTAP_13242} \
	{WELLTAP_13243} \
	{WELLTAP_13244} \
	{WELLTAP_13245} \
	{WELLTAP_13246} \
	{WELLTAP_13247} \
	{WELLTAP_13248} \
	{WELLTAP_13249} \
	{WELLTAP_13250} \
	{WELLTAP_13251} \
	{WELLTAP_13252} \
	{WELLTAP_13253} \
	{WELLTAP_13266} \
	{WELLTAP_13267} \
	{WELLTAP_13268} \
	{WELLTAP_13269} \
	{WELLTAP_13270} \
	{WELLTAP_13271} \
	{WELLTAP_13272} \
	{WELLTAP_13273} \
	{WELLTAP_13274} \
	{WELLTAP_13275} \
	{WELLTAP_13276} \
	{WELLTAP_13277} \
	{WELLTAP_13278} \
	{WELLTAP_13279} \
	{WELLTAP_13280} \
	{WELLTAP_13293} \
	{WELLTAP_13294} \
	{WELLTAP_13295} \
	{WELLTAP_13296} \
	{WELLTAP_13297} \
	{WELLTAP_13298} \
	{WELLTAP_13299} \
	{WELLTAP_13300} \
	{WELLTAP_13301} \
	{WELLTAP_13302} \
	{WELLTAP_13303} \
	{WELLTAP_13304} \
	{WELLTAP_13305} \
	{WELLTAP_13306} \
	{WELLTAP_13307} \
	{WELLTAP_13320} \
	{WELLTAP_13321} \
	{WELLTAP_13322} \
	{WELLTAP_13323} \
	{WELLTAP_13324} \
	{WELLTAP_13325} \
	{WELLTAP_13326} \
	{WELLTAP_13327} \
	{WELLTAP_13328} \
	{WELLTAP_13329} \
	{WELLTAP_13330} \
	{WELLTAP_13331} \
	{WELLTAP_13332} \
	{WELLTAP_13333} \
	{WELLTAP_13334} \
	{WELLTAP_13347} \
	{WELLTAP_13348} \
	{WELLTAP_13349} \
	{WELLTAP_13350} \
	{WELLTAP_13351} \
	{WELLTAP_13352} \
	{WELLTAP_13353} \
	{WELLTAP_13354} \
	{WELLTAP_13355} \
	{WELLTAP_13356} \
	{WELLTAP_13357} \
	{WELLTAP_13358} \
	{WELLTAP_13359} \
	{WELLTAP_13360} \
	{WELLTAP_13361} \
	{WELLTAP_13374} \
	{WELLTAP_13375} \
	{WELLTAP_13376} \
	{WELLTAP_13377} \
	{WELLTAP_13378} \
	{WELLTAP_13379} \
	{WELLTAP_13380} \
	{WELLTAP_13381} \
	{WELLTAP_13382} \
	{WELLTAP_13383} \
	{WELLTAP_13384} \
	{WELLTAP_13385} \
	{WELLTAP_13386} \
	{WELLTAP_13387} \
	{WELLTAP_13388} \
	{WELLTAP_13401} \
	{WELLTAP_13402} \
	{WELLTAP_13403} \
	{WELLTAP_13404} \
	{WELLTAP_13405} \
	{WELLTAP_13406} \
	{WELLTAP_13407} \
	{WELLTAP_13408} \
	{WELLTAP_13409} \
	{WELLTAP_13410} \
	{WELLTAP_13411} \
	{WELLTAP_13412} \
	{WELLTAP_13413} \
	{WELLTAP_13414} \
	{WELLTAP_13415} \
	{WELLTAP_13428} \
	{WELLTAP_13429} \
	{WELLTAP_13430} \
	{WELLTAP_13431} \
	{WELLTAP_13432} \
	{WELLTAP_13433} \
	{WELLTAP_13434} \
	{WELLTAP_13435} \
	{WELLTAP_13436} \
	{WELLTAP_13437} \
	{WELLTAP_13438} \
	{WELLTAP_13439} \
	{WELLTAP_13440} \
	{WELLTAP_13441} \
	{WELLTAP_13442} \
	{WELLTAP_13455} \
	{WELLTAP_13456} \
	{WELLTAP_13457} \
	{WELLTAP_13458} \
	{WELLTAP_13459} \
	{WELLTAP_13460} \
	{WELLTAP_13461} \
	{WELLTAP_13462} \
	{WELLTAP_13463} \
	{WELLTAP_13464} \
	{WELLTAP_13465} \
	{WELLTAP_13466} \
	{WELLTAP_13467} \
	{WELLTAP_13468} \
	{WELLTAP_13469} \
	{WELLTAP_13482} \
	{WELLTAP_13483} \
	{WELLTAP_13484} \
	{WELLTAP_13485} \
	{WELLTAP_13486} \
	{WELLTAP_13487} \
	{WELLTAP_13488} \
	{WELLTAP_13489} \
	{WELLTAP_13490} \
	{WELLTAP_13491} \
	{WELLTAP_13492} \
	{WELLTAP_13493} \
	{WELLTAP_13494} \
	{WELLTAP_13495} \
	{WELLTAP_13496} \
	]

#########################################################
### IO instance overlapping with  other IO instance>
### (Using {} to escape special chars in IO Inst names)
set pchkIoOverlapList [list \
	{i_ioring/i_PCORNER_NE} \
	{i_ioring/i_PCORNER_NW} \
	{i_ioring/i_PCORNER_SE} \
	{i_ioring/i_PCORNER_SW} \
	]

## Summary: 
#########################################################
## Number of Placed Instances = 43762
##   of which 17253 are fixed.
## Number of Unplaced Instances = 0
## Placement Density:13.47%(84246/625313)
## Placement Density (including fixed std cells):15.16%(96667/637734)
