
 	 Check Design Report (c)
	 ------------------- 
No subdesign's name is greater than 1.5k in length.

 Feedthrough Module(s)
 -------------------------
No feed through module in 'lp_riscv_top'

  Unresolved References & Empty Modules
  ------------------------------------- 
design 'lp_riscv_top' has the following unresolved references
hinst:lp_riscv_top/lp_riscv/dccm_ram_wrapper/dccm_ram_3/sram_sp_8192x32
hinst:lp_riscv_top/lp_riscv/dccm_ram_wrapper/dccm_ram_2/sram_sp_8192x32
hinst:lp_riscv_top/lp_riscv/dccm_ram_wrapper/dccm_ram_1/sram_sp_8192x32
hinst:lp_riscv_top/lp_riscv/dccm_ram_wrapper/dccm_ram_0/sram_sp_8192x32
Total number of unresolved references in design 'lp_riscv_top' : 4

design 'lp_riscv_top' has the following empty module(s)
PCORNER
Total number of empty modules in design 'lp_riscv_top' : 1

 Unloaded Pin(s), Port(s)
 -------------------------
No unloaded sequential element in 'lp_riscv_top'

No unloaded port in 'lp_riscv_top'

 Unloaded Combinational Pin(s)
 -------------------------------
design 'lp_riscv_top' has the following unloaded combinational elements
pin:lp_riscv_top/lp_riscv/i_riscv_core/if_stage_i/prefetch_32.prefetch_buffer_i/fifo_i/add_182_49/g1/z
pin:lp_riscv_top/lp_riscv/i_riscv_core/if_stage_i/prefetch_32.prefetch_buffer_i/fifo_i/add_182_49/g371/z
pin:lp_riscv_top/lp_riscv/i_riscv_core/if_stage_i/mux_fetch_addr_n_141_18/g32/z
pin:lp_riscv_top/lp_riscv/i_riscv_core/id_stage_i/registers_i/g1310/z
pin:lp_riscv_top/lp_riscv/i_riscv_core/id_stage_i/registers_i/g1544/z
pin:lp_riscv_top/lp_riscv/i_riscv_core/id_stage_i/decoder_i/ctl_instr_rdata_i_708_22/g1/z
pin:lp_riscv_top/lp_riscv/i_riscv_core/id_stage_i/decoder_i/ctl_instr_rdata_i_708_22/g8/z
pin:lp_riscv_top/lp_riscv/i_riscv_core/id_stage_i/decoder_i/ctl_instr_rdata_i_708_22/g10/z
pin:lp_riscv_top/lp_riscv/i_riscv_core/id_stage_i/decoder_i/ctl_instr_rdata_i_708_22/g12/z
pin:lp_riscv_top/lp_riscv/i_riscv_core/id_stage_i/decoder_i/ctl_instr_rdata_i_708_22/g13/z
pin:lp_riscv_top/lp_riscv/i_riscv_core/id_stage_i/decoder_i/ctl_instr_rdata_i_708_22/g17/z
pin:lp_riscv_top/lp_riscv/i_riscv_core/id_stage_i/decoder_i/ctl_instr_rdata_i_708_22/g18/z
pin:lp_riscv_top/lp_riscv/i_riscv_core/id_stage_i/decoder_i/ctl_instr_rdata_i_708_22/g20/z
pin:lp_riscv_top/lp_riscv/i_riscv_core/id_stage_i/decoder_i/ctl_instr_rdata_i_708_22/g21/z
pin:lp_riscv_top/lp_riscv/i_riscv_core/id_stage_i/decoder_i/ctl_instr_rdata_i_708_22/g25/z
pin:lp_riscv_top/lp_riscv/i_riscv_core/id_stage_i/decoder_i/ctl_instr_rdata_i_708_22/g27/z
pin:lp_riscv_top/lp_riscv/i_riscv_core/id_stage_i/decoder_i/ctl_instr_rdata_i_708_22/g28/z
pin:lp_riscv_top/lp_riscv/i_riscv_core/id_stage_i/decoder_i/ctl_instr_rdata_i_708_22/g29/z
pin:lp_riscv_top/lp_riscv/i_riscv_core/id_stage_i/decoder_i/ctl_instr_rdata_i_708_22/g30/z
pin:lp_riscv_top/lp_riscv/i_riscv_core/id_stage_i/decoder_i/ctl_instr_rdata_i_708_22/g31/z
pin:lp_riscv_top/lp_riscv/i_riscv_core/id_stage_i/decoder_i/ctl_instr_rdata_i_708_22/g49/z
pin:lp_riscv_top/lp_riscv/i_riscv_core/id_stage_i/decoder_i/ctl_instr_rdata_i_708_22/g50/z
pin:lp_riscv_top/lp_riscv/i_riscv_core/id_stage_i/decoder_i/ctl_instr_rdata_i_708_22/g54/z
pin:lp_riscv_top/lp_riscv/i_riscv_core/id_stage_i/decoder_i/ctl_instr_rdata_i_708_22/g55/z
pin:lp_riscv_top/lp_riscv/i_riscv_core/id_stage_i/decoder_i/ctl_instr_rdata_i_708_22/g57/z
pin:lp_riscv_top/lp_riscv/i_riscv_core/id_stage_i/decoder_i/ctl_instr_rdata_i_708_22/g58/z
pin:lp_riscv_top/lp_riscv/i_riscv_core/id_stage_i/decoder_i/ctl_instr_rdata_i_708_22/g59/z
pin:lp_riscv_top/lp_riscv/i_riscv_core/id_stage_i/decoder_i/ctl_instr_rdata_i_708_22/g60/z
pin:lp_riscv_top/lp_riscv/i_riscv_core/id_stage_i/decoder_i/ctl_instr_rdata_i_708_22/g61/z
pin:lp_riscv_top/lp_riscv/i_riscv_core/id_stage_i/decoder_i/ctl_instr_rdata_i_708_22/g65/z
pin:lp_riscv_top/lp_riscv/i_riscv_core/id_stage_i/decoder_i/ctl_instr_rdata_i_708_22/g66/z
pin:lp_riscv_top/lp_riscv/i_riscv_core/id_stage_i/decoder_i/ctl_instr_rdata_i_708_22/g68/z
pin:lp_riscv_top/lp_riscv/i_riscv_core/id_stage_i/decoder_i/ctl_instr_rdata_i_708_22/g69/z
pin:lp_riscv_top/lp_riscv/i_riscv_core/id_stage_i/decoder_i/ctl_instr_rdata_i_708_22/g72/z
pin:lp_riscv_top/lp_riscv/i_riscv_core/id_stage_i/decoder_i/ctl_instr_rdata_i_708_22/g73/z
pin:lp_riscv_top/lp_riscv/i_riscv_core/id_stage_i/decoder_i/ctl_instr_rdata_i_708_22/g75/z
pin:lp_riscv_top/lp_riscv/i_riscv_core/id_stage_i/decoder_i/ctl_instr_rdata_i_708_22/g76/z
pin:lp_riscv_top/lp_riscv/i_riscv_core/id_stage_i/decoder_i/ctl_instr_rdata_i_708_22/g77/z
pin:lp_riscv_top/lp_riscv/i_riscv_core/id_stage_i/decoder_i/ctl_instr_rdata_i_708_22/g78/z
pin:lp_riscv_top/lp_riscv/i_riscv_core/id_stage_i/decoder_i/ctl_476_79/g1/z
pin:lp_riscv_top/lp_riscv/i_riscv_core/id_stage_i/decoder_i/ctl_476_79/g12/z
pin:lp_riscv_top/lp_riscv/i_riscv_core/id_stage_i/decoder_i/ctl_476_79/g16/z
pin:lp_riscv_top/lp_riscv/i_riscv_core/id_stage_i/decoder_i/ctl_476_79/g20/z
pin:lp_riscv_top/lp_riscv/i_riscv_core/id_stage_i/decoder_i/ctl_476_79/g24/z
pin:lp_riscv_top/lp_riscv/i_riscv_core/id_stage_i/decoder_i/ctl_476_79/g28/z
pin:lp_riscv_top/lp_riscv/i_riscv_core/id_stage_i/decoder_i/ctl_476_79/g30/z
pin:lp_riscv_top/lp_riscv/i_riscv_core/id_stage_i/decoder_i/ctl_476_79/g31/z
pin:lp_riscv_top/lp_riscv/i_riscv_core/id_stage_i/decoder_i/ctl_476_79/g32/z
pin:lp_riscv_top/lp_riscv/i_riscv_core/id_stage_i/decoder_i/ctl_476_79/g33/z
pin:lp_riscv_top/lp_riscv/i_riscv_core/id_stage_i/decoder_i/ctl_476_79/g35/z
pin:lp_riscv_top/lp_riscv/i_riscv_core/id_stage_i/decoder_i/ctl_476_79/g39/z
pin:lp_riscv_top/lp_riscv/i_riscv_core/id_stage_i/decoder_i/ctl_476_79/g41/z
pin:lp_riscv_top/lp_riscv/i_riscv_core/id_stage_i/decoder_i/ctl_476_79/g42/z
pin:lp_riscv_top/lp_riscv/i_riscv_core/id_stage_i/decoder_i/ctl_476_79/g47/z
pin:lp_riscv_top/lp_riscv/i_riscv_core/id_stage_i/decoder_i/ctl_476_79/g48/z
pin:lp_riscv_top/lp_riscv/i_riscv_core/id_stage_i/decoder_i/ctl_476_79/g49/z
pin:lp_riscv_top/lp_riscv/i_riscv_core/id_stage_i/decoder_i/ctl_476_79/g53/z
pin:lp_riscv_top/lp_riscv/i_riscv_core/id_stage_i/decoder_i/ctl_476_79/g54/z
pin:lp_riscv_top/lp_riscv/i_riscv_core/id_stage_i/decoder_i/ctl_476_79/g57/z
pin:lp_riscv_top/lp_riscv/i_riscv_core/id_stage_i/decoder_i/ctl_476_79/g58/z
pin:lp_riscv_top/lp_riscv/i_riscv_core/id_stage_i/decoder_i/ctl_476_79/g60/z
pin:lp_riscv_top/lp_riscv/i_riscv_core/id_stage_i/decoder_i/ctl_476_79/g61/z
pin:lp_riscv_top/lp_riscv/i_riscv_core/id_stage_i/decoder_i/ctl_476_79/g65/z
pin:lp_riscv_top/lp_riscv/i_riscv_core/id_stage_i/decoder_i/ctl_476_79/g69/z
pin:lp_riscv_top/lp_riscv/i_riscv_core/id_stage_i/decoder_i/ctl_476_79/g71/z
pin:lp_riscv_top/lp_riscv/i_riscv_core/id_stage_i/decoder_i/ctl_476_79/g72/z
pin:lp_riscv_top/lp_riscv/i_riscv_core/id_stage_i/decoder_i/ctl_476_79/g73/z
pin:lp_riscv_top/lp_riscv/i_riscv_core/id_stage_i/decoder_i/ctl_476_79/g74/z
pin:lp_riscv_top/lp_riscv/i_riscv_core/id_stage_i/decoder_i/ctl_476_79/g75/z
pin:lp_riscv_top/lp_riscv/i_riscv_core/id_stage_i/decoder_i/ctl_476_79/g76/z
pin:lp_riscv_top/lp_riscv/i_riscv_core/id_stage_i/decoder_i/ctl_476_79/g77/z
pin:lp_riscv_top/lp_riscv/i_riscv_core/id_stage_i/decoder_i/ctl_476_79/g79/z
pin:lp_riscv_top/lp_riscv/i_riscv_core/id_stage_i/decoder_i/ctl_476_79/g80/z
pin:lp_riscv_top/lp_riscv/i_riscv_core/id_stage_i/decoder_i/ctl_476_79/g81/z
pin:lp_riscv_top/lp_riscv/i_riscv_core/id_stage_i/g28/z
pin:lp_riscv_top/lp_riscv/i_riscv_core/id_stage_i/sub_388_53/g483/z
pin:lp_riscv_top/lp_riscv/i_riscv_core/ex_stage_i/alu_i/div_i/ctl_State_SP_128_11/g6/z
pin:lp_riscv_top/lp_riscv/i_riscv_core/ex_stage_i/alu_i/add_162_45/g1/z
pin:lp_riscv_top/lp_riscv/i_riscv_core/ex_stage_i/alu_i/add_162_45/g428/z
pin:lp_riscv_top/lp_riscv/i_riscv_core/ex_stage_i/alu_i/add_162_45/g451/z
pin:lp_riscv_top/lp_riscv/i_riscv_core/ex_stage_i/alu_i/add_162_45/g475/z
pin:lp_riscv_top/lp_riscv/i_riscv_core/ex_stage_i/alu_i/mux_247_26/g1/z
pin:lp_riscv_top/lp_riscv/i_riscv_core/ex_stage_i/alu_i/mux_247_26/g2/z
pin:lp_riscv_top/lp_riscv/i_riscv_core/ex_stage_i/alu_i/mux_247_26/g3/z
pin:lp_riscv_top/lp_riscv/i_riscv_core/ex_stage_i/alu_i/mux_247_26/g4/z
pin:lp_riscv_top/lp_riscv/i_riscv_core/ex_stage_i/alu_i/mux_247_26/g5/z
pin:lp_riscv_top/lp_riscv/i_riscv_core/ex_stage_i/alu_i/mux_247_26/g9/z
pin:lp_riscv_top/lp_riscv/i_riscv_core/ex_stage_i/alu_i/mux_247_26/g10/z
pin:lp_riscv_top/lp_riscv/i_riscv_core/ex_stage_i/alu_i/mux_247_26/g11/z
pin:lp_riscv_top/lp_riscv/i_riscv_core/ex_stage_i/alu_i/mux_247_26/g12/z
pin:lp_riscv_top/lp_riscv/i_riscv_core/ex_stage_i/alu_i/mux_247_26/g17/z
pin:lp_riscv_top/lp_riscv/i_riscv_core/ex_stage_i/alu_i/mux_247_26/g18/z
pin:lp_riscv_top/lp_riscv/i_riscv_core/ex_stage_i/alu_i/mux_247_26/g19/z
pin:lp_riscv_top/lp_riscv/i_riscv_core/ex_stage_i/alu_i/mux_247_26/g20/z
pin:lp_riscv_top/lp_riscv/i_riscv_core/ex_stage_i/alu_i/mux_247_26/g21/z
pin:lp_riscv_top/lp_riscv/i_riscv_core/ex_stage_i/alu_i/mux_247_26/g25/z
pin:lp_riscv_top/lp_riscv/i_riscv_core/ex_stage_i/alu_i/mux_247_26/g26/z
pin:lp_riscv_top/lp_riscv/i_riscv_core/ex_stage_i/alu_i/mux_247_26/g27/z
pin:lp_riscv_top/lp_riscv/i_riscv_core/ex_stage_i/alu_i/ctl_operator_i_334_18/g1/z
pin:lp_riscv_top/lp_riscv/i_riscv_core/ex_stage_i/alu_i/ctl_operator_i_406_18/g25/z
pin:lp_riscv_top/lp_riscv/i_riscv_core/ex_stage_i/alu_i/ctl_operator_i_481_17/g24/z
pin:lp_riscv_top/lp_riscv/i_riscv_core/ex_stage_i/alu_i/ctl_vector_mode_i_575_22/g1/z
pin:lp_riscv_top/lp_riscv/i_riscv_core/ex_stage_i/alu_i/ctl_vector_mode_i_617_22/g1/z
pin:lp_riscv_top/lp_riscv/i_riscv_core/ex_stage_i/mult_i/add_104_86/g467/z
pin:lp_riscv_top/lp_riscv/i_riscv_core/ex_stage_i/mult_i/mul_251_57/g2042/z
pin:lp_riscv_top/lp_riscv/i_riscv_core/ex_stage_i/mult_i/mul_251_57/g2045/z
pin:lp_riscv_top/lp_riscv/i_riscv_core/ex_stage_i/mult_i/mul_252_57/g2042/z
pin:lp_riscv_top/lp_riscv/i_riscv_core/ex_stage_i/mult_i/mul_252_57/g2045/z
pin:lp_riscv_top/lp_riscv/i_riscv_core/ex_stage_i/mult_i/sll_92_43/g53/z
pin:lp_riscv_top/lp_riscv/i_riscv_core/ex_stage_i/mult_i/ctl_mulh_CS_127_11/g13/z
pin:lp_riscv_top/lp_riscv/i_riscv_core/load_store_unit_i/mux_data_wdata_153_11/g1/z
pin:lp_riscv_top/lp_riscv/i_riscv_core/load_store_unit_i/mux_data_wdata_153_11/g2/z
pin:lp_riscv_top/lp_riscv/i_riscv_core/load_store_unit_i/mux_data_wdata_153_11/g3/z
pin:lp_riscv_top/lp_riscv/i_riscv_core/load_store_unit_i/mux_data_wdata_153_11/g4/z
pin:lp_riscv_top/lp_riscv/i_riscv_core/load_store_unit_i/mux_data_wdata_153_11/g5/z
pin:lp_riscv_top/lp_riscv/i_riscv_core/load_store_unit_i/mux_data_wdata_153_11/g6/z
pin:lp_riscv_top/lp_riscv/i_riscv_core/load_store_unit_i/mux_data_wdata_153_11/g7/z
pin:lp_riscv_top/lp_riscv/i_riscv_core/load_store_unit_i/mux_data_wdata_153_11/g8/z
pin:lp_riscv_top/lp_riscv/i_riscv_core/load_store_unit_i/mux_data_wdata_153_11/g9/z
pin:lp_riscv_top/lp_riscv/i_riscv_core/load_store_unit_i/mux_data_wdata_153_11/g10/z
pin:lp_riscv_top/lp_riscv/i_riscv_core/load_store_unit_i/mux_data_wdata_153_11/g11/z
pin:lp_riscv_top/lp_riscv/i_riscv_core/load_store_unit_i/mux_data_wdata_153_11/g12/z
pin:lp_riscv_top/lp_riscv/i_riscv_core/load_store_unit_i/mux_data_wdata_153_11/g13/z
pin:lp_riscv_top/lp_riscv/i_riscv_core/load_store_unit_i/mux_data_wdata_153_11/g14/z
pin:lp_riscv_top/lp_riscv/i_riscv_core/load_store_unit_i/mux_data_wdata_153_11/g15/z
pin:lp_riscv_top/lp_riscv/i_riscv_core/load_store_unit_i/mux_data_wdata_153_11/g16/z
pin:lp_riscv_top/lp_riscv/i_riscv_core/load_store_unit_i/mux_data_wdata_153_11/g17/z
pin:lp_riscv_top/lp_riscv/i_riscv_core/load_store_unit_i/mux_data_wdata_153_11/g18/z
pin:lp_riscv_top/lp_riscv/i_riscv_core/load_store_unit_i/mux_data_wdata_153_11/g19/z
pin:lp_riscv_top/lp_riscv/i_riscv_core/load_store_unit_i/mux_data_wdata_153_11/g20/z
pin:lp_riscv_top/lp_riscv/i_riscv_core/load_store_unit_i/mux_data_wdata_153_11/g21/z
pin:lp_riscv_top/lp_riscv/i_riscv_core/load_store_unit_i/mux_data_wdata_153_11/g22/z
pin:lp_riscv_top/lp_riscv/i_riscv_core/load_store_unit_i/mux_data_wdata_153_11/g23/z
pin:lp_riscv_top/lp_riscv/i_riscv_core/load_store_unit_i/mux_data_wdata_153_11/g24/z
pin:lp_riscv_top/lp_riscv/i_riscv_core/load_store_unit_i/mux_data_wdata_153_11/g25/z
pin:lp_riscv_top/lp_riscv/i_riscv_core/load_store_unit_i/mux_data_wdata_153_11/g26/z
pin:lp_riscv_top/lp_riscv/i_riscv_core/load_store_unit_i/mux_data_wdata_153_11/g27/z
pin:lp_riscv_top/lp_riscv/i_riscv_core/load_store_unit_i/mux_data_wdata_153_11/g28/z
pin:lp_riscv_top/lp_riscv/i_riscv_core/load_store_unit_i/mux_data_wdata_153_11/g29/z
pin:lp_riscv_top/lp_riscv/i_riscv_core/load_store_unit_i/mux_data_wdata_153_11/g30/z
pin:lp_riscv_top/lp_riscv/i_riscv_core/load_store_unit_i/mux_data_wdata_153_11/g31/z
pin:lp_riscv_top/lp_riscv/i_riscv_core/load_store_unit_i/mux_data_wdata_153_11/g32/z
pin:lp_riscv_top/lp_riscv/i_riscv_core/cs_registers_i/ctl_csr_addr_i_336_20/g13/z
pin:lp_riscv_top/lp_riscv/i_riscv_core/cs_registers_i/ctl_csr_addr_i_149_11/g29/z
pin:lp_riscv_top/lp_riscv/i_riscv_core/cs_registers_i/ctl_csr_addr_i_188_11/g45/z
pin:lp_riscv_top/lp_riscv/i_riscv_core/debug_unit_i/ctl_debug_addr_i_165_28/g10/z
pin:lp_riscv_top/lp_riscv/i_riscv_core/debug_unit_i/ctl_debug_addr_i_161_24/g10/z
pin:lp_riscv_top/lp_riscv/i_riscv_core/debug_unit_i/ctl_stall_cs_353_11/g6/z
pin:lp_riscv_top/lp_riscv/i_riscv_core/debug_unit_i/ctl_debug_addr_i_199_30/g1/z
pin:lp_riscv_top/lp_riscv/i_riscv_core/debug_unit_i/ctl_debug_addr_i_232_24/g10/z
pin:lp_riscv_top/lp_riscv/i_riscv_core/debug_unit_i/ctl_addr_q_273_22/g30/z
pin:lp_riscv_top/lp_riscv/i_riscv_core/debug_unit_i/ctl_rdata_sel_q_271_11/g5/z
pin:lp_riscv_top/lp_riscv/i_riscv_core/debug_unit_i/mux_debug_rdata_o_321_11/g1/z
pin:lp_riscv_top/lp_riscv/i_riscv_core/debug_unit_i/mux_debug_rdata_o_321_11/g2/z
pin:lp_riscv_top/lp_riscv/i_riscv_core/debug_unit_i/mux_debug_rdata_o_321_11/g3/z
pin:lp_riscv_top/lp_riscv/i_riscv_core/debug_unit_i/mux_debug_rdata_o_321_11/g4/z
pin:lp_riscv_top/lp_riscv/i_riscv_core/debug_unit_i/mux_debug_rdata_o_321_11/g5/z
pin:lp_riscv_top/lp_riscv/i_riscv_core/debug_unit_i/mux_debug_rdata_o_321_11/g6/z
pin:lp_riscv_top/lp_riscv/i_riscv_core/debug_unit_i/mux_debug_rdata_o_321_11/g7/z
pin:lp_riscv_top/lp_riscv/i_riscv_core/debug_unit_i/mux_debug_rdata_o_321_11/g8/z
pin:lp_riscv_top/lp_riscv/i_riscv_core/debug_unit_i/mux_debug_rdata_o_321_11/g9/z
pin:lp_riscv_top/lp_riscv/i_riscv_core/debug_unit_i/mux_debug_rdata_o_321_11/g10/z
pin:lp_riscv_top/lp_riscv/i_riscv_core/debug_unit_i/mux_debug_rdata_o_321_11/g11/z
pin:lp_riscv_top/lp_riscv/i_riscv_core/debug_unit_i/mux_debug_rdata_o_321_11/g12/z
pin:lp_riscv_top/lp_riscv/i_riscv_core/debug_unit_i/mux_debug_rdata_o_321_11/g13/z
pin:lp_riscv_top/lp_riscv/i_riscv_core/debug_unit_i/mux_debug_rdata_o_321_11/g14/z
pin:lp_riscv_top/lp_riscv/i_riscv_core/debug_unit_i/mux_debug_rdata_o_321_11/g15/z
pin:lp_riscv_top/lp_riscv/i_riscv_core/debug_unit_i/mux_debug_rdata_o_321_11/g16/z
pin:lp_riscv_top/lp_riscv/i_riscv_core/debug_unit_i/mux_debug_rdata_o_321_11/g17/z
pin:lp_riscv_top/lp_riscv/i_riscv_core/debug_unit_i/mux_debug_rdata_o_321_11/g18/z
pin:lp_riscv_top/lp_riscv/i_riscv_core/debug_unit_i/mux_debug_rdata_o_321_11/g19/z
pin:lp_riscv_top/lp_riscv/i_riscv_core/debug_unit_i/mux_debug_rdata_o_321_11/g20/z
pin:lp_riscv_top/lp_riscv/i_riscv_core/debug_unit_i/mux_debug_rdata_o_321_11/g21/z
pin:lp_riscv_top/lp_riscv/i_riscv_core/debug_unit_i/mux_debug_rdata_o_321_11/g22/z
pin:lp_riscv_top/lp_riscv/i_riscv_core/debug_unit_i/mux_debug_rdata_o_321_11/g23/z
pin:lp_riscv_top/lp_riscv/i_riscv_core/debug_unit_i/mux_debug_rdata_o_321_11/g24/z
pin:lp_riscv_top/lp_riscv/i_riscv_core/debug_unit_i/mux_debug_rdata_o_321_11/g25/z
pin:lp_riscv_top/lp_riscv/i_riscv_core/debug_unit_i/mux_debug_rdata_o_321_11/g26/z
pin:lp_riscv_top/lp_riscv/i_riscv_core/debug_unit_i/mux_debug_rdata_o_321_11/g27/z
pin:lp_riscv_top/lp_riscv/i_riscv_core/debug_unit_i/mux_debug_rdata_o_321_11/g28/z
pin:lp_riscv_top/lp_riscv/i_riscv_core/debug_unit_i/mux_debug_rdata_o_321_11/g29/z
pin:lp_riscv_top/lp_riscv/i_riscv_core/debug_unit_i/mux_debug_rdata_o_321_11/g30/z
pin:lp_riscv_top/lp_riscv/i_riscv_core/debug_unit_i/mux_debug_rdata_o_321_11/g31/z
pin:lp_riscv_top/lp_riscv/i_riscv_core/debug_unit_i/mux_debug_rdata_o_321_11/g32/z
pin:lp_riscv_top/lp_riscv/dccm_ram_wrapper/g29/z
pin:lp_riscv_top/lp_riscv/dccm_ram_wrapper/g31/z
pin:lp_riscv_top/lp_riscv/dccm_ram_wrapper/g34/z
pin:lp_riscv_top/lp_riscv/dccm_ram_wrapper/g36/z
pin:lp_riscv_top/lp_riscv/dccm_ram_wrapper/g39/z
pin:lp_riscv_top/lp_riscv/dccm_ram_wrapper/g41/z
pin:lp_riscv_top/lp_riscv/dccm_ram_wrapper/g44/z
pin:lp_riscv_top/lp_riscv/dccm_ram_wrapper/g46/z
pin:lp_riscv_top/lp_riscv/dccm_ram_wrapper/g8/g1/z
pin:lp_riscv_top/lp_riscv/dccm_ram_wrapper/g8/g2/z
pin:lp_riscv_top/lp_riscv/dccm_ram_wrapper/g8/g3/z
pin:lp_riscv_top/lp_riscv/dccm_ram_wrapper/g8/g4/z
pin:lp_riscv_top/lp_riscv/mux_220_35/g1/z
pin:lp_riscv_top/lp_riscv/mux_220_35/g2/z
pin:lp_riscv_top/lp_riscv/mux_220_35/g3/z
pin:lp_riscv_top/lp_riscv/mux_220_35/g4/z
pin:lp_riscv_top/lp_riscv/mux_220_35/g5/z
pin:lp_riscv_top/lp_riscv/mux_220_35/g6/z
pin:lp_riscv_top/lp_riscv/mux_220_35/g7/z
pin:lp_riscv_top/lp_riscv/mux_220_35/g8/z
pin:lp_riscv_top/lp_riscv/mux_220_35/g9/z
pin:lp_riscv_top/lp_riscv/mux_220_35/g10/z
pin:lp_riscv_top/lp_riscv/mux_220_35/g11/z
pin:lp_riscv_top/lp_riscv/mux_220_35/g12/z
pin:lp_riscv_top/lp_riscv/mux_220_35/g13/z
pin:lp_riscv_top/lp_riscv/mux_220_35/g14/z
pin:lp_riscv_top/lp_riscv/mux_220_35/g15/z
pin:lp_riscv_top/lp_riscv/mux_220_35/g16/z
pin:lp_riscv_top/lp_riscv/mux_220_35/g31/z
pin:lp_riscv_top/lp_riscv/mux_220_35/g32/z
Total number of unloaded combinational elements in design 'lp_riscv_top' : 214

 Assigns
 ------- 
Encountered an assign statement at hport 'hport:lp_riscv_top/i_ioring/i_TIE_LOW/GROUND_TAP' in module hs_tielow
Encountered an assign statement at hport 'hport:lp_riscv_top/i_ioring/i_TIE_HIGH/POWER_TAP' in module hs_tiehigh
Encountered an assign statement at hport 'hport:lp_riscv_top/lp_riscv/i_riscv_core/id_stage_i/decoder_i/bmask_needed_o' in module riscv_decoder
Encountered an assign statement at hport 'hport:lp_riscv_top/lp_riscv/i_riscv_core/id_stage_i/decoder_i/data_reg_offset_o[1]' in module riscv_decoder
Encountered an assign statement at hport 'hport:lp_riscv_top/lp_riscv/i_riscv_core/id_stage_i/decoder_i/data_reg_offset_o[0]' in module riscv_decoder
Encountered an assign statement at hport 'hport:lp_riscv_top/lp_riscv/i_riscv_core/id_stage_i/decoder_i/ctl_instr_rdata_i_621_17/out_0[1]' in module case_box_237
Encountered an assign statement at hport 'hport:lp_riscv_top/lp_riscv/i_riscv_core/id_stage_i/decoder_i/ctl_instr_rdata_i_636_17/out_0[1]' in module case_box_240
Encountered an assign statement at hport 'hport:lp_riscv_top/lp_riscv/i_riscv_core/id_stage_i/decoder_i/ctl_instr_rdata_i_683_13/out_0[1]' in module case_box_243
Encountered an assign statement at hport 'hport:lp_riscv_top/lp_riscv/i_riscv_core/id_stage_i/decoder_i/ctl_288_31/out_0[0]' in module case_box_246
Encountered an assign statement at hport 'hport:lp_riscv_top/lp_riscv/i_riscv_core/id_stage_i/decoder_i/ctl_288_43/out_0[0]' in module case_box_255
Encountered an assign statement at hport 'hport:lp_riscv_top/lp_riscv/i_riscv_core/id_stage_i/decoder_i/ctl_instr_rdata_i_692_13/out_0[1]' in module case_box_261
Encountered an assign statement at hport 'hport:lp_riscv_top/lp_riscv/i_riscv_core/id_stage_i/decoder_i/ctl_instr_rdata_i_683_51/out_0[1]' in module case_box_267
Encountered an assign statement at hport 'hport:lp_riscv_top/lp_riscv/i_riscv_core/id_stage_i/decoder_i/ctl_288_55/out_0[0]' in module case_box_270
Encountered an assign statement at hport 'hport:lp_riscv_top/lp_riscv/i_riscv_core/id_stage_i/decoder_i/ctl_832_63/out_0[1]' in module case_box_279
Encountered an assign statement at hport 'hport:lp_riscv_top/lp_riscv/i_riscv_core/id_stage_i/decoder_i/ctl_instr_rdata_i_438_13/out_0[1]' in module case_box_297
Encountered an assign statement at hport 'hport:lp_riscv_top/lp_riscv/i_riscv_core/id_stage_i/decoder_i/ctl_instr_rdata_i_438_72/out_0[1]' in module case_box_300
Encountered an assign statement at hport 'hport:lp_riscv_top/lp_riscv/i_riscv_core/id_stage_i/decoder_i/ctl_288_75/out_0[0]' in module case_box_303
Encountered an assign statement at hport 'hport:lp_riscv_top/lp_riscv/i_riscv_core/id_stage_i/decoder_i/ctl_473_15/out_0[0]' in module case_box_312
Encountered an assign statement at hport 'hport:lp_riscv_top/lp_riscv/i_riscv_core/id_stage_i/decoder_i/ctl_476_82/out_0[1]' in module case_box_315
Encountered an assign statement at hport 'hport:lp_riscv_top/lp_riscv/i_riscv_core/id_stage_i/decoder_i/ctl_708_87/out_0[1]' in module case_box_321
Encountered an assign statement at hport 'hport:lp_riscv_top/lp_riscv/i_riscv_core/id_stage_i/decoder_i/ctl_832_91/out_0[1]' in module case_box_324
Encountered an assign statement at hport 'hport:lp_riscv_top/lp_riscv/i_riscv_core/id_stage_i/controller_i/misaligned_stall_o' in module riscv_controller
Encountered an assign statement at hport 'hport:lp_riscv_top/lp_riscv/i_riscv_core/id_stage_i/controller_i/jr_stall_o' in module riscv_controller
Encountered an assign statement at hport 'hport:lp_riscv_top/lp_riscv/i_riscv_core/id_stage_i/controller_i/load_stall_o' in module riscv_controller
Encountered an assign statement at hport 'hport:lp_riscv_top/lp_riscv/i_riscv_core/id_stage_i/controller_i/perf_jr_stall_o' in module riscv_controller
Encountered an assign statement at hport 'hport:lp_riscv_top/lp_riscv/i_riscv_core/id_stage_i/controller_i/perf_ld_stall_o' in module riscv_controller
Encountered an assign statement at hport 'hport:lp_riscv_top/lp_riscv/i_riscv_core/id_stage_i/controller_i/ctl_188_18/out_0[1]' in module case_box_407
Encountered an assign statement at hport 'hport:lp_riscv_top/lp_riscv/i_riscv_core/id_stage_i/exc_controller_i/vec_pc_mux_o[4]' in module riscv_exc_controller
Encountered an assign statement at hport 'hport:lp_riscv_top/lp_riscv/i_riscv_core/id_stage_i/exc_controller_i/vec_pc_mux_o[3]' in module riscv_exc_controller
Encountered an assign statement at hport 'hport:lp_riscv_top/lp_riscv/i_riscv_core/id_stage_i/exc_controller_i/vec_pc_mux_o[2]' in module riscv_exc_controller
Encountered an assign statement at hport 'hport:lp_riscv_top/lp_riscv/i_riscv_core/id_stage_i/exc_controller_i/vec_pc_mux_o[1]' in module riscv_exc_controller
Encountered an assign statement at hport 'hport:lp_riscv_top/lp_riscv/i_riscv_core/id_stage_i/exc_controller_i/vec_pc_mux_o[0]' in module riscv_exc_controller
Encountered an assign statement at hport 'hport:lp_riscv_top/lp_riscv/i_riscv_core/id_stage_i/exc_controller_i/cause_o[4]' in module riscv_exc_controller
Encountered an assign statement at hport 'hport:lp_riscv_top/lp_riscv/i_riscv_core/id_stage_i/exc_controller_i/cause_o[3]' in module riscv_exc_controller
Encountered an assign statement at hport 'hport:lp_riscv_top/lp_riscv/i_riscv_core/id_stage_i/exc_controller_i/cause_o[2]' in module riscv_exc_controller
Encountered an assign statement at hport 'hport:lp_riscv_top/lp_riscv/i_riscv_core/id_stage_i/exc_controller_i/cause_o[1]' in module riscv_exc_controller
Encountered an assign statement at hport 'hport:lp_riscv_top/lp_riscv/i_riscv_core/id_stage_i/exc_controller_i/cause_o[0]' in module riscv_exc_controller
Encountered an assign statement at hport 'hport:lp_riscv_top/lp_riscv/i_riscv_core/id_stage_i/hwloop_regs_i/ctl_hwlp_regid_i_77_7/out_0[1]' in module case_box_468
Encountered an assign statement at hport 'hport:lp_riscv_top/lp_riscv/i_riscv_core/id_stage_i/hwloop_regs_i/ctl_hwlp_regid_i_77_7/out_0[0]' in module case_box_468
Encountered an assign statement at hport 'hport:lp_riscv_top/lp_riscv/i_riscv_core/id_stage_i/hwloop_regs_i/ctl_hwlp_regid_i_93_7/out_0[1]' in module case_box_469
Encountered an assign statement at hport 'hport:lp_riscv_top/lp_riscv/i_riscv_core/id_stage_i/hwloop_regs_i/ctl_hwlp_regid_i_93_7/out_0[0]' in module case_box_469
Encountered an assign statement at hport 'hport:lp_riscv_top/lp_riscv/i_riscv_core/ex_stage_i/alu_i/alu_ff_i/ctl_967_75/out_0[2]' in module case_box_540
Encountered an assign statement at hport 'hport:lp_riscv_top/lp_riscv/i_riscv_core/ex_stage_i/alu_i/alu_ff_i/ctl_967_34/out_0[4]' in module case_box_541
Encountered an assign statement at hport 'hport:lp_riscv_top/lp_riscv/i_riscv_core/ex_stage_i/alu_i/alu_ff_i/ctl_977_57/out_0[1]' in module case_box_544
Encountered an assign statement at hport 'hport:lp_riscv_top/lp_riscv/i_riscv_core/ex_stage_i/alu_i/alu_ff_i/ctl_967_37/out_0[2]' in module case_box_547
Encountered an assign statement at hport 'hport:lp_riscv_top/lp_riscv/i_riscv_core/ex_stage_i/alu_i/alu_ff_i/ctl_967_39/out_0[5]' in module case_box_550
Encountered an assign statement at hport 'hport:lp_riscv_top/lp_riscv/i_riscv_core/ex_stage_i/alu_i/alu_ff_i/ctl_977_41/out_0[1]' in module case_box_553
Encountered an assign statement at hport 'hport:lp_riscv_top/lp_riscv/i_riscv_core/ex_stage_i/alu_i/alu_ff_i/ctl_967_43/out_0[2]' in module case_box_556
Encountered an assign statement at hport 'hport:lp_riscv_top/lp_riscv/i_riscv_core/ex_stage_i/alu_i/alu_ff_i/ctl_967_45/out_0[4]' in module case_box_559
Encountered an assign statement at hport 'hport:lp_riscv_top/lp_riscv/i_riscv_core/ex_stage_i/alu_i/alu_ff_i/ctl_967_49/out_0[2]' in module case_box_562
Encountered an assign statement at hport 'hport:lp_riscv_top/lp_riscv/i_riscv_core/ex_stage_i/alu_i/alu_ff_i/ctl_967_51/out_0[6]' in module case_box_565
Encountered an assign statement at hport 'hport:lp_riscv_top/lp_riscv/i_riscv_core/ex_stage_i/alu_i/sra_262_77/Z[15]' in module arith_shift_right_vlog_signed
Encountered an assign statement at hport 'hport:lp_riscv_top/lp_riscv/i_riscv_core/ex_stage_i/alu_i/sra_278_77/Z[7]' in module arith_shift_right_vlog_signed_1501
Encountered an assign statement at hport 'hport:lp_riscv_top/lp_riscv/i_riscv_core/ex_stage_i/alu_i/sra_292_63/Z[31]' in module arith_shift_right_vlog_signed_1845
Encountered an assign statement at hport 'hport:lp_riscv_top/lp_riscv/i_riscv_core/ex_stage_i/alu_i/ctl_operator_i_718_11/out_0[0]' in module case_box_641
Encountered an assign statement at hport 'hport:lp_riscv_top/lp_riscv/i_riscv_core/ex_stage_i/alu_i/ctl_vector_mode_i_575_22/out_0[2]' in module case_box_662
Encountered an assign statement at hport 'hport:lp_riscv_top/lp_riscv/i_riscv_core/ex_stage_i/alu_i/ctl_596_22/out_0[2]' in module case_box_665
Encountered an assign statement at hport 'hport:lp_riscv_top/lp_riscv/i_riscv_core/ex_stage_i/alu_i/ctl_vector_mode_i_617_22/out_0[2]' in module case_box_668
Encountered an assign statement at hport 'hport:lp_riscv_top/lp_riscv/i_riscv_core/ex_stage_i/alu_i/ctl_operator_i_572_18/out_0[0]' in module case_box_671
Encountered an assign statement at hport 'hport:lp_riscv_top/lp_riscv/i_riscv_core/ex_stage_i/alu_i/ctl_operator_i_751_11/out_0[0]' in module case_box_674
Encountered an assign statement at hport 'hport:lp_riscv_top/lp_riscv/i_riscv_core/ex_stage_i/alu_i/ctl_operator_i_867_18/out_0[0]' in module case_box_677
Encountered an assign statement at hport 'hport:lp_riscv_top/lp_riscv/i_riscv_core/ex_stage_i/mult_i/ctl_operator_i_270_18/out_0[3]' in module case_box_725
Encountered an assign statement at hport 'hport:lp_riscv_top/lp_riscv/i_riscv_core/ex_stage_i/mult_i/ctl_operator_i_270_18/out_0[0]' in module case_box_725
Encountered an assign statement at hport 'hport:lp_riscv_top/lp_riscv/i_riscv_core/ex_stage_i/regfile_alu_waddr_fw_o[4]' in module riscv_ex_stage
Encountered an assign statement at hport 'hport:lp_riscv_top/lp_riscv/i_riscv_core/ex_stage_i/regfile_alu_waddr_fw_o[3]' in module riscv_ex_stage
Encountered an assign statement at hport 'hport:lp_riscv_top/lp_riscv/i_riscv_core/ex_stage_i/regfile_alu_waddr_fw_o[2]' in module riscv_ex_stage
Encountered an assign statement at hport 'hport:lp_riscv_top/lp_riscv/i_riscv_core/ex_stage_i/regfile_alu_waddr_fw_o[1]' in module riscv_ex_stage
Encountered an assign statement at hport 'hport:lp_riscv_top/lp_riscv/i_riscv_core/ex_stage_i/regfile_alu_waddr_fw_o[0]' in module riscv_ex_stage
Encountered an assign statement at hport 'hport:lp_riscv_top/lp_riscv/i_riscv_core/ex_stage_i/regfile_alu_we_fw_o' in module riscv_ex_stage
Encountered an assign statement at hport 'hport:lp_riscv_top/lp_riscv/i_riscv_core/ex_stage_i/jump_target_o[31]' in module riscv_ex_stage
Encountered an assign statement at hport 'hport:lp_riscv_top/lp_riscv/i_riscv_core/ex_stage_i/jump_target_o[30]' in module riscv_ex_stage
Encountered an assign statement at hport 'hport:lp_riscv_top/lp_riscv/i_riscv_core/ex_stage_i/jump_target_o[29]' in module riscv_ex_stage
Encountered an assign statement at hport 'hport:lp_riscv_top/lp_riscv/i_riscv_core/ex_stage_i/jump_target_o[28]' in module riscv_ex_stage
Encountered an assign statement at hport 'hport:lp_riscv_top/lp_riscv/i_riscv_core/ex_stage_i/jump_target_o[27]' in module riscv_ex_stage
Encountered an assign statement at hport 'hport:lp_riscv_top/lp_riscv/i_riscv_core/ex_stage_i/jump_target_o[26]' in module riscv_ex_stage
Encountered an assign statement at hport 'hport:lp_riscv_top/lp_riscv/i_riscv_core/ex_stage_i/jump_target_o[25]' in module riscv_ex_stage
Encountered an assign statement at hport 'hport:lp_riscv_top/lp_riscv/i_riscv_core/ex_stage_i/jump_target_o[24]' in module riscv_ex_stage
Encountered an assign statement at hport 'hport:lp_riscv_top/lp_riscv/i_riscv_core/ex_stage_i/jump_target_o[23]' in module riscv_ex_stage
Encountered an assign statement at hport 'hport:lp_riscv_top/lp_riscv/i_riscv_core/ex_stage_i/jump_target_o[22]' in module riscv_ex_stage
Encountered an assign statement at hport 'hport:lp_riscv_top/lp_riscv/i_riscv_core/ex_stage_i/jump_target_o[21]' in module riscv_ex_stage
Encountered an assign statement at hport 'hport:lp_riscv_top/lp_riscv/i_riscv_core/ex_stage_i/jump_target_o[20]' in module riscv_ex_stage
Encountered an assign statement at hport 'hport:lp_riscv_top/lp_riscv/i_riscv_core/ex_stage_i/jump_target_o[19]' in module riscv_ex_stage
Encountered an assign statement at hport 'hport:lp_riscv_top/lp_riscv/i_riscv_core/ex_stage_i/jump_target_o[18]' in module riscv_ex_stage
Encountered an assign statement at hport 'hport:lp_riscv_top/lp_riscv/i_riscv_core/ex_stage_i/jump_target_o[17]' in module riscv_ex_stage
Encountered an assign statement at hport 'hport:lp_riscv_top/lp_riscv/i_riscv_core/ex_stage_i/jump_target_o[16]' in module riscv_ex_stage
Encountered an assign statement at hport 'hport:lp_riscv_top/lp_riscv/i_riscv_core/ex_stage_i/jump_target_o[15]' in module riscv_ex_stage
Encountered an assign statement at hport 'hport:lp_riscv_top/lp_riscv/i_riscv_core/ex_stage_i/jump_target_o[14]' in module riscv_ex_stage
Encountered an assign statement at hport 'hport:lp_riscv_top/lp_riscv/i_riscv_core/ex_stage_i/jump_target_o[13]' in module riscv_ex_stage
Encountered an assign statement at hport 'hport:lp_riscv_top/lp_riscv/i_riscv_core/ex_stage_i/jump_target_o[12]' in module riscv_ex_stage
Encountered an assign statement at hport 'hport:lp_riscv_top/lp_riscv/i_riscv_core/ex_stage_i/jump_target_o[11]' in module riscv_ex_stage
Encountered an assign statement at hport 'hport:lp_riscv_top/lp_riscv/i_riscv_core/ex_stage_i/jump_target_o[10]' in module riscv_ex_stage
Encountered an assign statement at hport 'hport:lp_riscv_top/lp_riscv/i_riscv_core/ex_stage_i/jump_target_o[9]' in module riscv_ex_stage
Encountered an assign statement at hport 'hport:lp_riscv_top/lp_riscv/i_riscv_core/ex_stage_i/jump_target_o[8]' in module riscv_ex_stage
Encountered an assign statement at hport 'hport:lp_riscv_top/lp_riscv/i_riscv_core/ex_stage_i/jump_target_o[7]' in module riscv_ex_stage
Encountered an assign statement at hport 'hport:lp_riscv_top/lp_riscv/i_riscv_core/ex_stage_i/jump_target_o[6]' in module riscv_ex_stage
Encountered an assign statement at hport 'hport:lp_riscv_top/lp_riscv/i_riscv_core/ex_stage_i/jump_target_o[5]' in module riscv_ex_stage
Encountered an assign statement at hport 'hport:lp_riscv_top/lp_riscv/i_riscv_core/ex_stage_i/jump_target_o[4]' in module riscv_ex_stage
Encountered an assign statement at hport 'hport:lp_riscv_top/lp_riscv/i_riscv_core/ex_stage_i/jump_target_o[3]' in module riscv_ex_stage
Encountered an assign statement at hport 'hport:lp_riscv_top/lp_riscv/i_riscv_core/ex_stage_i/jump_target_o[2]' in module riscv_ex_stage
Encountered an assign statement at hport 'hport:lp_riscv_top/lp_riscv/i_riscv_core/ex_stage_i/jump_target_o[1]' in module riscv_ex_stage
Encountered an assign statement at hport 'hport:lp_riscv_top/lp_riscv/i_riscv_core/ex_stage_i/jump_target_o[0]' in module riscv_ex_stage
Encountered an assign statement at hport 'hport:lp_riscv_top/lp_riscv/i_riscv_core/load_store_unit_i/data_we_o' in module riscv_load_store_unit
Encountered an assign statement at hport 'hport:lp_riscv_top/lp_riscv/i_riscv_core/load_store_unit_i/load_err_o' in module riscv_load_store_unit
Encountered an assign statement at hport 'hport:lp_riscv_top/lp_riscv/i_riscv_core/load_store_unit_i/store_err_o' in module riscv_load_store_unit
Encountered an assign statement at hport 'hport:lp_riscv_top/lp_riscv/i_riscv_core/debug_unit_i/regfile_raddr_o[4]' in module riscv_debug_unit
Encountered an assign statement at hport 'hport:lp_riscv_top/lp_riscv/i_riscv_core/debug_unit_i/regfile_raddr_o[3]' in module riscv_debug_unit
Encountered an assign statement at hport 'hport:lp_riscv_top/lp_riscv/i_riscv_core/debug_unit_i/regfile_raddr_o[2]' in module riscv_debug_unit
Encountered an assign statement at hport 'hport:lp_riscv_top/lp_riscv/i_riscv_core/debug_unit_i/regfile_raddr_o[1]' in module riscv_debug_unit
Encountered an assign statement at hport 'hport:lp_riscv_top/lp_riscv/i_riscv_core/debug_unit_i/regfile_raddr_o[0]' in module riscv_debug_unit
Encountered an assign statement at hport 'hport:lp_riscv_top/lp_riscv/i_riscv_core/debug_unit_i/regfile_waddr_o[4]' in module riscv_debug_unit
Encountered an assign statement at hport 'hport:lp_riscv_top/lp_riscv/i_riscv_core/debug_unit_i/regfile_waddr_o[3]' in module riscv_debug_unit
Encountered an assign statement at hport 'hport:lp_riscv_top/lp_riscv/i_riscv_core/debug_unit_i/regfile_waddr_o[2]' in module riscv_debug_unit
Encountered an assign statement at hport 'hport:lp_riscv_top/lp_riscv/i_riscv_core/debug_unit_i/regfile_waddr_o[1]' in module riscv_debug_unit
Encountered an assign statement at hport 'hport:lp_riscv_top/lp_riscv/i_riscv_core/debug_unit_i/regfile_waddr_o[0]' in module riscv_debug_unit
Encountered an assign statement at hport 'hport:lp_riscv_top/lp_riscv/i_riscv_core/debug_unit_i/regfile_wdata_o[31]' in module riscv_debug_unit
Encountered an assign statement at hport 'hport:lp_riscv_top/lp_riscv/i_riscv_core/debug_unit_i/regfile_wdata_o[30]' in module riscv_debug_unit
Encountered an assign statement at hport 'hport:lp_riscv_top/lp_riscv/i_riscv_core/debug_unit_i/regfile_wdata_o[29]' in module riscv_debug_unit
Encountered an assign statement at hport 'hport:lp_riscv_top/lp_riscv/i_riscv_core/debug_unit_i/regfile_wdata_o[28]' in module riscv_debug_unit
Encountered an assign statement at hport 'hport:lp_riscv_top/lp_riscv/i_riscv_core/debug_unit_i/regfile_wdata_o[27]' in module riscv_debug_unit
Encountered an assign statement at hport 'hport:lp_riscv_top/lp_riscv/i_riscv_core/debug_unit_i/regfile_wdata_o[26]' in module riscv_debug_unit
Encountered an assign statement at hport 'hport:lp_riscv_top/lp_riscv/i_riscv_core/debug_unit_i/regfile_wdata_o[25]' in module riscv_debug_unit
Encountered an assign statement at hport 'hport:lp_riscv_top/lp_riscv/i_riscv_core/debug_unit_i/regfile_wdata_o[24]' in module riscv_debug_unit
Encountered an assign statement at hport 'hport:lp_riscv_top/lp_riscv/i_riscv_core/debug_unit_i/regfile_wdata_o[23]' in module riscv_debug_unit
Encountered an assign statement at hport 'hport:lp_riscv_top/lp_riscv/i_riscv_core/debug_unit_i/regfile_wdata_o[22]' in module riscv_debug_unit
Encountered an assign statement at hport 'hport:lp_riscv_top/lp_riscv/i_riscv_core/debug_unit_i/regfile_wdata_o[21]' in module riscv_debug_unit
Encountered an assign statement at hport 'hport:lp_riscv_top/lp_riscv/i_riscv_core/debug_unit_i/regfile_wdata_o[20]' in module riscv_debug_unit
Encountered an assign statement at hport 'hport:lp_riscv_top/lp_riscv/i_riscv_core/debug_unit_i/regfile_wdata_o[19]' in module riscv_debug_unit
Encountered an assign statement at hport 'hport:lp_riscv_top/lp_riscv/i_riscv_core/debug_unit_i/regfile_wdata_o[18]' in module riscv_debug_unit
Encountered an assign statement at hport 'hport:lp_riscv_top/lp_riscv/i_riscv_core/debug_unit_i/regfile_wdata_o[17]' in module riscv_debug_unit
Encountered an assign statement at hport 'hport:lp_riscv_top/lp_riscv/i_riscv_core/debug_unit_i/regfile_wdata_o[16]' in module riscv_debug_unit
Encountered an assign statement at hport 'hport:lp_riscv_top/lp_riscv/i_riscv_core/debug_unit_i/regfile_wdata_o[15]' in module riscv_debug_unit
Encountered an assign statement at hport 'hport:lp_riscv_top/lp_riscv/i_riscv_core/debug_unit_i/regfile_wdata_o[14]' in module riscv_debug_unit
Encountered an assign statement at hport 'hport:lp_riscv_top/lp_riscv/i_riscv_core/debug_unit_i/regfile_wdata_o[13]' in module riscv_debug_unit
Encountered an assign statement at hport 'hport:lp_riscv_top/lp_riscv/i_riscv_core/debug_unit_i/regfile_wdata_o[12]' in module riscv_debug_unit
Encountered an assign statement at hport 'hport:lp_riscv_top/lp_riscv/i_riscv_core/debug_unit_i/regfile_wdata_o[11]' in module riscv_debug_unit
Encountered an assign statement at hport 'hport:lp_riscv_top/lp_riscv/i_riscv_core/debug_unit_i/regfile_wdata_o[10]' in module riscv_debug_unit
Encountered an assign statement at hport 'hport:lp_riscv_top/lp_riscv/i_riscv_core/debug_unit_i/regfile_wdata_o[9]' in module riscv_debug_unit
Encountered an assign statement at hport 'hport:lp_riscv_top/lp_riscv/i_riscv_core/debug_unit_i/regfile_wdata_o[8]' in module riscv_debug_unit
Encountered an assign statement at hport 'hport:lp_riscv_top/lp_riscv/i_riscv_core/debug_unit_i/regfile_wdata_o[7]' in module riscv_debug_unit
Encountered an assign statement at hport 'hport:lp_riscv_top/lp_riscv/i_riscv_core/debug_unit_i/regfile_wdata_o[6]' in module riscv_debug_unit
Encountered an assign statement at hport 'hport:lp_riscv_top/lp_riscv/i_riscv_core/debug_unit_i/regfile_wdata_o[5]' in module riscv_debug_unit
Encountered an assign statement at hport 'hport:lp_riscv_top/lp_riscv/i_riscv_core/debug_unit_i/regfile_wdata_o[4]' in module riscv_debug_unit
Encountered an assign statement at hport 'hport:lp_riscv_top/lp_riscv/i_riscv_core/debug_unit_i/regfile_wdata_o[3]' in module riscv_debug_unit
Encountered an assign statement at hport 'hport:lp_riscv_top/lp_riscv/i_riscv_core/debug_unit_i/regfile_wdata_o[2]' in module riscv_debug_unit
Encountered an assign statement at hport 'hport:lp_riscv_top/lp_riscv/i_riscv_core/debug_unit_i/regfile_wdata_o[1]' in module riscv_debug_unit
Encountered an assign statement at hport 'hport:lp_riscv_top/lp_riscv/i_riscv_core/debug_unit_i/regfile_wdata_o[0]' in module riscv_debug_unit
Encountered an assign statement at hport 'hport:lp_riscv_top/lp_riscv/i_riscv_core/debug_unit_i/csr_addr_o[4]' in module riscv_debug_unit
Encountered an assign statement at hport 'hport:lp_riscv_top/lp_riscv/i_riscv_core/debug_unit_i/csr_addr_o[3]' in module riscv_debug_unit
Encountered an assign statement at hport 'hport:lp_riscv_top/lp_riscv/i_riscv_core/debug_unit_i/csr_addr_o[2]' in module riscv_debug_unit
Encountered an assign statement at hport 'hport:lp_riscv_top/lp_riscv/i_riscv_core/debug_unit_i/csr_addr_o[1]' in module riscv_debug_unit
Encountered an assign statement at hport 'hport:lp_riscv_top/lp_riscv/i_riscv_core/debug_unit_i/csr_addr_o[0]' in module riscv_debug_unit
Encountered an assign statement at hport 'hport:lp_riscv_top/lp_riscv/i_riscv_core/debug_unit_i/csr_wdata_o[31]' in module riscv_debug_unit
Encountered an assign statement at hport 'hport:lp_riscv_top/lp_riscv/i_riscv_core/debug_unit_i/csr_wdata_o[30]' in module riscv_debug_unit
Encountered an assign statement at hport 'hport:lp_riscv_top/lp_riscv/i_riscv_core/debug_unit_i/csr_wdata_o[29]' in module riscv_debug_unit
Encountered an assign statement at hport 'hport:lp_riscv_top/lp_riscv/i_riscv_core/debug_unit_i/csr_wdata_o[28]' in module riscv_debug_unit
Encountered an assign statement at hport 'hport:lp_riscv_top/lp_riscv/i_riscv_core/debug_unit_i/csr_wdata_o[27]' in module riscv_debug_unit
Encountered an assign statement at hport 'hport:lp_riscv_top/lp_riscv/i_riscv_core/debug_unit_i/csr_wdata_o[26]' in module riscv_debug_unit
Encountered an assign statement at hport 'hport:lp_riscv_top/lp_riscv/i_riscv_core/debug_unit_i/csr_wdata_o[25]' in module riscv_debug_unit
Encountered an assign statement at hport 'hport:lp_riscv_top/lp_riscv/i_riscv_core/debug_unit_i/csr_wdata_o[24]' in module riscv_debug_unit
Encountered an assign statement at hport 'hport:lp_riscv_top/lp_riscv/i_riscv_core/debug_unit_i/csr_wdata_o[23]' in module riscv_debug_unit
Encountered an assign statement at hport 'hport:lp_riscv_top/lp_riscv/i_riscv_core/debug_unit_i/csr_wdata_o[22]' in module riscv_debug_unit
Encountered an assign statement at hport 'hport:lp_riscv_top/lp_riscv/i_riscv_core/debug_unit_i/csr_wdata_o[21]' in module riscv_debug_unit
Encountered an assign statement at hport 'hport:lp_riscv_top/lp_riscv/i_riscv_core/debug_unit_i/csr_wdata_o[20]' in module riscv_debug_unit
Encountered an assign statement at hport 'hport:lp_riscv_top/lp_riscv/i_riscv_core/debug_unit_i/csr_wdata_o[19]' in module riscv_debug_unit
Encountered an assign statement at hport 'hport:lp_riscv_top/lp_riscv/i_riscv_core/debug_unit_i/csr_wdata_o[18]' in module riscv_debug_unit
Encountered an assign statement at hport 'hport:lp_riscv_top/lp_riscv/i_riscv_core/debug_unit_i/csr_wdata_o[17]' in module riscv_debug_unit
Encountered an assign statement at hport 'hport:lp_riscv_top/lp_riscv/i_riscv_core/debug_unit_i/csr_wdata_o[16]' in module riscv_debug_unit
Encountered an assign statement at hport 'hport:lp_riscv_top/lp_riscv/i_riscv_core/debug_unit_i/csr_wdata_o[15]' in module riscv_debug_unit
Encountered an assign statement at hport 'hport:lp_riscv_top/lp_riscv/i_riscv_core/debug_unit_i/csr_wdata_o[14]' in module riscv_debug_unit
Encountered an assign statement at hport 'hport:lp_riscv_top/lp_riscv/i_riscv_core/debug_unit_i/csr_wdata_o[13]' in module riscv_debug_unit
Encountered an assign statement at hport 'hport:lp_riscv_top/lp_riscv/i_riscv_core/debug_unit_i/csr_wdata_o[12]' in module riscv_debug_unit
Encountered an assign statement at hport 'hport:lp_riscv_top/lp_riscv/i_riscv_core/debug_unit_i/csr_wdata_o[11]' in module riscv_debug_unit
Encountered an assign statement at hport 'hport:lp_riscv_top/lp_riscv/i_riscv_core/debug_unit_i/csr_wdata_o[10]' in module riscv_debug_unit
Encountered an assign statement at hport 'hport:lp_riscv_top/lp_riscv/i_riscv_core/debug_unit_i/csr_wdata_o[9]' in module riscv_debug_unit
Encountered an assign statement at hport 'hport:lp_riscv_top/lp_riscv/i_riscv_core/debug_unit_i/csr_wdata_o[8]' in module riscv_debug_unit
Encountered an assign statement at hport 'hport:lp_riscv_top/lp_riscv/i_riscv_core/debug_unit_i/csr_wdata_o[7]' in module riscv_debug_unit
Encountered an assign statement at hport 'hport:lp_riscv_top/lp_riscv/i_riscv_core/debug_unit_i/csr_wdata_o[6]' in module riscv_debug_unit
Encountered an assign statement at hport 'hport:lp_riscv_top/lp_riscv/i_riscv_core/debug_unit_i/csr_wdata_o[5]' in module riscv_debug_unit
Encountered an assign statement at hport 'hport:lp_riscv_top/lp_riscv/i_riscv_core/debug_unit_i/csr_wdata_o[4]' in module riscv_debug_unit
Encountered an assign statement at hport 'hport:lp_riscv_top/lp_riscv/i_riscv_core/debug_unit_i/csr_wdata_o[3]' in module riscv_debug_unit
Encountered an assign statement at hport 'hport:lp_riscv_top/lp_riscv/i_riscv_core/debug_unit_i/csr_wdata_o[2]' in module riscv_debug_unit
Encountered an assign statement at hport 'hport:lp_riscv_top/lp_riscv/i_riscv_core/debug_unit_i/csr_wdata_o[1]' in module riscv_debug_unit
Encountered an assign statement at hport 'hport:lp_riscv_top/lp_riscv/i_riscv_core/debug_unit_i/csr_wdata_o[0]' in module riscv_debug_unit
Encountered an assign statement at hport 'hport:lp_riscv_top/lp_riscv/i_riscv_core/debug_unit_i/jump_addr_o[31]' in module riscv_debug_unit
Encountered an assign statement at hport 'hport:lp_riscv_top/lp_riscv/i_riscv_core/debug_unit_i/jump_addr_o[30]' in module riscv_debug_unit
Encountered an assign statement at hport 'hport:lp_riscv_top/lp_riscv/i_riscv_core/debug_unit_i/jump_addr_o[29]' in module riscv_debug_unit
Encountered an assign statement at hport 'hport:lp_riscv_top/lp_riscv/i_riscv_core/debug_unit_i/jump_addr_o[28]' in module riscv_debug_unit
Encountered an assign statement at hport 'hport:lp_riscv_top/lp_riscv/i_riscv_core/debug_unit_i/jump_addr_o[27]' in module riscv_debug_unit
Encountered an assign statement at hport 'hport:lp_riscv_top/lp_riscv/i_riscv_core/debug_unit_i/jump_addr_o[26]' in module riscv_debug_unit
Encountered an assign statement at hport 'hport:lp_riscv_top/lp_riscv/i_riscv_core/debug_unit_i/jump_addr_o[25]' in module riscv_debug_unit
Encountered an assign statement at hport 'hport:lp_riscv_top/lp_riscv/i_riscv_core/debug_unit_i/jump_addr_o[24]' in module riscv_debug_unit
Encountered an assign statement at hport 'hport:lp_riscv_top/lp_riscv/i_riscv_core/debug_unit_i/jump_addr_o[23]' in module riscv_debug_unit
Encountered an assign statement at hport 'hport:lp_riscv_top/lp_riscv/i_riscv_core/debug_unit_i/jump_addr_o[22]' in module riscv_debug_unit
Encountered an assign statement at hport 'hport:lp_riscv_top/lp_riscv/i_riscv_core/debug_unit_i/jump_addr_o[21]' in module riscv_debug_unit
Encountered an assign statement at hport 'hport:lp_riscv_top/lp_riscv/i_riscv_core/debug_unit_i/jump_addr_o[20]' in module riscv_debug_unit
Encountered an assign statement at hport 'hport:lp_riscv_top/lp_riscv/i_riscv_core/debug_unit_i/jump_addr_o[19]' in module riscv_debug_unit
Encountered an assign statement at hport 'hport:lp_riscv_top/lp_riscv/i_riscv_core/debug_unit_i/jump_addr_o[18]' in module riscv_debug_unit
Encountered an assign statement at hport 'hport:lp_riscv_top/lp_riscv/i_riscv_core/debug_unit_i/jump_addr_o[17]' in module riscv_debug_unit
Encountered an assign statement at hport 'hport:lp_riscv_top/lp_riscv/i_riscv_core/debug_unit_i/jump_addr_o[16]' in module riscv_debug_unit
Encountered an assign statement at hport 'hport:lp_riscv_top/lp_riscv/i_riscv_core/debug_unit_i/jump_addr_o[15]' in module riscv_debug_unit
Encountered an assign statement at hport 'hport:lp_riscv_top/lp_riscv/i_riscv_core/debug_unit_i/jump_addr_o[14]' in module riscv_debug_unit
Encountered an assign statement at hport 'hport:lp_riscv_top/lp_riscv/i_riscv_core/debug_unit_i/jump_addr_o[13]' in module riscv_debug_unit
Encountered an assign statement at hport 'hport:lp_riscv_top/lp_riscv/i_riscv_core/debug_unit_i/jump_addr_o[12]' in module riscv_debug_unit
Encountered an assign statement at hport 'hport:lp_riscv_top/lp_riscv/i_riscv_core/debug_unit_i/jump_addr_o[11]' in module riscv_debug_unit
Encountered an assign statement at hport 'hport:lp_riscv_top/lp_riscv/i_riscv_core/debug_unit_i/jump_addr_o[10]' in module riscv_debug_unit
Encountered an assign statement at hport 'hport:lp_riscv_top/lp_riscv/i_riscv_core/debug_unit_i/jump_addr_o[9]' in module riscv_debug_unit
Encountered an assign statement at hport 'hport:lp_riscv_top/lp_riscv/i_riscv_core/debug_unit_i/jump_addr_o[8]' in module riscv_debug_unit
Encountered an assign statement at hport 'hport:lp_riscv_top/lp_riscv/i_riscv_core/debug_unit_i/jump_addr_o[7]' in module riscv_debug_unit
Encountered an assign statement at hport 'hport:lp_riscv_top/lp_riscv/i_riscv_core/debug_unit_i/jump_addr_o[6]' in module riscv_debug_unit
Encountered an assign statement at hport 'hport:lp_riscv_top/lp_riscv/i_riscv_core/debug_unit_i/jump_addr_o[5]' in module riscv_debug_unit
Encountered an assign statement at hport 'hport:lp_riscv_top/lp_riscv/i_riscv_core/debug_unit_i/jump_addr_o[4]' in module riscv_debug_unit
Encountered an assign statement at hport 'hport:lp_riscv_top/lp_riscv/i_riscv_core/debug_unit_i/jump_addr_o[3]' in module riscv_debug_unit
Encountered an assign statement at hport 'hport:lp_riscv_top/lp_riscv/i_riscv_core/debug_unit_i/jump_addr_o[2]' in module riscv_debug_unit
Encountered an assign statement at hport 'hport:lp_riscv_top/lp_riscv/i_riscv_core/debug_unit_i/jump_addr_o[1]' in module riscv_debug_unit
Encountered an assign statement at hport 'hport:lp_riscv_top/lp_riscv/i_riscv_core/debug_unit_i/jump_addr_o[0]' in module riscv_debug_unit
Encountered an assign statement at hport 'hport:lp_riscv_top/lp_riscv/ctl_iram_prog_byte_idx_121_36/out_0[0]' in module case_box_897
Encountered an assign statement at hport 'hport:lp_riscv_top/lp_riscv/ctl_iram_prog_byte_idx_122_36/out_0[0]' in module case_box_898
Total number of assign statements in design 'lp_riscv_top' : 217

 Undriven Port(s)/Pin(s)
 ------------------------
The following combinational pin(s) in design 'lp_riscv_top' are undriven
pin:lp_riscv_top/i_ioring/i_VSSIO_3/VSS
pin:lp_riscv_top/i_ioring/i_VDDIO_4/VDDPST
pin:lp_riscv_top/i_ioring/i_VDDCORE_5/VDD
pin:lp_riscv_top/i_ioring/i_VDDCORE_11/VDD
pin:lp_riscv_top/i_ioring/i_VDDIO_12/VDDPST
pin:lp_riscv_top/i_ioring/i_VSSIO_13/VSS
pin:lp_riscv_top/i_ioring/i_VSSIO_19/VSS
pin:lp_riscv_top/i_ioring/i_VDDIO_20/VDDPST
pin:lp_riscv_top/i_ioring/i_VDDCORE_21/VDD
pin:lp_riscv_top/i_ioring/i_VSSIO_27/VSS
pin:lp_riscv_top/i_ioring/i_VDDIO_28/VDDPST
pin:lp_riscv_top/i_ioring/i_VDDCORE_29/VDD
pin:lp_riscv_top/i_ioring/i_VSSIO_35/VSS
pin:lp_riscv_top/i_ioring/i_VDDIO_36/VDDPST
pin:lp_riscv_top/i_ioring/i_VDDCORE_37/VDD
pin:lp_riscv_top/i_ioring/i_VSSIO_43/VSS
pin:lp_riscv_top/i_ioring/i_VDDIO_44/VDDPST
pin:lp_riscv_top/i_ioring/i_VDDCORE_45/VDD
pin:lp_riscv_top/i_ioring/i_VSSIO_51/VSS
pin:lp_riscv_top/i_ioring/i_VDDIO_52/VDDPST
pin:lp_riscv_top/i_ioring/i_VDDCORE_53/VDD
pin:lp_riscv_top/i_ioring/i_VSSIO_59/VSS
pin:lp_riscv_top/i_ioring/i_VDDIO_60/VDDPST
pin:lp_riscv_top/i_ioring/i_VDDCORE_61/VDD
Total number of combinational undriven pins in design 'lp_riscv_top' : 24

No undriven sequential pin in 'lp_riscv_top'

The following hierarchical pin(s) in design 'lp_riscv_top' are undriven
hpin:lp_riscv_top/lp_riscv/i_riscv_core/ex_stage_i/alu_i/alu_ff_i/ctl_967_75/in_0[31] 	 (fanout : 0)
hpin:lp_riscv_top/lp_riscv/i_riscv_core/ex_stage_i/alu_i/alu_ff_i/ctl_967_34/in_0[31] 	 (fanout : 0)
hpin:lp_riscv_top/lp_riscv/i_riscv_core/ex_stage_i/alu_i/alu_ff_i/ctl_967_37/in_0[31] 	 (fanout : 0)
hpin:lp_riscv_top/lp_riscv/i_riscv_core/ex_stage_i/alu_i/alu_ff_i/ctl_967_39/in_0[31] 	 (fanout : 0)
hpin:lp_riscv_top/lp_riscv/i_riscv_core/ex_stage_i/alu_i/alu_ff_i/ctl_967_43/in_0[31] 	 (fanout : 0)
hpin:lp_riscv_top/lp_riscv/i_riscv_core/ex_stage_i/alu_i/alu_ff_i/ctl_967_45/in_0[31] 	 (fanout : 0)
hpin:lp_riscv_top/lp_riscv/i_riscv_core/ex_stage_i/alu_i/alu_ff_i/ctl_967_49/in_0[31] 	 (fanout : 0)
hpin:lp_riscv_top/lp_riscv/i_riscv_core/ex_stage_i/alu_i/alu_ff_i/ctl_967_51/in_0[31] 	 (fanout : 0)
Total number of hierarchical undriven pins in design 'lp_riscv_top' : 8

No undriven port in 'lp_riscv_top'

 Multidriven Port(s)/Pin(s)
--------------------------

The following combinational pin(s) in design 'lp_riscv_top' are multidriven
pin:lp_riscv_top/lp_riscv/i_riscv_core/core_clock_gate_i/g3/in_0
pin:lp_riscv_top/lp_riscv/i_riscv_core/core_clock_gate_i/g6/in_0
Total number of combinational multidriven pin(s) in design 'lp_riscv_top' : 2

The following sequential pin(s) in design 'lp_riscv_top' are multidriven
pin:lp_riscv_top/lp_riscv/i_riscv_core/debug_unit_i/debug_rvalid_o_reg/clk
pin:lp_riscv_top/lp_riscv/i_riscv_core/debug_unit_i/stall_cs_reg[0]/clk
pin:lp_riscv_top/lp_riscv/i_riscv_core/debug_unit_i/stall_cs_reg[1]/clk
pin:lp_riscv_top/lp_riscv/i_riscv_core/debug_unit_i/dbg_cause_q_reg[0]/clk
pin:lp_riscv_top/lp_riscv/i_riscv_core/debug_unit_i/dbg_cause_q_reg[1]/clk
pin:lp_riscv_top/lp_riscv/i_riscv_core/debug_unit_i/dbg_cause_q_reg[2]/clk
pin:lp_riscv_top/lp_riscv/i_riscv_core/debug_unit_i/dbg_cause_q_reg[3]/clk
pin:lp_riscv_top/lp_riscv/i_riscv_core/debug_unit_i/dbg_cause_q_reg[4]/clk
pin:lp_riscv_top/lp_riscv/i_riscv_core/debug_unit_i/dbg_cause_q_reg[5]/clk
pin:lp_riscv_top/lp_riscv/i_riscv_core/debug_unit_i/dbg_ssth_q_reg/clk
pin:lp_riscv_top/lp_riscv/i_riscv_core/debug_unit_i/rdata_sel_q_reg[0]/clk
pin:lp_riscv_top/lp_riscv/i_riscv_core/debug_unit_i/rdata_sel_q_reg[1]/clk
pin:lp_riscv_top/lp_riscv/i_riscv_core/debug_unit_i/rdata_sel_q_reg[2]/clk
pin:lp_riscv_top/lp_riscv/i_riscv_core/debug_unit_i/state_q_reg[0]/clk
pin:lp_riscv_top/lp_riscv/i_riscv_core/debug_unit_i/settings_q_reg[0]/clk
pin:lp_riscv_top/lp_riscv/i_riscv_core/debug_unit_i/settings_q_reg[1]/clk
pin:lp_riscv_top/lp_riscv/i_riscv_core/debug_unit_i/settings_q_reg[2]/clk
pin:lp_riscv_top/lp_riscv/i_riscv_core/debug_unit_i/settings_q_reg[3]/clk
pin:lp_riscv_top/lp_riscv/i_riscv_core/debug_unit_i/settings_q_reg[4]/clk
pin:lp_riscv_top/lp_riscv/i_riscv_core/debug_unit_i/settings_q_reg[5]/clk
pin:lp_riscv_top/lp_riscv/i_riscv_core/debug_unit_i/addr_q_reg[2]/clk
pin:lp_riscv_top/lp_riscv/i_riscv_core/debug_unit_i/addr_q_reg[3]/clk
pin:lp_riscv_top/lp_riscv/i_riscv_core/debug_unit_i/addr_q_reg[4]/clk
pin:lp_riscv_top/lp_riscv/i_riscv_core/debug_unit_i/addr_q_reg[5]/clk
pin:lp_riscv_top/lp_riscv/i_riscv_core/debug_unit_i/addr_q_reg[6]/clk
pin:lp_riscv_top/lp_riscv/i_riscv_core/debug_unit_i/addr_q_reg[7]/clk
pin:lp_riscv_top/lp_riscv/i_riscv_core/debug_unit_i/addr_q_reg[8]/clk
pin:lp_riscv_top/lp_riscv/i_riscv_core/debug_unit_i/addr_q_reg[9]/clk
pin:lp_riscv_top/lp_riscv/i_riscv_core/debug_unit_i/addr_q_reg[10]/clk
pin:lp_riscv_top/lp_riscv/i_riscv_core/debug_unit_i/addr_q_reg[11]/clk
pin:lp_riscv_top/lp_riscv/i_riscv_core/debug_unit_i/addr_q_reg[12]/clk
pin:lp_riscv_top/lp_riscv/i_riscv_core/debug_unit_i/addr_q_reg[13]/clk
pin:lp_riscv_top/lp_riscv/i_riscv_core/debug_unit_i/wdata_q_reg[0]/clk
pin:lp_riscv_top/lp_riscv/i_riscv_core/debug_unit_i/wdata_q_reg[1]/clk
pin:lp_riscv_top/lp_riscv/i_riscv_core/debug_unit_i/wdata_q_reg[2]/clk
pin:lp_riscv_top/lp_riscv/i_riscv_core/debug_unit_i/wdata_q_reg[3]/clk
pin:lp_riscv_top/lp_riscv/i_riscv_core/debug_unit_i/wdata_q_reg[4]/clk
pin:lp_riscv_top/lp_riscv/i_riscv_core/debug_unit_i/wdata_q_reg[5]/clk
pin:lp_riscv_top/lp_riscv/i_riscv_core/debug_unit_i/wdata_q_reg[6]/clk
pin:lp_riscv_top/lp_riscv/i_riscv_core/debug_unit_i/wdata_q_reg[7]/clk
pin:lp_riscv_top/lp_riscv/i_riscv_core/debug_unit_i/wdata_q_reg[8]/clk
pin:lp_riscv_top/lp_riscv/i_riscv_core/debug_unit_i/wdata_q_reg[9]/clk
pin:lp_riscv_top/lp_riscv/i_riscv_core/debug_unit_i/wdata_q_reg[10]/clk
pin:lp_riscv_top/lp_riscv/i_riscv_core/debug_unit_i/wdata_q_reg[11]/clk
pin:lp_riscv_top/lp_riscv/i_riscv_core/debug_unit_i/wdata_q_reg[12]/clk
pin:lp_riscv_top/lp_riscv/i_riscv_core/debug_unit_i/wdata_q_reg[13]/clk
pin:lp_riscv_top/lp_riscv/i_riscv_core/debug_unit_i/wdata_q_reg[14]/clk
pin:lp_riscv_top/lp_riscv/i_riscv_core/debug_unit_i/wdata_q_reg[15]/clk
pin:lp_riscv_top/lp_riscv/i_riscv_core/debug_unit_i/wdata_q_reg[16]/clk
pin:lp_riscv_top/lp_riscv/i_riscv_core/debug_unit_i/wdata_q_reg[17]/clk
pin:lp_riscv_top/lp_riscv/i_riscv_core/debug_unit_i/wdata_q_reg[18]/clk
pin:lp_riscv_top/lp_riscv/i_riscv_core/debug_unit_i/wdata_q_reg[19]/clk
pin:lp_riscv_top/lp_riscv/i_riscv_core/debug_unit_i/wdata_q_reg[20]/clk
pin:lp_riscv_top/lp_riscv/i_riscv_core/debug_unit_i/wdata_q_reg[21]/clk
pin:lp_riscv_top/lp_riscv/i_riscv_core/debug_unit_i/wdata_q_reg[22]/clk
pin:lp_riscv_top/lp_riscv/i_riscv_core/debug_unit_i/wdata_q_reg[23]/clk
pin:lp_riscv_top/lp_riscv/i_riscv_core/debug_unit_i/wdata_q_reg[24]/clk
pin:lp_riscv_top/lp_riscv/i_riscv_core/debug_unit_i/wdata_q_reg[25]/clk
pin:lp_riscv_top/lp_riscv/i_riscv_core/debug_unit_i/wdata_q_reg[26]/clk
pin:lp_riscv_top/lp_riscv/i_riscv_core/debug_unit_i/wdata_q_reg[27]/clk
pin:lp_riscv_top/lp_riscv/i_riscv_core/debug_unit_i/wdata_q_reg[28]/clk
pin:lp_riscv_top/lp_riscv/i_riscv_core/debug_unit_i/wdata_q_reg[29]/clk
pin:lp_riscv_top/lp_riscv/i_riscv_core/debug_unit_i/wdata_q_reg[30]/clk
pin:lp_riscv_top/lp_riscv/i_riscv_core/debug_unit_i/wdata_q_reg[31]/clk
pin:lp_riscv_top/lp_riscv/i_riscv_core/debug_unit_i/regfile_rreq_q_reg/clk
pin:lp_riscv_top/lp_riscv/i_riscv_core/debug_unit_i/jump_req_q_reg/clk
pin:lp_riscv_top/lp_riscv/i_riscv_core/debug_unit_i/csr_req_q_reg/clk
pin:lp_riscv_top/lp_riscv/i_riscv_core/debug_unit_i/pc_tracking_fsm_cs_reg[0]/clk
pin:lp_riscv_top/lp_riscv/i_riscv_core/debug_unit_i/pc_tracking_fsm_cs_reg[1]/clk
pin:lp_riscv_top/lp_riscv/iccm_ram_wrapper/iccm_ram_0/sram_sp_16384x32/CLK
pin:lp_riscv_top/lp_riscv/iccm_ram_wrapper/iccm_ram_1/sram_sp_16384x32/CLK
pin:lp_riscv_top/lp_riscv/iram_prog_addr_reg[0][0]/clk
pin:lp_riscv_top/lp_riscv/iram_prog_addr_reg[0][1]/clk
pin:lp_riscv_top/lp_riscv/iram_prog_addr_reg[0][2]/clk
pin:lp_riscv_top/lp_riscv/iram_prog_addr_reg[0][3]/clk
pin:lp_riscv_top/lp_riscv/iram_prog_addr_reg[0][4]/clk
pin:lp_riscv_top/lp_riscv/iram_prog_addr_reg[0][5]/clk
pin:lp_riscv_top/lp_riscv/iram_prog_addr_reg[0][6]/clk
pin:lp_riscv_top/lp_riscv/iram_prog_addr_reg[0][7]/clk
pin:lp_riscv_top/lp_riscv/iram_prog_addr_reg[1][0]/clk
pin:lp_riscv_top/lp_riscv/iram_prog_addr_reg[1][1]/clk
pin:lp_riscv_top/lp_riscv/iram_prog_addr_reg[1][2]/clk
pin:lp_riscv_top/lp_riscv/iram_prog_addr_reg[1][3]/clk
pin:lp_riscv_top/lp_riscv/iram_prog_addr_reg[1][4]/clk
pin:lp_riscv_top/lp_riscv/iram_prog_addr_reg[1][5]/clk
pin:lp_riscv_top/lp_riscv/iram_prog_addr_reg[1][6]/clk
pin:lp_riscv_top/lp_riscv/iram_prog_addr_reg[1][7]/clk
pin:lp_riscv_top/lp_riscv/iram_prog_addr_reg[2][0]/clk
pin:lp_riscv_top/lp_riscv/iram_prog_addr_reg[2][1]/clk
pin:lp_riscv_top/lp_riscv/iram_prog_addr_reg[2][2]/clk
pin:lp_riscv_top/lp_riscv/iram_prog_addr_reg[2][3]/clk
pin:lp_riscv_top/lp_riscv/iram_prog_addr_reg[2][4]/clk
pin:lp_riscv_top/lp_riscv/iram_prog_addr_reg[2][5]/clk
pin:lp_riscv_top/lp_riscv/iram_prog_addr_reg[2][6]/clk
pin:lp_riscv_top/lp_riscv/iram_prog_addr_reg[2][7]/clk
pin:lp_riscv_top/lp_riscv/iram_prog_addr_reg[3][0]/clk
pin:lp_riscv_top/lp_riscv/iram_prog_addr_reg[3][1]/clk
pin:lp_riscv_top/lp_riscv/iram_prog_addr_reg[3][2]/clk
pin:lp_riscv_top/lp_riscv/iram_prog_addr_reg[3][3]/clk
pin:lp_riscv_top/lp_riscv/iram_prog_addr_reg[3][4]/clk
pin:lp_riscv_top/lp_riscv/iram_prog_addr_reg[3][5]/clk
pin:lp_riscv_top/lp_riscv/iram_prog_addr_reg[3][6]/clk
pin:lp_riscv_top/lp_riscv/iram_prog_addr_reg[3][7]/clk
pin:lp_riscv_top/lp_riscv/iram_prog_data_reg[0][0]/clk
pin:lp_riscv_top/lp_riscv/iram_prog_data_reg[0][1]/clk
pin:lp_riscv_top/lp_riscv/iram_prog_data_reg[0][2]/clk
pin:lp_riscv_top/lp_riscv/iram_prog_data_reg[0][3]/clk
pin:lp_riscv_top/lp_riscv/iram_prog_data_reg[0][4]/clk
pin:lp_riscv_top/lp_riscv/iram_prog_data_reg[0][5]/clk
pin:lp_riscv_top/lp_riscv/iram_prog_data_reg[0][6]/clk
pin:lp_riscv_top/lp_riscv/iram_prog_data_reg[0][7]/clk
pin:lp_riscv_top/lp_riscv/iram_prog_data_reg[1][0]/clk
pin:lp_riscv_top/lp_riscv/iram_prog_data_reg[1][1]/clk
pin:lp_riscv_top/lp_riscv/iram_prog_data_reg[1][2]/clk
pin:lp_riscv_top/lp_riscv/iram_prog_data_reg[1][3]/clk
pin:lp_riscv_top/lp_riscv/iram_prog_data_reg[1][4]/clk
pin:lp_riscv_top/lp_riscv/iram_prog_data_reg[1][5]/clk
pin:lp_riscv_top/lp_riscv/iram_prog_data_reg[1][6]/clk
pin:lp_riscv_top/lp_riscv/iram_prog_data_reg[1][7]/clk
pin:lp_riscv_top/lp_riscv/iram_prog_data_reg[2][0]/clk
pin:lp_riscv_top/lp_riscv/iram_prog_data_reg[2][1]/clk
pin:lp_riscv_top/lp_riscv/iram_prog_data_reg[2][2]/clk
pin:lp_riscv_top/lp_riscv/iram_prog_data_reg[2][3]/clk
pin:lp_riscv_top/lp_riscv/iram_prog_data_reg[2][4]/clk
pin:lp_riscv_top/lp_riscv/iram_prog_data_reg[2][5]/clk
pin:lp_riscv_top/lp_riscv/iram_prog_data_reg[2][6]/clk
pin:lp_riscv_top/lp_riscv/iram_prog_data_reg[2][7]/clk
pin:lp_riscv_top/lp_riscv/iram_prog_data_reg[3][0]/clk
pin:lp_riscv_top/lp_riscv/iram_prog_data_reg[3][1]/clk
pin:lp_riscv_top/lp_riscv/iram_prog_data_reg[3][2]/clk
pin:lp_riscv_top/lp_riscv/iram_prog_data_reg[3][3]/clk
pin:lp_riscv_top/lp_riscv/iram_prog_data_reg[3][4]/clk
pin:lp_riscv_top/lp_riscv/iram_prog_data_reg[3][5]/clk
pin:lp_riscv_top/lp_riscv/iram_prog_data_reg[3][6]/clk
pin:lp_riscv_top/lp_riscv/iram_prog_data_reg[3][7]/clk
pin:lp_riscv_top/lp_riscv/irq_i_reg[0]/clk
pin:lp_riscv_top/lp_riscv/irq_i_reg[1]/clk
pin:lp_riscv_top/lp_riscv/irq_i_reg[2]/clk
pin:lp_riscv_top/lp_riscv/irq_i_reg[3]/clk
pin:lp_riscv_top/lp_riscv/irq_i_reg[4]/clk
pin:lp_riscv_top/lp_riscv/irq_i_reg[5]/clk
pin:lp_riscv_top/lp_riscv/irq_i_reg[6]/clk
pin:lp_riscv_top/lp_riscv/irq_i_reg[7]/clk
pin:lp_riscv_top/lp_riscv/irq_i_reg[8]/clk
pin:lp_riscv_top/lp_riscv/irq_i_reg[9]/clk
pin:lp_riscv_top/lp_riscv/irq_i_reg[10]/clk
pin:lp_riscv_top/lp_riscv/irq_i_reg[11]/clk
pin:lp_riscv_top/lp_riscv/irq_i_reg[12]/clk
pin:lp_riscv_top/lp_riscv/irq_i_reg[13]/clk
pin:lp_riscv_top/lp_riscv/irq_i_reg[14]/clk
pin:lp_riscv_top/lp_riscv/irq_i_reg[15]/clk
pin:lp_riscv_top/lp_riscv/irq_i_reg[16]/clk
pin:lp_riscv_top/lp_riscv/irq_i_reg[17]/clk
pin:lp_riscv_top/lp_riscv/irq_i_reg[18]/clk
pin:lp_riscv_top/lp_riscv/irq_i_reg[19]/clk
pin:lp_riscv_top/lp_riscv/irq_i_reg[20]/clk
pin:lp_riscv_top/lp_riscv/irq_i_reg[21]/clk
pin:lp_riscv_top/lp_riscv/irq_i_reg[22]/clk
pin:lp_riscv_top/lp_riscv/irq_i_reg[23]/clk
pin:lp_riscv_top/lp_riscv/irq_i_reg[24]/clk
pin:lp_riscv_top/lp_riscv/irq_i_reg[25]/clk
pin:lp_riscv_top/lp_riscv/irq_i_reg[26]/clk
pin:lp_riscv_top/lp_riscv/irq_i_reg[27]/clk
pin:lp_riscv_top/lp_riscv/irq_i_reg[28]/clk
pin:lp_riscv_top/lp_riscv/irq_i_reg[29]/clk
pin:lp_riscv_top/lp_riscv/irq_i_reg[30]/clk
pin:lp_riscv_top/lp_riscv/irq_i_reg[31]/clk
pin:lp_riscv_top/lp_riscv/cluster_id_i_sampled_reg[0]/clk
pin:lp_riscv_top/lp_riscv/cluster_id_i_sampled_reg[1]/clk
pin:lp_riscv_top/lp_riscv/cluster_id_i_sampled_reg[2]/clk
pin:lp_riscv_top/lp_riscv/cluster_id_i_sampled_reg[3]/clk
pin:lp_riscv_top/lp_riscv/cluster_id_i_sampled_reg[4]/clk
pin:lp_riscv_top/lp_riscv/cluster_id_i_sampled_reg[5]/clk
pin:lp_riscv_top/lp_riscv/done_flag_reg/clk
pin:lp_riscv_top/lp_riscv/is_addr_sel_0_reg/clk
pin:lp_riscv_top/lp_riscv/is_cs_s_reg/clk
pin:lp_riscv_top/lp_riscv/ds_addr_sel_0_reg[0]/clk
pin:lp_riscv_top/lp_riscv/ds_addr_sel_0_reg[1]/clk
pin:lp_riscv_top/lp_riscv/ds_cs_s_reg/clk
Total number of sequential multidriven pin(s) in design 'lp_riscv_top' : 179

The following hierarchical pin(s) in design 'lp_riscv_top' are multidriven
hpin:lp_riscv_top/lp_riscv/dccm_ram_wrapper/dccm_ram_0/sram_sp_8192x32/WEN[31]
hpin:lp_riscv_top/lp_riscv/dccm_ram_wrapper/dccm_ram_0/sram_sp_8192x32/WEN[30]
hpin:lp_riscv_top/lp_riscv/dccm_ram_wrapper/dccm_ram_0/sram_sp_8192x32/WEN[29]
hpin:lp_riscv_top/lp_riscv/dccm_ram_wrapper/dccm_ram_0/sram_sp_8192x32/WEN[28]
hpin:lp_riscv_top/lp_riscv/dccm_ram_wrapper/dccm_ram_0/sram_sp_8192x32/WEN[27]
hpin:lp_riscv_top/lp_riscv/dccm_ram_wrapper/dccm_ram_0/sram_sp_8192x32/WEN[26]
hpin:lp_riscv_top/lp_riscv/dccm_ram_wrapper/dccm_ram_0/sram_sp_8192x32/WEN[25]
hpin:lp_riscv_top/lp_riscv/dccm_ram_wrapper/dccm_ram_0/sram_sp_8192x32/WEN[24]
hpin:lp_riscv_top/lp_riscv/dccm_ram_wrapper/dccm_ram_0/sram_sp_8192x32/WEN[23]
hpin:lp_riscv_top/lp_riscv/dccm_ram_wrapper/dccm_ram_0/sram_sp_8192x32/WEN[22]
hpin:lp_riscv_top/lp_riscv/dccm_ram_wrapper/dccm_ram_0/sram_sp_8192x32/WEN[21]
hpin:lp_riscv_top/lp_riscv/dccm_ram_wrapper/dccm_ram_0/sram_sp_8192x32/WEN[20]
hpin:lp_riscv_top/lp_riscv/dccm_ram_wrapper/dccm_ram_0/sram_sp_8192x32/WEN[19]
hpin:lp_riscv_top/lp_riscv/dccm_ram_wrapper/dccm_ram_0/sram_sp_8192x32/WEN[18]
hpin:lp_riscv_top/lp_riscv/dccm_ram_wrapper/dccm_ram_0/sram_sp_8192x32/WEN[17]
hpin:lp_riscv_top/lp_riscv/dccm_ram_wrapper/dccm_ram_0/sram_sp_8192x32/WEN[16]
hpin:lp_riscv_top/lp_riscv/dccm_ram_wrapper/dccm_ram_0/sram_sp_8192x32/WEN[15]
hpin:lp_riscv_top/lp_riscv/dccm_ram_wrapper/dccm_ram_0/sram_sp_8192x32/WEN[14]
hpin:lp_riscv_top/lp_riscv/dccm_ram_wrapper/dccm_ram_0/sram_sp_8192x32/WEN[13]
hpin:lp_riscv_top/lp_riscv/dccm_ram_wrapper/dccm_ram_0/sram_sp_8192x32/WEN[12]
hpin:lp_riscv_top/lp_riscv/dccm_ram_wrapper/dccm_ram_0/sram_sp_8192x32/WEN[11]
hpin:lp_riscv_top/lp_riscv/dccm_ram_wrapper/dccm_ram_0/sram_sp_8192x32/WEN[10]
hpin:lp_riscv_top/lp_riscv/dccm_ram_wrapper/dccm_ram_0/sram_sp_8192x32/WEN[9]
hpin:lp_riscv_top/lp_riscv/dccm_ram_wrapper/dccm_ram_0/sram_sp_8192x32/WEN[8]
hpin:lp_riscv_top/lp_riscv/dccm_ram_wrapper/dccm_ram_0/sram_sp_8192x32/WEN[7]
hpin:lp_riscv_top/lp_riscv/dccm_ram_wrapper/dccm_ram_0/sram_sp_8192x32/WEN[6]
hpin:lp_riscv_top/lp_riscv/dccm_ram_wrapper/dccm_ram_0/sram_sp_8192x32/WEN[5]
hpin:lp_riscv_top/lp_riscv/dccm_ram_wrapper/dccm_ram_0/sram_sp_8192x32/WEN[4]
hpin:lp_riscv_top/lp_riscv/dccm_ram_wrapper/dccm_ram_0/sram_sp_8192x32/WEN[3]
hpin:lp_riscv_top/lp_riscv/dccm_ram_wrapper/dccm_ram_0/sram_sp_8192x32/WEN[2]
hpin:lp_riscv_top/lp_riscv/dccm_ram_wrapper/dccm_ram_0/sram_sp_8192x32/WEN[1]
hpin:lp_riscv_top/lp_riscv/dccm_ram_wrapper/dccm_ram_0/sram_sp_8192x32/WEN[0]
hpin:lp_riscv_top/lp_riscv/dccm_ram_wrapper/dccm_ram_1/sram_sp_8192x32/WEN[31]
hpin:lp_riscv_top/lp_riscv/dccm_ram_wrapper/dccm_ram_1/sram_sp_8192x32/WEN[30]
hpin:lp_riscv_top/lp_riscv/dccm_ram_wrapper/dccm_ram_1/sram_sp_8192x32/WEN[29]
hpin:lp_riscv_top/lp_riscv/dccm_ram_wrapper/dccm_ram_1/sram_sp_8192x32/WEN[28]
hpin:lp_riscv_top/lp_riscv/dccm_ram_wrapper/dccm_ram_1/sram_sp_8192x32/WEN[27]
hpin:lp_riscv_top/lp_riscv/dccm_ram_wrapper/dccm_ram_1/sram_sp_8192x32/WEN[26]
hpin:lp_riscv_top/lp_riscv/dccm_ram_wrapper/dccm_ram_1/sram_sp_8192x32/WEN[25]
hpin:lp_riscv_top/lp_riscv/dccm_ram_wrapper/dccm_ram_1/sram_sp_8192x32/WEN[24]
hpin:lp_riscv_top/lp_riscv/dccm_ram_wrapper/dccm_ram_1/sram_sp_8192x32/WEN[23]
hpin:lp_riscv_top/lp_riscv/dccm_ram_wrapper/dccm_ram_1/sram_sp_8192x32/WEN[22]
hpin:lp_riscv_top/lp_riscv/dccm_ram_wrapper/dccm_ram_1/sram_sp_8192x32/WEN[21]
hpin:lp_riscv_top/lp_riscv/dccm_ram_wrapper/dccm_ram_1/sram_sp_8192x32/WEN[20]
hpin:lp_riscv_top/lp_riscv/dccm_ram_wrapper/dccm_ram_1/sram_sp_8192x32/WEN[19]
hpin:lp_riscv_top/lp_riscv/dccm_ram_wrapper/dccm_ram_1/sram_sp_8192x32/WEN[18]
hpin:lp_riscv_top/lp_riscv/dccm_ram_wrapper/dccm_ram_1/sram_sp_8192x32/WEN[17]
hpin:lp_riscv_top/lp_riscv/dccm_ram_wrapper/dccm_ram_1/sram_sp_8192x32/WEN[16]
hpin:lp_riscv_top/lp_riscv/dccm_ram_wrapper/dccm_ram_1/sram_sp_8192x32/WEN[15]
hpin:lp_riscv_top/lp_riscv/dccm_ram_wrapper/dccm_ram_1/sram_sp_8192x32/WEN[14]
hpin:lp_riscv_top/lp_riscv/dccm_ram_wrapper/dccm_ram_1/sram_sp_8192x32/WEN[13]
hpin:lp_riscv_top/lp_riscv/dccm_ram_wrapper/dccm_ram_1/sram_sp_8192x32/WEN[12]
hpin:lp_riscv_top/lp_riscv/dccm_ram_wrapper/dccm_ram_1/sram_sp_8192x32/WEN[11]
hpin:lp_riscv_top/lp_riscv/dccm_ram_wrapper/dccm_ram_1/sram_sp_8192x32/WEN[10]
hpin:lp_riscv_top/lp_riscv/dccm_ram_wrapper/dccm_ram_1/sram_sp_8192x32/WEN[9]
hpin:lp_riscv_top/lp_riscv/dccm_ram_wrapper/dccm_ram_1/sram_sp_8192x32/WEN[8]
hpin:lp_riscv_top/lp_riscv/dccm_ram_wrapper/dccm_ram_1/sram_sp_8192x32/WEN[7]
hpin:lp_riscv_top/lp_riscv/dccm_ram_wrapper/dccm_ram_1/sram_sp_8192x32/WEN[6]
hpin:lp_riscv_top/lp_riscv/dccm_ram_wrapper/dccm_ram_1/sram_sp_8192x32/WEN[5]
hpin:lp_riscv_top/lp_riscv/dccm_ram_wrapper/dccm_ram_1/sram_sp_8192x32/WEN[4]
hpin:lp_riscv_top/lp_riscv/dccm_ram_wrapper/dccm_ram_1/sram_sp_8192x32/WEN[3]
hpin:lp_riscv_top/lp_riscv/dccm_ram_wrapper/dccm_ram_1/sram_sp_8192x32/WEN[2]
hpin:lp_riscv_top/lp_riscv/dccm_ram_wrapper/dccm_ram_1/sram_sp_8192x32/WEN[1]
hpin:lp_riscv_top/lp_riscv/dccm_ram_wrapper/dccm_ram_1/sram_sp_8192x32/WEN[0]
hpin:lp_riscv_top/lp_riscv/dccm_ram_wrapper/dccm_ram_2/sram_sp_8192x32/WEN[31]
hpin:lp_riscv_top/lp_riscv/dccm_ram_wrapper/dccm_ram_2/sram_sp_8192x32/WEN[30]
hpin:lp_riscv_top/lp_riscv/dccm_ram_wrapper/dccm_ram_2/sram_sp_8192x32/WEN[29]
hpin:lp_riscv_top/lp_riscv/dccm_ram_wrapper/dccm_ram_2/sram_sp_8192x32/WEN[28]
hpin:lp_riscv_top/lp_riscv/dccm_ram_wrapper/dccm_ram_2/sram_sp_8192x32/WEN[27]
hpin:lp_riscv_top/lp_riscv/dccm_ram_wrapper/dccm_ram_2/sram_sp_8192x32/WEN[26]
hpin:lp_riscv_top/lp_riscv/dccm_ram_wrapper/dccm_ram_2/sram_sp_8192x32/WEN[25]
hpin:lp_riscv_top/lp_riscv/dccm_ram_wrapper/dccm_ram_2/sram_sp_8192x32/WEN[24]
hpin:lp_riscv_top/lp_riscv/dccm_ram_wrapper/dccm_ram_2/sram_sp_8192x32/WEN[23]
hpin:lp_riscv_top/lp_riscv/dccm_ram_wrapper/dccm_ram_2/sram_sp_8192x32/WEN[22]
hpin:lp_riscv_top/lp_riscv/dccm_ram_wrapper/dccm_ram_2/sram_sp_8192x32/WEN[21]
hpin:lp_riscv_top/lp_riscv/dccm_ram_wrapper/dccm_ram_2/sram_sp_8192x32/WEN[20]
hpin:lp_riscv_top/lp_riscv/dccm_ram_wrapper/dccm_ram_2/sram_sp_8192x32/WEN[19]
hpin:lp_riscv_top/lp_riscv/dccm_ram_wrapper/dccm_ram_2/sram_sp_8192x32/WEN[18]
hpin:lp_riscv_top/lp_riscv/dccm_ram_wrapper/dccm_ram_2/sram_sp_8192x32/WEN[17]
hpin:lp_riscv_top/lp_riscv/dccm_ram_wrapper/dccm_ram_2/sram_sp_8192x32/WEN[16]
hpin:lp_riscv_top/lp_riscv/dccm_ram_wrapper/dccm_ram_2/sram_sp_8192x32/WEN[15]
hpin:lp_riscv_top/lp_riscv/dccm_ram_wrapper/dccm_ram_2/sram_sp_8192x32/WEN[14]
hpin:lp_riscv_top/lp_riscv/dccm_ram_wrapper/dccm_ram_2/sram_sp_8192x32/WEN[13]
hpin:lp_riscv_top/lp_riscv/dccm_ram_wrapper/dccm_ram_2/sram_sp_8192x32/WEN[12]
hpin:lp_riscv_top/lp_riscv/dccm_ram_wrapper/dccm_ram_2/sram_sp_8192x32/WEN[11]
hpin:lp_riscv_top/lp_riscv/dccm_ram_wrapper/dccm_ram_2/sram_sp_8192x32/WEN[10]
hpin:lp_riscv_top/lp_riscv/dccm_ram_wrapper/dccm_ram_2/sram_sp_8192x32/WEN[9]
hpin:lp_riscv_top/lp_riscv/dccm_ram_wrapper/dccm_ram_2/sram_sp_8192x32/WEN[8]
hpin:lp_riscv_top/lp_riscv/dccm_ram_wrapper/dccm_ram_2/sram_sp_8192x32/WEN[7]
hpin:lp_riscv_top/lp_riscv/dccm_ram_wrapper/dccm_ram_2/sram_sp_8192x32/WEN[6]
hpin:lp_riscv_top/lp_riscv/dccm_ram_wrapper/dccm_ram_2/sram_sp_8192x32/WEN[5]
hpin:lp_riscv_top/lp_riscv/dccm_ram_wrapper/dccm_ram_2/sram_sp_8192x32/WEN[4]
hpin:lp_riscv_top/lp_riscv/dccm_ram_wrapper/dccm_ram_2/sram_sp_8192x32/WEN[3]
hpin:lp_riscv_top/lp_riscv/dccm_ram_wrapper/dccm_ram_2/sram_sp_8192x32/WEN[2]
hpin:lp_riscv_top/lp_riscv/dccm_ram_wrapper/dccm_ram_2/sram_sp_8192x32/WEN[1]
hpin:lp_riscv_top/lp_riscv/dccm_ram_wrapper/dccm_ram_2/sram_sp_8192x32/WEN[0]
hpin:lp_riscv_top/lp_riscv/dccm_ram_wrapper/dccm_ram_3/sram_sp_8192x32/WEN[31]
hpin:lp_riscv_top/lp_riscv/dccm_ram_wrapper/dccm_ram_3/sram_sp_8192x32/WEN[30]
hpin:lp_riscv_top/lp_riscv/dccm_ram_wrapper/dccm_ram_3/sram_sp_8192x32/WEN[29]
hpin:lp_riscv_top/lp_riscv/dccm_ram_wrapper/dccm_ram_3/sram_sp_8192x32/WEN[28]
hpin:lp_riscv_top/lp_riscv/dccm_ram_wrapper/dccm_ram_3/sram_sp_8192x32/WEN[27]
hpin:lp_riscv_top/lp_riscv/dccm_ram_wrapper/dccm_ram_3/sram_sp_8192x32/WEN[26]
hpin:lp_riscv_top/lp_riscv/dccm_ram_wrapper/dccm_ram_3/sram_sp_8192x32/WEN[25]
hpin:lp_riscv_top/lp_riscv/dccm_ram_wrapper/dccm_ram_3/sram_sp_8192x32/WEN[24]
hpin:lp_riscv_top/lp_riscv/dccm_ram_wrapper/dccm_ram_3/sram_sp_8192x32/WEN[23]
hpin:lp_riscv_top/lp_riscv/dccm_ram_wrapper/dccm_ram_3/sram_sp_8192x32/WEN[22]
hpin:lp_riscv_top/lp_riscv/dccm_ram_wrapper/dccm_ram_3/sram_sp_8192x32/WEN[21]
hpin:lp_riscv_top/lp_riscv/dccm_ram_wrapper/dccm_ram_3/sram_sp_8192x32/WEN[20]
hpin:lp_riscv_top/lp_riscv/dccm_ram_wrapper/dccm_ram_3/sram_sp_8192x32/WEN[19]
hpin:lp_riscv_top/lp_riscv/dccm_ram_wrapper/dccm_ram_3/sram_sp_8192x32/WEN[18]
hpin:lp_riscv_top/lp_riscv/dccm_ram_wrapper/dccm_ram_3/sram_sp_8192x32/WEN[17]
hpin:lp_riscv_top/lp_riscv/dccm_ram_wrapper/dccm_ram_3/sram_sp_8192x32/WEN[16]
hpin:lp_riscv_top/lp_riscv/dccm_ram_wrapper/dccm_ram_3/sram_sp_8192x32/WEN[15]
hpin:lp_riscv_top/lp_riscv/dccm_ram_wrapper/dccm_ram_3/sram_sp_8192x32/WEN[14]
hpin:lp_riscv_top/lp_riscv/dccm_ram_wrapper/dccm_ram_3/sram_sp_8192x32/WEN[13]
hpin:lp_riscv_top/lp_riscv/dccm_ram_wrapper/dccm_ram_3/sram_sp_8192x32/WEN[12]
hpin:lp_riscv_top/lp_riscv/dccm_ram_wrapper/dccm_ram_3/sram_sp_8192x32/WEN[11]
hpin:lp_riscv_top/lp_riscv/dccm_ram_wrapper/dccm_ram_3/sram_sp_8192x32/WEN[10]
hpin:lp_riscv_top/lp_riscv/dccm_ram_wrapper/dccm_ram_3/sram_sp_8192x32/WEN[9]
hpin:lp_riscv_top/lp_riscv/dccm_ram_wrapper/dccm_ram_3/sram_sp_8192x32/WEN[8]
hpin:lp_riscv_top/lp_riscv/dccm_ram_wrapper/dccm_ram_3/sram_sp_8192x32/WEN[7]
hpin:lp_riscv_top/lp_riscv/dccm_ram_wrapper/dccm_ram_3/sram_sp_8192x32/WEN[6]
hpin:lp_riscv_top/lp_riscv/dccm_ram_wrapper/dccm_ram_3/sram_sp_8192x32/WEN[5]
hpin:lp_riscv_top/lp_riscv/dccm_ram_wrapper/dccm_ram_3/sram_sp_8192x32/WEN[4]
hpin:lp_riscv_top/lp_riscv/dccm_ram_wrapper/dccm_ram_3/sram_sp_8192x32/WEN[3]
hpin:lp_riscv_top/lp_riscv/dccm_ram_wrapper/dccm_ram_3/sram_sp_8192x32/WEN[2]
hpin:lp_riscv_top/lp_riscv/dccm_ram_wrapper/dccm_ram_3/sram_sp_8192x32/WEN[1]
hpin:lp_riscv_top/lp_riscv/dccm_ram_wrapper/dccm_ram_3/sram_sp_8192x32/WEN[0]
Total number of hierarchical multidriven pin(s) in design 'lp_riscv_top' : 128

No multidriven ports in 'lp_riscv_top'

No multidriven unloaded nets in 'lp_riscv_top'

  Constant Pin(s)
  ----------------
design 'lp_riscv_top' has the following constant input combinational pin(s)
pin:lp_riscv_top/i_ioring/i_IO_PLACEHOLD_30/I
pin:lp_riscv_top/i_ioring/i_IO_PLACEHOLD_30/DS
pin:lp_riscv_top/i_ioring/i_IO_PLACEHOLD_30/OEN
pin:lp_riscv_top/i_ioring/i_IO_PLACEHOLD_30/PE
pin:lp_riscv_top/i_ioring/i_IO_PLACEHOLD_30/IE
pin:lp_riscv_top/i_ioring/i_IO_PLACEHOLD_31/I
pin:lp_riscv_top/i_ioring/i_IO_PLACEHOLD_31/DS
pin:lp_riscv_top/i_ioring/i_IO_PLACEHOLD_31/OEN
pin:lp_riscv_top/i_ioring/i_IO_PLACEHOLD_31/PE
pin:lp_riscv_top/i_ioring/i_IO_PLACEHOLD_31/IE
pin:lp_riscv_top/i_ioring/i_IO_PLACEHOLD_32/I
pin:lp_riscv_top/i_ioring/i_IO_PLACEHOLD_32/DS
pin:lp_riscv_top/i_ioring/i_IO_PLACEHOLD_32/OEN
pin:lp_riscv_top/i_ioring/i_IO_PLACEHOLD_32/PE
pin:lp_riscv_top/i_ioring/i_IO_PLACEHOLD_32/IE
pin:lp_riscv_top/i_ioring/i_IO_PLACEHOLD_49/I
pin:lp_riscv_top/i_ioring/i_IO_PLACEHOLD_49/DS
pin:lp_riscv_top/i_ioring/i_IO_PLACEHOLD_49/OEN
pin:lp_riscv_top/i_ioring/i_IO_PLACEHOLD_49/PE
pin:lp_riscv_top/i_ioring/i_IO_PLACEHOLD_49/IE
pin:lp_riscv_top/i_ioring/i_IO_PLACEHOLD_50/I
pin:lp_riscv_top/i_ioring/i_IO_PLACEHOLD_50/DS
pin:lp_riscv_top/i_ioring/i_IO_PLACEHOLD_50/OEN
pin:lp_riscv_top/i_ioring/i_IO_PLACEHOLD_50/PE
pin:lp_riscv_top/i_ioring/i_IO_PLACEHOLD_50/IE
pin:lp_riscv_top/i_ioring/i_CLOCK_EN/I
pin:lp_riscv_top/i_ioring/i_CLOCK_EN/DS
pin:lp_riscv_top/i_ioring/i_CLOCK_EN/OEN
pin:lp_riscv_top/i_ioring/i_CLOCK_EN/PE
pin:lp_riscv_top/i_ioring/i_CLOCK_EN/IE
pin:lp_riscv_top/i_ioring/i_TEST_EN/I
pin:lp_riscv_top/i_ioring/i_TEST_EN/DS
pin:lp_riscv_top/i_ioring/i_TEST_EN/OEN
pin:lp_riscv_top/i_ioring/i_TEST_EN/PE
pin:lp_riscv_top/i_ioring/i_TEST_EN/IE
pin:lp_riscv_top/i_ioring/i_IRAM_PROG_BYTE_0/I
pin:lp_riscv_top/i_ioring/i_IRAM_PROG_BYTE_0/DS
pin:lp_riscv_top/i_ioring/i_IRAM_PROG_BYTE_0/OEN
pin:lp_riscv_top/i_ioring/i_IRAM_PROG_BYTE_0/PE
pin:lp_riscv_top/i_ioring/i_IRAM_PROG_BYTE_0/IE
pin:lp_riscv_top/i_ioring/i_IRAM_PROG_BYTE_1/I
pin:lp_riscv_top/i_ioring/i_IRAM_PROG_BYTE_1/DS
pin:lp_riscv_top/i_ioring/i_IRAM_PROG_BYTE_1/OEN
pin:lp_riscv_top/i_ioring/i_IRAM_PROG_BYTE_1/PE
pin:lp_riscv_top/i_ioring/i_IRAM_PROG_BYTE_1/IE
pin:lp_riscv_top/i_ioring/i_IRAM_PROG_BYTE_2/I
pin:lp_riscv_top/i_ioring/i_IRAM_PROG_BYTE_2/DS
pin:lp_riscv_top/i_ioring/i_IRAM_PROG_BYTE_2/OEN
pin:lp_riscv_top/i_ioring/i_IRAM_PROG_BYTE_2/PE
pin:lp_riscv_top/i_ioring/i_IRAM_PROG_BYTE_2/IE
pin:lp_riscv_top/i_ioring/i_IRAM_PROG_BYTE_3/I
pin:lp_riscv_top/i_ioring/i_IRAM_PROG_BYTE_3/DS
pin:lp_riscv_top/i_ioring/i_IRAM_PROG_BYTE_3/OEN
pin:lp_riscv_top/i_ioring/i_IRAM_PROG_BYTE_3/PE
pin:lp_riscv_top/i_ioring/i_IRAM_PROG_BYTE_3/IE
pin:lp_riscv_top/i_ioring/i_IRAM_PROG_BYTE_4/I
pin:lp_riscv_top/i_ioring/i_IRAM_PROG_BYTE_4/DS
pin:lp_riscv_top/i_ioring/i_IRAM_PROG_BYTE_4/OEN
pin:lp_riscv_top/i_ioring/i_IRAM_PROG_BYTE_4/PE
pin:lp_riscv_top/i_ioring/i_IRAM_PROG_BYTE_4/IE
pin:lp_riscv_top/i_ioring/i_IRAM_PROG_BYTE_5/I
pin:lp_riscv_top/i_ioring/i_IRAM_PROG_BYTE_5/DS
pin:lp_riscv_top/i_ioring/i_IRAM_PROG_BYTE_5/OEN
pin:lp_riscv_top/i_ioring/i_IRAM_PROG_BYTE_5/PE
pin:lp_riscv_top/i_ioring/i_IRAM_PROG_BYTE_5/IE
pin:lp_riscv_top/i_ioring/i_IRAM_PROG_BYTE_6/I
pin:lp_riscv_top/i_ioring/i_IRAM_PROG_BYTE_6/DS
pin:lp_riscv_top/i_ioring/i_IRAM_PROG_BYTE_6/OEN
pin:lp_riscv_top/i_ioring/i_IRAM_PROG_BYTE_6/PE
pin:lp_riscv_top/i_ioring/i_IRAM_PROG_BYTE_6/IE
pin:lp_riscv_top/i_ioring/i_IRAM_PROG_BYTE_7/I
pin:lp_riscv_top/i_ioring/i_IRAM_PROG_BYTE_7/DS
pin:lp_riscv_top/i_ioring/i_IRAM_PROG_BYTE_7/OEN
pin:lp_riscv_top/i_ioring/i_IRAM_PROG_BYTE_7/PE
pin:lp_riscv_top/i_ioring/i_IRAM_PROG_BYTE_7/IE
pin:lp_riscv_top/i_ioring/i_FETCH_EN/I
pin:lp_riscv_top/i_ioring/i_FETCH_EN/DS
pin:lp_riscv_top/i_ioring/i_FETCH_EN/OEN
pin:lp_riscv_top/i_ioring/i_FETCH_EN/PE
pin:lp_riscv_top/i_ioring/i_FETCH_EN/IE
pin:lp_riscv_top/i_ioring/i_IRAM_PROG_BYTE_IDX_0/I
pin:lp_riscv_top/i_ioring/i_IRAM_PROG_BYTE_IDX_0/DS
pin:lp_riscv_top/i_ioring/i_IRAM_PROG_BYTE_IDX_0/OEN
pin:lp_riscv_top/i_ioring/i_IRAM_PROG_BYTE_IDX_0/PE
pin:lp_riscv_top/i_ioring/i_IRAM_PROG_BYTE_IDX_0/IE
pin:lp_riscv_top/i_ioring/i_IRAM_PROG_BYTE_IDX_1/I
pin:lp_riscv_top/i_ioring/i_IRAM_PROG_BYTE_IDX_1/DS
pin:lp_riscv_top/i_ioring/i_IRAM_PROG_BYTE_IDX_1/OEN
pin:lp_riscv_top/i_ioring/i_IRAM_PROG_BYTE_IDX_1/PE
pin:lp_riscv_top/i_ioring/i_IRAM_PROG_BYTE_IDX_1/IE
pin:lp_riscv_top/i_ioring/i_IRAM_PROG_DATA_BYTE/I
pin:lp_riscv_top/i_ioring/i_IRAM_PROG_DATA_BYTE/DS
pin:lp_riscv_top/i_ioring/i_IRAM_PROG_DATA_BYTE/OEN
pin:lp_riscv_top/i_ioring/i_IRAM_PROG_DATA_BYTE/PE
pin:lp_riscv_top/i_ioring/i_IRAM_PROG_DATA_BYTE/IE
pin:lp_riscv_top/i_ioring/i_CLK/I
pin:lp_riscv_top/i_ioring/i_CLK/DS
pin:lp_riscv_top/i_ioring/i_CLK/OEN
pin:lp_riscv_top/i_ioring/i_CLK/PE
pin:lp_riscv_top/i_ioring/i_CLK/IE
pin:lp_riscv_top/i_ioring/i_RST_N/I
pin:lp_riscv_top/i_ioring/i_RST_N/DS
pin:lp_riscv_top/i_ioring/i_RST_N/OEN
pin:lp_riscv_top/i_ioring/i_RST_N/PE
pin:lp_riscv_top/i_ioring/i_RST_N/IE
pin:lp_riscv_top/i_ioring/i_EXT_PERF_COUNTERS_5/I
pin:lp_riscv_top/i_ioring/i_EXT_PERF_COUNTERS_5/DS
pin:lp_riscv_top/i_ioring/i_EXT_PERF_COUNTERS_5/OEN
pin:lp_riscv_top/i_ioring/i_EXT_PERF_COUNTERS_5/PE
pin:lp_riscv_top/i_ioring/i_EXT_PERF_COUNTERS_5/IE
pin:lp_riscv_top/i_ioring/i_EXT_PERF_COUNTERS_6/I
pin:lp_riscv_top/i_ioring/i_EXT_PERF_COUNTERS_6/DS
pin:lp_riscv_top/i_ioring/i_EXT_PERF_COUNTERS_6/OEN
pin:lp_riscv_top/i_ioring/i_EXT_PERF_COUNTERS_6/PE
pin:lp_riscv_top/i_ioring/i_EXT_PERF_COUNTERS_6/IE
pin:lp_riscv_top/i_ioring/i_EXT_PERF_COUNTERS_0/I
pin:lp_riscv_top/i_ioring/i_EXT_PERF_COUNTERS_0/DS
pin:lp_riscv_top/i_ioring/i_EXT_PERF_COUNTERS_0/OEN
pin:lp_riscv_top/i_ioring/i_EXT_PERF_COUNTERS_0/PE
pin:lp_riscv_top/i_ioring/i_EXT_PERF_COUNTERS_0/IE
pin:lp_riscv_top/i_ioring/i_EXT_PERF_COUNTERS_1/I
pin:lp_riscv_top/i_ioring/i_EXT_PERF_COUNTERS_1/DS
pin:lp_riscv_top/i_ioring/i_EXT_PERF_COUNTERS_1/OEN
pin:lp_riscv_top/i_ioring/i_EXT_PERF_COUNTERS_1/PE
pin:lp_riscv_top/i_ioring/i_EXT_PERF_COUNTERS_1/IE
pin:lp_riscv_top/i_ioring/i_EXT_PERF_COUNTERS_2/I
pin:lp_riscv_top/i_ioring/i_EXT_PERF_COUNTERS_2/DS
pin:lp_riscv_top/i_ioring/i_EXT_PERF_COUNTERS_2/OEN
pin:lp_riscv_top/i_ioring/i_EXT_PERF_COUNTERS_2/PE
pin:lp_riscv_top/i_ioring/i_EXT_PERF_COUNTERS_2/IE
pin:lp_riscv_top/i_ioring/i_EXT_PERF_COUNTERS_3/I
pin:lp_riscv_top/i_ioring/i_EXT_PERF_COUNTERS_3/DS
pin:lp_riscv_top/i_ioring/i_EXT_PERF_COUNTERS_3/OEN
pin:lp_riscv_top/i_ioring/i_EXT_PERF_COUNTERS_3/PE
pin:lp_riscv_top/i_ioring/i_EXT_PERF_COUNTERS_3/IE
pin:lp_riscv_top/i_ioring/i_EXT_PERF_COUNTERS_4/I
pin:lp_riscv_top/i_ioring/i_EXT_PERF_COUNTERS_4/DS
pin:lp_riscv_top/i_ioring/i_EXT_PERF_COUNTERS_4/OEN
pin:lp_riscv_top/i_ioring/i_EXT_PERF_COUNTERS_4/PE
pin:lp_riscv_top/i_ioring/i_EXT_PERF_COUNTERS_4/IE
pin:lp_riscv_top/i_ioring/i_EXT_PERF_COUNTERS_7/I
pin:lp_riscv_top/i_ioring/i_EXT_PERF_COUNTERS_7/DS
pin:lp_riscv_top/i_ioring/i_EXT_PERF_COUNTERS_7/OEN
pin:lp_riscv_top/i_ioring/i_EXT_PERF_COUNTERS_7/PE
pin:lp_riscv_top/i_ioring/i_EXT_PERF_COUNTERS_7/IE
pin:lp_riscv_top/i_ioring/i_EXT_PERF_COUNTERS_8/I
pin:lp_riscv_top/i_ioring/i_EXT_PERF_COUNTERS_8/DS
pin:lp_riscv_top/i_ioring/i_EXT_PERF_COUNTERS_8/OEN
pin:lp_riscv_top/i_ioring/i_EXT_PERF_COUNTERS_8/PE
pin:lp_riscv_top/i_ioring/i_EXT_PERF_COUNTERS_8/IE
pin:lp_riscv_top/i_ioring/i_EXT_PERF_COUNTERS_9/I
pin:lp_riscv_top/i_ioring/i_EXT_PERF_COUNTERS_9/DS
pin:lp_riscv_top/i_ioring/i_EXT_PERF_COUNTERS_9/OEN
pin:lp_riscv_top/i_ioring/i_EXT_PERF_COUNTERS_9/PE
pin:lp_riscv_top/i_ioring/i_EXT_PERF_COUNTERS_9/IE
pin:lp_riscv_top/i_ioring/i_EXT_PERF_COUNTERS_10/I
pin:lp_riscv_top/i_ioring/i_EXT_PERF_COUNTERS_10/DS
pin:lp_riscv_top/i_ioring/i_EXT_PERF_COUNTERS_10/OEN
pin:lp_riscv_top/i_ioring/i_EXT_PERF_COUNTERS_10/PE
pin:lp_riscv_top/i_ioring/i_EXT_PERF_COUNTERS_10/IE
pin:lp_riscv_top/i_ioring/i_EXT_PERF_COUNTERS_11/I
pin:lp_riscv_top/i_ioring/i_EXT_PERF_COUNTERS_11/DS
pin:lp_riscv_top/i_ioring/i_EXT_PERF_COUNTERS_11/OEN
pin:lp_riscv_top/i_ioring/i_EXT_PERF_COUNTERS_11/PE
pin:lp_riscv_top/i_ioring/i_EXT_PERF_COUNTERS_11/IE
pin:lp_riscv_top/i_ioring/i_EXT_PERF_COUNTERS_12/I
pin:lp_riscv_top/i_ioring/i_EXT_PERF_COUNTERS_12/DS
pin:lp_riscv_top/i_ioring/i_EXT_PERF_COUNTERS_12/OEN
pin:lp_riscv_top/i_ioring/i_EXT_PERF_COUNTERS_12/PE
pin:lp_riscv_top/i_ioring/i_EXT_PERF_COUNTERS_12/IE
pin:lp_riscv_top/i_ioring/i_EXT_PERF_COUNTERS_13/I
pin:lp_riscv_top/i_ioring/i_EXT_PERF_COUNTERS_13/DS
pin:lp_riscv_top/i_ioring/i_EXT_PERF_COUNTERS_13/OEN
pin:lp_riscv_top/i_ioring/i_EXT_PERF_COUNTERS_13/PE
pin:lp_riscv_top/i_ioring/i_EXT_PERF_COUNTERS_13/IE
pin:lp_riscv_top/i_ioring/i_EXT_PERF_COUNTERS_14/I
pin:lp_riscv_top/i_ioring/i_EXT_PERF_COUNTERS_14/DS
pin:lp_riscv_top/i_ioring/i_EXT_PERF_COUNTERS_14/OEN
pin:lp_riscv_top/i_ioring/i_EXT_PERF_COUNTERS_14/PE
pin:lp_riscv_top/i_ioring/i_EXT_PERF_COUNTERS_14/IE
pin:lp_riscv_top/i_ioring/i_EXT_PERF_COUNTERS_15/I
pin:lp_riscv_top/i_ioring/i_EXT_PERF_COUNTERS_15/DS
pin:lp_riscv_top/i_ioring/i_EXT_PERF_COUNTERS_15/OEN
pin:lp_riscv_top/i_ioring/i_EXT_PERF_COUNTERS_15/PE
pin:lp_riscv_top/i_ioring/i_EXT_PERF_COUNTERS_15/IE
pin:lp_riscv_top/i_ioring/i_IRAM_PROG_WR/I
pin:lp_riscv_top/i_ioring/i_IRAM_PROG_WR/DS
pin:lp_riscv_top/i_ioring/i_IRAM_PROG_WR/OEN
pin:lp_riscv_top/i_ioring/i_IRAM_PROG_WR/PE
pin:lp_riscv_top/i_ioring/i_IRAM_PROG_WR/IE
pin:lp_riscv_top/i_ioring/i_IRAM_PROG_ADDR_BYTE/I
pin:lp_riscv_top/i_ioring/i_IRAM_PROG_ADDR_BYTE/DS
pin:lp_riscv_top/i_ioring/i_IRAM_PROG_ADDR_BYTE/OEN
pin:lp_riscv_top/i_ioring/i_IRAM_PROG_ADDR_BYTE/PE
pin:lp_riscv_top/i_ioring/i_IRAM_PROG_ADDR_BYTE/IE
pin:lp_riscv_top/i_ioring/i_DONE_FLAG/DS
pin:lp_riscv_top/i_ioring/i_DONE_FLAG/OEN
pin:lp_riscv_top/i_ioring/i_DONE_FLAG/PE
pin:lp_riscv_top/i_ioring/i_DONE_FLAG/IE
pin:lp_riscv_top/lp_riscv/i_riscv_core/load_store_unit_i/g66/in_1
pin:lp_riscv_top/lp_riscv/i_riscv_core/debug_unit_i/g2/in_0
pin:lp_riscv_top/lp_riscv/i_riscv_core/debug_unit_i/g2/in_1
pin:lp_riscv_top/lp_riscv/i_riscv_core/debug_unit_i/g5/in_1
pin:lp_riscv_top/lp_riscv/i_riscv_core/debug_unit_i/g7/in_1
pin:lp_riscv_top/lp_riscv/i_riscv_core/debug_unit_i/g12/in_0
pin:lp_riscv_top/lp_riscv/i_riscv_core/debug_unit_i/g115/in_0
pin:lp_riscv_top/lp_riscv/i_riscv_core/debug_unit_i/g116/in_0
pin:lp_riscv_top/lp_riscv/i_riscv_core/g28/in_0
Total number of constant combinational pins in design 'lp_riscv_top' : 208

design 'lp_riscv_top' has the following constant input sequential pin(s)
pin:lp_riscv_top/lp_riscv/iccm_ram_wrapper/iccm_ram_0/sram_sp_16384x32/WEN[31]
pin:lp_riscv_top/lp_riscv/iccm_ram_wrapper/iccm_ram_0/sram_sp_16384x32/WEN[30]
pin:lp_riscv_top/lp_riscv/iccm_ram_wrapper/iccm_ram_0/sram_sp_16384x32/WEN[29]
pin:lp_riscv_top/lp_riscv/iccm_ram_wrapper/iccm_ram_0/sram_sp_16384x32/WEN[28]
pin:lp_riscv_top/lp_riscv/iccm_ram_wrapper/iccm_ram_0/sram_sp_16384x32/WEN[27]
pin:lp_riscv_top/lp_riscv/iccm_ram_wrapper/iccm_ram_0/sram_sp_16384x32/WEN[26]
pin:lp_riscv_top/lp_riscv/iccm_ram_wrapper/iccm_ram_0/sram_sp_16384x32/WEN[25]
pin:lp_riscv_top/lp_riscv/iccm_ram_wrapper/iccm_ram_0/sram_sp_16384x32/WEN[24]
pin:lp_riscv_top/lp_riscv/iccm_ram_wrapper/iccm_ram_0/sram_sp_16384x32/WEN[23]
pin:lp_riscv_top/lp_riscv/iccm_ram_wrapper/iccm_ram_0/sram_sp_16384x32/WEN[22]
pin:lp_riscv_top/lp_riscv/iccm_ram_wrapper/iccm_ram_0/sram_sp_16384x32/WEN[21]
pin:lp_riscv_top/lp_riscv/iccm_ram_wrapper/iccm_ram_0/sram_sp_16384x32/WEN[20]
pin:lp_riscv_top/lp_riscv/iccm_ram_wrapper/iccm_ram_0/sram_sp_16384x32/WEN[19]
pin:lp_riscv_top/lp_riscv/iccm_ram_wrapper/iccm_ram_0/sram_sp_16384x32/WEN[18]
pin:lp_riscv_top/lp_riscv/iccm_ram_wrapper/iccm_ram_0/sram_sp_16384x32/WEN[17]
pin:lp_riscv_top/lp_riscv/iccm_ram_wrapper/iccm_ram_0/sram_sp_16384x32/WEN[16]
pin:lp_riscv_top/lp_riscv/iccm_ram_wrapper/iccm_ram_0/sram_sp_16384x32/WEN[15]
pin:lp_riscv_top/lp_riscv/iccm_ram_wrapper/iccm_ram_0/sram_sp_16384x32/WEN[14]
pin:lp_riscv_top/lp_riscv/iccm_ram_wrapper/iccm_ram_0/sram_sp_16384x32/WEN[13]
pin:lp_riscv_top/lp_riscv/iccm_ram_wrapper/iccm_ram_0/sram_sp_16384x32/WEN[12]
pin:lp_riscv_top/lp_riscv/iccm_ram_wrapper/iccm_ram_0/sram_sp_16384x32/WEN[11]
pin:lp_riscv_top/lp_riscv/iccm_ram_wrapper/iccm_ram_0/sram_sp_16384x32/WEN[10]
pin:lp_riscv_top/lp_riscv/iccm_ram_wrapper/iccm_ram_0/sram_sp_16384x32/WEN[9]
pin:lp_riscv_top/lp_riscv/iccm_ram_wrapper/iccm_ram_0/sram_sp_16384x32/WEN[8]
pin:lp_riscv_top/lp_riscv/iccm_ram_wrapper/iccm_ram_0/sram_sp_16384x32/WEN[7]
pin:lp_riscv_top/lp_riscv/iccm_ram_wrapper/iccm_ram_0/sram_sp_16384x32/WEN[6]
pin:lp_riscv_top/lp_riscv/iccm_ram_wrapper/iccm_ram_0/sram_sp_16384x32/WEN[5]
pin:lp_riscv_top/lp_riscv/iccm_ram_wrapper/iccm_ram_0/sram_sp_16384x32/WEN[4]
pin:lp_riscv_top/lp_riscv/iccm_ram_wrapper/iccm_ram_0/sram_sp_16384x32/WEN[3]
pin:lp_riscv_top/lp_riscv/iccm_ram_wrapper/iccm_ram_0/sram_sp_16384x32/WEN[2]
pin:lp_riscv_top/lp_riscv/iccm_ram_wrapper/iccm_ram_0/sram_sp_16384x32/WEN[1]
pin:lp_riscv_top/lp_riscv/iccm_ram_wrapper/iccm_ram_0/sram_sp_16384x32/WEN[0]
pin:lp_riscv_top/lp_riscv/iccm_ram_wrapper/iccm_ram_0/sram_sp_16384x32/EMA[2]
pin:lp_riscv_top/lp_riscv/iccm_ram_wrapper/iccm_ram_0/sram_sp_16384x32/EMA[1]
pin:lp_riscv_top/lp_riscv/iccm_ram_wrapper/iccm_ram_0/sram_sp_16384x32/EMA[0]
pin:lp_riscv_top/lp_riscv/iccm_ram_wrapper/iccm_ram_0/sram_sp_16384x32/EMAW[1]
pin:lp_riscv_top/lp_riscv/iccm_ram_wrapper/iccm_ram_0/sram_sp_16384x32/EMAW[0]
pin:lp_riscv_top/lp_riscv/iccm_ram_wrapper/iccm_ram_0/sram_sp_16384x32/TEN
pin:lp_riscv_top/lp_riscv/iccm_ram_wrapper/iccm_ram_0/sram_sp_16384x32/TCEN
pin:lp_riscv_top/lp_riscv/iccm_ram_wrapper/iccm_ram_0/sram_sp_16384x32/TWEN[31]
pin:lp_riscv_top/lp_riscv/iccm_ram_wrapper/iccm_ram_0/sram_sp_16384x32/TWEN[30]
pin:lp_riscv_top/lp_riscv/iccm_ram_wrapper/iccm_ram_0/sram_sp_16384x32/TWEN[29]
pin:lp_riscv_top/lp_riscv/iccm_ram_wrapper/iccm_ram_0/sram_sp_16384x32/TWEN[28]
pin:lp_riscv_top/lp_riscv/iccm_ram_wrapper/iccm_ram_0/sram_sp_16384x32/TWEN[27]
pin:lp_riscv_top/lp_riscv/iccm_ram_wrapper/iccm_ram_0/sram_sp_16384x32/TWEN[26]
pin:lp_riscv_top/lp_riscv/iccm_ram_wrapper/iccm_ram_0/sram_sp_16384x32/TWEN[25]
pin:lp_riscv_top/lp_riscv/iccm_ram_wrapper/iccm_ram_0/sram_sp_16384x32/TWEN[24]
pin:lp_riscv_top/lp_riscv/iccm_ram_wrapper/iccm_ram_0/sram_sp_16384x32/TWEN[23]
pin:lp_riscv_top/lp_riscv/iccm_ram_wrapper/iccm_ram_0/sram_sp_16384x32/TWEN[22]
pin:lp_riscv_top/lp_riscv/iccm_ram_wrapper/iccm_ram_0/sram_sp_16384x32/TWEN[21]
pin:lp_riscv_top/lp_riscv/iccm_ram_wrapper/iccm_ram_0/sram_sp_16384x32/TWEN[20]
pin:lp_riscv_top/lp_riscv/iccm_ram_wrapper/iccm_ram_0/sram_sp_16384x32/TWEN[19]
pin:lp_riscv_top/lp_riscv/iccm_ram_wrapper/iccm_ram_0/sram_sp_16384x32/TWEN[18]
pin:lp_riscv_top/lp_riscv/iccm_ram_wrapper/iccm_ram_0/sram_sp_16384x32/TWEN[17]
pin:lp_riscv_top/lp_riscv/iccm_ram_wrapper/iccm_ram_0/sram_sp_16384x32/TWEN[16]
pin:lp_riscv_top/lp_riscv/iccm_ram_wrapper/iccm_ram_0/sram_sp_16384x32/TWEN[15]
pin:lp_riscv_top/lp_riscv/iccm_ram_wrapper/iccm_ram_0/sram_sp_16384x32/TWEN[14]
pin:lp_riscv_top/lp_riscv/iccm_ram_wrapper/iccm_ram_0/sram_sp_16384x32/TWEN[13]
pin:lp_riscv_top/lp_riscv/iccm_ram_wrapper/iccm_ram_0/sram_sp_16384x32/TWEN[12]
pin:lp_riscv_top/lp_riscv/iccm_ram_wrapper/iccm_ram_0/sram_sp_16384x32/TWEN[11]
pin:lp_riscv_top/lp_riscv/iccm_ram_wrapper/iccm_ram_0/sram_sp_16384x32/TWEN[10]
pin:lp_riscv_top/lp_riscv/iccm_ram_wrapper/iccm_ram_0/sram_sp_16384x32/TWEN[9]
pin:lp_riscv_top/lp_riscv/iccm_ram_wrapper/iccm_ram_0/sram_sp_16384x32/TWEN[8]
pin:lp_riscv_top/lp_riscv/iccm_ram_wrapper/iccm_ram_0/sram_sp_16384x32/TWEN[7]
pin:lp_riscv_top/lp_riscv/iccm_ram_wrapper/iccm_ram_0/sram_sp_16384x32/TWEN[6]
pin:lp_riscv_top/lp_riscv/iccm_ram_wrapper/iccm_ram_0/sram_sp_16384x32/TWEN[5]
pin:lp_riscv_top/lp_riscv/iccm_ram_wrapper/iccm_ram_0/sram_sp_16384x32/TWEN[4]
pin:lp_riscv_top/lp_riscv/iccm_ram_wrapper/iccm_ram_0/sram_sp_16384x32/TWEN[3]
pin:lp_riscv_top/lp_riscv/iccm_ram_wrapper/iccm_ram_0/sram_sp_16384x32/TWEN[2]
pin:lp_riscv_top/lp_riscv/iccm_ram_wrapper/iccm_ram_0/sram_sp_16384x32/TWEN[1]
pin:lp_riscv_top/lp_riscv/iccm_ram_wrapper/iccm_ram_0/sram_sp_16384x32/TWEN[0]
pin:lp_riscv_top/lp_riscv/iccm_ram_wrapper/iccm_ram_0/sram_sp_16384x32/TA[13]
pin:lp_riscv_top/lp_riscv/iccm_ram_wrapper/iccm_ram_0/sram_sp_16384x32/TA[12]
pin:lp_riscv_top/lp_riscv/iccm_ram_wrapper/iccm_ram_0/sram_sp_16384x32/TA[11]
pin:lp_riscv_top/lp_riscv/iccm_ram_wrapper/iccm_ram_0/sram_sp_16384x32/TA[10]
pin:lp_riscv_top/lp_riscv/iccm_ram_wrapper/iccm_ram_0/sram_sp_16384x32/TA[9]
pin:lp_riscv_top/lp_riscv/iccm_ram_wrapper/iccm_ram_0/sram_sp_16384x32/TA[8]
pin:lp_riscv_top/lp_riscv/iccm_ram_wrapper/iccm_ram_0/sram_sp_16384x32/TA[7]
pin:lp_riscv_top/lp_riscv/iccm_ram_wrapper/iccm_ram_0/sram_sp_16384x32/TA[6]
pin:lp_riscv_top/lp_riscv/iccm_ram_wrapper/iccm_ram_0/sram_sp_16384x32/TA[5]
pin:lp_riscv_top/lp_riscv/iccm_ram_wrapper/iccm_ram_0/sram_sp_16384x32/TA[4]
pin:lp_riscv_top/lp_riscv/iccm_ram_wrapper/iccm_ram_0/sram_sp_16384x32/TA[3]
pin:lp_riscv_top/lp_riscv/iccm_ram_wrapper/iccm_ram_0/sram_sp_16384x32/TA[2]
pin:lp_riscv_top/lp_riscv/iccm_ram_wrapper/iccm_ram_0/sram_sp_16384x32/TA[1]
pin:lp_riscv_top/lp_riscv/iccm_ram_wrapper/iccm_ram_0/sram_sp_16384x32/TA[0]
pin:lp_riscv_top/lp_riscv/iccm_ram_wrapper/iccm_ram_0/sram_sp_16384x32/TD[31]
pin:lp_riscv_top/lp_riscv/iccm_ram_wrapper/iccm_ram_0/sram_sp_16384x32/TD[30]
pin:lp_riscv_top/lp_riscv/iccm_ram_wrapper/iccm_ram_0/sram_sp_16384x32/TD[29]
pin:lp_riscv_top/lp_riscv/iccm_ram_wrapper/iccm_ram_0/sram_sp_16384x32/TD[28]
pin:lp_riscv_top/lp_riscv/iccm_ram_wrapper/iccm_ram_0/sram_sp_16384x32/TD[27]
pin:lp_riscv_top/lp_riscv/iccm_ram_wrapper/iccm_ram_0/sram_sp_16384x32/TD[26]
pin:lp_riscv_top/lp_riscv/iccm_ram_wrapper/iccm_ram_0/sram_sp_16384x32/TD[25]
pin:lp_riscv_top/lp_riscv/iccm_ram_wrapper/iccm_ram_0/sram_sp_16384x32/TD[24]
pin:lp_riscv_top/lp_riscv/iccm_ram_wrapper/iccm_ram_0/sram_sp_16384x32/TD[23]
pin:lp_riscv_top/lp_riscv/iccm_ram_wrapper/iccm_ram_0/sram_sp_16384x32/TD[22]
pin:lp_riscv_top/lp_riscv/iccm_ram_wrapper/iccm_ram_0/sram_sp_16384x32/TD[21]
pin:lp_riscv_top/lp_riscv/iccm_ram_wrapper/iccm_ram_0/sram_sp_16384x32/TD[20]
pin:lp_riscv_top/lp_riscv/iccm_ram_wrapper/iccm_ram_0/sram_sp_16384x32/TD[19]
pin:lp_riscv_top/lp_riscv/iccm_ram_wrapper/iccm_ram_0/sram_sp_16384x32/TD[18]
pin:lp_riscv_top/lp_riscv/iccm_ram_wrapper/iccm_ram_0/sram_sp_16384x32/TD[17]
pin:lp_riscv_top/lp_riscv/iccm_ram_wrapper/iccm_ram_0/sram_sp_16384x32/TD[16]
pin:lp_riscv_top/lp_riscv/iccm_ram_wrapper/iccm_ram_0/sram_sp_16384x32/TD[15]
pin:lp_riscv_top/lp_riscv/iccm_ram_wrapper/iccm_ram_0/sram_sp_16384x32/TD[14]
pin:lp_riscv_top/lp_riscv/iccm_ram_wrapper/iccm_ram_0/sram_sp_16384x32/TD[13]
pin:lp_riscv_top/lp_riscv/iccm_ram_wrapper/iccm_ram_0/sram_sp_16384x32/TD[12]
pin:lp_riscv_top/lp_riscv/iccm_ram_wrapper/iccm_ram_0/sram_sp_16384x32/TD[11]
pin:lp_riscv_top/lp_riscv/iccm_ram_wrapper/iccm_ram_0/sram_sp_16384x32/TD[10]
pin:lp_riscv_top/lp_riscv/iccm_ram_wrapper/iccm_ram_0/sram_sp_16384x32/TD[9]
pin:lp_riscv_top/lp_riscv/iccm_ram_wrapper/iccm_ram_0/sram_sp_16384x32/TD[8]
pin:lp_riscv_top/lp_riscv/iccm_ram_wrapper/iccm_ram_0/sram_sp_16384x32/TD[7]
pin:lp_riscv_top/lp_riscv/iccm_ram_wrapper/iccm_ram_0/sram_sp_16384x32/TD[6]
pin:lp_riscv_top/lp_riscv/iccm_ram_wrapper/iccm_ram_0/sram_sp_16384x32/TD[5]
pin:lp_riscv_top/lp_riscv/iccm_ram_wrapper/iccm_ram_0/sram_sp_16384x32/TD[4]
pin:lp_riscv_top/lp_riscv/iccm_ram_wrapper/iccm_ram_0/sram_sp_16384x32/TD[3]
pin:lp_riscv_top/lp_riscv/iccm_ram_wrapper/iccm_ram_0/sram_sp_16384x32/TD[2]
pin:lp_riscv_top/lp_riscv/iccm_ram_wrapper/iccm_ram_0/sram_sp_16384x32/TD[1]
pin:lp_riscv_top/lp_riscv/iccm_ram_wrapper/iccm_ram_0/sram_sp_16384x32/TD[0]
pin:lp_riscv_top/lp_riscv/iccm_ram_wrapper/iccm_ram_0/sram_sp_16384x32/TGWEN
pin:lp_riscv_top/lp_riscv/iccm_ram_wrapper/iccm_ram_0/sram_sp_16384x32/RET1N
pin:lp_riscv_top/lp_riscv/iccm_ram_wrapper/iccm_ram_0/sram_sp_16384x32/SI[1]
pin:lp_riscv_top/lp_riscv/iccm_ram_wrapper/iccm_ram_0/sram_sp_16384x32/SI[0]
pin:lp_riscv_top/lp_riscv/iccm_ram_wrapper/iccm_ram_0/sram_sp_16384x32/SE
pin:lp_riscv_top/lp_riscv/iccm_ram_wrapper/iccm_ram_0/sram_sp_16384x32/DFTRAMBYP
pin:lp_riscv_top/lp_riscv/iccm_ram_wrapper/iccm_ram_1/sram_sp_16384x32/WEN[31]
pin:lp_riscv_top/lp_riscv/iccm_ram_wrapper/iccm_ram_1/sram_sp_16384x32/WEN[30]
pin:lp_riscv_top/lp_riscv/iccm_ram_wrapper/iccm_ram_1/sram_sp_16384x32/WEN[29]
pin:lp_riscv_top/lp_riscv/iccm_ram_wrapper/iccm_ram_1/sram_sp_16384x32/WEN[28]
pin:lp_riscv_top/lp_riscv/iccm_ram_wrapper/iccm_ram_1/sram_sp_16384x32/WEN[27]
pin:lp_riscv_top/lp_riscv/iccm_ram_wrapper/iccm_ram_1/sram_sp_16384x32/WEN[26]
pin:lp_riscv_top/lp_riscv/iccm_ram_wrapper/iccm_ram_1/sram_sp_16384x32/WEN[25]
pin:lp_riscv_top/lp_riscv/iccm_ram_wrapper/iccm_ram_1/sram_sp_16384x32/WEN[24]
pin:lp_riscv_top/lp_riscv/iccm_ram_wrapper/iccm_ram_1/sram_sp_16384x32/WEN[23]
pin:lp_riscv_top/lp_riscv/iccm_ram_wrapper/iccm_ram_1/sram_sp_16384x32/WEN[22]
pin:lp_riscv_top/lp_riscv/iccm_ram_wrapper/iccm_ram_1/sram_sp_16384x32/WEN[21]
pin:lp_riscv_top/lp_riscv/iccm_ram_wrapper/iccm_ram_1/sram_sp_16384x32/WEN[20]
pin:lp_riscv_top/lp_riscv/iccm_ram_wrapper/iccm_ram_1/sram_sp_16384x32/WEN[19]
pin:lp_riscv_top/lp_riscv/iccm_ram_wrapper/iccm_ram_1/sram_sp_16384x32/WEN[18]
pin:lp_riscv_top/lp_riscv/iccm_ram_wrapper/iccm_ram_1/sram_sp_16384x32/WEN[17]
pin:lp_riscv_top/lp_riscv/iccm_ram_wrapper/iccm_ram_1/sram_sp_16384x32/WEN[16]
pin:lp_riscv_top/lp_riscv/iccm_ram_wrapper/iccm_ram_1/sram_sp_16384x32/WEN[15]
pin:lp_riscv_top/lp_riscv/iccm_ram_wrapper/iccm_ram_1/sram_sp_16384x32/WEN[14]
pin:lp_riscv_top/lp_riscv/iccm_ram_wrapper/iccm_ram_1/sram_sp_16384x32/WEN[13]
pin:lp_riscv_top/lp_riscv/iccm_ram_wrapper/iccm_ram_1/sram_sp_16384x32/WEN[12]
pin:lp_riscv_top/lp_riscv/iccm_ram_wrapper/iccm_ram_1/sram_sp_16384x32/WEN[11]
pin:lp_riscv_top/lp_riscv/iccm_ram_wrapper/iccm_ram_1/sram_sp_16384x32/WEN[10]
pin:lp_riscv_top/lp_riscv/iccm_ram_wrapper/iccm_ram_1/sram_sp_16384x32/WEN[9]
pin:lp_riscv_top/lp_riscv/iccm_ram_wrapper/iccm_ram_1/sram_sp_16384x32/WEN[8]
pin:lp_riscv_top/lp_riscv/iccm_ram_wrapper/iccm_ram_1/sram_sp_16384x32/WEN[7]
pin:lp_riscv_top/lp_riscv/iccm_ram_wrapper/iccm_ram_1/sram_sp_16384x32/WEN[6]
pin:lp_riscv_top/lp_riscv/iccm_ram_wrapper/iccm_ram_1/sram_sp_16384x32/WEN[5]
pin:lp_riscv_top/lp_riscv/iccm_ram_wrapper/iccm_ram_1/sram_sp_16384x32/WEN[4]
pin:lp_riscv_top/lp_riscv/iccm_ram_wrapper/iccm_ram_1/sram_sp_16384x32/WEN[3]
pin:lp_riscv_top/lp_riscv/iccm_ram_wrapper/iccm_ram_1/sram_sp_16384x32/WEN[2]
pin:lp_riscv_top/lp_riscv/iccm_ram_wrapper/iccm_ram_1/sram_sp_16384x32/WEN[1]
pin:lp_riscv_top/lp_riscv/iccm_ram_wrapper/iccm_ram_1/sram_sp_16384x32/WEN[0]
pin:lp_riscv_top/lp_riscv/iccm_ram_wrapper/iccm_ram_1/sram_sp_16384x32/D[31]
pin:lp_riscv_top/lp_riscv/iccm_ram_wrapper/iccm_ram_1/sram_sp_16384x32/D[30]
pin:lp_riscv_top/lp_riscv/iccm_ram_wrapper/iccm_ram_1/sram_sp_16384x32/D[29]
pin:lp_riscv_top/lp_riscv/iccm_ram_wrapper/iccm_ram_1/sram_sp_16384x32/D[28]
pin:lp_riscv_top/lp_riscv/iccm_ram_wrapper/iccm_ram_1/sram_sp_16384x32/D[27]
pin:lp_riscv_top/lp_riscv/iccm_ram_wrapper/iccm_ram_1/sram_sp_16384x32/D[26]
pin:lp_riscv_top/lp_riscv/iccm_ram_wrapper/iccm_ram_1/sram_sp_16384x32/D[25]
pin:lp_riscv_top/lp_riscv/iccm_ram_wrapper/iccm_ram_1/sram_sp_16384x32/D[24]
pin:lp_riscv_top/lp_riscv/iccm_ram_wrapper/iccm_ram_1/sram_sp_16384x32/D[23]
pin:lp_riscv_top/lp_riscv/iccm_ram_wrapper/iccm_ram_1/sram_sp_16384x32/D[22]
pin:lp_riscv_top/lp_riscv/iccm_ram_wrapper/iccm_ram_1/sram_sp_16384x32/D[21]
pin:lp_riscv_top/lp_riscv/iccm_ram_wrapper/iccm_ram_1/sram_sp_16384x32/D[20]
pin:lp_riscv_top/lp_riscv/iccm_ram_wrapper/iccm_ram_1/sram_sp_16384x32/D[19]
pin:lp_riscv_top/lp_riscv/iccm_ram_wrapper/iccm_ram_1/sram_sp_16384x32/D[18]
pin:lp_riscv_top/lp_riscv/iccm_ram_wrapper/iccm_ram_1/sram_sp_16384x32/D[17]
pin:lp_riscv_top/lp_riscv/iccm_ram_wrapper/iccm_ram_1/sram_sp_16384x32/D[16]
pin:lp_riscv_top/lp_riscv/iccm_ram_wrapper/iccm_ram_1/sram_sp_16384x32/D[15]
pin:lp_riscv_top/lp_riscv/iccm_ram_wrapper/iccm_ram_1/sram_sp_16384x32/D[14]
pin:lp_riscv_top/lp_riscv/iccm_ram_wrapper/iccm_ram_1/sram_sp_16384x32/D[13]
pin:lp_riscv_top/lp_riscv/iccm_ram_wrapper/iccm_ram_1/sram_sp_16384x32/D[12]
pin:lp_riscv_top/lp_riscv/iccm_ram_wrapper/iccm_ram_1/sram_sp_16384x32/D[11]
pin:lp_riscv_top/lp_riscv/iccm_ram_wrapper/iccm_ram_1/sram_sp_16384x32/D[10]
pin:lp_riscv_top/lp_riscv/iccm_ram_wrapper/iccm_ram_1/sram_sp_16384x32/D[9]
pin:lp_riscv_top/lp_riscv/iccm_ram_wrapper/iccm_ram_1/sram_sp_16384x32/D[8]
pin:lp_riscv_top/lp_riscv/iccm_ram_wrapper/iccm_ram_1/sram_sp_16384x32/D[7]
pin:lp_riscv_top/lp_riscv/iccm_ram_wrapper/iccm_ram_1/sram_sp_16384x32/D[6]
pin:lp_riscv_top/lp_riscv/iccm_ram_wrapper/iccm_ram_1/sram_sp_16384x32/D[5]
pin:lp_riscv_top/lp_riscv/iccm_ram_wrapper/iccm_ram_1/sram_sp_16384x32/D[4]
pin:lp_riscv_top/lp_riscv/iccm_ram_wrapper/iccm_ram_1/sram_sp_16384x32/D[3]
pin:lp_riscv_top/lp_riscv/iccm_ram_wrapper/iccm_ram_1/sram_sp_16384x32/D[2]
pin:lp_riscv_top/lp_riscv/iccm_ram_wrapper/iccm_ram_1/sram_sp_16384x32/D[1]
pin:lp_riscv_top/lp_riscv/iccm_ram_wrapper/iccm_ram_1/sram_sp_16384x32/D[0]
pin:lp_riscv_top/lp_riscv/iccm_ram_wrapper/iccm_ram_1/sram_sp_16384x32/EMA[2]
pin:lp_riscv_top/lp_riscv/iccm_ram_wrapper/iccm_ram_1/sram_sp_16384x32/EMA[1]
pin:lp_riscv_top/lp_riscv/iccm_ram_wrapper/iccm_ram_1/sram_sp_16384x32/EMA[0]
pin:lp_riscv_top/lp_riscv/iccm_ram_wrapper/iccm_ram_1/sram_sp_16384x32/EMAW[1]
pin:lp_riscv_top/lp_riscv/iccm_ram_wrapper/iccm_ram_1/sram_sp_16384x32/EMAW[0]
pin:lp_riscv_top/lp_riscv/iccm_ram_wrapper/iccm_ram_1/sram_sp_16384x32/TEN
pin:lp_riscv_top/lp_riscv/iccm_ram_wrapper/iccm_ram_1/sram_sp_16384x32/TCEN
pin:lp_riscv_top/lp_riscv/iccm_ram_wrapper/iccm_ram_1/sram_sp_16384x32/TWEN[31]
pin:lp_riscv_top/lp_riscv/iccm_ram_wrapper/iccm_ram_1/sram_sp_16384x32/TWEN[30]
pin:lp_riscv_top/lp_riscv/iccm_ram_wrapper/iccm_ram_1/sram_sp_16384x32/TWEN[29]
pin:lp_riscv_top/lp_riscv/iccm_ram_wrapper/iccm_ram_1/sram_sp_16384x32/TWEN[28]
pin:lp_riscv_top/lp_riscv/iccm_ram_wrapper/iccm_ram_1/sram_sp_16384x32/TWEN[27]
pin:lp_riscv_top/lp_riscv/iccm_ram_wrapper/iccm_ram_1/sram_sp_16384x32/TWEN[26]
pin:lp_riscv_top/lp_riscv/iccm_ram_wrapper/iccm_ram_1/sram_sp_16384x32/TWEN[25]
pin:lp_riscv_top/lp_riscv/iccm_ram_wrapper/iccm_ram_1/sram_sp_16384x32/TWEN[24]
pin:lp_riscv_top/lp_riscv/iccm_ram_wrapper/iccm_ram_1/sram_sp_16384x32/TWEN[23]
pin:lp_riscv_top/lp_riscv/iccm_ram_wrapper/iccm_ram_1/sram_sp_16384x32/TWEN[22]
pin:lp_riscv_top/lp_riscv/iccm_ram_wrapper/iccm_ram_1/sram_sp_16384x32/TWEN[21]
pin:lp_riscv_top/lp_riscv/iccm_ram_wrapper/iccm_ram_1/sram_sp_16384x32/TWEN[20]
pin:lp_riscv_top/lp_riscv/iccm_ram_wrapper/iccm_ram_1/sram_sp_16384x32/TWEN[19]
pin:lp_riscv_top/lp_riscv/iccm_ram_wrapper/iccm_ram_1/sram_sp_16384x32/TWEN[18]
pin:lp_riscv_top/lp_riscv/iccm_ram_wrapper/iccm_ram_1/sram_sp_16384x32/TWEN[17]
pin:lp_riscv_top/lp_riscv/iccm_ram_wrapper/iccm_ram_1/sram_sp_16384x32/TWEN[16]
pin:lp_riscv_top/lp_riscv/iccm_ram_wrapper/iccm_ram_1/sram_sp_16384x32/TWEN[15]
pin:lp_riscv_top/lp_riscv/iccm_ram_wrapper/iccm_ram_1/sram_sp_16384x32/TWEN[14]
pin:lp_riscv_top/lp_riscv/iccm_ram_wrapper/iccm_ram_1/sram_sp_16384x32/TWEN[13]
pin:lp_riscv_top/lp_riscv/iccm_ram_wrapper/iccm_ram_1/sram_sp_16384x32/TWEN[12]
pin:lp_riscv_top/lp_riscv/iccm_ram_wrapper/iccm_ram_1/sram_sp_16384x32/TWEN[11]
pin:lp_riscv_top/lp_riscv/iccm_ram_wrapper/iccm_ram_1/sram_sp_16384x32/TWEN[10]
pin:lp_riscv_top/lp_riscv/iccm_ram_wrapper/iccm_ram_1/sram_sp_16384x32/TWEN[9]
pin:lp_riscv_top/lp_riscv/iccm_ram_wrapper/iccm_ram_1/sram_sp_16384x32/TWEN[8]
pin:lp_riscv_top/lp_riscv/iccm_ram_wrapper/iccm_ram_1/sram_sp_16384x32/TWEN[7]
pin:lp_riscv_top/lp_riscv/iccm_ram_wrapper/iccm_ram_1/sram_sp_16384x32/TWEN[6]
pin:lp_riscv_top/lp_riscv/iccm_ram_wrapper/iccm_ram_1/sram_sp_16384x32/TWEN[5]
pin:lp_riscv_top/lp_riscv/iccm_ram_wrapper/iccm_ram_1/sram_sp_16384x32/TWEN[4]
pin:lp_riscv_top/lp_riscv/iccm_ram_wrapper/iccm_ram_1/sram_sp_16384x32/TWEN[3]
pin:lp_riscv_top/lp_riscv/iccm_ram_wrapper/iccm_ram_1/sram_sp_16384x32/TWEN[2]
pin:lp_riscv_top/lp_riscv/iccm_ram_wrapper/iccm_ram_1/sram_sp_16384x32/TWEN[1]
pin:lp_riscv_top/lp_riscv/iccm_ram_wrapper/iccm_ram_1/sram_sp_16384x32/TWEN[0]
pin:lp_riscv_top/lp_riscv/iccm_ram_wrapper/iccm_ram_1/sram_sp_16384x32/TA[13]
pin:lp_riscv_top/lp_riscv/iccm_ram_wrapper/iccm_ram_1/sram_sp_16384x32/TA[12]
pin:lp_riscv_top/lp_riscv/iccm_ram_wrapper/iccm_ram_1/sram_sp_16384x32/TA[11]
pin:lp_riscv_top/lp_riscv/iccm_ram_wrapper/iccm_ram_1/sram_sp_16384x32/TA[10]
pin:lp_riscv_top/lp_riscv/iccm_ram_wrapper/iccm_ram_1/sram_sp_16384x32/TA[9]
pin:lp_riscv_top/lp_riscv/iccm_ram_wrapper/iccm_ram_1/sram_sp_16384x32/TA[8]
pin:lp_riscv_top/lp_riscv/iccm_ram_wrapper/iccm_ram_1/sram_sp_16384x32/TA[7]
pin:lp_riscv_top/lp_riscv/iccm_ram_wrapper/iccm_ram_1/sram_sp_16384x32/TA[6]
pin:lp_riscv_top/lp_riscv/iccm_ram_wrapper/iccm_ram_1/sram_sp_16384x32/TA[5]
pin:lp_riscv_top/lp_riscv/iccm_ram_wrapper/iccm_ram_1/sram_sp_16384x32/TA[4]
pin:lp_riscv_top/lp_riscv/iccm_ram_wrapper/iccm_ram_1/sram_sp_16384x32/TA[3]
pin:lp_riscv_top/lp_riscv/iccm_ram_wrapper/iccm_ram_1/sram_sp_16384x32/TA[2]
pin:lp_riscv_top/lp_riscv/iccm_ram_wrapper/iccm_ram_1/sram_sp_16384x32/TA[1]
pin:lp_riscv_top/lp_riscv/iccm_ram_wrapper/iccm_ram_1/sram_sp_16384x32/TA[0]
pin:lp_riscv_top/lp_riscv/iccm_ram_wrapper/iccm_ram_1/sram_sp_16384x32/TD[31]
pin:lp_riscv_top/lp_riscv/iccm_ram_wrapper/iccm_ram_1/sram_sp_16384x32/TD[30]
pin:lp_riscv_top/lp_riscv/iccm_ram_wrapper/iccm_ram_1/sram_sp_16384x32/TD[29]
pin:lp_riscv_top/lp_riscv/iccm_ram_wrapper/iccm_ram_1/sram_sp_16384x32/TD[28]
pin:lp_riscv_top/lp_riscv/iccm_ram_wrapper/iccm_ram_1/sram_sp_16384x32/TD[27]
pin:lp_riscv_top/lp_riscv/iccm_ram_wrapper/iccm_ram_1/sram_sp_16384x32/TD[26]
pin:lp_riscv_top/lp_riscv/iccm_ram_wrapper/iccm_ram_1/sram_sp_16384x32/TD[25]
pin:lp_riscv_top/lp_riscv/iccm_ram_wrapper/iccm_ram_1/sram_sp_16384x32/TD[24]
pin:lp_riscv_top/lp_riscv/iccm_ram_wrapper/iccm_ram_1/sram_sp_16384x32/TD[23]
pin:lp_riscv_top/lp_riscv/iccm_ram_wrapper/iccm_ram_1/sram_sp_16384x32/TD[22]
pin:lp_riscv_top/lp_riscv/iccm_ram_wrapper/iccm_ram_1/sram_sp_16384x32/TD[21]
pin:lp_riscv_top/lp_riscv/iccm_ram_wrapper/iccm_ram_1/sram_sp_16384x32/TD[20]
pin:lp_riscv_top/lp_riscv/iccm_ram_wrapper/iccm_ram_1/sram_sp_16384x32/TD[19]
pin:lp_riscv_top/lp_riscv/iccm_ram_wrapper/iccm_ram_1/sram_sp_16384x32/TD[18]
pin:lp_riscv_top/lp_riscv/iccm_ram_wrapper/iccm_ram_1/sram_sp_16384x32/TD[17]
pin:lp_riscv_top/lp_riscv/iccm_ram_wrapper/iccm_ram_1/sram_sp_16384x32/TD[16]
pin:lp_riscv_top/lp_riscv/iccm_ram_wrapper/iccm_ram_1/sram_sp_16384x32/TD[15]
pin:lp_riscv_top/lp_riscv/iccm_ram_wrapper/iccm_ram_1/sram_sp_16384x32/TD[14]
pin:lp_riscv_top/lp_riscv/iccm_ram_wrapper/iccm_ram_1/sram_sp_16384x32/TD[13]
pin:lp_riscv_top/lp_riscv/iccm_ram_wrapper/iccm_ram_1/sram_sp_16384x32/TD[12]
pin:lp_riscv_top/lp_riscv/iccm_ram_wrapper/iccm_ram_1/sram_sp_16384x32/TD[11]
pin:lp_riscv_top/lp_riscv/iccm_ram_wrapper/iccm_ram_1/sram_sp_16384x32/TD[10]
pin:lp_riscv_top/lp_riscv/iccm_ram_wrapper/iccm_ram_1/sram_sp_16384x32/TD[9]
pin:lp_riscv_top/lp_riscv/iccm_ram_wrapper/iccm_ram_1/sram_sp_16384x32/TD[8]
pin:lp_riscv_top/lp_riscv/iccm_ram_wrapper/iccm_ram_1/sram_sp_16384x32/TD[7]
pin:lp_riscv_top/lp_riscv/iccm_ram_wrapper/iccm_ram_1/sram_sp_16384x32/TD[6]
pin:lp_riscv_top/lp_riscv/iccm_ram_wrapper/iccm_ram_1/sram_sp_16384x32/TD[5]
pin:lp_riscv_top/lp_riscv/iccm_ram_wrapper/iccm_ram_1/sram_sp_16384x32/TD[4]
pin:lp_riscv_top/lp_riscv/iccm_ram_wrapper/iccm_ram_1/sram_sp_16384x32/TD[3]
pin:lp_riscv_top/lp_riscv/iccm_ram_wrapper/iccm_ram_1/sram_sp_16384x32/TD[2]
pin:lp_riscv_top/lp_riscv/iccm_ram_wrapper/iccm_ram_1/sram_sp_16384x32/TD[1]
pin:lp_riscv_top/lp_riscv/iccm_ram_wrapper/iccm_ram_1/sram_sp_16384x32/TD[0]
pin:lp_riscv_top/lp_riscv/iccm_ram_wrapper/iccm_ram_1/sram_sp_16384x32/TGWEN
pin:lp_riscv_top/lp_riscv/iccm_ram_wrapper/iccm_ram_1/sram_sp_16384x32/RET1N
pin:lp_riscv_top/lp_riscv/iccm_ram_wrapper/iccm_ram_1/sram_sp_16384x32/SI[1]
pin:lp_riscv_top/lp_riscv/iccm_ram_wrapper/iccm_ram_1/sram_sp_16384x32/SI[0]
pin:lp_riscv_top/lp_riscv/iccm_ram_wrapper/iccm_ram_1/sram_sp_16384x32/SE
pin:lp_riscv_top/lp_riscv/iccm_ram_wrapper/iccm_ram_1/sram_sp_16384x32/DFTRAMBYP
Total number of constant sequential pins in design 'lp_riscv_top' : 278

design 'lp_riscv_top' has the following constant input hierarchical pin(s)
hpin:lp_riscv_top/lp_riscv/i_riscv_core/if_stage_i/prefetch_32.prefetch_buffer_i/fifo_i/add_182_49/A[1] 	 (fanout : 2)
hpin:lp_riscv_top/lp_riscv/i_riscv_core/if_stage_i/prefetch_32.prefetch_buffer_i/fifo_i/add_182_49/A[0] 	 (fanout : 2)
hpin:lp_riscv_top/lp_riscv/i_riscv_core/if_stage_i/prefetch_32.prefetch_buffer_i/fifo_i/add_182_49/B[2] 	 (fanout : 2)
hpin:lp_riscv_top/lp_riscv/i_riscv_core/if_stage_i/prefetch_32.prefetch_buffer_i/fifo_i/add_182_49/B[1] 	 (fanout : 2)
hpin:lp_riscv_top/lp_riscv/i_riscv_core/if_stage_i/prefetch_32.prefetch_buffer_i/fifo_i/add_182_49/B[0] 	 (fanout : 2)
hpin:lp_riscv_top/lp_riscv/i_riscv_core/if_stage_i/prefetch_32.prefetch_buffer_i/fifo_i/mux___enable_outer_0_152_13/in_0 	 (fanout : 1)
hpin:lp_riscv_top/lp_riscv/i_riscv_core/if_stage_i/prefetch_32.prefetch_buffer_i/fifo_i/mux___enable_outer_0_152_13/in_1 	 (fanout : 1)
hpin:lp_riscv_top/lp_riscv/i_riscv_core/if_stage_i/prefetch_32.prefetch_buffer_i/fifo_i/mux___enable_outer_0_152_31/in_0 	 (fanout : 1)
hpin:lp_riscv_top/lp_riscv/i_riscv_core/if_stage_i/prefetch_32.prefetch_buffer_i/fifo_i/mux___enable_outer_0_152_31/in_1 	 (fanout : 1)
hpin:lp_riscv_top/lp_riscv/i_riscv_core/if_stage_i/prefetch_32.prefetch_buffer_i/fifo_i/mux___enable_outer_0_162_8/in_0 	 (fanout : 1)
hpin:lp_riscv_top/lp_riscv/i_riscv_core/if_stage_i/prefetch_32.prefetch_buffer_i/fifo_i/mux_valid_int_152_13/in_1 	 (fanout : 1)
hpin:lp_riscv_top/lp_riscv/i_riscv_core/if_stage_i/prefetch_32.prefetch_buffer_i/fifo_i/mux_valid_int_152_35/in_1 	 (fanout : 1)
hpin:lp_riscv_top/lp_riscv/i_riscv_core/if_stage_i/prefetch_32.prefetch_buffer_i/fifo_i/mux_valid_int_152_36/in_1 	 (fanout : 1)
hpin:lp_riscv_top/lp_riscv/i_riscv_core/if_stage_i/prefetch_32.prefetch_buffer_i/fifo_i/mux_valid_int_152_37/in_1 	 (fanout : 1)
hpin:lp_riscv_top/lp_riscv/i_riscv_core/if_stage_i/prefetch_32.prefetch_buffer_i/fifo_i/mux_addr_n[0]_202_15/in_0 	 (fanout : 1)
hpin:lp_riscv_top/lp_riscv/i_riscv_core/if_stage_i/prefetch_32.prefetch_buffer_i/fifo_i/mux_addr_n[0]_202_15/in_1 	 (fanout : 1)
hpin:lp_riscv_top/lp_riscv/i_riscv_core/if_stage_i/prefetch_32.prefetch_buffer_i/fifo_i/mux_out_valid_stored_o_118_11/in_1 	 (fanout : 1)
hpin:lp_riscv_top/lp_riscv/i_riscv_core/if_stage_i/prefetch_32.prefetch_buffer_i/fifo_i/mux_valid_int_163_13/in_1[2] 	 (fanout : 1)
hpin:lp_riscv_top/lp_riscv/i_riscv_core/if_stage_i/prefetch_32.prefetch_buffer_i/fifo_i/mux_valid_int_163_13/in_1[1] 	 (fanout : 1)
hpin:lp_riscv_top/lp_riscv/i_riscv_core/if_stage_i/prefetch_32.prefetch_buffer_i/fifo_i/mux_valid_int_163_13/in_1[0] 	 (fanout : 1)
hpin:lp_riscv_top/lp_riscv/i_riscv_core/if_stage_i/prefetch_32.prefetch_buffer_i/fifo_i/mux_rdata_n[3]_212_15/in_0[31] 	 (fanout : 1)
hpin:lp_riscv_top/lp_riscv/i_riscv_core/if_stage_i/prefetch_32.prefetch_buffer_i/fifo_i/mux_rdata_n[3]_212_15/in_0[30] 	 (fanout : 1)
hpin:lp_riscv_top/lp_riscv/i_riscv_core/if_stage_i/prefetch_32.prefetch_buffer_i/fifo_i/mux_rdata_n[3]_212_15/in_0[29] 	 (fanout : 1)
hpin:lp_riscv_top/lp_riscv/i_riscv_core/if_stage_i/prefetch_32.prefetch_buffer_i/fifo_i/mux_rdata_n[3]_212_15/in_0[28] 	 (fanout : 1)
hpin:lp_riscv_top/lp_riscv/i_riscv_core/if_stage_i/prefetch_32.prefetch_buffer_i/fifo_i/mux_rdata_n[3]_212_15/in_0[27] 	 (fanout : 1)
hpin:lp_riscv_top/lp_riscv/i_riscv_core/if_stage_i/prefetch_32.prefetch_buffer_i/fifo_i/mux_rdata_n[3]_212_15/in_0[26] 	 (fanout : 1)
hpin:lp_riscv_top/lp_riscv/i_riscv_core/if_stage_i/prefetch_32.prefetch_buffer_i/fifo_i/mux_rdata_n[3]_212_15/in_0[25] 	 (fanout : 1)
hpin:lp_riscv_top/lp_riscv/i_riscv_core/if_stage_i/prefetch_32.prefetch_buffer_i/fifo_i/mux_rdata_n[3]_212_15/in_0[24] 	 (fanout : 1)
hpin:lp_riscv_top/lp_riscv/i_riscv_core/if_stage_i/prefetch_32.prefetch_buffer_i/fifo_i/mux_rdata_n[3]_212_15/in_0[23] 	 (fanout : 1)
hpin:lp_riscv_top/lp_riscv/i_riscv_core/if_stage_i/prefetch_32.prefetch_buffer_i/fifo_i/mux_rdata_n[3]_212_15/in_0[22] 	 (fanout : 1)
hpin:lp_riscv_top/lp_riscv/i_riscv_core/if_stage_i/prefetch_32.prefetch_buffer_i/fifo_i/mux_rdata_n[3]_212_15/in_0[21] 	 (fanout : 1)
hpin:lp_riscv_top/lp_riscv/i_riscv_core/if_stage_i/prefetch_32.prefetch_buffer_i/fifo_i/mux_rdata_n[3]_212_15/in_0[20] 	 (fanout : 1)
hpin:lp_riscv_top/lp_riscv/i_riscv_core/if_stage_i/prefetch_32.prefetch_buffer_i/fifo_i/mux_rdata_n[3]_212_15/in_0[19] 	 (fanout : 1)
hpin:lp_riscv_top/lp_riscv/i_riscv_core/if_stage_i/prefetch_32.prefetch_buffer_i/fifo_i/mux_rdata_n[3]_212_15/in_0[18] 	 (fanout : 1)
hpin:lp_riscv_top/lp_riscv/i_riscv_core/if_stage_i/prefetch_32.prefetch_buffer_i/fifo_i/mux_rdata_n[3]_212_15/in_0[17] 	 (fanout : 1)
hpin:lp_riscv_top/lp_riscv/i_riscv_core/if_stage_i/prefetch_32.prefetch_buffer_i/fifo_i/mux_rdata_n[3]_212_15/in_0[16] 	 (fanout : 1)
hpin:lp_riscv_top/lp_riscv/i_riscv_core/if_stage_i/prefetch_32.prefetch_buffer_i/fifo_i/mux_rdata_n[3]_212_15/in_0[15] 	 (fanout : 1)
hpin:lp_riscv_top/lp_riscv/i_riscv_core/if_stage_i/prefetch_32.prefetch_buffer_i/fifo_i/mux_rdata_n[3]_212_15/in_0[14] 	 (fanout : 1)
hpin:lp_riscv_top/lp_riscv/i_riscv_core/if_stage_i/prefetch_32.prefetch_buffer_i/fifo_i/mux_rdata_n[3]_212_15/in_0[13] 	 (fanout : 1)
hpin:lp_riscv_top/lp_riscv/i_riscv_core/if_stage_i/prefetch_32.prefetch_buffer_i/fifo_i/mux_rdata_n[3]_212_15/in_0[12] 	 (fanout : 1)
hpin:lp_riscv_top/lp_riscv/i_riscv_core/if_stage_i/prefetch_32.prefetch_buffer_i/fifo_i/mux_rdata_n[3]_212_15/in_0[11] 	 (fanout : 1)
hpin:lp_riscv_top/lp_riscv/i_riscv_core/if_stage_i/prefetch_32.prefetch_buffer_i/fifo_i/mux_rdata_n[3]_212_15/in_0[10] 	 (fanout : 1)
hpin:lp_riscv_top/lp_riscv/i_riscv_core/if_stage_i/prefetch_32.prefetch_buffer_i/fifo_i/mux_rdata_n[3]_212_15/in_0[9] 	 (fanout : 1)
hpin:lp_riscv_top/lp_riscv/i_riscv_core/if_stage_i/prefetch_32.prefetch_buffer_i/fifo_i/mux_rdata_n[3]_212_15/in_0[8] 	 (fanout : 1)
hpin:lp_riscv_top/lp_riscv/i_riscv_core/if_stage_i/prefetch_32.prefetch_buffer_i/fifo_i/mux_rdata_n[3]_212_15/in_0[7] 	 (fanout : 1)
hpin:lp_riscv_top/lp_riscv/i_riscv_core/if_stage_i/prefetch_32.prefetch_buffer_i/fifo_i/mux_rdata_n[3]_212_15/in_0[6] 	 (fanout : 1)
hpin:lp_riscv_top/lp_riscv/i_riscv_core/if_stage_i/prefetch_32.prefetch_buffer_i/fifo_i/mux_rdata_n[3]_212_15/in_0[5] 	 (fanout : 1)
hpin:lp_riscv_top/lp_riscv/i_riscv_core/if_stage_i/prefetch_32.prefetch_buffer_i/fifo_i/mux_rdata_n[3]_212_15/in_0[4] 	 (fanout : 1)
hpin:lp_riscv_top/lp_riscv/i_riscv_core/if_stage_i/prefetch_32.prefetch_buffer_i/fifo_i/mux_rdata_n[3]_212_15/in_0[3] 	 (fanout : 1)
hpin:lp_riscv_top/lp_riscv/i_riscv_core/if_stage_i/prefetch_32.prefetch_buffer_i/fifo_i/mux_rdata_n[3]_212_15/in_0[2] 	 (fanout : 1)
hpin:lp_riscv_top/lp_riscv/i_riscv_core/if_stage_i/prefetch_32.prefetch_buffer_i/fifo_i/mux_rdata_n[3]_212_15/in_0[1] 	 (fanout : 1)
hpin:lp_riscv_top/lp_riscv/i_riscv_core/if_stage_i/prefetch_32.prefetch_buffer_i/fifo_i/mux_rdata_n[3]_212_15/in_0[0] 	 (fanout : 1)
hpin:lp_riscv_top/lp_riscv/i_riscv_core/if_stage_i/prefetch_32.prefetch_buffer_i/fifo_i/mux_rdata_n[3]_200_13/in_1[31] 	 (fanout : 1)
hpin:lp_riscv_top/lp_riscv/i_riscv_core/if_stage_i/prefetch_32.prefetch_buffer_i/fifo_i/mux_rdata_n[3]_200_13/in_1[30] 	 (fanout : 1)
hpin:lp_riscv_top/lp_riscv/i_riscv_core/if_stage_i/prefetch_32.prefetch_buffer_i/fifo_i/mux_rdata_n[3]_200_13/in_1[29] 	 (fanout : 1)
hpin:lp_riscv_top/lp_riscv/i_riscv_core/if_stage_i/prefetch_32.prefetch_buffer_i/fifo_i/mux_rdata_n[3]_200_13/in_1[28] 	 (fanout : 1)
hpin:lp_riscv_top/lp_riscv/i_riscv_core/if_stage_i/prefetch_32.prefetch_buffer_i/fifo_i/mux_rdata_n[3]_200_13/in_1[27] 	 (fanout : 1)
hpin:lp_riscv_top/lp_riscv/i_riscv_core/if_stage_i/prefetch_32.prefetch_buffer_i/fifo_i/mux_rdata_n[3]_200_13/in_1[26] 	 (fanout : 1)
hpin:lp_riscv_top/lp_riscv/i_riscv_core/if_stage_i/prefetch_32.prefetch_buffer_i/fifo_i/mux_rdata_n[3]_200_13/in_1[25] 	 (fanout : 1)
hpin:lp_riscv_top/lp_riscv/i_riscv_core/if_stage_i/prefetch_32.prefetch_buffer_i/fifo_i/mux_rdata_n[3]_200_13/in_1[24] 	 (fanout : 1)
hpin:lp_riscv_top/lp_riscv/i_riscv_core/if_stage_i/prefetch_32.prefetch_buffer_i/fifo_i/mux_rdata_n[3]_200_13/in_1[23] 	 (fanout : 1)
hpin:lp_riscv_top/lp_riscv/i_riscv_core/if_stage_i/prefetch_32.prefetch_buffer_i/fifo_i/mux_rdata_n[3]_200_13/in_1[22] 	 (fanout : 1)
hpin:lp_riscv_top/lp_riscv/i_riscv_core/if_stage_i/prefetch_32.prefetch_buffer_i/fifo_i/mux_rdata_n[3]_200_13/in_1[21] 	 (fanout : 1)
hpin:lp_riscv_top/lp_riscv/i_riscv_core/if_stage_i/prefetch_32.prefetch_buffer_i/fifo_i/mux_rdata_n[3]_200_13/in_1[20] 	 (fanout : 1)
hpin:lp_riscv_top/lp_riscv/i_riscv_core/if_stage_i/prefetch_32.prefetch_buffer_i/fifo_i/mux_rdata_n[3]_200_13/in_1[19] 	 (fanout : 1)
hpin:lp_riscv_top/lp_riscv/i_riscv_core/if_stage_i/prefetch_32.prefetch_buffer_i/fifo_i/mux_rdata_n[3]_200_13/in_1[18] 	 (fanout : 1)
hpin:lp_riscv_top/lp_riscv/i_riscv_core/if_stage_i/prefetch_32.prefetch_buffer_i/fifo_i/mux_rdata_n[3]_200_13/in_1[17] 	 (fanout : 1)
hpin:lp_riscv_top/lp_riscv/i_riscv_core/if_stage_i/prefetch_32.prefetch_buffer_i/fifo_i/mux_rdata_n[3]_200_13/in_1[16] 	 (fanout : 1)
hpin:lp_riscv_top/lp_riscv/i_riscv_core/if_stage_i/prefetch_32.prefetch_buffer_i/fifo_i/mux_rdata_n[3]_200_13/in_1[15] 	 (fanout : 1)
hpin:lp_riscv_top/lp_riscv/i_riscv_core/if_stage_i/prefetch_32.prefetch_buffer_i/fifo_i/mux_rdata_n[3]_200_13/in_1[14] 	 (fanout : 1)
hpin:lp_riscv_top/lp_riscv/i_riscv_core/if_stage_i/prefetch_32.prefetch_buffer_i/fifo_i/mux_rdata_n[3]_200_13/in_1[13] 	 (fanout : 1)
hpin:lp_riscv_top/lp_riscv/i_riscv_core/if_stage_i/prefetch_32.prefetch_buffer_i/fifo_i/mux_rdata_n[3]_200_13/in_1[12] 	 (fanout : 1)
hpin:lp_riscv_top/lp_riscv/i_riscv_core/if_stage_i/prefetch_32.prefetch_buffer_i/fifo_i/mux_rdata_n[3]_200_13/in_1[11] 	 (fanout : 1)
hpin:lp_riscv_top/lp_riscv/i_riscv_core/if_stage_i/prefetch_32.prefetch_buffer_i/fifo_i/mux_rdata_n[3]_200_13/in_1[10] 	 (fanout : 1)
hpin:lp_riscv_top/lp_riscv/i_riscv_core/if_stage_i/prefetch_32.prefetch_buffer_i/fifo_i/mux_rdata_n[3]_200_13/in_1[9] 	 (fanout : 1)
hpin:lp_riscv_top/lp_riscv/i_riscv_core/if_stage_i/prefetch_32.prefetch_buffer_i/fifo_i/mux_rdata_n[3]_200_13/in_1[8] 	 (fanout : 1)
hpin:lp_riscv_top/lp_riscv/i_riscv_core/if_stage_i/prefetch_32.prefetch_buffer_i/fifo_i/mux_rdata_n[3]_200_13/in_1[7] 	 (fanout : 1)
hpin:lp_riscv_top/lp_riscv/i_riscv_core/if_stage_i/prefetch_32.prefetch_buffer_i/fifo_i/mux_rdata_n[3]_200_13/in_1[6] 	 (fanout : 1)
hpin:lp_riscv_top/lp_riscv/i_riscv_core/if_stage_i/prefetch_32.prefetch_buffer_i/fifo_i/mux_rdata_n[3]_200_13/in_1[5] 	 (fanout : 1)
hpin:lp_riscv_top/lp_riscv/i_riscv_core/if_stage_i/prefetch_32.prefetch_buffer_i/fifo_i/mux_rdata_n[3]_200_13/in_1[4] 	 (fanout : 1)
hpin:lp_riscv_top/lp_riscv/i_riscv_core/if_stage_i/prefetch_32.prefetch_buffer_i/fifo_i/mux_rdata_n[3]_200_13/in_1[3] 	 (fanout : 1)
hpin:lp_riscv_top/lp_riscv/i_riscv_core/if_stage_i/prefetch_32.prefetch_buffer_i/fifo_i/mux_rdata_n[3]_200_13/in_1[2] 	 (fanout : 1)
hpin:lp_riscv_top/lp_riscv/i_riscv_core/if_stage_i/prefetch_32.prefetch_buffer_i/fifo_i/mux_rdata_n[3]_200_13/in_1[1] 	 (fanout : 1)
hpin:lp_riscv_top/lp_riscv/i_riscv_core/if_stage_i/prefetch_32.prefetch_buffer_i/fifo_i/mux_rdata_n[3]_200_13/in_1[0] 	 (fanout : 1)
hpin:lp_riscv_top/lp_riscv/i_riscv_core/if_stage_i/prefetch_32.prefetch_buffer_i/fifo_i/mux_rdata_n[3]_195_11/in_1[31] 	 (fanout : 1)
hpin:lp_riscv_top/lp_riscv/i_riscv_core/if_stage_i/prefetch_32.prefetch_buffer_i/fifo_i/mux_rdata_n[3]_195_11/in_1[30] 	 (fanout : 1)
hpin:lp_riscv_top/lp_riscv/i_riscv_core/if_stage_i/prefetch_32.prefetch_buffer_i/fifo_i/mux_rdata_n[3]_195_11/in_1[29] 	 (fanout : 1)
hpin:lp_riscv_top/lp_riscv/i_riscv_core/if_stage_i/prefetch_32.prefetch_buffer_i/fifo_i/mux_rdata_n[3]_195_11/in_1[28] 	 (fanout : 1)
hpin:lp_riscv_top/lp_riscv/i_riscv_core/if_stage_i/prefetch_32.prefetch_buffer_i/fifo_i/mux_rdata_n[3]_195_11/in_1[27] 	 (fanout : 1)
hpin:lp_riscv_top/lp_riscv/i_riscv_core/if_stage_i/prefetch_32.prefetch_buffer_i/fifo_i/mux_rdata_n[3]_195_11/in_1[26] 	 (fanout : 1)
hpin:lp_riscv_top/lp_riscv/i_riscv_core/if_stage_i/prefetch_32.prefetch_buffer_i/fifo_i/mux_rdata_n[3]_195_11/in_1[25] 	 (fanout : 1)
hpin:lp_riscv_top/lp_riscv/i_riscv_core/if_stage_i/prefetch_32.prefetch_buffer_i/fifo_i/mux_rdata_n[3]_195_11/in_1[24] 	 (fanout : 1)
hpin:lp_riscv_top/lp_riscv/i_riscv_core/if_stage_i/prefetch_32.prefetch_buffer_i/fifo_i/mux_rdata_n[3]_195_11/in_1[23] 	 (fanout : 1)
hpin:lp_riscv_top/lp_riscv/i_riscv_core/if_stage_i/prefetch_32.prefetch_buffer_i/fifo_i/mux_rdata_n[3]_195_11/in_1[22] 	 (fanout : 1)
hpin:lp_riscv_top/lp_riscv/i_riscv_core/if_stage_i/prefetch_32.prefetch_buffer_i/fifo_i/mux_rdata_n[3]_195_11/in_1[21] 	 (fanout : 1)
hpin:lp_riscv_top/lp_riscv/i_riscv_core/if_stage_i/prefetch_32.prefetch_buffer_i/fifo_i/mux_rdata_n[3]_195_11/in_1[20] 	 (fanout : 1)
hpin:lp_riscv_top/lp_riscv/i_riscv_core/if_stage_i/prefetch_32.prefetch_buffer_i/fifo_i/mux_rdata_n[3]_195_11/in_1[19] 	 (fanout : 1)
hpin:lp_riscv_top/lp_riscv/i_riscv_core/if_stage_i/prefetch_32.prefetch_buffer_i/fifo_i/mux_rdata_n[3]_195_11/in_1[18] 	 (fanout : 1)
hpin:lp_riscv_top/lp_riscv/i_riscv_core/if_stage_i/prefetch_32.prefetch_buffer_i/fifo_i/mux_rdata_n[3]_195_11/in_1[17] 	 (fanout : 1)
hpin:lp_riscv_top/lp_riscv/i_riscv_core/if_stage_i/prefetch_32.prefetch_buffer_i/fifo_i/mux_rdata_n[3]_195_11/in_1[16] 	 (fanout : 1)
hpin:lp_riscv_top/lp_riscv/i_riscv_core/if_stage_i/prefetch_32.prefetch_buffer_i/fifo_i/mux_rdata_n[3]_195_11/in_1[15] 	 (fanout : 1)
hpin:lp_riscv_top/lp_riscv/i_riscv_core/if_stage_i/prefetch_32.prefetch_buffer_i/fifo_i/mux_rdata_n[3]_195_11/in_1[14] 	 (fanout : 1)
hpin:lp_riscv_top/lp_riscv/i_riscv_core/if_stage_i/prefetch_32.prefetch_buffer_i/fifo_i/mux_rdata_n[3]_195_11/in_1[13] 	 (fanout : 1)
hpin:lp_riscv_top/lp_riscv/i_riscv_core/if_stage_i/prefetch_32.prefetch_buffer_i/fifo_i/mux_rdata_n[3]_195_11/in_1[12] 	 (fanout : 1)
hpin:lp_riscv_top/lp_riscv/i_riscv_core/if_stage_i/prefetch_32.prefetch_buffer_i/fifo_i/mux_rdata_n[3]_195_11/in_1[11] 	 (fanout : 1)
hpin:lp_riscv_top/lp_riscv/i_riscv_core/if_stage_i/prefetch_32.prefetch_buffer_i/fifo_i/mux_rdata_n[3]_195_11/in_1[10] 	 (fanout : 1)
hpin:lp_riscv_top/lp_riscv/i_riscv_core/if_stage_i/prefetch_32.prefetch_buffer_i/fifo_i/mux_rdata_n[3]_195_11/in_1[9] 	 (fanout : 1)
hpin:lp_riscv_top/lp_riscv/i_riscv_core/if_stage_i/prefetch_32.prefetch_buffer_i/fifo_i/mux_rdata_n[3]_195_11/in_1[8] 	 (fanout : 1)
hpin:lp_riscv_top/lp_riscv/i_riscv_core/if_stage_i/prefetch_32.prefetch_buffer_i/fifo_i/mux_rdata_n[3]_195_11/in_1[7] 	 (fanout : 1)
hpin:lp_riscv_top/lp_riscv/i_riscv_core/if_stage_i/prefetch_32.prefetch_buffer_i/fifo_i/mux_rdata_n[3]_195_11/in_1[6] 	 (fanout : 1)
hpin:lp_riscv_top/lp_riscv/i_riscv_core/if_stage_i/prefetch_32.prefetch_buffer_i/fifo_i/mux_rdata_n[3]_195_11/in_1[5] 	 (fanout : 1)
hpin:lp_riscv_top/lp_riscv/i_riscv_core/if_stage_i/prefetch_32.prefetch_buffer_i/fifo_i/mux_rdata_n[3]_195_11/in_1[4] 	 (fanout : 1)
hpin:lp_riscv_top/lp_riscv/i_riscv_core/if_stage_i/prefetch_32.prefetch_buffer_i/fifo_i/mux_rdata_n[3]_195_11/in_1[3] 	 (fanout : 1)
hpin:lp_riscv_top/lp_riscv/i_riscv_core/if_stage_i/prefetch_32.prefetch_buffer_i/fifo_i/mux_rdata_n[3]_195_11/in_1[2] 	 (fanout : 1)
hpin:lp_riscv_top/lp_riscv/i_riscv_core/if_stage_i/prefetch_32.prefetch_buffer_i/fifo_i/mux_rdata_n[3]_195_11/in_1[1] 	 (fanout : 1)
hpin:lp_riscv_top/lp_riscv/i_riscv_core/if_stage_i/prefetch_32.prefetch_buffer_i/fifo_i/mux_rdata_n[3]_195_11/in_1[0] 	 (fanout : 1)
hpin:lp_riscv_top/lp_riscv/i_riscv_core/if_stage_i/prefetch_32.prefetch_buffer_i/fifo_i/mux_addr_n[0]_212_15/in_0[0] 	 (fanout : 1)
hpin:lp_riscv_top/lp_riscv/i_riscv_core/if_stage_i/prefetch_32.prefetch_buffer_i/fifo_i/mux_addr_n[0]_212_15/in_1[0] 	 (fanout : 1)
hpin:lp_riscv_top/lp_riscv/i_riscv_core/if_stage_i/prefetch_32.prefetch_buffer_i/fifo_i/mux_addr_n[0]_195_11/in_0[0] 	 (fanout : 1)
hpin:lp_riscv_top/lp_riscv/i_riscv_core/if_stage_i/prefetch_32.prefetch_buffer_i/fifo_i/mux_valid_n_212_15/in_0[0] 	 (fanout : 1)
hpin:lp_riscv_top/lp_riscv/i_riscv_core/if_stage_i/prefetch_32.prefetch_buffer_i/fifo_i/mux_valid_n_200_13/in_1[0] 	 (fanout : 1)
hpin:lp_riscv_top/lp_riscv/i_riscv_core/if_stage_i/prefetch_32.prefetch_buffer_i/fifo_i/mux_valid_n_195_11/in_1[0] 	 (fanout : 1)
hpin:lp_riscv_top/lp_riscv/i_riscv_core/if_stage_i/prefetch_32.prefetch_buffer_i/fifo_i/mux_is_hwlp_n_192_21/in_1[0] 	 (fanout : 1)
hpin:lp_riscv_top/lp_riscv/i_riscv_core/if_stage_i/prefetch_32.prefetch_buffer_i/add_352_51/A[1] 	 (fanout : 2)
hpin:lp_riscv_top/lp_riscv/i_riscv_core/if_stage_i/prefetch_32.prefetch_buffer_i/add_352_51/A[0] 	 (fanout : 2)
hpin:lp_riscv_top/lp_riscv/i_riscv_core/if_stage_i/prefetch_32.prefetch_buffer_i/add_352_51/B[2] 	 (fanout : 2)
hpin:lp_riscv_top/lp_riscv/i_riscv_core/if_stage_i/prefetch_32.prefetch_buffer_i/add_352_51/B[1] 	 (fanout : 2)
hpin:lp_riscv_top/lp_riscv/i_riscv_core/if_stage_i/prefetch_32.prefetch_buffer_i/add_352_51/B[0] 	 (fanout : 2)
hpin:lp_riscv_top/lp_riscv/i_riscv_core/if_stage_i/prefetch_32.prefetch_buffer_i/mux_fetch_is_hwlp_447_27/in_0 	 (fanout : 1)
hpin:lp_riscv_top/lp_riscv/i_riscv_core/if_stage_i/prefetch_32.prefetch_buffer_i/mux_fetch_is_hwlp_447_27/in_1 	 (fanout : 1)
hpin:lp_riscv_top/lp_riscv/i_riscv_core/if_stage_i/prefetch_32.prefetch_buffer_i/mux_fetch_is_hwlp_468_34/in_0 	 (fanout : 1)
hpin:lp_riscv_top/lp_riscv/i_riscv_core/if_stage_i/prefetch_32.prefetch_buffer_i/mux_fetch_is_hwlp_468_34/in_1 	 (fanout : 1)
hpin:lp_riscv_top/lp_riscv/i_riscv_core/if_stage_i/prefetch_32.prefetch_buffer_i/mux_fetch_is_hwlp_465_13/in_1 	 (fanout : 1)
hpin:lp_riscv_top/lp_riscv/i_riscv_core/if_stage_i/prefetch_32.prefetch_buffer_i/ctl_489_19/in_0 	 (fanout : 5)
hpin:lp_riscv_top/lp_riscv/i_riscv_core/if_stage_i/prefetch_32.prefetch_buffer_i/mux_fetch_is_hwlp_489_19/in_0 	 (fanout : 1)
hpin:lp_riscv_top/lp_riscv/i_riscv_core/if_stage_i/prefetch_32.prefetch_buffer_i/mux_fetch_is_hwlp_489_19/in_1 	 (fanout : 1)
hpin:lp_riscv_top/lp_riscv/i_riscv_core/if_stage_i/prefetch_32.prefetch_buffer_i/mux_fetch_is_hwlp_489_19/in_2 	 (fanout : 1)
hpin:lp_riscv_top/lp_riscv/i_riscv_core/if_stage_i/prefetch_32.prefetch_buffer_i/mux_fetch_is_hwlp_489_19/in_3 	 (fanout : 1)
hpin:lp_riscv_top/lp_riscv/i_riscv_core/if_stage_i/prefetch_32.prefetch_buffer_i/mux_fetch_is_hwlp_489_19/in_4 	 (fanout : 1)
hpin:lp_riscv_top/lp_riscv/i_riscv_core/if_stage_i/prefetch_32.prefetch_buffer_i/mux_fetch_is_hwlp_489_19/in_5 	 (fanout : 1)
hpin:lp_riscv_top/lp_riscv/i_riscv_core/if_stage_i/prefetch_32.prefetch_buffer_i/mux_hwlp_NS_391_23/in_0[1] 	 (fanout : 1)
hpin:lp_riscv_top/lp_riscv/i_riscv_core/if_stage_i/prefetch_32.prefetch_buffer_i/mux_hwlp_NS_391_23/in_0[0] 	 (fanout : 1)
hpin:lp_riscv_top/lp_riscv/i_riscv_core/if_stage_i/prefetch_32.prefetch_buffer_i/mux_hwlp_NS_391_23/in_1[1] 	 (fanout : 1)
hpin:lp_riscv_top/lp_riscv/i_riscv_core/if_stage_i/prefetch_32.prefetch_buffer_i/mux_hwlp_NS_391_23/in_1[0] 	 (fanout : 1)
hpin:lp_riscv_top/lp_riscv/i_riscv_core/if_stage_i/prefetch_32.prefetch_buffer_i/mux_hwlp_NS_402_21/in_1[1] 	 (fanout : 1)
hpin:lp_riscv_top/lp_riscv/i_riscv_core/if_stage_i/prefetch_32.prefetch_buffer_i/mux_hwlp_NS_402_21/in_1[0] 	 (fanout : 1)
hpin:lp_riscv_top/lp_riscv/i_riscv_core/if_stage_i/prefetch_32.prefetch_buffer_i/mux_fifo_clear_371_15/in_0 	 (fanout : 1)
hpin:lp_riscv_top/lp_riscv/i_riscv_core/if_stage_i/prefetch_32.prefetch_buffer_i/mux_fifo_clear_371_15/in_1 	 (fanout : 1)
hpin:lp_riscv_top/lp_riscv/i_riscv_core/if_stage_i/prefetch_32.prefetch_buffer_i/mux_fifo_clear_363_13/in_0 	 (fanout : 1)
hpin:lp_riscv_top/lp_riscv/i_riscv_core/if_stage_i/prefetch_32.prefetch_buffer_i/mux_fifo_clear_382_13/in_0 	 (fanout : 1)
hpin:lp_riscv_top/lp_riscv/i_riscv_core/if_stage_i/prefetch_32.prefetch_buffer_i/mux_fifo_clear_382_13/in_1 	 (fanout : 1)
hpin:lp_riscv_top/lp_riscv/i_riscv_core/if_stage_i/prefetch_32.prefetch_buffer_i/mux_fifo_clear_396_15/in_0 	 (fanout : 1)
hpin:lp_riscv_top/lp_riscv/i_riscv_core/if_stage_i/prefetch_32.prefetch_buffer_i/mux_fifo_clear_396_15/in_1 	 (fanout : 1)
hpin:lp_riscv_top/lp_riscv/i_riscv_core/if_stage_i/prefetch_32.prefetch_buffer_i/mux_fifo_clear_390_28/in_1 	 (fanout : 1)
hpin:lp_riscv_top/lp_riscv/i_riscv_core/if_stage_i/prefetch_32.prefetch_buffer_i/mux_fifo_clear_361_18/in_3 	 (fanout : 1)
hpin:lp_riscv_top/lp_riscv/i_riscv_core/if_stage_i/prefetch_32.prefetch_buffer_i/mux_fifo_clear_411_9/in_1 	 (fanout : 1)
hpin:lp_riscv_top/lp_riscv/i_riscv_core/if_stage_i/prefetch_32.prefetch_buffer_i/mux_fifo_valid_492_15/in_0 	 (fanout : 1)
hpin:lp_riscv_top/lp_riscv/i_riscv_core/if_stage_i/prefetch_32.prefetch_buffer_i/mux_fifo_valid_492_15/in_1 	 (fanout : 1)
hpin:lp_riscv_top/lp_riscv/i_riscv_core/if_stage_i/prefetch_32.prefetch_buffer_i/mux_fifo_valid_521_15/in_0 	 (fanout : 1)
hpin:lp_riscv_top/lp_riscv/i_riscv_core/if_stage_i/prefetch_32.prefetch_buffer_i/mux_fifo_valid_521_15/in_1 	 (fanout : 1)
hpin:lp_riscv_top/lp_riscv/i_riscv_core/if_stage_i/prefetch_32.prefetch_buffer_i/mux_fifo_hwlp_361_18/in_0 	 (fanout : 1)
hpin:lp_riscv_top/lp_riscv/i_riscv_core/if_stage_i/prefetch_32.prefetch_buffer_i/mux_fifo_hwlp_361_18/in_1 	 (fanout : 1)
hpin:lp_riscv_top/lp_riscv/i_riscv_core/if_stage_i/prefetch_32.prefetch_buffer_i/mux_NS_451_14/in_0[1] 	 (fanout : 1)
hpin:lp_riscv_top/lp_riscv/i_riscv_core/if_stage_i/prefetch_32.prefetch_buffer_i/mux_NS_451_14/in_0[0] 	 (fanout : 1)
hpin:lp_riscv_top/lp_riscv/i_riscv_core/if_stage_i/prefetch_32.prefetch_buffer_i/mux_NS_451_14/in_1[1] 	 (fanout : 1)
hpin:lp_riscv_top/lp_riscv/i_riscv_core/if_stage_i/prefetch_32.prefetch_buffer_i/mux_NS_451_14/in_1[0] 	 (fanout : 1)
hpin:lp_riscv_top/lp_riscv/i_riscv_core/if_stage_i/prefetch_32.prefetch_buffer_i/mux_NS_474_12/in_0[1] 	 (fanout : 1)
hpin:lp_riscv_top/lp_riscv/i_riscv_core/if_stage_i/prefetch_32.prefetch_buffer_i/mux_NS_474_12/in_0[0] 	 (fanout : 1)
hpin:lp_riscv_top/lp_riscv/i_riscv_core/if_stage_i/prefetch_32.prefetch_buffer_i/mux_NS_474_12/in_1[1] 	 (fanout : 1)
hpin:lp_riscv_top/lp_riscv/i_riscv_core/if_stage_i/prefetch_32.prefetch_buffer_i/mux_NS_474_12/in_1[0] 	 (fanout : 1)
hpin:lp_riscv_top/lp_riscv/i_riscv_core/if_stage_i/prefetch_32.prefetch_buffer_i/mux_NS_501_17/in_0[1] 	 (fanout : 1)
hpin:lp_riscv_top/lp_riscv/i_riscv_core/if_stage_i/prefetch_32.prefetch_buffer_i/mux_NS_501_17/in_0[0] 	 (fanout : 1)
hpin:lp_riscv_top/lp_riscv/i_riscv_core/if_stage_i/prefetch_32.prefetch_buffer_i/mux_NS_501_17/in_1[1] 	 (fanout : 1)
hpin:lp_riscv_top/lp_riscv/i_riscv_core/if_stage_i/prefetch_32.prefetch_buffer_i/mux_NS_501_17/in_1[0] 	 (fanout : 1)
hpin:lp_riscv_top/lp_riscv/i_riscv_core/if_stage_i/prefetch_32.prefetch_buffer_i/mux_NS_512_38/in_1[1] 	 (fanout : 1)
hpin:lp_riscv_top/lp_riscv/i_riscv_core/if_stage_i/prefetch_32.prefetch_buffer_i/mux_NS_512_38/in_1[0] 	 (fanout : 1)
hpin:lp_riscv_top/lp_riscv/i_riscv_core/if_stage_i/prefetch_32.prefetch_buffer_i/mux_NS_509_17/in_1[1] 	 (fanout : 1)
hpin:lp_riscv_top/lp_riscv/i_riscv_core/if_stage_i/prefetch_32.prefetch_buffer_i/mux_NS_509_17/in_1[0] 	 (fanout : 1)
hpin:lp_riscv_top/lp_riscv/i_riscv_core/if_stage_i/prefetch_32.prefetch_buffer_i/mux_NS_521_15/in_1[1] 	 (fanout : 1)
hpin:lp_riscv_top/lp_riscv/i_riscv_core/if_stage_i/prefetch_32.prefetch_buffer_i/mux_NS_521_15/in_1[0] 	 (fanout : 1)
hpin:lp_riscv_top/lp_riscv/i_riscv_core/if_stage_i/prefetch_32.prefetch_buffer_i/mux_NS_543_15/in_0[1] 	 (fanout : 1)
hpin:lp_riscv_top/lp_riscv/i_riscv_core/if_stage_i/prefetch_32.prefetch_buffer_i/mux_NS_543_15/in_0[0] 	 (fanout : 1)
hpin:lp_riscv_top/lp_riscv/i_riscv_core/if_stage_i/prefetch_32.prefetch_buffer_i/mux_NS_543_15/in_1[1] 	 (fanout : 1)
hpin:lp_riscv_top/lp_riscv/i_riscv_core/if_stage_i/prefetch_32.prefetch_buffer_i/mux_NS_543_15/in_1[0] 	 (fanout : 1)
hpin:lp_riscv_top/lp_riscv/i_riscv_core/if_stage_i/prefetch_32.prefetch_buffer_i/mux_addr_valid_443_19/in_0 	 (fanout : 1)
hpin:lp_riscv_top/lp_riscv/i_riscv_core/if_stage_i/prefetch_32.prefetch_buffer_i/mux_addr_valid_443_19/in_1 	 (fanout : 1)
hpin:lp_riscv_top/lp_riscv/i_riscv_core/if_stage_i/prefetch_32.prefetch_buffer_i/mux_addr_valid_468_34/in_0 	 (fanout : 1)
hpin:lp_riscv_top/lp_riscv/i_riscv_core/if_stage_i/prefetch_32.prefetch_buffer_i/mux_addr_valid_468_34/in_1 	 (fanout : 1)
hpin:lp_riscv_top/lp_riscv/i_riscv_core/if_stage_i/prefetch_32.prefetch_buffer_i/mux_addr_valid_465_13/in_1 	 (fanout : 1)
hpin:lp_riscv_top/lp_riscv/i_riscv_core/if_stage_i/prefetch_32.prefetch_buffer_i/ctl_489_39/in_0 	 (fanout : 4)
hpin:lp_riscv_top/lp_riscv/i_riscv_core/if_stage_i/prefetch_32.prefetch_buffer_i/mux_addr_valid_489_19/in_0 	 (fanout : 1)
hpin:lp_riscv_top/lp_riscv/i_riscv_core/if_stage_i/prefetch_32.prefetch_buffer_i/mux_addr_valid_489_19/in_1 	 (fanout : 1)
hpin:lp_riscv_top/lp_riscv/i_riscv_core/if_stage_i/prefetch_32.prefetch_buffer_i/mux_addr_valid_489_19/in_2 	 (fanout : 1)
hpin:lp_riscv_top/lp_riscv/i_riscv_core/if_stage_i/prefetch_32.prefetch_buffer_i/mux_addr_valid_489_19/in_3 	 (fanout : 1)
hpin:lp_riscv_top/lp_riscv/i_riscv_core/if_stage_i/prefetch_32.prefetch_buffer_i/mux_addr_valid_489_19/in_4 	 (fanout : 1)
hpin:lp_riscv_top/lp_riscv/i_riscv_core/if_stage_i/prefetch_32.prefetch_buffer_i/mux_addr_valid_534_13/in_0 	 (fanout : 1)
hpin:lp_riscv_top/lp_riscv/i_riscv_core/if_stage_i/prefetch_32.prefetch_buffer_i/mux_addr_valid_534_13/in_1 	 (fanout : 1)
hpin:lp_riscv_top/lp_riscv/i_riscv_core/if_stage_i/prefetch_32.prefetch_buffer_i/mux_instr_req_o_443_19/in_0 	 (fanout : 1)
hpin:lp_riscv_top/lp_riscv/i_riscv_core/if_stage_i/prefetch_32.prefetch_buffer_i/mux_instr_req_o_443_19/in_1 	 (fanout : 1)
hpin:lp_riscv_top/lp_riscv/i_riscv_core/if_stage_i/prefetch_32.prefetch_buffer_i/mux_instr_req_o_492_15/in_0 	 (fanout : 1)
hpin:lp_riscv_top/lp_riscv/i_riscv_core/if_stage_i/prefetch_32.prefetch_buffer_i/mux_instr_req_o_492_15/in_1 	 (fanout : 1)
hpin:lp_riscv_top/lp_riscv/i_riscv_core/if_stage_i/prefetch_32.prefetch_buffer_i/mux_instr_req_o_489_19/in_0 	 (fanout : 1)
hpin:lp_riscv_top/lp_riscv/i_riscv_core/if_stage_i/prefetch_32.prefetch_buffer_i/mux_instr_req_o_539_13/in_0 	 (fanout : 1)
hpin:lp_riscv_top/lp_riscv/i_riscv_core/if_stage_i/prefetch_32.prefetch_buffer_i/mux_instr_req_o_539_13/in_1 	 (fanout : 1)
hpin:lp_riscv_top/lp_riscv/i_riscv_core/if_stage_i/prefetch_32.prefetch_buffer_i/mux_instr_req_o_431_17/in_1 	 (fanout : 1)
hpin:lp_riscv_top/lp_riscv/i_riscv_core/if_stage_i/prefetch_32.prefetch_buffer_i/mux_hwlp_masked_361_18/in_1 	 (fanout : 1)
hpin:lp_riscv_top/lp_riscv/i_riscv_core/if_stage_i/prefetch_32.prefetch_buffer_i/mux_hwlp_masked_361_18/in_2 	 (fanout : 1)
hpin:lp_riscv_top/lp_riscv/i_riscv_core/if_stage_i/prefetch_32.prefetch_buffer_i/mux_fetch_is_hwlp_443_19/in_0 	 (fanout : 1)
hpin:lp_riscv_top/lp_riscv/i_riscv_core/if_stage_i/prefetch_32.prefetch_buffer_i/mux_fetch_is_hwlp_431_17/in_3 	 (fanout : 1)
hpin:lp_riscv_top/lp_riscv/i_riscv_core/if_stage_i/prefetch_32.prefetch_buffer_i/mux_hwlp_NS_366_15/in_0[1] 	 (fanout : 1)
hpin:lp_riscv_top/lp_riscv/i_riscv_core/if_stage_i/prefetch_32.prefetch_buffer_i/mux_hwlp_NS_366_15/in_0[0] 	 (fanout : 1)
hpin:lp_riscv_top/lp_riscv/i_riscv_core/if_stage_i/prefetch_32.prefetch_buffer_i/mux_hwlp_NS_366_15/in_1[1] 	 (fanout : 1)
hpin:lp_riscv_top/lp_riscv/i_riscv_core/if_stage_i/prefetch_32.prefetch_buffer_i/mux_hwlp_NS_366_15/in_1[0] 	 (fanout : 1)
hpin:lp_riscv_top/lp_riscv/i_riscv_core/if_stage_i/prefetch_32.prefetch_buffer_i/mux_hwlp_NS_379_13/in_1[1] 	 (fanout : 1)
hpin:lp_riscv_top/lp_riscv/i_riscv_core/if_stage_i/prefetch_32.prefetch_buffer_i/mux_hwlp_NS_379_13/in_1[0] 	 (fanout : 1)
hpin:lp_riscv_top/lp_riscv/i_riscv_core/if_stage_i/prefetch_32.prefetch_buffer_i/mux_fifo_valid_431_17/in_0 	 (fanout : 1)
hpin:lp_riscv_top/lp_riscv/i_riscv_core/if_stage_i/hwloop_controller_i/neq_65_39_I1/B 	 (fanout : 1)
hpin:lp_riscv_top/lp_riscv/i_riscv_core/if_stage_i/hwloop_controller_i/neq_65_39_I2/B 	 (fanout : 1)
hpin:lp_riscv_top/lp_riscv/i_riscv_core/if_stage_i/hwloop_controller_i/mux_pc_is_end_addr_69_19/in_0 	 (fanout : 1)
hpin:lp_riscv_top/lp_riscv/i_riscv_core/if_stage_i/hwloop_controller_i/mux_pc_is_end_addr_69_19/in_1 	 (fanout : 1)
hpin:lp_riscv_top/lp_riscv/i_riscv_core/if_stage_i/hwloop_controller_i/mux_pc_is_end_addr_69_19/in_3 	 (fanout : 1)
hpin:lp_riscv_top/lp_riscv/i_riscv_core/if_stage_i/hwloop_controller_i/mux_pc_is_end_addr_65_39/in_1 	 (fanout : 1)
hpin:lp_riscv_top/lp_riscv/i_riscv_core/if_stage_i/hwloop_controller_i/mux_pc_is_end_addr_64_26/in_0 	 (fanout : 1)
hpin:lp_riscv_top/lp_riscv/i_riscv_core/if_stage_i/hwloop_controller_i/mux_pc_is_end_addr_69_8/in_0 	 (fanout : 1)
hpin:lp_riscv_top/lp_riscv/i_riscv_core/if_stage_i/hwloop_controller_i/mux_pc_is_end_addr_69_8/in_1 	 (fanout : 1)
hpin:lp_riscv_top/lp_riscv/i_riscv_core/if_stage_i/hwloop_controller_i/mux_pc_is_end_addr_69_8/in_3 	 (fanout : 1)
hpin:lp_riscv_top/lp_riscv/i_riscv_core/if_stage_i/hwloop_controller_i/mux_pc_is_end_addr_65_9/in_1 	 (fanout : 1)
hpin:lp_riscv_top/lp_riscv/i_riscv_core/if_stage_i/hwloop_controller_i/mux_pc_is_end_addr_64_10/in_0 	 (fanout : 1)
hpin:lp_riscv_top/lp_riscv/i_riscv_core/if_stage_i/hwloop_controller_i/mux___enable_outer_0_87_11/in_0 	 (fanout : 1)
hpin:lp_riscv_top/lp_riscv/i_riscv_core/if_stage_i/hwloop_controller_i/mux___enable_outer_0_87_11/in_1 	 (fanout : 1)
hpin:lp_riscv_top/lp_riscv/i_riscv_core/if_stage_i/hwloop_controller_i/mux_hwlp_dec_cnt_o_87_11/in_0 	 (fanout : 1)
hpin:lp_riscv_top/lp_riscv/i_riscv_core/if_stage_i/hwloop_controller_i/mux_hwlp_dec_cnt_o_87_11/in_1 	 (fanout : 1)
hpin:lp_riscv_top/lp_riscv/i_riscv_core/if_stage_i/hwloop_controller_i/mux_hwlp_dec_cnt_o_87_14/in_0 	 (fanout : 1)
hpin:lp_riscv_top/lp_riscv/i_riscv_core/if_stage_i/hwloop_controller_i/mux_hwlp_dec_cnt_o_87_14/in_1 	 (fanout : 1)
hpin:lp_riscv_top/lp_riscv/i_riscv_core/if_stage_i/hwloop_controller_i/mux_hwlp_dec_cnt_o_93_5/in_0 	 (fanout : 1)
hpin:lp_riscv_top/lp_riscv/i_riscv_core/if_stage_i/prefetch_32.prefetch_buffer_i/addr_i[0] 	 (fanout : 4)
hpin:lp_riscv_top/lp_riscv/i_riscv_core/if_stage_i/mux_offset_fsm_ns_243_13/in_1 	 (fanout : 1)
hpin:lp_riscv_top/lp_riscv/i_riscv_core/if_stage_i/mux_branch_req_243_13/in_0 	 (fanout : 1)
hpin:lp_riscv_top/lp_riscv/i_riscv_core/if_stage_i/mux_branch_req_243_13/in_1 	 (fanout : 1)
hpin:lp_riscv_top/lp_riscv/i_riscv_core/if_stage_i/mux_exc_pc_125_18/in_0 	 (fanout : 1)
hpin:lp_riscv_top/lp_riscv/i_riscv_core/if_stage_i/mux_exc_pc_125_18/in_1 	 (fanout : 1)
hpin:lp_riscv_top/lp_riscv/i_riscv_core/if_stage_i/mux_exc_pc_125_18/in_2 	 (fanout : 1)
hpin:lp_riscv_top/lp_riscv/i_riscv_core/if_stage_i/mux_exc_pc_125_18/in_3 	 (fanout : 1)
hpin:lp_riscv_top/lp_riscv/i_riscv_core/if_stage_i/mux_exc_pc_125_21/in_0[4] 	 (fanout : 1)
hpin:lp_riscv_top/lp_riscv/i_riscv_core/if_stage_i/mux_exc_pc_125_21/in_0[3] 	 (fanout : 1)
hpin:lp_riscv_top/lp_riscv/i_riscv_core/if_stage_i/mux_exc_pc_125_21/in_0[2] 	 (fanout : 1)
hpin:lp_riscv_top/lp_riscv/i_riscv_core/if_stage_i/mux_exc_pc_125_21/in_0[1] 	 (fanout : 1)
hpin:lp_riscv_top/lp_riscv/i_riscv_core/if_stage_i/mux_exc_pc_125_21/in_0[0] 	 (fanout : 1)
hpin:lp_riscv_top/lp_riscv/i_riscv_core/if_stage_i/mux_exc_pc_125_21/in_1[4] 	 (fanout : 1)
hpin:lp_riscv_top/lp_riscv/i_riscv_core/if_stage_i/mux_exc_pc_125_21/in_1[3] 	 (fanout : 1)
hpin:lp_riscv_top/lp_riscv/i_riscv_core/if_stage_i/mux_exc_pc_125_21/in_1[2] 	 (fanout : 1)
hpin:lp_riscv_top/lp_riscv/i_riscv_core/if_stage_i/mux_exc_pc_125_21/in_1[1] 	 (fanout : 1)
hpin:lp_riscv_top/lp_riscv/i_riscv_core/if_stage_i/mux_exc_pc_125_21/in_1[0] 	 (fanout : 1)
hpin:lp_riscv_top/lp_riscv/i_riscv_core/if_stage_i/mux_exc_pc_125_21/in_2[4] 	 (fanout : 1)
hpin:lp_riscv_top/lp_riscv/i_riscv_core/if_stage_i/mux_exc_pc_125_21/in_2[3] 	 (fanout : 1)
hpin:lp_riscv_top/lp_riscv/i_riscv_core/if_stage_i/mux_exc_pc_125_21/in_2[2] 	 (fanout : 1)
hpin:lp_riscv_top/lp_riscv/i_riscv_core/if_stage_i/mux_exc_pc_125_21/in_2[1] 	 (fanout : 1)
hpin:lp_riscv_top/lp_riscv/i_riscv_core/if_stage_i/mux_exc_pc_125_21/in_2[0] 	 (fanout : 1)
hpin:lp_riscv_top/lp_riscv/i_riscv_core/if_stage_i/mux_fetch_addr_n_141_18/in_0[7] 	 (fanout : 1)
hpin:lp_riscv_top/lp_riscv/i_riscv_core/if_stage_i/mux_fetch_addr_n_141_18/in_0[6] 	 (fanout : 1)
hpin:lp_riscv_top/lp_riscv/i_riscv_core/if_stage_i/mux_fetch_addr_n_141_18/in_0[5] 	 (fanout : 1)
hpin:lp_riscv_top/lp_riscv/i_riscv_core/if_stage_i/mux_fetch_addr_n_141_18/in_0[4] 	 (fanout : 1)
hpin:lp_riscv_top/lp_riscv/i_riscv_core/if_stage_i/mux_fetch_addr_n_141_18/in_0[3] 	 (fanout : 1)
hpin:lp_riscv_top/lp_riscv/i_riscv_core/if_stage_i/mux_fetch_addr_n_141_18/in_0[2] 	 (fanout : 1)
hpin:lp_riscv_top/lp_riscv/i_riscv_core/if_stage_i/mux_fetch_addr_n_141_18/in_0[1] 	 (fanout : 1)
hpin:lp_riscv_top/lp_riscv/i_riscv_core/if_stage_i/mux_fetch_addr_n_141_18/in_0[0] 	 (fanout : 1)
hpin:lp_riscv_top/lp_riscv/i_riscv_core/if_stage_i/mux_fetch_addr_n_141_18/in_4[1] 	 (fanout : 1)
hpin:lp_riscv_top/lp_riscv/i_riscv_core/if_stage_i/mux_fetch_addr_n_141_18/in_4[0] 	 (fanout : 1)
hpin:lp_riscv_top/lp_riscv/i_riscv_core/if_stage_i/mux_fetch_ready_254_21/in_0 	 (fanout : 1)
hpin:lp_riscv_top/lp_riscv/i_riscv_core/if_stage_i/mux_fetch_ready_254_21/in_1 	 (fanout : 1)
hpin:lp_riscv_top/lp_riscv/i_riscv_core/if_stage_i/mux_offset_fsm_ns_254_21/in_1 	 (fanout : 1)
hpin:lp_riscv_top/lp_riscv/i_riscv_core/if_stage_i/mux_valid_251_13/in_0 	 (fanout : 1)
hpin:lp_riscv_top/lp_riscv/i_riscv_core/if_stage_i/mux_valid_251_13/in_1 	 (fanout : 1)
hpin:lp_riscv_top/lp_riscv/i_riscv_core/if_stage_i/mux_valid_239_18/in_1 	 (fanout : 1)
hpin:lp_riscv_top/lp_riscv/i_riscv_core/if_stage_i/mux_valid_268_9/in_1 	 (fanout : 1)
hpin:lp_riscv_top/lp_riscv/i_riscv_core/if_stage_i/mux_branch_req_239_18/in_0 	 (fanout : 1)
hpin:lp_riscv_top/lp_riscv/i_riscv_core/if_stage_i/mux_branch_req_268_9/in_1 	 (fanout : 1)
hpin:lp_riscv_top/lp_riscv/i_riscv_core/if_stage_i/mux_fetch_ready_251_13/in_0 	 (fanout : 1)
hpin:lp_riscv_top/lp_riscv/i_riscv_core/if_stage_i/mux_fetch_ready_239_18/in_1 	 (fanout : 1)
hpin:lp_riscv_top/lp_riscv/i_riscv_core/id_stage_i/registers_i/mux_we_b_dec_77_35/in_0 	 (fanout : 1)
hpin:lp_riscv_top/lp_riscv/i_riscv_core/id_stage_i/registers_i/mux_we_b_dec_77_37/in_0 	 (fanout : 1)
hpin:lp_riscv_top/lp_riscv/i_riscv_core/id_stage_i/registers_i/mux_we_b_dec_77_39/in_0 	 (fanout : 1)
hpin:lp_riscv_top/lp_riscv/i_riscv_core/id_stage_i/registers_i/mux_we_b_dec_77_41/in_0 	 (fanout : 1)
hpin:lp_riscv_top/lp_riscv/i_riscv_core/id_stage_i/registers_i/mux_we_b_dec_77_43/in_0 	 (fanout : 1)
hpin:lp_riscv_top/lp_riscv/i_riscv_core/id_stage_i/registers_i/mux_we_b_dec_77_45/in_0 	 (fanout : 1)
hpin:lp_riscv_top/lp_riscv/i_riscv_core/id_stage_i/registers_i/mux_we_b_dec_77_47/in_0 	 (fanout : 1)
hpin:lp_riscv_top/lp_riscv/i_riscv_core/id_stage_i/registers_i/mux_we_b_dec_77_49/in_0 	 (fanout : 1)
hpin:lp_riscv_top/lp_riscv/i_riscv_core/id_stage_i/registers_i/mux_we_b_dec_77_51/in_0 	 (fanout : 1)
hpin:lp_riscv_top/lp_riscv/i_riscv_core/id_stage_i/registers_i/mux_we_b_dec_77_53/in_0 	 (fanout : 1)
hpin:lp_riscv_top/lp_riscv/i_riscv_core/id_stage_i/registers_i/mux_we_b_dec_77_55/in_0 	 (fanout : 1)
hpin:lp_riscv_top/lp_riscv/i_riscv_core/id_stage_i/registers_i/mux_we_b_dec_77_57/in_0 	 (fanout : 1)
hpin:lp_riscv_top/lp_riscv/i_riscv_core/id_stage_i/registers_i/mux_we_b_dec_77_59/in_0 	 (fanout : 1)
hpin:lp_riscv_top/lp_riscv/i_riscv_core/id_stage_i/registers_i/mux_we_b_dec_77_61/in_0 	 (fanout : 1)
hpin:lp_riscv_top/lp_riscv/i_riscv_core/id_stage_i/registers_i/mux_we_b_dec_77_63/in_0 	 (fanout : 1)
hpin:lp_riscv_top/lp_riscv/i_riscv_core/id_stage_i/registers_i/mux_we_b_dec_77_65/in_0 	 (fanout : 1)
hpin:lp_riscv_top/lp_riscv/i_riscv_core/id_stage_i/registers_i/mux_we_b_dec_77_67/in_0 	 (fanout : 1)
hpin:lp_riscv_top/lp_riscv/i_riscv_core/id_stage_i/registers_i/mux_we_b_dec_77_69/in_0 	 (fanout : 1)
hpin:lp_riscv_top/lp_riscv/i_riscv_core/id_stage_i/registers_i/mux_we_b_dec_77_71/in_0 	 (fanout : 1)
hpin:lp_riscv_top/lp_riscv/i_riscv_core/id_stage_i/registers_i/mux_we_b_dec_77_73/in_0 	 (fanout : 1)
hpin:lp_riscv_top/lp_riscv/i_riscv_core/id_stage_i/registers_i/mux_we_b_dec_77_75/in_0 	 (fanout : 1)
hpin:lp_riscv_top/lp_riscv/i_riscv_core/id_stage_i/registers_i/mux_we_b_dec_77_77/in_0 	 (fanout : 1)
hpin:lp_riscv_top/lp_riscv/i_riscv_core/id_stage_i/registers_i/mux_we_b_dec_77_79/in_0 	 (fanout : 1)
hpin:lp_riscv_top/lp_riscv/i_riscv_core/id_stage_i/registers_i/mux_we_b_dec_77_81/in_0 	 (fanout : 1)
hpin:lp_riscv_top/lp_riscv/i_riscv_core/id_stage_i/registers_i/mux_we_b_dec_77_83/in_0 	 (fanout : 1)
hpin:lp_riscv_top/lp_riscv/i_riscv_core/id_stage_i/registers_i/mux_we_b_dec_77_85/in_0 	 (fanout : 1)
hpin:lp_riscv_top/lp_riscv/i_riscv_core/id_stage_i/registers_i/mux_we_b_dec_77_87/in_0 	 (fanout : 1)
hpin:lp_riscv_top/lp_riscv/i_riscv_core/id_stage_i/registers_i/mux_we_b_dec_77_89/in_0 	 (fanout : 1)
hpin:lp_riscv_top/lp_riscv/i_riscv_core/id_stage_i/registers_i/mux_we_b_dec_77_91/in_0 	 (fanout : 1)
hpin:lp_riscv_top/lp_riscv/i_riscv_core/id_stage_i/registers_i/mux_we_b_dec_77_93/in_0 	 (fanout : 1)
hpin:lp_riscv_top/lp_riscv/i_riscv_core/id_stage_i/registers_i/mux_we_b_dec_77_95/in_0 	 (fanout : 1)
hpin:lp_riscv_top/lp_riscv/i_riscv_core/id_stage_i/registers_i/mux_we_a_dec_67_99/in_0 	 (fanout : 1)
hpin:lp_riscv_top/lp_riscv/i_riscv_core/id_stage_i/registers_i/mux_we_a_dec_67_101/in_0 	 (fanout : 1)
hpin:lp_riscv_top/lp_riscv/i_riscv_core/id_stage_i/registers_i/mux_we_a_dec_67_103/in_0 	 (fanout : 1)
hpin:lp_riscv_top/lp_riscv/i_riscv_core/id_stage_i/registers_i/mux_we_a_dec_67_105/in_0 	 (fanout : 1)
hpin:lp_riscv_top/lp_riscv/i_riscv_core/id_stage_i/registers_i/mux_we_a_dec_67_107/in_0 	 (fanout : 1)
hpin:lp_riscv_top/lp_riscv/i_riscv_core/id_stage_i/registers_i/mux_we_a_dec_67_109/in_0 	 (fanout : 1)
hpin:lp_riscv_top/lp_riscv/i_riscv_core/id_stage_i/registers_i/mux_we_a_dec_67_111/in_0 	 (fanout : 1)
hpin:lp_riscv_top/lp_riscv/i_riscv_core/id_stage_i/registers_i/mux_we_a_dec_67_113/in_0 	 (fanout : 1)
hpin:lp_riscv_top/lp_riscv/i_riscv_core/id_stage_i/registers_i/mux_we_a_dec_67_115/in_0 	 (fanout : 1)
hpin:lp_riscv_top/lp_riscv/i_riscv_core/id_stage_i/registers_i/mux_we_a_dec_67_117/in_0 	 (fanout : 1)
hpin:lp_riscv_top/lp_riscv/i_riscv_core/id_stage_i/registers_i/mux_we_a_dec_67_119/in_0 	 (fanout : 1)
hpin:lp_riscv_top/lp_riscv/i_riscv_core/id_stage_i/registers_i/mux_we_a_dec_67_121/in_0 	 (fanout : 1)
hpin:lp_riscv_top/lp_riscv/i_riscv_core/id_stage_i/registers_i/mux_we_a_dec_67_123/in_0 	 (fanout : 1)
hpin:lp_riscv_top/lp_riscv/i_riscv_core/id_stage_i/registers_i/mux_we_a_dec_67_125/in_0 	 (fanout : 1)
hpin:lp_riscv_top/lp_riscv/i_riscv_core/id_stage_i/registers_i/mux_we_a_dec_67_127/in_0 	 (fanout : 1)
hpin:lp_riscv_top/lp_riscv/i_riscv_core/id_stage_i/registers_i/mux_we_a_dec_67_129/in_0 	 (fanout : 1)
hpin:lp_riscv_top/lp_riscv/i_riscv_core/id_stage_i/registers_i/mux_we_a_dec_67_131/in_0 	 (fanout : 1)
hpin:lp_riscv_top/lp_riscv/i_riscv_core/id_stage_i/registers_i/mux_we_a_dec_67_133/in_0 	 (fanout : 1)
hpin:lp_riscv_top/lp_riscv/i_riscv_core/id_stage_i/registers_i/mux_we_a_dec_67_135/in_0 	 (fanout : 1)
hpin:lp_riscv_top/lp_riscv/i_riscv_core/id_stage_i/registers_i/mux_we_a_dec_67_137/in_0 	 (fanout : 1)
hpin:lp_riscv_top/lp_riscv/i_riscv_core/id_stage_i/registers_i/mux_we_a_dec_67_139/in_0 	 (fanout : 1)
hpin:lp_riscv_top/lp_riscv/i_riscv_core/id_stage_i/registers_i/mux_we_a_dec_67_141/in_0 	 (fanout : 1)
hpin:lp_riscv_top/lp_riscv/i_riscv_core/id_stage_i/registers_i/mux_we_a_dec_67_143/in_0 	 (fanout : 1)
hpin:lp_riscv_top/lp_riscv/i_riscv_core/id_stage_i/registers_i/mux_we_a_dec_67_145/in_0 	 (fanout : 1)
hpin:lp_riscv_top/lp_riscv/i_riscv_core/id_stage_i/registers_i/mux_we_a_dec_67_147/in_0 	 (fanout : 1)
hpin:lp_riscv_top/lp_riscv/i_riscv_core/id_stage_i/registers_i/mux_we_a_dec_67_149/in_0 	 (fanout : 1)
hpin:lp_riscv_top/lp_riscv/i_riscv_core/id_stage_i/registers_i/mux_we_a_dec_67_151/in_0 	 (fanout : 1)
hpin:lp_riscv_top/lp_riscv/i_riscv_core/id_stage_i/registers_i/mux_we_a_dec_67_153/in_0 	 (fanout : 1)
hpin:lp_riscv_top/lp_riscv/i_riscv_core/id_stage_i/registers_i/mux_we_a_dec_67_155/in_0 	 (fanout : 1)
hpin:lp_riscv_top/lp_riscv/i_riscv_core/id_stage_i/registers_i/mux_we_a_dec_67_157/in_0 	 (fanout : 1)
hpin:lp_riscv_top/lp_riscv/i_riscv_core/id_stage_i/registers_i/mux_we_a_dec_67_159/in_0 	 (fanout : 1)
hpin:lp_riscv_top/lp_riscv/i_riscv_core/id_stage_i/registers_i/mux_rf_reg[raddr_c_i]_112_22/in_0[31] 	 (fanout : 1)
hpin:lp_riscv_top/lp_riscv/i_riscv_core/id_stage_i/registers_i/mux_rf_reg[raddr_c_i]_112_22/in_0[30] 	 (fanout : 1)
hpin:lp_riscv_top/lp_riscv/i_riscv_core/id_stage_i/registers_i/mux_rf_reg[raddr_c_i]_112_22/in_0[29] 	 (fanout : 1)
hpin:lp_riscv_top/lp_riscv/i_riscv_core/id_stage_i/registers_i/mux_rf_reg[raddr_c_i]_112_22/in_0[28] 	 (fanout : 1)
hpin:lp_riscv_top/lp_riscv/i_riscv_core/id_stage_i/registers_i/mux_rf_reg[raddr_c_i]_112_22/in_0[27] 	 (fanout : 1)
hpin:lp_riscv_top/lp_riscv/i_riscv_core/id_stage_i/registers_i/mux_rf_reg[raddr_c_i]_112_22/in_0[26] 	 (fanout : 1)
hpin:lp_riscv_top/lp_riscv/i_riscv_core/id_stage_i/registers_i/mux_rf_reg[raddr_c_i]_112_22/in_0[25] 	 (fanout : 1)
hpin:lp_riscv_top/lp_riscv/i_riscv_core/id_stage_i/registers_i/mux_rf_reg[raddr_c_i]_112_22/in_0[24] 	 (fanout : 1)
hpin:lp_riscv_top/lp_riscv/i_riscv_core/id_stage_i/registers_i/mux_rf_reg[raddr_c_i]_112_22/in_0[23] 	 (fanout : 1)
hpin:lp_riscv_top/lp_riscv/i_riscv_core/id_stage_i/registers_i/mux_rf_reg[raddr_c_i]_112_22/in_0[22] 	 (fanout : 1)
hpin:lp_riscv_top/lp_riscv/i_riscv_core/id_stage_i/registers_i/mux_rf_reg[raddr_c_i]_112_22/in_0[21] 	 (fanout : 1)
hpin:lp_riscv_top/lp_riscv/i_riscv_core/id_stage_i/registers_i/mux_rf_reg[raddr_c_i]_112_22/in_0[20] 	 (fanout : 1)
hpin:lp_riscv_top/lp_riscv/i_riscv_core/id_stage_i/registers_i/mux_rf_reg[raddr_c_i]_112_22/in_0[19] 	 (fanout : 1)
hpin:lp_riscv_top/lp_riscv/i_riscv_core/id_stage_i/registers_i/mux_rf_reg[raddr_c_i]_112_22/in_0[18] 	 (fanout : 1)
hpin:lp_riscv_top/lp_riscv/i_riscv_core/id_stage_i/registers_i/mux_rf_reg[raddr_c_i]_112_22/in_0[17] 	 (fanout : 1)
hpin:lp_riscv_top/lp_riscv/i_riscv_core/id_stage_i/registers_i/mux_rf_reg[raddr_c_i]_112_22/in_0[16] 	 (fanout : 1)
hpin:lp_riscv_top/lp_riscv/i_riscv_core/id_stage_i/registers_i/mux_rf_reg[raddr_c_i]_112_22/in_0[15] 	 (fanout : 1)
hpin:lp_riscv_top/lp_riscv/i_riscv_core/id_stage_i/registers_i/mux_rf_reg[raddr_c_i]_112_22/in_0[14] 	 (fanout : 1)
hpin:lp_riscv_top/lp_riscv/i_riscv_core/id_stage_i/registers_i/mux_rf_reg[raddr_c_i]_112_22/in_0[13] 	 (fanout : 1)
hpin:lp_riscv_top/lp_riscv/i_riscv_core/id_stage_i/registers_i/mux_rf_reg[raddr_c_i]_112_22/in_0[12] 	 (fanout : 1)
hpin:lp_riscv_top/lp_riscv/i_riscv_core/id_stage_i/registers_i/mux_rf_reg[raddr_c_i]_112_22/in_0[11] 	 (fanout : 1)
hpin:lp_riscv_top/lp_riscv/i_riscv_core/id_stage_i/registers_i/mux_rf_reg[raddr_c_i]_112_22/in_0[10] 	 (fanout : 1)
hpin:lp_riscv_top/lp_riscv/i_riscv_core/id_stage_i/registers_i/mux_rf_reg[raddr_c_i]_112_22/in_0[9] 	 (fanout : 1)
hpin:lp_riscv_top/lp_riscv/i_riscv_core/id_stage_i/registers_i/mux_rf_reg[raddr_c_i]_112_22/in_0[8] 	 (fanout : 1)
hpin:lp_riscv_top/lp_riscv/i_riscv_core/id_stage_i/registers_i/mux_rf_reg[raddr_c_i]_112_22/in_0[7] 	 (fanout : 1)
hpin:lp_riscv_top/lp_riscv/i_riscv_core/id_stage_i/registers_i/mux_rf_reg[raddr_c_i]_112_22/in_0[6] 	 (fanout : 1)
hpin:lp_riscv_top/lp_riscv/i_riscv_core/id_stage_i/registers_i/mux_rf_reg[raddr_c_i]_112_22/in_0[5] 	 (fanout : 1)
hpin:lp_riscv_top/lp_riscv/i_riscv_core/id_stage_i/registers_i/mux_rf_reg[raddr_c_i]_112_22/in_0[4] 	 (fanout : 1)
hpin:lp_riscv_top/lp_riscv/i_riscv_core/id_stage_i/registers_i/mux_rf_reg[raddr_c_i]_112_22/in_0[3] 	 (fanout : 1)
hpin:lp_riscv_top/lp_riscv/i_riscv_core/id_stage_i/registers_i/mux_rf_reg[raddr_c_i]_112_22/in_0[2] 	 (fanout : 1)
hpin:lp_riscv_top/lp_riscv/i_riscv_core/id_stage_i/registers_i/mux_rf_reg[raddr_c_i]_112_22/in_0[1] 	 (fanout : 1)
hpin:lp_riscv_top/lp_riscv/i_riscv_core/id_stage_i/registers_i/mux_rf_reg[raddr_c_i]_112_22/in_0[0] 	 (fanout : 1)
hpin:lp_riscv_top/lp_riscv/i_riscv_core/id_stage_i/registers_i/mux_rf_reg[raddr_b_i]_111_22/in_0[31] 	 (fanout : 1)
hpin:lp_riscv_top/lp_riscv/i_riscv_core/id_stage_i/registers_i/mux_rf_reg[raddr_b_i]_111_22/in_0[30] 	 (fanout : 1)
hpin:lp_riscv_top/lp_riscv/i_riscv_core/id_stage_i/registers_i/mux_rf_reg[raddr_b_i]_111_22/in_0[29] 	 (fanout : 1)
hpin:lp_riscv_top/lp_riscv/i_riscv_core/id_stage_i/registers_i/mux_rf_reg[raddr_b_i]_111_22/in_0[28] 	 (fanout : 1)
hpin:lp_riscv_top/lp_riscv/i_riscv_core/id_stage_i/registers_i/mux_rf_reg[raddr_b_i]_111_22/in_0[27] 	 (fanout : 1)
hpin:lp_riscv_top/lp_riscv/i_riscv_core/id_stage_i/registers_i/mux_rf_reg[raddr_b_i]_111_22/in_0[26] 	 (fanout : 1)
hpin:lp_riscv_top/lp_riscv/i_riscv_core/id_stage_i/registers_i/mux_rf_reg[raddr_b_i]_111_22/in_0[25] 	 (fanout : 1)
hpin:lp_riscv_top/lp_riscv/i_riscv_core/id_stage_i/registers_i/mux_rf_reg[raddr_b_i]_111_22/in_0[24] 	 (fanout : 1)
hpin:lp_riscv_top/lp_riscv/i_riscv_core/id_stage_i/registers_i/mux_rf_reg[raddr_b_i]_111_22/in_0[23] 	 (fanout : 1)
hpin:lp_riscv_top/lp_riscv/i_riscv_core/id_stage_i/registers_i/mux_rf_reg[raddr_b_i]_111_22/in_0[22] 	 (fanout : 1)
hpin:lp_riscv_top/lp_riscv/i_riscv_core/id_stage_i/registers_i/mux_rf_reg[raddr_b_i]_111_22/in_0[21] 	 (fanout : 1)
hpin:lp_riscv_top/lp_riscv/i_riscv_core/id_stage_i/registers_i/mux_rf_reg[raddr_b_i]_111_22/in_0[20] 	 (fanout : 1)
hpin:lp_riscv_top/lp_riscv/i_riscv_core/id_stage_i/registers_i/mux_rf_reg[raddr_b_i]_111_22/in_0[19] 	 (fanout : 1)
hpin:lp_riscv_top/lp_riscv/i_riscv_core/id_stage_i/registers_i/mux_rf_reg[raddr_b_i]_111_22/in_0[18] 	 (fanout : 1)
hpin:lp_riscv_top/lp_riscv/i_riscv_core/id_stage_i/registers_i/mux_rf_reg[raddr_b_i]_111_22/in_0[17] 	 (fanout : 1)
hpin:lp_riscv_top/lp_riscv/i_riscv_core/id_stage_i/registers_i/mux_rf_reg[raddr_b_i]_111_22/in_0[16] 	 (fanout : 1)
hpin:lp_riscv_top/lp_riscv/i_riscv_core/id_stage_i/registers_i/mux_rf_reg[raddr_b_i]_111_22/in_0[15] 	 (fanout : 1)
hpin:lp_riscv_top/lp_riscv/i_riscv_core/id_stage_i/registers_i/mux_rf_reg[raddr_b_i]_111_22/in_0[14] 	 (fanout : 1)
hpin:lp_riscv_top/lp_riscv/i_riscv_core/id_stage_i/registers_i/mux_rf_reg[raddr_b_i]_111_22/in_0[13] 	 (fanout : 1)
hpin:lp_riscv_top/lp_riscv/i_riscv_core/id_stage_i/registers_i/mux_rf_reg[raddr_b_i]_111_22/in_0[12] 	 (fanout : 1)
hpin:lp_riscv_top/lp_riscv/i_riscv_core/id_stage_i/registers_i/mux_rf_reg[raddr_b_i]_111_22/in_0[11] 	 (fanout : 1)
hpin:lp_riscv_top/lp_riscv/i_riscv_core/id_stage_i/registers_i/mux_rf_reg[raddr_b_i]_111_22/in_0[10] 	 (fanout : 1)
hpin:lp_riscv_top/lp_riscv/i_riscv_core/id_stage_i/registers_i/mux_rf_reg[raddr_b_i]_111_22/in_0[9] 	 (fanout : 1)
hpin:lp_riscv_top/lp_riscv/i_riscv_core/id_stage_i/registers_i/mux_rf_reg[raddr_b_i]_111_22/in_0[8] 	 (fanout : 1)
hpin:lp_riscv_top/lp_riscv/i_riscv_core/id_stage_i/registers_i/mux_rf_reg[raddr_b_i]_111_22/in_0[7] 	 (fanout : 1)
hpin:lp_riscv_top/lp_riscv/i_riscv_core/id_stage_i/registers_i/mux_rf_reg[raddr_b_i]_111_22/in_0[6] 	 (fanout : 1)
hpin:lp_riscv_top/lp_riscv/i_riscv_core/id_stage_i/registers_i/mux_rf_reg[raddr_b_i]_111_22/in_0[5] 	 (fanout : 1)
hpin:lp_riscv_top/lp_riscv/i_riscv_core/id_stage_i/registers_i/mux_rf_reg[raddr_b_i]_111_22/in_0[4] 	 (fanout : 1)
hpin:lp_riscv_top/lp_riscv/i_riscv_core/id_stage_i/registers_i/mux_rf_reg[raddr_b_i]_111_22/in_0[3] 	 (fanout : 1)
hpin:lp_riscv_top/lp_riscv/i_riscv_core/id_stage_i/registers_i/mux_rf_reg[raddr_b_i]_111_22/in_0[2] 	 (fanout : 1)
hpin:lp_riscv_top/lp_riscv/i_riscv_core/id_stage_i/registers_i/mux_rf_reg[raddr_b_i]_111_22/in_0[1] 	 (fanout : 1)
hpin:lp_riscv_top/lp_riscv/i_riscv_core/id_stage_i/registers_i/mux_rf_reg[raddr_b_i]_111_22/in_0[0] 	 (fanout : 1)
hpin:lp_riscv_top/lp_riscv/i_riscv_core/id_stage_i/registers_i/mux_rf_reg[raddr_a_i]_110_22/in_0[31] 	 (fanout : 1)
hpin:lp_riscv_top/lp_riscv/i_riscv_core/id_stage_i/registers_i/mux_rf_reg[raddr_a_i]_110_22/in_0[30] 	 (fanout : 1)
hpin:lp_riscv_top/lp_riscv/i_riscv_core/id_stage_i/registers_i/mux_rf_reg[raddr_a_i]_110_22/in_0[29] 	 (fanout : 1)
hpin:lp_riscv_top/lp_riscv/i_riscv_core/id_stage_i/registers_i/mux_rf_reg[raddr_a_i]_110_22/in_0[28] 	 (fanout : 1)
hpin:lp_riscv_top/lp_riscv/i_riscv_core/id_stage_i/registers_i/mux_rf_reg[raddr_a_i]_110_22/in_0[27] 	 (fanout : 1)
hpin:lp_riscv_top/lp_riscv/i_riscv_core/id_stage_i/registers_i/mux_rf_reg[raddr_a_i]_110_22/in_0[26] 	 (fanout : 1)
hpin:lp_riscv_top/lp_riscv/i_riscv_core/id_stage_i/registers_i/mux_rf_reg[raddr_a_i]_110_22/in_0[25] 	 (fanout : 1)
hpin:lp_riscv_top/lp_riscv/i_riscv_core/id_stage_i/registers_i/mux_rf_reg[raddr_a_i]_110_22/in_0[24] 	 (fanout : 1)
hpin:lp_riscv_top/lp_riscv/i_riscv_core/id_stage_i/registers_i/mux_rf_reg[raddr_a_i]_110_22/in_0[23] 	 (fanout : 1)
hpin:lp_riscv_top/lp_riscv/i_riscv_core/id_stage_i/registers_i/mux_rf_reg[raddr_a_i]_110_22/in_0[22] 	 (fanout : 1)
hpin:lp_riscv_top/lp_riscv/i_riscv_core/id_stage_i/registers_i/mux_rf_reg[raddr_a_i]_110_22/in_0[21] 	 (fanout : 1)
hpin:lp_riscv_top/lp_riscv/i_riscv_core/id_stage_i/registers_i/mux_rf_reg[raddr_a_i]_110_22/in_0[20] 	 (fanout : 1)
hpin:lp_riscv_top/lp_riscv/i_riscv_core/id_stage_i/registers_i/mux_rf_reg[raddr_a_i]_110_22/in_0[19] 	 (fanout : 1)
hpin:lp_riscv_top/lp_riscv/i_riscv_core/id_stage_i/registers_i/mux_rf_reg[raddr_a_i]_110_22/in_0[18] 	 (fanout : 1)
hpin:lp_riscv_top/lp_riscv/i_riscv_core/id_stage_i/registers_i/mux_rf_reg[raddr_a_i]_110_22/in_0[17] 	 (fanout : 1)
hpin:lp_riscv_top/lp_riscv/i_riscv_core/id_stage_i/registers_i/mux_rf_reg[raddr_a_i]_110_22/in_0[16] 	 (fanout : 1)
hpin:lp_riscv_top/lp_riscv/i_riscv_core/id_stage_i/registers_i/mux_rf_reg[raddr_a_i]_110_22/in_0[15] 	 (fanout : 1)
hpin:lp_riscv_top/lp_riscv/i_riscv_core/id_stage_i/registers_i/mux_rf_reg[raddr_a_i]_110_22/in_0[14] 	 (fanout : 1)
hpin:lp_riscv_top/lp_riscv/i_riscv_core/id_stage_i/registers_i/mux_rf_reg[raddr_a_i]_110_22/in_0[13] 	 (fanout : 1)
hpin:lp_riscv_top/lp_riscv/i_riscv_core/id_stage_i/registers_i/mux_rf_reg[raddr_a_i]_110_22/in_0[12] 	 (fanout : 1)
hpin:lp_riscv_top/lp_riscv/i_riscv_core/id_stage_i/registers_i/mux_rf_reg[raddr_a_i]_110_22/in_0[11] 	 (fanout : 1)
hpin:lp_riscv_top/lp_riscv/i_riscv_core/id_stage_i/registers_i/mux_rf_reg[raddr_a_i]_110_22/in_0[10] 	 (fanout : 1)
hpin:lp_riscv_top/lp_riscv/i_riscv_core/id_stage_i/registers_i/mux_rf_reg[raddr_a_i]_110_22/in_0[9] 	 (fanout : 1)
hpin:lp_riscv_top/lp_riscv/i_riscv_core/id_stage_i/registers_i/mux_rf_reg[raddr_a_i]_110_22/in_0[8] 	 (fanout : 1)
hpin:lp_riscv_top/lp_riscv/i_riscv_core/id_stage_i/registers_i/mux_rf_reg[raddr_a_i]_110_22/in_0[7] 	 (fanout : 1)
hpin:lp_riscv_top/lp_riscv/i_riscv_core/id_stage_i/registers_i/mux_rf_reg[raddr_a_i]_110_22/in_0[6] 	 (fanout : 1)
hpin:lp_riscv_top/lp_riscv/i_riscv_core/id_stage_i/registers_i/mux_rf_reg[raddr_a_i]_110_22/in_0[5] 	 (fanout : 1)
hpin:lp_riscv_top/lp_riscv/i_riscv_core/id_stage_i/registers_i/mux_rf_reg[raddr_a_i]_110_22/in_0[4] 	 (fanout : 1)
hpin:lp_riscv_top/lp_riscv/i_riscv_core/id_stage_i/registers_i/mux_rf_reg[raddr_a_i]_110_22/in_0[3] 	 (fanout : 1)
hpin:lp_riscv_top/lp_riscv/i_riscv_core/id_stage_i/registers_i/mux_rf_reg[raddr_a_i]_110_22/in_0[2] 	 (fanout : 1)
hpin:lp_riscv_top/lp_riscv/i_riscv_core/id_stage_i/registers_i/mux_rf_reg[raddr_a_i]_110_22/in_0[1] 	 (fanout : 1)
hpin:lp_riscv_top/lp_riscv/i_riscv_core/id_stage_i/registers_i/mux_rf_reg[raddr_a_i]_110_22/in_0[0] 	 (fanout : 1)
hpin:lp_riscv_top/lp_riscv/i_riscv_core/id_stage_i/decoder_i/mux_cmbsop_jump_target_mux_sel_o_186_18/in_0[4] 	 (fanout : 1)
hpin:lp_riscv_top/lp_riscv/i_riscv_core/id_stage_i/decoder_i/mux_cmbsop_jump_target_mux_sel_o_186_18/in_0[3] 	 (fanout : 1)
hpin:lp_riscv_top/lp_riscv/i_riscv_core/id_stage_i/decoder_i/mux_cmbsop_jump_target_mux_sel_o_186_18/in_0[2] 	 (fanout : 1)
hpin:lp_riscv_top/lp_riscv/i_riscv_core/id_stage_i/decoder_i/mux_cmbsop_jump_target_mux_sel_o_186_18/in_0[1] 	 (fanout : 1)
hpin:lp_riscv_top/lp_riscv/i_riscv_core/id_stage_i/decoder_i/mux_cmbsop_jump_target_mux_sel_o_186_18/in_0[0] 	 (fanout : 1)
hpin:lp_riscv_top/lp_riscv/i_riscv_core/id_stage_i/decoder_i/mux_cmbsop_jump_target_mux_sel_o_186_18/in_1[4] 	 (fanout : 1)
hpin:lp_riscv_top/lp_riscv/i_riscv_core/id_stage_i/decoder_i/mux_cmbsop_jump_target_mux_sel_o_186_18/in_1[3] 	 (fanout : 1)
hpin:lp_riscv_top/lp_riscv/i_riscv_core/id_stage_i/decoder_i/mux_cmbsop_jump_target_mux_sel_o_186_18/in_1[2] 	 (fanout : 1)
hpin:lp_riscv_top/lp_riscv/i_riscv_core/id_stage_i/decoder_i/mux_cmbsop_jump_target_mux_sel_o_186_18/in_1[1] 	 (fanout : 1)
hpin:lp_riscv_top/lp_riscv/i_riscv_core/id_stage_i/decoder_i/mux_cmbsop_jump_target_mux_sel_o_186_18/in_1[0] 	 (fanout : 1)
hpin:lp_riscv_top/lp_riscv/i_riscv_core/id_stage_i/decoder_i/mux_cmbsop_jump_target_mux_sel_o_186_18/in_2[4] 	 (fanout : 1)
hpin:lp_riscv_top/lp_riscv/i_riscv_core/id_stage_i/decoder_i/mux_cmbsop_jump_target_mux_sel_o_186_18/in_2[3] 	 (fanout : 1)
hpin:lp_riscv_top/lp_riscv/i_riscv_core/id_stage_i/decoder_i/mux_cmbsop_jump_target_mux_sel_o_186_18/in_2[2] 	 (fanout : 1)
hpin:lp_riscv_top/lp_riscv/i_riscv_core/id_stage_i/decoder_i/mux_cmbsop_jump_target_mux_sel_o_186_18/in_2[1] 	 (fanout : 1)
hpin:lp_riscv_top/lp_riscv/i_riscv_core/id_stage_i/decoder_i/mux_cmbsop_jump_target_mux_sel_o_186_18/in_2[0] 	 (fanout : 1)
hpin:lp_riscv_top/lp_riscv/i_riscv_core/id_stage_i/decoder_i/mux_cmbsop_jump_target_mux_sel_o_186_18/in_3[4] 	 (fanout : 1)
hpin:lp_riscv_top/lp_riscv/i_riscv_core/id_stage_i/decoder_i/mux_cmbsop_jump_target_mux_sel_o_186_18/in_3[3] 	 (fanout : 1)
hpin:lp_riscv_top/lp_riscv/i_riscv_core/id_stage_i/decoder_i/mux_cmbsop_jump_target_mux_sel_o_186_18/in_3[2] 	 (fanout : 1)
hpin:lp_riscv_top/lp_riscv/i_riscv_core/id_stage_i/decoder_i/mux_cmbsop_jump_target_mux_sel_o_186_18/in_3[1] 	 (fanout : 1)
hpin:lp_riscv_top/lp_riscv/i_riscv_core/id_stage_i/decoder_i/mux_cmbsop_jump_target_mux_sel_o_186_18/in_3[0] 	 (fanout : 1)
hpin:lp_riscv_top/lp_riscv/i_riscv_core/id_stage_i/decoder_i/mux_cmbsop_jump_target_mux_sel_o_186_18/in_4[4] 	 (fanout : 1)
hpin:lp_riscv_top/lp_riscv/i_riscv_core/id_stage_i/decoder_i/mux_cmbsop_jump_target_mux_sel_o_186_18/in_4[3] 	 (fanout : 1)
hpin:lp_riscv_top/lp_riscv/i_riscv_core/id_stage_i/decoder_i/mux_cmbsop_jump_target_mux_sel_o_186_18/in_4[2] 	 (fanout : 1)
hpin:lp_riscv_top/lp_riscv/i_riscv_core/id_stage_i/decoder_i/mux_cmbsop_jump_target_mux_sel_o_186_18/in_4[1] 	 (fanout : 1)
hpin:lp_riscv_top/lp_riscv/i_riscv_core/id_stage_i/decoder_i/mux_cmbsop_jump_target_mux_sel_o_186_18/in_4[0] 	 (fanout : 1)
hpin:lp_riscv_top/lp_riscv/i_riscv_core/id_stage_i/decoder_i/mux_cmbsop_jump_target_mux_sel_o_186_18/in_5[4] 	 (fanout : 1)
hpin:lp_riscv_top/lp_riscv/i_riscv_core/id_stage_i/decoder_i/mux_cmbsop_jump_target_mux_sel_o_186_18/in_5[3] 	 (fanout : 1)
hpin:lp_riscv_top/lp_riscv/i_riscv_core/id_stage_i/decoder_i/mux_cmbsop_jump_target_mux_sel_o_186_18/in_5[2] 	 (fanout : 1)
hpin:lp_riscv_top/lp_riscv/i_riscv_core/id_stage_i/decoder_i/mux_cmbsop_jump_target_mux_sel_o_186_18/in_5[1] 	 (fanout : 1)
hpin:lp_riscv_top/lp_riscv/i_riscv_core/id_stage_i/decoder_i/mux_cmbsop_jump_target_mux_sel_o_186_18/in_5[0] 	 (fanout : 1)
hpin:lp_riscv_top/lp_riscv/i_riscv_core/id_stage_i/decoder_i/mux_cmbsop_jump_target_mux_sel_o_186_18/in_6[4] 	 (fanout : 1)
hpin:lp_riscv_top/lp_riscv/i_riscv_core/id_stage_i/decoder_i/mux_cmbsop_jump_target_mux_sel_o_186_18/in_6[3] 	 (fanout : 1)
hpin:lp_riscv_top/lp_riscv/i_riscv_core/id_stage_i/decoder_i/mux_cmbsop_jump_target_mux_sel_o_186_18/in_6[2] 	 (fanout : 1)
hpin:lp_riscv_top/lp_riscv/i_riscv_core/id_stage_i/decoder_i/mux_cmbsop_jump_target_mux_sel_o_186_18/in_6[1] 	 (fanout : 1)
hpin:lp_riscv_top/lp_riscv/i_riscv_core/id_stage_i/decoder_i/mux_cmbsop_jump_target_mux_sel_o_186_18/in_6[0] 	 (fanout : 1)
hpin:lp_riscv_top/lp_riscv/i_riscv_core/id_stage_i/decoder_i/mux_cmbsop_jump_target_mux_sel_o_186_18/in_7[4] 	 (fanout : 1)
hpin:lp_riscv_top/lp_riscv/i_riscv_core/id_stage_i/decoder_i/mux_cmbsop_jump_target_mux_sel_o_186_18/in_7[3] 	 (fanout : 1)
hpin:lp_riscv_top/lp_riscv/i_riscv_core/id_stage_i/decoder_i/mux_cmbsop_jump_target_mux_sel_o_186_18/in_7[2] 	 (fanout : 1)
hpin:lp_riscv_top/lp_riscv/i_riscv_core/id_stage_i/decoder_i/mux_cmbsop_jump_target_mux_sel_o_186_18/in_7[1] 	 (fanout : 1)
hpin:lp_riscv_top/lp_riscv/i_riscv_core/id_stage_i/decoder_i/mux_cmbsop_jump_target_mux_sel_o_186_18/in_7[0] 	 (fanout : 1)
hpin:lp_riscv_top/lp_riscv/i_riscv_core/id_stage_i/decoder_i/mux_cmbsop_jump_target_mux_sel_o_186_18/in_8[4] 	 (fanout : 1)
hpin:lp_riscv_top/lp_riscv/i_riscv_core/id_stage_i/decoder_i/mux_cmbsop_jump_target_mux_sel_o_186_18/in_8[3] 	 (fanout : 1)
hpin:lp_riscv_top/lp_riscv/i_riscv_core/id_stage_i/decoder_i/mux_cmbsop_jump_target_mux_sel_o_186_18/in_8[2] 	 (fanout : 1)
hpin:lp_riscv_top/lp_riscv/i_riscv_core/id_stage_i/decoder_i/mux_cmbsop_jump_target_mux_sel_o_186_18/in_8[1] 	 (fanout : 1)
hpin:lp_riscv_top/lp_riscv/i_riscv_core/id_stage_i/decoder_i/mux_cmbsop_jump_target_mux_sel_o_186_18/in_8[0] 	 (fanout : 1)
hpin:lp_riscv_top/lp_riscv/i_riscv_core/id_stage_i/decoder_i/mux_jump_in_id_221_34/in_0 	 (fanout : 1)
hpin:lp_riscv_top/lp_riscv/i_riscv_core/id_stage_i/decoder_i/mux_jump_in_id_221_34/in_1 	 (fanout : 1)
hpin:lp_riscv_top/lp_riscv/i_riscv_core/id_stage_i/decoder_i/mux_jump_in_id_186_18/in_0[1] 	 (fanout : 1)
hpin:lp_riscv_top/lp_riscv/i_riscv_core/id_stage_i/decoder_i/mux_jump_in_id_186_18/in_0[0] 	 (fanout : 1)
hpin:lp_riscv_top/lp_riscv/i_riscv_core/id_stage_i/decoder_i/mux_jump_in_id_186_18/in_1[0] 	 (fanout : 1)
hpin:lp_riscv_top/lp_riscv/i_riscv_core/id_stage_i/decoder_i/mux_jump_in_id_186_18/in_2[1] 	 (fanout : 1)
hpin:lp_riscv_top/lp_riscv/i_riscv_core/id_stage_i/decoder_i/mux_jump_in_id_186_18/in_2[0] 	 (fanout : 1)
hpin:lp_riscv_top/lp_riscv/i_riscv_core/id_stage_i/decoder_i/mux_jump_in_id_186_18/in_3[1] 	 (fanout : 1)
hpin:lp_riscv_top/lp_riscv/i_riscv_core/id_stage_i/decoder_i/mux_jump_in_id_186_18/in_3[0] 	 (fanout : 1)
hpin:lp_riscv_top/lp_riscv/i_riscv_core/id_stage_i/decoder_i/mux_995_31/in_1[1] 	 (fanout : 1)
hpin:lp_riscv_top/lp_riscv/i_riscv_core/id_stage_i/decoder_i/mux_995_31/in_1[0] 	 (fanout : 1)
hpin:lp_riscv_top/lp_riscv/i_riscv_core/id_stage_i/decoder_i/mux_cmbsop_hwloop_we_905_22/in_0[7] 	 (fanout : 1)
hpin:lp_riscv_top/lp_riscv/i_riscv_core/id_stage_i/decoder_i/mux_cmbsop_hwloop_we_905_22/in_0[6] 	 (fanout : 1)
hpin:lp_riscv_top/lp_riscv/i_riscv_core/id_stage_i/decoder_i/mux_cmbsop_hwloop_we_905_22/in_0[5] 	 (fanout : 1)
hpin:lp_riscv_top/lp_riscv/i_riscv_core/id_stage_i/decoder_i/mux_cmbsop_hwloop_we_905_22/in_0[4] 	 (fanout : 1)
hpin:lp_riscv_top/lp_riscv/i_riscv_core/id_stage_i/decoder_i/mux_cmbsop_hwloop_we_905_22/in_0[3] 	 (fanout : 1)
hpin:lp_riscv_top/lp_riscv/i_riscv_core/id_stage_i/decoder_i/mux_cmbsop_hwloop_we_905_22/in_0[2] 	 (fanout : 1)
hpin:lp_riscv_top/lp_riscv/i_riscv_core/id_stage_i/decoder_i/mux_cmbsop_hwloop_we_905_22/in_0[1] 	 (fanout : 1)
hpin:lp_riscv_top/lp_riscv/i_riscv_core/id_stage_i/decoder_i/mux_cmbsop_hwloop_we_905_22/in_0[0] 	 (fanout : 1)
hpin:lp_riscv_top/lp_riscv/i_riscv_core/id_stage_i/decoder_i/mux_cmbsop_hwloop_we_905_22/in_1[7] 	 (fanout : 1)
hpin:lp_riscv_top/lp_riscv/i_riscv_core/id_stage_i/decoder_i/mux_cmbsop_hwloop_we_905_22/in_1[6] 	 (fanout : 1)
hpin:lp_riscv_top/lp_riscv/i_riscv_core/id_stage_i/decoder_i/mux_cmbsop_hwloop_we_905_22/in_1[5] 	 (fanout : 1)
hpin:lp_riscv_top/lp_riscv/i_riscv_core/id_stage_i/decoder_i/mux_cmbsop_hwloop_we_905_22/in_1[4] 	 (fanout : 1)
hpin:lp_riscv_top/lp_riscv/i_riscv_core/id_stage_i/decoder_i/mux_cmbsop_hwloop_we_905_22/in_1[3] 	 (fanout : 1)
hpin:lp_riscv_top/lp_riscv/i_riscv_core/id_stage_i/decoder_i/mux_cmbsop_hwloop_we_905_22/in_1[2] 	 (fanout : 1)
hpin:lp_riscv_top/lp_riscv/i_riscv_core/id_stage_i/decoder_i/mux_cmbsop_hwloop_we_905_22/in_1[1] 	 (fanout : 1)
hpin:lp_riscv_top/lp_riscv/i_riscv_core/id_stage_i/decoder_i/mux_cmbsop_hwloop_we_905_22/in_1[0] 	 (fanout : 1)
hpin:lp_riscv_top/lp_riscv/i_riscv_core/id_stage_i/decoder_i/mux_cmbsop_hwloop_we_905_22/in_2[7] 	 (fanout : 1)
hpin:lp_riscv_top/lp_riscv/i_riscv_core/id_stage_i/decoder_i/mux_cmbsop_hwloop_we_905_22/in_2[6] 	 (fanout : 1)
hpin:lp_riscv_top/lp_riscv/i_riscv_core/id_stage_i/decoder_i/mux_cmbsop_hwloop_we_905_22/in_2[5] 	 (fanout : 1)
hpin:lp_riscv_top/lp_riscv/i_riscv_core/id_stage_i/decoder_i/mux_cmbsop_hwloop_we_905_22/in_2[4] 	 (fanout : 1)
hpin:lp_riscv_top/lp_riscv/i_riscv_core/id_stage_i/decoder_i/mux_cmbsop_hwloop_we_905_22/in_2[3] 	 (fanout : 1)
hpin:lp_riscv_top/lp_riscv/i_riscv_core/id_stage_i/decoder_i/mux_cmbsop_hwloop_we_905_22/in_2[2] 	 (fanout : 1)
hpin:lp_riscv_top/lp_riscv/i_riscv_core/id_stage_i/decoder_i/mux_cmbsop_hwloop_we_905_22/in_2[1] 	 (fanout : 1)
hpin:lp_riscv_top/lp_riscv/i_riscv_core/id_stage_i/decoder_i/mux_cmbsop_hwloop_we_905_22/in_2[0] 	 (fanout : 1)
hpin:lp_riscv_top/lp_riscv/i_riscv_core/id_stage_i/decoder_i/mux_cmbsop_hwloop_we_905_22/in_3[7] 	 (fanout : 1)
hpin:lp_riscv_top/lp_riscv/i_riscv_core/id_stage_i/decoder_i/mux_cmbsop_hwloop_we_905_22/in_3[6] 	 (fanout : 1)
hpin:lp_riscv_top/lp_riscv/i_riscv_core/id_stage_i/decoder_i/mux_cmbsop_hwloop_we_905_22/in_3[5] 	 (fanout : 1)
hpin:lp_riscv_top/lp_riscv/i_riscv_core/id_stage_i/decoder_i/mux_cmbsop_hwloop_we_905_22/in_3[4] 	 (fanout : 1)
hpin:lp_riscv_top/lp_riscv/i_riscv_core/id_stage_i/decoder_i/mux_cmbsop_hwloop_we_905_22/in_3[3] 	 (fanout : 1)
hpin:lp_riscv_top/lp_riscv/i_riscv_core/id_stage_i/decoder_i/mux_cmbsop_hwloop_we_905_22/in_3[2] 	 (fanout : 1)
hpin:lp_riscv_top/lp_riscv/i_riscv_core/id_stage_i/decoder_i/mux_cmbsop_hwloop_we_905_22/in_3[1] 	 (fanout : 1)
hpin:lp_riscv_top/lp_riscv/i_riscv_core/id_stage_i/decoder_i/mux_cmbsop_hwloop_we_905_22/in_3[0] 	 (fanout : 1)
hpin:lp_riscv_top/lp_riscv/i_riscv_core/id_stage_i/decoder_i/mux_cmbsop_hwloop_we_905_22/in_4[7] 	 (fanout : 1)
hpin:lp_riscv_top/lp_riscv/i_riscv_core/id_stage_i/decoder_i/mux_cmbsop_hwloop_we_905_22/in_4[6] 	 (fanout : 1)
hpin:lp_riscv_top/lp_riscv/i_riscv_core/id_stage_i/decoder_i/mux_cmbsop_hwloop_we_905_22/in_4[5] 	 (fanout : 1)
hpin:lp_riscv_top/lp_riscv/i_riscv_core/id_stage_i/decoder_i/mux_cmbsop_hwloop_we_905_22/in_4[4] 	 (fanout : 1)
hpin:lp_riscv_top/lp_riscv/i_riscv_core/id_stage_i/decoder_i/mux_cmbsop_hwloop_we_905_22/in_4[3] 	 (fanout : 1)
hpin:lp_riscv_top/lp_riscv/i_riscv_core/id_stage_i/decoder_i/mux_cmbsop_hwloop_we_905_22/in_4[2] 	 (fanout : 1)
hpin:lp_riscv_top/lp_riscv/i_riscv_core/id_stage_i/decoder_i/mux_cmbsop_hwloop_we_905_22/in_4[1] 	 (fanout : 1)
hpin:lp_riscv_top/lp_riscv/i_riscv_core/id_stage_i/decoder_i/mux_cmbsop_hwloop_we_905_22/in_4[0] 	 (fanout : 1)
hpin:lp_riscv_top/lp_riscv/i_riscv_core/id_stage_i/decoder_i/mux_cmbsop_hwloop_we_905_22/in_5[7] 	 (fanout : 1)
hpin:lp_riscv_top/lp_riscv/i_riscv_core/id_stage_i/decoder_i/mux_cmbsop_hwloop_we_905_22/in_5[6] 	 (fanout : 1)
hpin:lp_riscv_top/lp_riscv/i_riscv_core/id_stage_i/decoder_i/mux_cmbsop_hwloop_we_905_22/in_5[5] 	 (fanout : 1)
hpin:lp_riscv_top/lp_riscv/i_riscv_core/id_stage_i/decoder_i/mux_cmbsop_hwloop_we_905_22/in_5[4] 	 (fanout : 1)
hpin:lp_riscv_top/lp_riscv/i_riscv_core/id_stage_i/decoder_i/mux_cmbsop_hwloop_we_905_22/in_5[3] 	 (fanout : 1)
hpin:lp_riscv_top/lp_riscv/i_riscv_core/id_stage_i/decoder_i/mux_cmbsop_hwloop_we_905_22/in_5[2] 	 (fanout : 1)
hpin:lp_riscv_top/lp_riscv/i_riscv_core/id_stage_i/decoder_i/mux_cmbsop_hwloop_we_905_22/in_5[1] 	 (fanout : 1)
hpin:lp_riscv_top/lp_riscv/i_riscv_core/id_stage_i/decoder_i/mux_cmbsop_hwloop_we_905_22/in_5[0] 	 (fanout : 1)
hpin:lp_riscv_top/lp_riscv/i_riscv_core/id_stage_i/decoder_i/mux_cmbsop_hwloop_we_905_22/in_6[7] 	 (fanout : 1)
hpin:lp_riscv_top/lp_riscv/i_riscv_core/id_stage_i/decoder_i/mux_cmbsop_hwloop_we_905_22/in_6[6] 	 (fanout : 1)
hpin:lp_riscv_top/lp_riscv/i_riscv_core/id_stage_i/decoder_i/mux_cmbsop_hwloop_we_905_22/in_6[5] 	 (fanout : 1)
hpin:lp_riscv_top/lp_riscv/i_riscv_core/id_stage_i/decoder_i/mux_cmbsop_hwloop_we_905_22/in_6[4] 	 (fanout : 1)
hpin:lp_riscv_top/lp_riscv/i_riscv_core/id_stage_i/decoder_i/mux_cmbsop_hwloop_we_905_22/in_6[3] 	 (fanout : 1)
hpin:lp_riscv_top/lp_riscv/i_riscv_core/id_stage_i/decoder_i/mux_cmbsop_hwloop_we_905_22/in_6[2] 	 (fanout : 1)
hpin:lp_riscv_top/lp_riscv/i_riscv_core/id_stage_i/decoder_i/mux_cmbsop_hwloop_we_905_22/in_6[1] 	 (fanout : 1)
hpin:lp_riscv_top/lp_riscv/i_riscv_core/id_stage_i/decoder_i/mux_cmbsop_hwloop_we_905_22/in_6[0] 	 (fanout : 1)
hpin:lp_riscv_top/lp_riscv/i_riscv_core/id_stage_i/decoder_i/mux_hwloop_cnt_mux_sel_o_186_18/in_1 	 (fanout : 1)
hpin:lp_riscv_top/lp_riscv/i_riscv_core/id_stage_i/decoder_i/mux_hwloop_start_mux_sel_o_186_18/in_1 	 (fanout : 1)
hpin:lp_riscv_top/lp_riscv/i_riscv_core/id_stage_i/decoder_i/mux_hwloop_target_mux_sel_o_186_18/in_1 	 (fanout : 1)
hpin:lp_riscv_top/lp_riscv/i_riscv_core/id_stage_i/decoder_i/mux_hwloop_we_186_18/in_1[2] 	 (fanout : 1)
hpin:lp_riscv_top/lp_riscv/i_riscv_core/id_stage_i/decoder_i/mux_hwloop_we_186_18/in_1[1] 	 (fanout : 1)
hpin:lp_riscv_top/lp_riscv/i_riscv_core/id_stage_i/decoder_i/mux_hwloop_we_186_18/in_1[0] 	 (fanout : 1)
hpin:lp_riscv_top/lp_riscv/i_riscv_core/id_stage_i/decoder_i/mux_993_31/in_1[2] 	 (fanout : 1)
hpin:lp_riscv_top/lp_riscv/i_riscv_core/id_stage_i/decoder_i/mux_993_31/in_1[1] 	 (fanout : 1)
hpin:lp_riscv_top/lp_riscv/i_riscv_core/id_stage_i/decoder_i/mux_993_31/in_1[0] 	 (fanout : 1)
hpin:lp_riscv_top/lp_riscv/i_riscv_core/id_stage_i/decoder_i/mux_data_load_event_o_365_34/in_0 	 (fanout : 1)
hpin:lp_riscv_top/lp_riscv/i_riscv_core/id_stage_i/decoder_i/mux_data_load_event_o_365_34/in_1 	 (fanout : 1)
hpin:lp_riscv_top/lp_riscv/i_riscv_core/id_stage_i/decoder_i/mux_data_load_event_o_186_18/in_1 	 (fanout : 1)
hpin:lp_riscv_top/lp_riscv/i_riscv_core/id_stage_i/decoder_i/mux_data_sign_extension_o_186_18/in_1 	 (fanout : 1)
hpin:lp_riscv_top/lp_riscv/i_riscv_core/id_stage_i/decoder_i/mux_cmbsop_data_type_o_300_22/in_0[4] 	 (fanout : 1)
hpin:lp_riscv_top/lp_riscv/i_riscv_core/id_stage_i/decoder_i/mux_cmbsop_data_type_o_300_22/in_0[3] 	 (fanout : 1)
hpin:lp_riscv_top/lp_riscv/i_riscv_core/id_stage_i/decoder_i/mux_cmbsop_data_type_o_300_22/in_0[2] 	 (fanout : 1)
hpin:lp_riscv_top/lp_riscv/i_riscv_core/id_stage_i/decoder_i/mux_cmbsop_data_type_o_300_22/in_0[1] 	 (fanout : 1)
hpin:lp_riscv_top/lp_riscv/i_riscv_core/id_stage_i/decoder_i/mux_cmbsop_data_type_o_300_22/in_0[0] 	 (fanout : 1)
hpin:lp_riscv_top/lp_riscv/i_riscv_core/id_stage_i/decoder_i/mux_cmbsop_data_type_o_300_22/in_1[4] 	 (fanout : 1)
hpin:lp_riscv_top/lp_riscv/i_riscv_core/id_stage_i/decoder_i/mux_cmbsop_data_type_o_300_22/in_1[3] 	 (fanout : 1)
hpin:lp_riscv_top/lp_riscv/i_riscv_core/id_stage_i/decoder_i/mux_cmbsop_data_type_o_300_22/in_1[2] 	 (fanout : 1)
hpin:lp_riscv_top/lp_riscv/i_riscv_core/id_stage_i/decoder_i/mux_cmbsop_data_type_o_300_22/in_1[1] 	 (fanout : 1)
hpin:lp_riscv_top/lp_riscv/i_riscv_core/id_stage_i/decoder_i/mux_cmbsop_data_type_o_300_22/in_1[0] 	 (fanout : 1)
hpin:lp_riscv_top/lp_riscv/i_riscv_core/id_stage_i/decoder_i/mux_cmbsop_data_type_o_300_22/in_2[4] 	 (fanout : 1)
hpin:lp_riscv_top/lp_riscv/i_riscv_core/id_stage_i/decoder_i/mux_cmbsop_data_type_o_300_22/in_2[3] 	 (fanout : 1)
hpin:lp_riscv_top/lp_riscv/i_riscv_core/id_stage_i/decoder_i/mux_cmbsop_data_type_o_300_22/in_2[2] 	 (fanout : 1)
hpin:lp_riscv_top/lp_riscv/i_riscv_core/id_stage_i/decoder_i/mux_cmbsop_data_type_o_300_22/in_2[1] 	 (fanout : 1)
hpin:lp_riscv_top/lp_riscv/i_riscv_core/id_stage_i/decoder_i/mux_cmbsop_data_type_o_300_22/in_2[0] 	 (fanout : 1)
hpin:lp_riscv_top/lp_riscv/i_riscv_core/id_stage_i/decoder_i/mux_cmbsop_data_type_o_300_22/in_3[4] 	 (fanout : 1)
hpin:lp_riscv_top/lp_riscv/i_riscv_core/id_stage_i/decoder_i/mux_cmbsop_data_type_o_300_22/in_3[3] 	 (fanout : 1)
hpin:lp_riscv_top/lp_riscv/i_riscv_core/id_stage_i/decoder_i/mux_cmbsop_data_type_o_300_22/in_3[2] 	 (fanout : 1)
hpin:lp_riscv_top/lp_riscv/i_riscv_core/id_stage_i/decoder_i/mux_cmbsop_data_type_o_300_22/in_3[1] 	 (fanout : 1)
hpin:lp_riscv_top/lp_riscv/i_riscv_core/id_stage_i/decoder_i/mux_cmbsop_data_type_o_300_22/in_3[0] 	 (fanout : 1)
hpin:lp_riscv_top/lp_riscv/i_riscv_core/id_stage_i/decoder_i/mux_data_type_o_335_22/in_0[1] 	 (fanout : 1)
hpin:lp_riscv_top/lp_riscv/i_riscv_core/id_stage_i/decoder_i/mux_data_type_o_335_22/in_0[0] 	 (fanout : 1)
hpin:lp_riscv_top/lp_riscv/i_riscv_core/id_stage_i/decoder_i/mux_data_type_o_335_22/in_1[1] 	 (fanout : 1)
hpin:lp_riscv_top/lp_riscv/i_riscv_core/id_stage_i/decoder_i/mux_data_type_o_335_22/in_1[0] 	 (fanout : 1)
hpin:lp_riscv_top/lp_riscv/i_riscv_core/id_stage_i/decoder_i/mux_data_type_o_335_22/in_2[1] 	 (fanout : 1)
hpin:lp_riscv_top/lp_riscv/i_riscv_core/id_stage_i/decoder_i/mux_data_type_o_335_22/in_2[0] 	 (fanout : 1)
hpin:lp_riscv_top/lp_riscv/i_riscv_core/id_stage_i/decoder_i/mux_data_type_o_335_22/in_3[1] 	 (fanout : 1)
hpin:lp_riscv_top/lp_riscv/i_riscv_core/id_stage_i/decoder_i/mux_data_type_o_335_22/in_3[0] 	 (fanout : 1)
hpin:lp_riscv_top/lp_riscv/i_riscv_core/id_stage_i/decoder_i/mux_data_type_o_352_24/in_0[1] 	 (fanout : 1)
hpin:lp_riscv_top/lp_riscv/i_riscv_core/id_stage_i/decoder_i/mux_data_type_o_352_24/in_0[0] 	 (fanout : 1)
hpin:lp_riscv_top/lp_riscv/i_riscv_core/id_stage_i/decoder_i/mux_data_type_o_352_24/in_1[1] 	 (fanout : 1)
hpin:lp_riscv_top/lp_riscv/i_riscv_core/id_stage_i/decoder_i/mux_data_type_o_352_24/in_1[0] 	 (fanout : 1)
hpin:lp_riscv_top/lp_riscv/i_riscv_core/id_stage_i/decoder_i/mux_data_type_o_352_24/in_2[1] 	 (fanout : 1)
hpin:lp_riscv_top/lp_riscv/i_riscv_core/id_stage_i/decoder_i/mux_data_type_o_352_24/in_2[0] 	 (fanout : 1)
hpin:lp_riscv_top/lp_riscv/i_riscv_core/id_stage_i/decoder_i/mux_data_type_o_186_18/in_2[1] 	 (fanout : 1)
hpin:lp_riscv_top/lp_riscv/i_riscv_core/id_stage_i/decoder_i/mux_data_type_o_186_18/in_2[0] 	 (fanout : 1)
hpin:lp_riscv_top/lp_riscv/i_riscv_core/id_stage_i/decoder_i/mux_prepost_useincr_o_282_32/in_0 	 (fanout : 1)
hpin:lp_riscv_top/lp_riscv/i_riscv_core/id_stage_i/decoder_i/mux_prepost_useincr_o_282_32/in_1 	 (fanout : 1)
hpin:lp_riscv_top/lp_riscv/i_riscv_core/id_stage_i/decoder_i/mux_prepost_useincr_o_325_32/in_0 	 (fanout : 1)
hpin:lp_riscv_top/lp_riscv/i_riscv_core/id_stage_i/decoder_i/mux_prepost_useincr_o_325_32/in_1 	 (fanout : 1)
hpin:lp_riscv_top/lp_riscv/i_riscv_core/id_stage_i/decoder_i/mux_prepost_useincr_o_186_18/in_2 	 (fanout : 1)
hpin:lp_riscv_top/lp_riscv/i_riscv_core/id_stage_i/decoder_i/mux_prepost_useincr_o_966_27/in_1 	 (fanout : 1)
hpin:lp_riscv_top/lp_riscv/i_riscv_core/id_stage_i/decoder_i/mux_data_we_o_186_18/in_1 	 (fanout : 1)
hpin:lp_riscv_top/lp_riscv/i_riscv_core/id_stage_i/decoder_i/mux_data_req_186_18/in_1 	 (fanout : 1)
hpin:lp_riscv_top/lp_riscv/i_riscv_core/id_stage_i/decoder_i/mux_data_req_186_18/in_2 	 (fanout : 1)
hpin:lp_riscv_top/lp_riscv/i_riscv_core/id_stage_i/decoder_i/mux_992_31/in_1 	 (fanout : 1)
hpin:lp_riscv_top/lp_riscv/i_riscv_core/id_stage_i/decoder_i/mux_cmbsop_csr_op_882_24/in_0[2] 	 (fanout : 1)
hpin:lp_riscv_top/lp_riscv/i_riscv_core/id_stage_i/decoder_i/mux_cmbsop_csr_op_882_24/in_0[1] 	 (fanout : 1)
hpin:lp_riscv_top/lp_riscv/i_riscv_core/id_stage_i/decoder_i/mux_cmbsop_csr_op_882_24/in_0[0] 	 (fanout : 1)
hpin:lp_riscv_top/lp_riscv/i_riscv_core/id_stage_i/decoder_i/mux_cmbsop_csr_op_882_24/in_1[2] 	 (fanout : 1)
hpin:lp_riscv_top/lp_riscv/i_riscv_core/id_stage_i/decoder_i/mux_cmbsop_csr_op_882_24/in_1[1] 	 (fanout : 1)
hpin:lp_riscv_top/lp_riscv/i_riscv_core/id_stage_i/decoder_i/mux_cmbsop_csr_op_882_24/in_1[0] 	 (fanout : 1)
hpin:lp_riscv_top/lp_riscv/i_riscv_core/id_stage_i/decoder_i/mux_cmbsop_csr_op_882_24/in_2[2] 	 (fanout : 1)
hpin:lp_riscv_top/lp_riscv/i_riscv_core/id_stage_i/decoder_i/mux_cmbsop_csr_op_882_24/in_2[1] 	 (fanout : 1)
hpin:lp_riscv_top/lp_riscv/i_riscv_core/id_stage_i/decoder_i/mux_cmbsop_csr_op_882_24/in_2[0] 	 (fanout : 1)
hpin:lp_riscv_top/lp_riscv/i_riscv_core/id_stage_i/decoder_i/mux_cmbsop_csr_op_882_24/in_3[2] 	 (fanout : 1)
hpin:lp_riscv_top/lp_riscv/i_riscv_core/id_stage_i/decoder_i/mux_cmbsop_csr_op_882_24/in_3[1] 	 (fanout : 1)
hpin:lp_riscv_top/lp_riscv/i_riscv_core/id_stage_i/decoder_i/mux_cmbsop_csr_op_882_24/in_3[0] 	 (fanout : 1)
hpin:lp_riscv_top/lp_riscv/i_riscv_core/id_stage_i/decoder_i/mux_csr_op_832_34/in_1[1] 	 (fanout : 1)
hpin:lp_riscv_top/lp_riscv/i_riscv_core/id_stage_i/decoder_i/mux_csr_op_832_34/in_1[0] 	 (fanout : 1)
hpin:lp_riscv_top/lp_riscv/i_riscv_core/id_stage_i/decoder_i/mux_csr_op_186_18/in_1[1] 	 (fanout : 1)
hpin:lp_riscv_top/lp_riscv/i_riscv_core/id_stage_i/decoder_i/mux_csr_op_186_18/in_1[0] 	 (fanout : 1)
hpin:lp_riscv_top/lp_riscv/i_riscv_core/id_stage_i/decoder_i/mux_994_31/in_1[1] 	 (fanout : 1)
hpin:lp_riscv_top/lp_riscv/i_riscv_core/id_stage_i/decoder_i/mux_994_31/in_1[0] 	 (fanout : 1)
hpin:lp_riscv_top/lp_riscv/i_riscv_core/id_stage_i/decoder_i/mux_csr_access_o_832_34/in_0 	 (fanout : 1)
hpin:lp_riscv_top/lp_riscv/i_riscv_core/id_stage_i/decoder_i/mux_csr_access_o_832_34/in_1 	 (fanout : 1)
hpin:lp_riscv_top/lp_riscv/i_riscv_core/id_stage_i/decoder_i/mux_csr_access_o_186_18/in_1 	 (fanout : 1)
hpin:lp_riscv_top/lp_riscv/i_riscv_core/id_stage_i/decoder_i/mux_regfile_alu_waddr_sel_o_282_32/in_0 	 (fanout : 1)
hpin:lp_riscv_top/lp_riscv/i_riscv_core/id_stage_i/decoder_i/mux_regfile_alu_waddr_sel_o_282_32/in_1 	 (fanout : 1)
hpin:lp_riscv_top/lp_riscv/i_riscv_core/id_stage_i/decoder_i/mux_regfile_alu_waddr_sel_o_325_32/in_0 	 (fanout : 1)
hpin:lp_riscv_top/lp_riscv/i_riscv_core/id_stage_i/decoder_i/mux_regfile_alu_waddr_sel_o_325_32/in_1 	 (fanout : 1)
hpin:lp_riscv_top/lp_riscv/i_riscv_core/id_stage_i/decoder_i/mux_regfile_alu_waddr_sel_o_186_18/in_2 	 (fanout : 1)
hpin:lp_riscv_top/lp_riscv/i_riscv_core/id_stage_i/decoder_i/mux_regfile_alu_we_186_18/in_0[3] 	 (fanout : 1)
hpin:lp_riscv_top/lp_riscv/i_riscv_core/id_stage_i/decoder_i/mux_regfile_alu_we_186_18/in_0[2] 	 (fanout : 1)
hpin:lp_riscv_top/lp_riscv/i_riscv_core/id_stage_i/decoder_i/mux_regfile_alu_we_186_18/in_0[1] 	 (fanout : 1)
hpin:lp_riscv_top/lp_riscv/i_riscv_core/id_stage_i/decoder_i/mux_regfile_alu_we_186_18/in_0[0] 	 (fanout : 1)
hpin:lp_riscv_top/lp_riscv/i_riscv_core/id_stage_i/decoder_i/mux_regfile_alu_we_186_18/in_1[3] 	 (fanout : 1)
hpin:lp_riscv_top/lp_riscv/i_riscv_core/id_stage_i/decoder_i/mux_regfile_alu_we_186_18/in_1[2] 	 (fanout : 1)
hpin:lp_riscv_top/lp_riscv/i_riscv_core/id_stage_i/decoder_i/mux_regfile_alu_we_186_18/in_1[1] 	 (fanout : 1)
hpin:lp_riscv_top/lp_riscv/i_riscv_core/id_stage_i/decoder_i/mux_regfile_alu_we_186_18/in_2[3] 	 (fanout : 1)
hpin:lp_riscv_top/lp_riscv/i_riscv_core/id_stage_i/decoder_i/mux_regfile_alu_we_186_18/in_2[2] 	 (fanout : 1)
hpin:lp_riscv_top/lp_riscv/i_riscv_core/id_stage_i/decoder_i/mux_regfile_alu_we_186_18/in_2[1] 	 (fanout : 1)
hpin:lp_riscv_top/lp_riscv/i_riscv_core/id_stage_i/decoder_i/mux_regfile_alu_we_186_18/in_3[3] 	 (fanout : 1)
hpin:lp_riscv_top/lp_riscv/i_riscv_core/id_stage_i/decoder_i/mux_regfile_alu_we_186_18/in_3[2] 	 (fanout : 1)
hpin:lp_riscv_top/lp_riscv/i_riscv_core/id_stage_i/decoder_i/mux_regfile_alu_we_186_18/in_3[1] 	 (fanout : 1)
hpin:lp_riscv_top/lp_riscv/i_riscv_core/id_stage_i/decoder_i/mux_regfile_alu_we_186_18/in_4[3] 	 (fanout : 1)
hpin:lp_riscv_top/lp_riscv/i_riscv_core/id_stage_i/decoder_i/mux_regfile_alu_we_186_18/in_4[2] 	 (fanout : 1)
hpin:lp_riscv_top/lp_riscv/i_riscv_core/id_stage_i/decoder_i/mux_regfile_alu_we_186_18/in_4[1] 	 (fanout : 1)
hpin:lp_riscv_top/lp_riscv/i_riscv_core/id_stage_i/decoder_i/mux_regfile_alu_we_186_18/in_4[0] 	 (fanout : 1)
hpin:lp_riscv_top/lp_riscv/i_riscv_core/id_stage_i/decoder_i/mux_regfile_alu_we_186_18/in_5[3] 	 (fanout : 1)
hpin:lp_riscv_top/lp_riscv/i_riscv_core/id_stage_i/decoder_i/mux_regfile_alu_we_186_18/in_5[2] 	 (fanout : 1)
hpin:lp_riscv_top/lp_riscv/i_riscv_core/id_stage_i/decoder_i/mux_regfile_alu_we_186_18/in_5[1] 	 (fanout : 1)
hpin:lp_riscv_top/lp_riscv/i_riscv_core/id_stage_i/decoder_i/mux_regfile_alu_we_186_18/in_5[0] 	 (fanout : 1)
hpin:lp_riscv_top/lp_riscv/i_riscv_core/id_stage_i/decoder_i/mux_regfile_alu_we_186_18/in_6[3] 	 (fanout : 1)
hpin:lp_riscv_top/lp_riscv/i_riscv_core/id_stage_i/decoder_i/mux_regfile_alu_we_186_18/in_6[2] 	 (fanout : 1)
hpin:lp_riscv_top/lp_riscv/i_riscv_core/id_stage_i/decoder_i/mux_regfile_alu_we_186_18/in_6[1] 	 (fanout : 1)
hpin:lp_riscv_top/lp_riscv/i_riscv_core/id_stage_i/decoder_i/mux_regfile_alu_we_186_18/in_6[0] 	 (fanout : 1)
hpin:lp_riscv_top/lp_riscv/i_riscv_core/id_stage_i/decoder_i/mux_regfile_alu_we_186_18/in_7[3] 	 (fanout : 1)
hpin:lp_riscv_top/lp_riscv/i_riscv_core/id_stage_i/decoder_i/mux_regfile_alu_we_186_18/in_7[2] 	 (fanout : 1)
hpin:lp_riscv_top/lp_riscv/i_riscv_core/id_stage_i/decoder_i/mux_regfile_alu_we_186_18/in_7[1] 	 (fanout : 1)
hpin:lp_riscv_top/lp_riscv/i_riscv_core/id_stage_i/decoder_i/mux_regfile_alu_we_186_18/in_7[0] 	 (fanout : 1)
hpin:lp_riscv_top/lp_riscv/i_riscv_core/id_stage_i/decoder_i/mux_regfile_alu_we_186_18/in_8[3] 	 (fanout : 1)
hpin:lp_riscv_top/lp_riscv/i_riscv_core/id_stage_i/decoder_i/mux_regfile_alu_we_186_18/in_8[2] 	 (fanout : 1)
hpin:lp_riscv_top/lp_riscv/i_riscv_core/id_stage_i/decoder_i/mux_regfile_alu_we_186_18/in_8[1] 	 (fanout : 1)
hpin:lp_riscv_top/lp_riscv/i_riscv_core/id_stage_i/decoder_i/mux_regfile_alu_we_186_18/in_8[0] 	 (fanout : 1)
hpin:lp_riscv_top/lp_riscv/i_riscv_core/id_stage_i/decoder_i/mux_regfile_alu_we_186_18/in_9[3] 	 (fanout : 1)
hpin:lp_riscv_top/lp_riscv/i_riscv_core/id_stage_i/decoder_i/mux_regfile_alu_we_186_18/in_9[2] 	 (fanout : 1)
hpin:lp_riscv_top/lp_riscv/i_riscv_core/id_stage_i/decoder_i/mux_regfile_alu_we_186_18/in_9[1] 	 (fanout : 1)
hpin:lp_riscv_top/lp_riscv/i_riscv_core/id_stage_i/decoder_i/mux_regfile_alu_we_186_18/in_9[0] 	 (fanout : 1)
hpin:lp_riscv_top/lp_riscv/i_riscv_core/id_stage_i/decoder_i/mux_regfile_alu_we_186_18/in_10[3] 	 (fanout : 1)
hpin:lp_riscv_top/lp_riscv/i_riscv_core/id_stage_i/decoder_i/mux_regfile_alu_we_186_18/in_10[2] 	 (fanout : 1)
hpin:lp_riscv_top/lp_riscv/i_riscv_core/id_stage_i/decoder_i/mux_regfile_alu_we_186_18/in_10[1] 	 (fanout : 1)
hpin:lp_riscv_top/lp_riscv/i_riscv_core/id_stage_i/decoder_i/mux_regfile_alu_we_186_18/in_11[3] 	 (fanout : 1)
hpin:lp_riscv_top/lp_riscv/i_riscv_core/id_stage_i/decoder_i/mux_regfile_alu_we_186_18/in_11[2] 	 (fanout : 1)
hpin:lp_riscv_top/lp_riscv/i_riscv_core/id_stage_i/decoder_i/mux_regfile_alu_we_186_18/in_11[1] 	 (fanout : 1)
hpin:lp_riscv_top/lp_riscv/i_riscv_core/id_stage_i/decoder_i/mux_regfile_alu_we_186_18/in_11[0] 	 (fanout : 1)
hpin:lp_riscv_top/lp_riscv/i_riscv_core/id_stage_i/decoder_i/mux_regfile_alu_we_221_34/in_0 	 (fanout : 1)
hpin:lp_riscv_top/lp_riscv/i_riscv_core/id_stage_i/decoder_i/mux_regfile_alu_we_221_34/in_1 	 (fanout : 1)
hpin:lp_riscv_top/lp_riscv/i_riscv_core/id_stage_i/decoder_i/mux_regfile_alu_we_282_32/in_0 	 (fanout : 1)
hpin:lp_riscv_top/lp_riscv/i_riscv_core/id_stage_i/decoder_i/mux_regfile_alu_we_282_32/in_1 	 (fanout : 1)
hpin:lp_riscv_top/lp_riscv/i_riscv_core/id_stage_i/decoder_i/mux_regfile_alu_we_325_32/in_0 	 (fanout : 1)
hpin:lp_riscv_top/lp_riscv/i_riscv_core/id_stage_i/decoder_i/mux_regfile_alu_we_325_32/in_1 	 (fanout : 1)
hpin:lp_riscv_top/lp_riscv/i_riscv_core/id_stage_i/decoder_i/mux_regfile_alu_we_832_34/in_0 	 (fanout : 1)
hpin:lp_riscv_top/lp_riscv/i_riscv_core/id_stage_i/decoder_i/mux_regfile_alu_we_832_34/in_1 	 (fanout : 1)
hpin:lp_riscv_top/lp_riscv/i_riscv_core/id_stage_i/decoder_i/mux_regfile_alu_we_966_27/in_1 	 (fanout : 1)
hpin:lp_riscv_top/lp_riscv/i_riscv_core/id_stage_i/decoder_i/mux_991_31/in_1 	 (fanout : 1)
hpin:lp_riscv_top/lp_riscv/i_riscv_core/id_stage_i/decoder_i/mux_990_31/in_1 	 (fanout : 1)
hpin:lp_riscv_top/lp_riscv/i_riscv_core/id_stage_i/decoder_i/mux_cmbsop_alu_operator_o_708_22/in_0[16] 	 (fanout : 1)
hpin:lp_riscv_top/lp_riscv/i_riscv_core/id_stage_i/decoder_i/mux_cmbsop_alu_operator_o_708_22/in_0[15] 	 (fanout : 1)
hpin:lp_riscv_top/lp_riscv/i_riscv_core/id_stage_i/decoder_i/mux_cmbsop_alu_operator_o_708_22/in_0[14] 	 (fanout : 1)
hpin:lp_riscv_top/lp_riscv/i_riscv_core/id_stage_i/decoder_i/mux_cmbsop_alu_operator_o_708_22/in_0[13] 	 (fanout : 1)
hpin:lp_riscv_top/lp_riscv/i_riscv_core/id_stage_i/decoder_i/mux_cmbsop_alu_operator_o_708_22/in_0[12] 	 (fanout : 1)
hpin:lp_riscv_top/lp_riscv/i_riscv_core/id_stage_i/decoder_i/mux_cmbsop_alu_operator_o_708_22/in_0[11] 	 (fanout : 1)
hpin:lp_riscv_top/lp_riscv/i_riscv_core/id_stage_i/decoder_i/mux_cmbsop_alu_operator_o_708_22/in_0[10] 	 (fanout : 1)
hpin:lp_riscv_top/lp_riscv/i_riscv_core/id_stage_i/decoder_i/mux_cmbsop_alu_operator_o_708_22/in_0[9] 	 (fanout : 1)
hpin:lp_riscv_top/lp_riscv/i_riscv_core/id_stage_i/decoder_i/mux_cmbsop_alu_operator_o_708_22/in_0[8] 	 (fanout : 1)
hpin:lp_riscv_top/lp_riscv/i_riscv_core/id_stage_i/decoder_i/mux_cmbsop_alu_operator_o_708_22/in_0[7] 	 (fanout : 1)
hpin:lp_riscv_top/lp_riscv/i_riscv_core/id_stage_i/decoder_i/mux_cmbsop_alu_operator_o_708_22/in_0[6] 	 (fanout : 1)
hpin:lp_riscv_top/lp_riscv/i_riscv_core/id_stage_i/decoder_i/mux_cmbsop_alu_operator_o_708_22/in_0[5] 	 (fanout : 1)
hpin:lp_riscv_top/lp_riscv/i_riscv_core/id_stage_i/decoder_i/mux_cmbsop_alu_operator_o_708_22/in_0[4] 	 (fanout : 1)
hpin:lp_riscv_top/lp_riscv/i_riscv_core/id_stage_i/decoder_i/mux_cmbsop_alu_operator_o_708_22/in_0[3] 	 (fanout : 1)
hpin:lp_riscv_top/lp_riscv/i_riscv_core/id_stage_i/decoder_i/mux_cmbsop_alu_operator_o_708_22/in_0[2] 	 (fanout : 1)
hpin:lp_riscv_top/lp_riscv/i_riscv_core/id_stage_i/decoder_i/mux_cmbsop_alu_operator_o_708_22/in_0[1] 	 (fanout : 1)
hpin:lp_riscv_top/lp_riscv/i_riscv_core/id_stage_i/decoder_i/mux_cmbsop_alu_operator_o_708_22/in_0[0] 	 (fanout : 1)
hpin:lp_riscv_top/lp_riscv/i_riscv_core/id_stage_i/decoder_i/mux_cmbsop_alu_operator_o_708_22/in_1[16] 	 (fanout : 1)
hpin:lp_riscv_top/lp_riscv/i_riscv_core/id_stage_i/decoder_i/mux_cmbsop_alu_operator_o_708_22/in_1[15] 	 (fanout : 1)
hpin:lp_riscv_top/lp_riscv/i_riscv_core/id_stage_i/decoder_i/mux_cmbsop_alu_operator_o_708_22/in_1[14] 	 (fanout : 1)
hpin:lp_riscv_top/lp_riscv/i_riscv_core/id_stage_i/decoder_i/mux_cmbsop_alu_operator_o_708_22/in_1[13] 	 (fanout : 1)
hpin:lp_riscv_top/lp_riscv/i_riscv_core/id_stage_i/decoder_i/mux_cmbsop_alu_operator_o_708_22/in_1[12] 	 (fanout : 1)
hpin:lp_riscv_top/lp_riscv/i_riscv_core/id_stage_i/decoder_i/mux_cmbsop_alu_operator_o_708_22/in_1[11] 	 (fanout : 1)
hpin:lp_riscv_top/lp_riscv/i_riscv_core/id_stage_i/decoder_i/mux_cmbsop_alu_operator_o_708_22/in_1[10] 	 (fanout : 1)
hpin:lp_riscv_top/lp_riscv/i_riscv_core/id_stage_i/decoder_i/mux_cmbsop_alu_operator_o_708_22/in_1[9] 	 (fanout : 1)
hpin:lp_riscv_top/lp_riscv/i_riscv_core/id_stage_i/decoder_i/mux_cmbsop_alu_operator_o_708_22/in_1[8] 	 (fanout : 1)
hpin:lp_riscv_top/lp_riscv/i_riscv_core/id_stage_i/decoder_i/mux_cmbsop_alu_operator_o_708_22/in_1[7] 	 (fanout : 1)
hpin:lp_riscv_top/lp_riscv/i_riscv_core/id_stage_i/decoder_i/mux_cmbsop_alu_operator_o_708_22/in_1[6] 	 (fanout : 1)
hpin:lp_riscv_top/lp_riscv/i_riscv_core/id_stage_i/decoder_i/mux_cmbsop_alu_operator_o_708_22/in_1[5] 	 (fanout : 1)
hpin:lp_riscv_top/lp_riscv/i_riscv_core/id_stage_i/decoder_i/mux_cmbsop_alu_operator_o_708_22/in_1[4] 	 (fanout : 1)
hpin:lp_riscv_top/lp_riscv/i_riscv_core/id_stage_i/decoder_i/mux_cmbsop_alu_operator_o_708_22/in_1[3] 	 (fanout : 1)
hpin:lp_riscv_top/lp_riscv/i_riscv_core/id_stage_i/decoder_i/mux_cmbsop_alu_operator_o_708_22/in_1[2] 	 (fanout : 1)
hpin:lp_riscv_top/lp_riscv/i_riscv_core/id_stage_i/decoder_i/mux_cmbsop_alu_operator_o_708_22/in_1[1] 	 (fanout : 1)
hpin:lp_riscv_top/lp_riscv/i_riscv_core/id_stage_i/decoder_i/mux_cmbsop_alu_operator_o_708_22/in_1[0] 	 (fanout : 1)
hpin:lp_riscv_top/lp_riscv/i_riscv_core/id_stage_i/decoder_i/mux_cmbsop_alu_operator_o_708_22/in_2[16] 	 (fanout : 1)
hpin:lp_riscv_top/lp_riscv/i_riscv_core/id_stage_i/decoder_i/mux_cmbsop_alu_operator_o_708_22/in_2[15] 	 (fanout : 1)
hpin:lp_riscv_top/lp_riscv/i_riscv_core/id_stage_i/decoder_i/mux_cmbsop_alu_operator_o_708_22/in_2[14] 	 (fanout : 1)
hpin:lp_riscv_top/lp_riscv/i_riscv_core/id_stage_i/decoder_i/mux_cmbsop_alu_operator_o_708_22/in_2[13] 	 (fanout : 1)
hpin:lp_riscv_top/lp_riscv/i_riscv_core/id_stage_i/decoder_i/mux_cmbsop_alu_operator_o_708_22/in_2[12] 	 (fanout : 1)
hpin:lp_riscv_top/lp_riscv/i_riscv_core/id_stage_i/decoder_i/mux_cmbsop_alu_operator_o_708_22/in_2[11] 	 (fanout : 1)
hpin:lp_riscv_top/lp_riscv/i_riscv_core/id_stage_i/decoder_i/mux_cmbsop_alu_operator_o_708_22/in_2[10] 	 (fanout : 1)
hpin:lp_riscv_top/lp_riscv/i_riscv_core/id_stage_i/decoder_i/mux_cmbsop_alu_operator_o_708_22/in_2[9] 	 (fanout : 1)
hpin:lp_riscv_top/lp_riscv/i_riscv_core/id_stage_i/decoder_i/mux_cmbsop_alu_operator_o_708_22/in_2[8] 	 (fanout : 1)
hpin:lp_riscv_top/lp_riscv/i_riscv_core/id_stage_i/decoder_i/mux_cmbsop_alu_operator_o_708_22/in_2[7] 	 (fanout : 1)
hpin:lp_riscv_top/lp_riscv/i_riscv_core/id_stage_i/decoder_i/mux_cmbsop_alu_operator_o_708_22/in_2[6] 	 (fanout : 1)
hpin:lp_riscv_top/lp_riscv/i_riscv_core/id_stage_i/decoder_i/mux_cmbsop_alu_operator_o_708_22/in_2[5] 	 (fanout : 1)
hpin:lp_riscv_top/lp_riscv/i_riscv_core/id_stage_i/decoder_i/mux_cmbsop_alu_operator_o_708_22/in_2[4] 	 (fanout : 1)
hpin:lp_riscv_top/lp_riscv/i_riscv_core/id_stage_i/decoder_i/mux_cmbsop_alu_operator_o_708_22/in_2[3] 	 (fanout : 1)
hpin:lp_riscv_top/lp_riscv/i_riscv_core/id_stage_i/decoder_i/mux_cmbsop_alu_operator_o_708_22/in_2[2] 	 (fanout : 1)
hpin:lp_riscv_top/lp_riscv/i_riscv_core/id_stage_i/decoder_i/mux_cmbsop_alu_operator_o_708_22/in_2[1] 	 (fanout : 1)
hpin:lp_riscv_top/lp_riscv/i_riscv_core/id_stage_i/decoder_i/mux_cmbsop_alu_operator_o_708_22/in_2[0] 	 (fanout : 1)
hpin:lp_riscv_top/lp_riscv/i_riscv_core/id_stage_i/decoder_i/mux_cmbsop_alu_operator_o_708_22/in_3[16] 	 (fanout : 1)
hpin:lp_riscv_top/lp_riscv/i_riscv_core/id_stage_i/decoder_i/mux_cmbsop_alu_operator_o_708_22/in_3[15] 	 (fanout : 1)
hpin:lp_riscv_top/lp_riscv/i_riscv_core/id_stage_i/decoder_i/mux_cmbsop_alu_operator_o_708_22/in_3[14] 	 (fanout : 1)
hpin:lp_riscv_top/lp_riscv/i_riscv_core/id_stage_i/decoder_i/mux_cmbsop_alu_operator_o_708_22/in_3[13] 	 (fanout : 1)
hpin:lp_riscv_top/lp_riscv/i_riscv_core/id_stage_i/decoder_i/mux_cmbsop_alu_operator_o_708_22/in_3[12] 	 (fanout : 1)
hpin:lp_riscv_top/lp_riscv/i_riscv_core/id_stage_i/decoder_i/mux_cmbsop_alu_operator_o_708_22/in_3[11] 	 (fanout : 1)
hpin:lp_riscv_top/lp_riscv/i_riscv_core/id_stage_i/decoder_i/mux_cmbsop_alu_operator_o_708_22/in_3[10] 	 (fanout : 1)
hpin:lp_riscv_top/lp_riscv/i_riscv_core/id_stage_i/decoder_i/mux_cmbsop_alu_operator_o_708_22/in_3[9] 	 (fanout : 1)
hpin:lp_riscv_top/lp_riscv/i_riscv_core/id_stage_i/decoder_i/mux_cmbsop_alu_operator_o_708_22/in_3[8] 	 (fanout : 1)
hpin:lp_riscv_top/lp_riscv/i_riscv_core/id_stage_i/decoder_i/mux_cmbsop_alu_operator_o_708_22/in_3[7] 	 (fanout : 1)
hpin:lp_riscv_top/lp_riscv/i_riscv_core/id_stage_i/decoder_i/mux_cmbsop_alu_operator_o_708_22/in_3[6] 	 (fanout : 1)
hpin:lp_riscv_top/lp_riscv/i_riscv_core/id_stage_i/decoder_i/mux_cmbsop_alu_operator_o_708_22/in_3[5] 	 (fanout : 1)
hpin:lp_riscv_top/lp_riscv/i_riscv_core/id_stage_i/decoder_i/mux_cmbsop_alu_operator_o_708_22/in_3[4] 	 (fanout : 1)
hpin:lp_riscv_top/lp_riscv/i_riscv_core/id_stage_i/decoder_i/mux_cmbsop_alu_operator_o_708_22/in_3[3] 	 (fanout : 1)
hpin:lp_riscv_top/lp_riscv/i_riscv_core/id_stage_i/decoder_i/mux_cmbsop_alu_operator_o_708_22/in_3[2] 	 (fanout : 1)
hpin:lp_riscv_top/lp_riscv/i_riscv_core/id_stage_i/decoder_i/mux_cmbsop_alu_operator_o_708_22/in_3[1] 	 (fanout : 1)
hpin:lp_riscv_top/lp_riscv/i_riscv_core/id_stage_i/decoder_i/mux_cmbsop_alu_operator_o_708_22/in_3[0] 	 (fanout : 1)
hpin:lp_riscv_top/lp_riscv/i_riscv_core/id_stage_i/decoder_i/mux_cmbsop_alu_operator_o_708_22/in_4[16] 	 (fanout : 1)
hpin:lp_riscv_top/lp_riscv/i_riscv_core/id_stage_i/decoder_i/mux_cmbsop_alu_operator_o_708_22/in_4[15] 	 (fanout : 1)
hpin:lp_riscv_top/lp_riscv/i_riscv_core/id_stage_i/decoder_i/mux_cmbsop_alu_operator_o_708_22/in_4[14] 	 (fanout : 1)
hpin:lp_riscv_top/lp_riscv/i_riscv_core/id_stage_i/decoder_i/mux_cmbsop_alu_operator_o_708_22/in_4[13] 	 (fanout : 1)
hpin:lp_riscv_top/lp_riscv/i_riscv_core/id_stage_i/decoder_i/mux_cmbsop_alu_operator_o_708_22/in_4[12] 	 (fanout : 1)
hpin:lp_riscv_top/lp_riscv/i_riscv_core/id_stage_i/decoder_i/mux_cmbsop_alu_operator_o_708_22/in_4[11] 	 (fanout : 1)
hpin:lp_riscv_top/lp_riscv/i_riscv_core/id_stage_i/decoder_i/mux_cmbsop_alu_operator_o_708_22/in_4[10] 	 (fanout : 1)
hpin:lp_riscv_top/lp_riscv/i_riscv_core/id_stage_i/decoder_i/mux_cmbsop_alu_operator_o_708_22/in_4[9] 	 (fanout : 1)
hpin:lp_riscv_top/lp_riscv/i_riscv_core/id_stage_i/decoder_i/mux_cmbsop_alu_operator_o_708_22/in_4[8] 	 (fanout : 1)
hpin:lp_riscv_top/lp_riscv/i_riscv_core/id_stage_i/decoder_i/mux_cmbsop_alu_operator_o_708_22/in_4[7] 	 (fanout : 1)
hpin:lp_riscv_top/lp_riscv/i_riscv_core/id_stage_i/decoder_i/mux_cmbsop_alu_operator_o_708_22/in_4[6] 	 (fanout : 1)
hpin:lp_riscv_top/lp_riscv/i_riscv_core/id_stage_i/decoder_i/mux_cmbsop_alu_operator_o_708_22/in_4[5] 	 (fanout : 1)
hpin:lp_riscv_top/lp_riscv/i_riscv_core/id_stage_i/decoder_i/mux_cmbsop_alu_operator_o_708_22/in_4[4] 	 (fanout : 1)
hpin:lp_riscv_top/lp_riscv/i_riscv_core/id_stage_i/decoder_i/mux_cmbsop_alu_operator_o_708_22/in_4[3] 	 (fanout : 1)
hpin:lp_riscv_top/lp_riscv/i_riscv_core/id_stage_i/decoder_i/mux_cmbsop_alu_operator_o_708_22/in_4[2] 	 (fanout : 1)
hpin:lp_riscv_top/lp_riscv/i_riscv_core/id_stage_i/decoder_i/mux_cmbsop_alu_operator_o_708_22/in_4[1] 	 (fanout : 1)
hpin:lp_riscv_top/lp_riscv/i_riscv_core/id_stage_i/decoder_i/mux_cmbsop_alu_operator_o_708_22/in_4[0] 	 (fanout : 1)
hpin:lp_riscv_top/lp_riscv/i_riscv_core/id_stage_i/decoder_i/mux_cmbsop_alu_operator_o_708_22/in_5[16] 	 (fanout : 1)
hpin:lp_riscv_top/lp_riscv/i_riscv_core/id_stage_i/decoder_i/mux_cmbsop_alu_operator_o_708_22/in_5[15] 	 (fanout : 1)
hpin:lp_riscv_top/lp_riscv/i_riscv_core/id_stage_i/decoder_i/mux_cmbsop_alu_operator_o_708_22/in_5[14] 	 (fanout : 1)
hpin:lp_riscv_top/lp_riscv/i_riscv_core/id_stage_i/decoder_i/mux_cmbsop_alu_operator_o_708_22/in_5[13] 	 (fanout : 1)
hpin:lp_riscv_top/lp_riscv/i_riscv_core/id_stage_i/decoder_i/mux_cmbsop_alu_operator_o_708_22/in_5[12] 	 (fanout : 1)
hpin:lp_riscv_top/lp_riscv/i_riscv_core/id_stage_i/decoder_i/mux_cmbsop_alu_operator_o_708_22/in_5[11] 	 (fanout : 1)
hpin:lp_riscv_top/lp_riscv/i_riscv_core/id_stage_i/decoder_i/mux_cmbsop_alu_operator_o_708_22/in_5[10] 	 (fanout : 1)
hpin:lp_riscv_top/lp_riscv/i_riscv_core/id_stage_i/decoder_i/mux_cmbsop_alu_operator_o_708_22/in_5[9] 	 (fanout : 1)
hpin:lp_riscv_top/lp_riscv/i_riscv_core/id_stage_i/decoder_i/mux_cmbsop_alu_operator_o_708_22/in_5[8] 	 (fanout : 1)
hpin:lp_riscv_top/lp_riscv/i_riscv_core/id_stage_i/decoder_i/mux_cmbsop_alu_operator_o_708_22/in_5[7] 	 (fanout : 1)
hpin:lp_riscv_top/lp_riscv/i_riscv_core/id_stage_i/decoder_i/mux_cmbsop_alu_operator_o_708_22/in_5[6] 	 (fanout : 1)
hpin:lp_riscv_top/lp_riscv/i_riscv_core/id_stage_i/decoder_i/mux_cmbsop_alu_operator_o_708_22/in_5[5] 	 (fanout : 1)
hpin:lp_riscv_top/lp_riscv/i_riscv_core/id_stage_i/decoder_i/mux_cmbsop_alu_operator_o_708_22/in_5[4] 	 (fanout : 1)
hpin:lp_riscv_top/lp_riscv/i_riscv_core/id_stage_i/decoder_i/mux_cmbsop_alu_operator_o_708_22/in_5[3] 	 (fanout : 1)
hpin:lp_riscv_top/lp_riscv/i_riscv_core/id_stage_i/decoder_i/mux_cmbsop_alu_operator_o_708_22/in_5[2] 	 (fanout : 1)
hpin:lp_riscv_top/lp_riscv/i_riscv_core/id_stage_i/decoder_i/mux_cmbsop_alu_operator_o_708_22/in_5[1] 	 (fanout : 1)
hpin:lp_riscv_top/lp_riscv/i_riscv_core/id_stage_i/decoder_i/mux_cmbsop_alu_operator_o_708_22/in_5[0] 	 (fanout : 1)
hpin:lp_riscv_top/lp_riscv/i_riscv_core/id_stage_i/decoder_i/mux_cmbsop_alu_operator_o_708_22/in_6[16] 	 (fanout : 1)
hpin:lp_riscv_top/lp_riscv/i_riscv_core/id_stage_i/decoder_i/mux_cmbsop_alu_operator_o_708_22/in_6[15] 	 (fanout : 1)
hpin:lp_riscv_top/lp_riscv/i_riscv_core/id_stage_i/decoder_i/mux_cmbsop_alu_operator_o_708_22/in_6[14] 	 (fanout : 1)
hpin:lp_riscv_top/lp_riscv/i_riscv_core/id_stage_i/decoder_i/mux_cmbsop_alu_operator_o_708_22/in_6[13] 	 (fanout : 1)
hpin:lp_riscv_top/lp_riscv/i_riscv_core/id_stage_i/decoder_i/mux_cmbsop_alu_operator_o_708_22/in_6[12] 	 (fanout : 1)
hpin:lp_riscv_top/lp_riscv/i_riscv_core/id_stage_i/decoder_i/mux_cmbsop_alu_operator_o_708_22/in_6[11] 	 (fanout : 1)
hpin:lp_riscv_top/lp_riscv/i_riscv_core/id_stage_i/decoder_i/mux_cmbsop_alu_operator_o_708_22/in_6[10] 	 (fanout : 1)
hpin:lp_riscv_top/lp_riscv/i_riscv_core/id_stage_i/decoder_i/mux_cmbsop_alu_operator_o_708_22/in_6[9] 	 (fanout : 1)
hpin:lp_riscv_top/lp_riscv/i_riscv_core/id_stage_i/decoder_i/mux_cmbsop_alu_operator_o_708_22/in_6[8] 	 (fanout : 1)
hpin:lp_riscv_top/lp_riscv/i_riscv_core/id_stage_i/decoder_i/mux_cmbsop_alu_operator_o_708_22/in_6[7] 	 (fanout : 1)
hpin:lp_riscv_top/lp_riscv/i_riscv_core/id_stage_i/decoder_i/mux_cmbsop_alu_operator_o_708_22/in_6[6] 	 (fanout : 1)
hpin:lp_riscv_top/lp_riscv/i_riscv_core/id_stage_i/decoder_i/mux_cmbsop_alu_operator_o_708_22/in_6[5] 	 (fanout : 1)
hpin:lp_riscv_top/lp_riscv/i_riscv_core/id_stage_i/decoder_i/mux_cmbsop_alu_operator_o_708_22/in_6[4] 	 (fanout : 1)
hpin:lp_riscv_top/lp_riscv/i_riscv_core/id_stage_i/decoder_i/mux_cmbsop_alu_operator_o_708_22/in_6[3] 	 (fanout : 1)
hpin:lp_riscv_top/lp_riscv/i_riscv_core/id_stage_i/decoder_i/mux_cmbsop_alu_operator_o_708_22/in_6[2] 	 (fanout : 1)
hpin:lp_riscv_top/lp_riscv/i_riscv_core/id_stage_i/decoder_i/mux_cmbsop_alu_operator_o_708_22/in_6[1] 	 (fanout : 1)
hpin:lp_riscv_top/lp_riscv/i_riscv_core/id_stage_i/decoder_i/mux_cmbsop_alu_operator_o_708_22/in_6[0] 	 (fanout : 1)
hpin:lp_riscv_top/lp_riscv/i_riscv_core/id_stage_i/decoder_i/mux_cmbsop_alu_operator_o_708_22/in_7[16] 	 (fanout : 1)
hpin:lp_riscv_top/lp_riscv/i_riscv_core/id_stage_i/decoder_i/mux_cmbsop_alu_operator_o_708_22/in_7[15] 	 (fanout : 1)
hpin:lp_riscv_top/lp_riscv/i_riscv_core/id_stage_i/decoder_i/mux_cmbsop_alu_operator_o_708_22/in_7[14] 	 (fanout : 1)
hpin:lp_riscv_top/lp_riscv/i_riscv_core/id_stage_i/decoder_i/mux_cmbsop_alu_operator_o_708_22/in_7[13] 	 (fanout : 1)
hpin:lp_riscv_top/lp_riscv/i_riscv_core/id_stage_i/decoder_i/mux_cmbsop_alu_operator_o_708_22/in_7[12] 	 (fanout : 1)
hpin:lp_riscv_top/lp_riscv/i_riscv_core/id_stage_i/decoder_i/mux_cmbsop_alu_operator_o_708_22/in_7[11] 	 (fanout : 1)
hpin:lp_riscv_top/lp_riscv/i_riscv_core/id_stage_i/decoder_i/mux_cmbsop_alu_operator_o_708_22/in_7[10] 	 (fanout : 1)
hpin:lp_riscv_top/lp_riscv/i_riscv_core/id_stage_i/decoder_i/mux_cmbsop_alu_operator_o_708_22/in_7[9] 	 (fanout : 1)
hpin:lp_riscv_top/lp_riscv/i_riscv_core/id_stage_i/decoder_i/mux_cmbsop_alu_operator_o_708_22/in_7[8] 	 (fanout : 1)
hpin:lp_riscv_top/lp_riscv/i_riscv_core/id_stage_i/decoder_i/mux_cmbsop_alu_operator_o_708_22/in_7[7] 	 (fanout : 1)
hpin:lp_riscv_top/lp_riscv/i_riscv_core/id_stage_i/decoder_i/mux_cmbsop_alu_operator_o_708_22/in_7[6] 	 (fanout : 1)
hpin:lp_riscv_top/lp_riscv/i_riscv_core/id_stage_i/decoder_i/mux_cmbsop_alu_operator_o_708_22/in_7[5] 	 (fanout : 1)
hpin:lp_riscv_top/lp_riscv/i_riscv_core/id_stage_i/decoder_i/mux_cmbsop_alu_operator_o_708_22/in_7[4] 	 (fanout : 1)
hpin:lp_riscv_top/lp_riscv/i_riscv_core/id_stage_i/decoder_i/mux_cmbsop_alu_operator_o_708_22/in_7[3] 	 (fanout : 1)
hpin:lp_riscv_top/lp_riscv/i_riscv_core/id_stage_i/decoder_i/mux_cmbsop_alu_operator_o_708_22/in_7[2] 	 (fanout : 1)
hpin:lp_riscv_top/lp_riscv/i_riscv_core/id_stage_i/decoder_i/mux_cmbsop_alu_operator_o_708_22/in_7[1] 	 (fanout : 1)
hpin:lp_riscv_top/lp_riscv/i_riscv_core/id_stage_i/decoder_i/mux_cmbsop_alu_operator_o_708_22/in_7[0] 	 (fanout : 1)
hpin:lp_riscv_top/lp_riscv/i_riscv_core/id_stage_i/decoder_i/mux_cmbsop_alu_operator_o_708_22/in_8[16] 	 (fanout : 1)
hpin:lp_riscv_top/lp_riscv/i_riscv_core/id_stage_i/decoder_i/mux_cmbsop_alu_operator_o_708_22/in_8[15] 	 (fanout : 1)
hpin:lp_riscv_top/lp_riscv/i_riscv_core/id_stage_i/decoder_i/mux_cmbsop_alu_operator_o_708_22/in_8[14] 	 (fanout : 1)
hpin:lp_riscv_top/lp_riscv/i_riscv_core/id_stage_i/decoder_i/mux_cmbsop_alu_operator_o_708_22/in_8[13] 	 (fanout : 1)
hpin:lp_riscv_top/lp_riscv/i_riscv_core/id_stage_i/decoder_i/mux_cmbsop_alu_operator_o_708_22/in_8[12] 	 (fanout : 1)
hpin:lp_riscv_top/lp_riscv/i_riscv_core/id_stage_i/decoder_i/mux_cmbsop_alu_operator_o_708_22/in_8[11] 	 (fanout : 1)
hpin:lp_riscv_top/lp_riscv/i_riscv_core/id_stage_i/decoder_i/mux_cmbsop_alu_operator_o_708_22/in_8[10] 	 (fanout : 1)
hpin:lp_riscv_top/lp_riscv/i_riscv_core/id_stage_i/decoder_i/mux_cmbsop_alu_operator_o_708_22/in_8[9] 	 (fanout : 1)
hpin:lp_riscv_top/lp_riscv/i_riscv_core/id_stage_i/decoder_i/mux_cmbsop_alu_operator_o_708_22/in_8[8] 	 (fanout : 1)
hpin:lp_riscv_top/lp_riscv/i_riscv_core/id_stage_i/decoder_i/mux_cmbsop_alu_operator_o_708_22/in_8[7] 	 (fanout : 1)
hpin:lp_riscv_top/lp_riscv/i_riscv_core/id_stage_i/decoder_i/mux_cmbsop_alu_operator_o_708_22/in_8[6] 	 (fanout : 1)
hpin:lp_riscv_top/lp_riscv/i_riscv_core/id_stage_i/decoder_i/mux_cmbsop_alu_operator_o_708_22/in_8[5] 	 (fanout : 1)
hpin:lp_riscv_top/lp_riscv/i_riscv_core/id_stage_i/decoder_i/mux_cmbsop_alu_operator_o_708_22/in_8[4] 	 (fanout : 1)
hpin:lp_riscv_top/lp_riscv/i_riscv_core/id_stage_i/decoder_i/mux_cmbsop_alu_operator_o_708_22/in_8[3] 	 (fanout : 1)
hpin:lp_riscv_top/lp_riscv/i_riscv_core/id_stage_i/decoder_i/mux_cmbsop_alu_operator_o_708_22/in_8[2] 	 (fanout : 1)
hpin:lp_riscv_top/lp_riscv/i_riscv_core/id_stage_i/decoder_i/mux_cmbsop_alu_operator_o_708_22/in_8[1] 	 (fanout : 1)
hpin:lp_riscv_top/lp_riscv/i_riscv_core/id_stage_i/decoder_i/mux_cmbsop_alu_operator_o_708_22/in_8[0] 	 (fanout : 1)
hpin:lp_riscv_top/lp_riscv/i_riscv_core/id_stage_i/decoder_i/mux_cmbsop_alu_operator_o_708_22/in_9[16] 	 (fanout : 1)
hpin:lp_riscv_top/lp_riscv/i_riscv_core/id_stage_i/decoder_i/mux_cmbsop_alu_operator_o_708_22/in_9[15] 	 (fanout : 1)
hpin:lp_riscv_top/lp_riscv/i_riscv_core/id_stage_i/decoder_i/mux_cmbsop_alu_operator_o_708_22/in_9[14] 	 (fanout : 1)
hpin:lp_riscv_top/lp_riscv/i_riscv_core/id_stage_i/decoder_i/mux_cmbsop_alu_operator_o_708_22/in_9[13] 	 (fanout : 1)
hpin:lp_riscv_top/lp_riscv/i_riscv_core/id_stage_i/decoder_i/mux_cmbsop_alu_operator_o_708_22/in_9[12] 	 (fanout : 1)
hpin:lp_riscv_top/lp_riscv/i_riscv_core/id_stage_i/decoder_i/mux_cmbsop_alu_operator_o_708_22/in_9[11] 	 (fanout : 1)
hpin:lp_riscv_top/lp_riscv/i_riscv_core/id_stage_i/decoder_i/mux_cmbsop_alu_operator_o_708_22/in_9[10] 	 (fanout : 1)
hpin:lp_riscv_top/lp_riscv/i_riscv_core/id_stage_i/decoder_i/mux_cmbsop_alu_operator_o_708_22/in_9[9] 	 (fanout : 1)
hpin:lp_riscv_top/lp_riscv/i_riscv_core/id_stage_i/decoder_i/mux_cmbsop_alu_operator_o_708_22/in_9[8] 	 (fanout : 1)
hpin:lp_riscv_top/lp_riscv/i_riscv_core/id_stage_i/decoder_i/mux_cmbsop_alu_operator_o_708_22/in_9[7] 	 (fanout : 1)
hpin:lp_riscv_top/lp_riscv/i_riscv_core/id_stage_i/decoder_i/mux_cmbsop_alu_operator_o_708_22/in_9[6] 	 (fanout : 1)
hpin:lp_riscv_top/lp_riscv/i_riscv_core/id_stage_i/decoder_i/mux_cmbsop_alu_operator_o_708_22/in_9[5] 	 (fanout : 1)
hpin:lp_riscv_top/lp_riscv/i_riscv_core/id_stage_i/decoder_i/mux_cmbsop_alu_operator_o_708_22/in_9[4] 	 (fanout : 1)
hpin:lp_riscv_top/lp_riscv/i_riscv_core/id_stage_i/decoder_i/mux_cmbsop_alu_operator_o_708_22/in_9[3] 	 (fanout : 1)
hpin:lp_riscv_top/lp_riscv/i_riscv_core/id_stage_i/decoder_i/mux_cmbsop_alu_operator_o_708_22/in_9[2] 	 (fanout : 1)
hpin:lp_riscv_top/lp_riscv/i_riscv_core/id_stage_i/decoder_i/mux_cmbsop_alu_operator_o_708_22/in_9[1] 	 (fanout : 1)
hpin:lp_riscv_top/lp_riscv/i_riscv_core/id_stage_i/decoder_i/mux_cmbsop_alu_operator_o_708_22/in_9[0] 	 (fanout : 1)
hpin:lp_riscv_top/lp_riscv/i_riscv_core/id_stage_i/decoder_i/mux_cmbsop_alu_operator_o_708_22/in_10[16] 	 (fanout : 1)
hpin:lp_riscv_top/lp_riscv/i_riscv_core/id_stage_i/decoder_i/mux_cmbsop_alu_operator_o_708_22/in_10[15] 	 (fanout : 1)
hpin:lp_riscv_top/lp_riscv/i_riscv_core/id_stage_i/decoder_i/mux_cmbsop_alu_operator_o_708_22/in_10[14] 	 (fanout : 1)
hpin:lp_riscv_top/lp_riscv/i_riscv_core/id_stage_i/decoder_i/mux_cmbsop_alu_operator_o_708_22/in_10[13] 	 (fanout : 1)
hpin:lp_riscv_top/lp_riscv/i_riscv_core/id_stage_i/decoder_i/mux_cmbsop_alu_operator_o_708_22/in_10[12] 	 (fanout : 1)
hpin:lp_riscv_top/lp_riscv/i_riscv_core/id_stage_i/decoder_i/mux_cmbsop_alu_operator_o_708_22/in_10[11] 	 (fanout : 1)
hpin:lp_riscv_top/lp_riscv/i_riscv_core/id_stage_i/decoder_i/mux_cmbsop_alu_operator_o_708_22/in_10[10] 	 (fanout : 1)
hpin:lp_riscv_top/lp_riscv/i_riscv_core/id_stage_i/decoder_i/mux_cmbsop_alu_operator_o_708_22/in_10[9] 	 (fanout : 1)
hpin:lp_riscv_top/lp_riscv/i_riscv_core/id_stage_i/decoder_i/mux_cmbsop_alu_operator_o_708_22/in_10[8] 	 (fanout : 1)
hpin:lp_riscv_top/lp_riscv/i_riscv_core/id_stage_i/decoder_i/mux_cmbsop_alu_operator_o_708_22/in_10[7] 	 (fanout : 1)
hpin:lp_riscv_top/lp_riscv/i_riscv_core/id_stage_i/decoder_i/mux_cmbsop_alu_operator_o_708_22/in_10[6] 	 (fanout : 1)
hpin:lp_riscv_top/lp_riscv/i_riscv_core/id_stage_i/decoder_i/mux_cmbsop_alu_operator_o_708_22/in_10[5] 	 (fanout : 1)
hpin:lp_riscv_top/lp_riscv/i_riscv_core/id_stage_i/decoder_i/mux_cmbsop_alu_operator_o_708_22/in_10[4] 	 (fanout : 1)
hpin:lp_riscv_top/lp_riscv/i_riscv_core/id_stage_i/decoder_i/mux_cmbsop_alu_operator_o_708_22/in_10[3] 	 (fanout : 1)
hpin:lp_riscv_top/lp_riscv/i_riscv_core/id_stage_i/decoder_i/mux_cmbsop_alu_operator_o_708_22/in_10[2] 	 (fanout : 1)
hpin:lp_riscv_top/lp_riscv/i_riscv_core/id_stage_i/decoder_i/mux_cmbsop_alu_operator_o_708_22/in_10[1] 	 (fanout : 1)
hpin:lp_riscv_top/lp_riscv/i_riscv_core/id_stage_i/decoder_i/mux_cmbsop_alu_operator_o_708_22/in_10[0] 	 (fanout : 1)
hpin:lp_riscv_top/lp_riscv/i_riscv_core/id_stage_i/decoder_i/mux_cmbsop_alu_operator_o_708_22/in_11[16] 	 (fanout : 1)
hpin:lp_riscv_top/lp_riscv/i_riscv_core/id_stage_i/decoder_i/mux_cmbsop_alu_operator_o_708_22/in_11[15] 	 (fanout : 1)
hpin:lp_riscv_top/lp_riscv/i_riscv_core/id_stage_i/decoder_i/mux_cmbsop_alu_operator_o_708_22/in_11[14] 	 (fanout : 1)
hpin:lp_riscv_top/lp_riscv/i_riscv_core/id_stage_i/decoder_i/mux_cmbsop_alu_operator_o_708_22/in_11[13] 	 (fanout : 1)
hpin:lp_riscv_top/lp_riscv/i_riscv_core/id_stage_i/decoder_i/mux_cmbsop_alu_operator_o_708_22/in_11[12] 	 (fanout : 1)
hpin:lp_riscv_top/lp_riscv/i_riscv_core/id_stage_i/decoder_i/mux_cmbsop_alu_operator_o_708_22/in_11[11] 	 (fanout : 1)
hpin:lp_riscv_top/lp_riscv/i_riscv_core/id_stage_i/decoder_i/mux_cmbsop_alu_operator_o_708_22/in_11[10] 	 (fanout : 1)
hpin:lp_riscv_top/lp_riscv/i_riscv_core/id_stage_i/decoder_i/mux_cmbsop_alu_operator_o_708_22/in_11[9] 	 (fanout : 1)
hpin:lp_riscv_top/lp_riscv/i_riscv_core/id_stage_i/decoder_i/mux_cmbsop_alu_operator_o_708_22/in_11[8] 	 (fanout : 1)
hpin:lp_riscv_top/lp_riscv/i_riscv_core/id_stage_i/decoder_i/mux_cmbsop_alu_operator_o_708_22/in_11[7] 	 (fanout : 1)
hpin:lp_riscv_top/lp_riscv/i_riscv_core/id_stage_i/decoder_i/mux_cmbsop_alu_operator_o_708_22/in_11[6] 	 (fanout : 1)
hpin:lp_riscv_top/lp_riscv/i_riscv_core/id_stage_i/decoder_i/mux_cmbsop_alu_operator_o_708_22/in_11[5] 	 (fanout : 1)
hpin:lp_riscv_top/lp_riscv/i_riscv_core/id_stage_i/decoder_i/mux_cmbsop_alu_operator_o_708_22/in_11[4] 	 (fanout : 1)
hpin:lp_riscv_top/lp_riscv/i_riscv_core/id_stage_i/decoder_i/mux_cmbsop_alu_operator_o_708_22/in_11[3] 	 (fanout : 1)
hpin:lp_riscv_top/lp_riscv/i_riscv_core/id_stage_i/decoder_i/mux_cmbsop_alu_operator_o_708_22/in_11[2] 	 (fanout : 1)
hpin:lp_riscv_top/lp_riscv/i_riscv_core/id_stage_i/decoder_i/mux_cmbsop_alu_operator_o_708_22/in_11[1] 	 (fanout : 1)
hpin:lp_riscv_top/lp_riscv/i_riscv_core/id_stage_i/decoder_i/mux_cmbsop_alu_operator_o_708_22/in_11[0] 	 (fanout : 1)
hpin:lp_riscv_top/lp_riscv/i_riscv_core/id_stage_i/decoder_i/mux_cmbsop_alu_operator_o_708_22/in_12[16] 	 (fanout : 1)
hpin:lp_riscv_top/lp_riscv/i_riscv_core/id_stage_i/decoder_i/mux_cmbsop_alu_operator_o_708_22/in_12[15] 	 (fanout : 1)
hpin:lp_riscv_top/lp_riscv/i_riscv_core/id_stage_i/decoder_i/mux_cmbsop_alu_operator_o_708_22/in_12[14] 	 (fanout : 1)
hpin:lp_riscv_top/lp_riscv/i_riscv_core/id_stage_i/decoder_i/mux_cmbsop_alu_operator_o_708_22/in_12[13] 	 (fanout : 1)
hpin:lp_riscv_top/lp_riscv/i_riscv_core/id_stage_i/decoder_i/mux_cmbsop_alu_operator_o_708_22/in_12[12] 	 (fanout : 1)
hpin:lp_riscv_top/lp_riscv/i_riscv_core/id_stage_i/decoder_i/mux_cmbsop_alu_operator_o_708_22/in_12[11] 	 (fanout : 1)
hpin:lp_riscv_top/lp_riscv/i_riscv_core/id_stage_i/decoder_i/mux_cmbsop_alu_operator_o_708_22/in_12[10] 	 (fanout : 1)
hpin:lp_riscv_top/lp_riscv/i_riscv_core/id_stage_i/decoder_i/mux_cmbsop_alu_operator_o_708_22/in_12[9] 	 (fanout : 1)
hpin:lp_riscv_top/lp_riscv/i_riscv_core/id_stage_i/decoder_i/mux_cmbsop_alu_operator_o_708_22/in_12[8] 	 (fanout : 1)
hpin:lp_riscv_top/lp_riscv/i_riscv_core/id_stage_i/decoder_i/mux_cmbsop_alu_operator_o_708_22/in_12[7] 	 (fanout : 1)
hpin:lp_riscv_top/lp_riscv/i_riscv_core/id_stage_i/decoder_i/mux_cmbsop_alu_operator_o_708_22/in_12[6] 	 (fanout : 1)
hpin:lp_riscv_top/lp_riscv/i_riscv_core/id_stage_i/decoder_i/mux_cmbsop_alu_operator_o_708_22/in_12[5] 	 (fanout : 1)
hpin:lp_riscv_top/lp_riscv/i_riscv_core/id_stage_i/decoder_i/mux_cmbsop_alu_operator_o_708_22/in_12[4] 	 (fanout : 1)
hpin:lp_riscv_top/lp_riscv/i_riscv_core/id_stage_i/decoder_i/mux_cmbsop_alu_operator_o_708_22/in_12[3] 	 (fanout : 1)
hpin:lp_riscv_top/lp_riscv/i_riscv_core/id_stage_i/decoder_i/mux_cmbsop_alu_operator_o_708_22/in_12[2] 	 (fanout : 1)
hpin:lp_riscv_top/lp_riscv/i_riscv_core/id_stage_i/decoder_i/mux_cmbsop_alu_operator_o_708_22/in_12[1] 	 (fanout : 1)
hpin:lp_riscv_top/lp_riscv/i_riscv_core/id_stage_i/decoder_i/mux_cmbsop_alu_operator_o_708_22/in_12[0] 	 (fanout : 1)
hpin:lp_riscv_top/lp_riscv/i_riscv_core/id_stage_i/decoder_i/mux_cmbsop_alu_operator_o_708_22/in_13[16] 	 (fanout : 1)
hpin:lp_riscv_top/lp_riscv/i_riscv_core/id_stage_i/decoder_i/mux_cmbsop_alu_operator_o_708_22/in_13[15] 	 (fanout : 1)
hpin:lp_riscv_top/lp_riscv/i_riscv_core/id_stage_i/decoder_i/mux_cmbsop_alu_operator_o_708_22/in_13[14] 	 (fanout : 1)
hpin:lp_riscv_top/lp_riscv/i_riscv_core/id_stage_i/decoder_i/mux_cmbsop_alu_operator_o_708_22/in_13[13] 	 (fanout : 1)
hpin:lp_riscv_top/lp_riscv/i_riscv_core/id_stage_i/decoder_i/mux_cmbsop_alu_operator_o_708_22/in_13[12] 	 (fanout : 1)
hpin:lp_riscv_top/lp_riscv/i_riscv_core/id_stage_i/decoder_i/mux_cmbsop_alu_operator_o_708_22/in_13[11] 	 (fanout : 1)
hpin:lp_riscv_top/lp_riscv/i_riscv_core/id_stage_i/decoder_i/mux_cmbsop_alu_operator_o_708_22/in_13[10] 	 (fanout : 1)
hpin:lp_riscv_top/lp_riscv/i_riscv_core/id_stage_i/decoder_i/mux_cmbsop_alu_operator_o_708_22/in_13[9] 	 (fanout : 1)
hpin:lp_riscv_top/lp_riscv/i_riscv_core/id_stage_i/decoder_i/mux_cmbsop_alu_operator_o_708_22/in_13[8] 	 (fanout : 1)
hpin:lp_riscv_top/lp_riscv/i_riscv_core/id_stage_i/decoder_i/mux_cmbsop_alu_operator_o_708_22/in_13[7] 	 (fanout : 1)
hpin:lp_riscv_top/lp_riscv/i_riscv_core/id_stage_i/decoder_i/mux_cmbsop_alu_operator_o_708_22/in_13[6] 	 (fanout : 1)
hpin:lp_riscv_top/lp_riscv/i_riscv_core/id_stage_i/decoder_i/mux_cmbsop_alu_operator_o_708_22/in_13[5] 	 (fanout : 1)
hpin:lp_riscv_top/lp_riscv/i_riscv_core/id_stage_i/decoder_i/mux_cmbsop_alu_operator_o_708_22/in_13[4] 	 (fanout : 1)
hpin:lp_riscv_top/lp_riscv/i_riscv_core/id_stage_i/decoder_i/mux_cmbsop_alu_operator_o_708_22/in_13[3] 	 (fanout : 1)
hpin:lp_riscv_top/lp_riscv/i_riscv_core/id_stage_i/decoder_i/mux_cmbsop_alu_operator_o_708_22/in_13[2] 	 (fanout : 1)
hpin:lp_riscv_top/lp_riscv/i_riscv_core/id_stage_i/decoder_i/mux_cmbsop_alu_operator_o_708_22/in_13[1] 	 (fanout : 1)
hpin:lp_riscv_top/lp_riscv/i_riscv_core/id_stage_i/decoder_i/mux_cmbsop_alu_operator_o_708_22/in_13[0] 	 (fanout : 1)
hpin:lp_riscv_top/lp_riscv/i_riscv_core/id_stage_i/decoder_i/mux_cmbsop_alu_operator_o_708_22/in_14[16] 	 (fanout : 1)
hpin:lp_riscv_top/lp_riscv/i_riscv_core/id_stage_i/decoder_i/mux_cmbsop_alu_operator_o_708_22/in_14[15] 	 (fanout : 1)
hpin:lp_riscv_top/lp_riscv/i_riscv_core/id_stage_i/decoder_i/mux_cmbsop_alu_operator_o_708_22/in_14[14] 	 (fanout : 1)
hpin:lp_riscv_top/lp_riscv/i_riscv_core/id_stage_i/decoder_i/mux_cmbsop_alu_operator_o_708_22/in_14[13] 	 (fanout : 1)
hpin:lp_riscv_top/lp_riscv/i_riscv_core/id_stage_i/decoder_i/mux_cmbsop_alu_operator_o_708_22/in_14[12] 	 (fanout : 1)
hpin:lp_riscv_top/lp_riscv/i_riscv_core/id_stage_i/decoder_i/mux_cmbsop_alu_operator_o_708_22/in_14[11] 	 (fanout : 1)
hpin:lp_riscv_top/lp_riscv/i_riscv_core/id_stage_i/decoder_i/mux_cmbsop_alu_operator_o_708_22/in_14[10] 	 (fanout : 1)
hpin:lp_riscv_top/lp_riscv/i_riscv_core/id_stage_i/decoder_i/mux_cmbsop_alu_operator_o_708_22/in_14[9] 	 (fanout : 1)
hpin:lp_riscv_top/lp_riscv/i_riscv_core/id_stage_i/decoder_i/mux_cmbsop_alu_operator_o_708_22/in_14[8] 	 (fanout : 1)
hpin:lp_riscv_top/lp_riscv/i_riscv_core/id_stage_i/decoder_i/mux_cmbsop_alu_operator_o_708_22/in_14[7] 	 (fanout : 1)
hpin:lp_riscv_top/lp_riscv/i_riscv_core/id_stage_i/decoder_i/mux_cmbsop_alu_operator_o_708_22/in_14[6] 	 (fanout : 1)
hpin:lp_riscv_top/lp_riscv/i_riscv_core/id_stage_i/decoder_i/mux_cmbsop_alu_operator_o_708_22/in_14[5] 	 (fanout : 1)
hpin:lp_riscv_top/lp_riscv/i_riscv_core/id_stage_i/decoder_i/mux_cmbsop_alu_operator_o_708_22/in_14[4] 	 (fanout : 1)
hpin:lp_riscv_top/lp_riscv/i_riscv_core/id_stage_i/decoder_i/mux_cmbsop_alu_operator_o_708_22/in_14[3] 	 (fanout : 1)
hpin:lp_riscv_top/lp_riscv/i_riscv_core/id_stage_i/decoder_i/mux_cmbsop_alu_operator_o_708_22/in_14[2] 	 (fanout : 1)
hpin:lp_riscv_top/lp_riscv/i_riscv_core/id_stage_i/decoder_i/mux_cmbsop_alu_operator_o_708_22/in_14[1] 	 (fanout : 1)
hpin:lp_riscv_top/lp_riscv/i_riscv_core/id_stage_i/decoder_i/mux_cmbsop_alu_operator_o_708_22/in_14[0] 	 (fanout : 1)
hpin:lp_riscv_top/lp_riscv/i_riscv_core/id_stage_i/decoder_i/mux_cmbsop_alu_operator_o_708_22/in_15[16] 	 (fanout : 1)
hpin:lp_riscv_top/lp_riscv/i_riscv_core/id_stage_i/decoder_i/mux_cmbsop_alu_operator_o_708_22/in_15[15] 	 (fanout : 1)
hpin:lp_riscv_top/lp_riscv/i_riscv_core/id_stage_i/decoder_i/mux_cmbsop_alu_operator_o_708_22/in_15[14] 	 (fanout : 1)
hpin:lp_riscv_top/lp_riscv/i_riscv_core/id_stage_i/decoder_i/mux_cmbsop_alu_operator_o_708_22/in_15[13] 	 (fanout : 1)
hpin:lp_riscv_top/lp_riscv/i_riscv_core/id_stage_i/decoder_i/mux_cmbsop_alu_operator_o_708_22/in_15[12] 	 (fanout : 1)
hpin:lp_riscv_top/lp_riscv/i_riscv_core/id_stage_i/decoder_i/mux_cmbsop_alu_operator_o_708_22/in_15[11] 	 (fanout : 1)
hpin:lp_riscv_top/lp_riscv/i_riscv_core/id_stage_i/decoder_i/mux_cmbsop_alu_operator_o_708_22/in_15[10] 	 (fanout : 1)
hpin:lp_riscv_top/lp_riscv/i_riscv_core/id_stage_i/decoder_i/mux_cmbsop_alu_operator_o_708_22/in_15[9] 	 (fanout : 1)
hpin:lp_riscv_top/lp_riscv/i_riscv_core/id_stage_i/decoder_i/mux_cmbsop_alu_operator_o_708_22/in_15[8] 	 (fanout : 1)
hpin:lp_riscv_top/lp_riscv/i_riscv_core/id_stage_i/decoder_i/mux_cmbsop_alu_operator_o_708_22/in_15[7] 	 (fanout : 1)
hpin:lp_riscv_top/lp_riscv/i_riscv_core/id_stage_i/decoder_i/mux_cmbsop_alu_operator_o_708_22/in_15[6] 	 (fanout : 1)
hpin:lp_riscv_top/lp_riscv/i_riscv_core/id_stage_i/decoder_i/mux_cmbsop_alu_operator_o_708_22/in_15[5] 	 (fanout : 1)
hpin:lp_riscv_top/lp_riscv/i_riscv_core/id_stage_i/decoder_i/mux_cmbsop_alu_operator_o_708_22/in_15[4] 	 (fanout : 1)
hpin:lp_riscv_top/lp_riscv/i_riscv_core/id_stage_i/decoder_i/mux_cmbsop_alu_operator_o_708_22/in_15[3] 	 (fanout : 1)
hpin:lp_riscv_top/lp_riscv/i_riscv_core/id_stage_i/decoder_i/mux_cmbsop_alu_operator_o_708_22/in_15[2] 	 (fanout : 1)
hpin:lp_riscv_top/lp_riscv/i_riscv_core/id_stage_i/decoder_i/mux_cmbsop_alu_operator_o_708_22/in_15[1] 	 (fanout : 1)
hpin:lp_riscv_top/lp_riscv/i_riscv_core/id_stage_i/decoder_i/mux_cmbsop_alu_operator_o_708_22/in_15[0] 	 (fanout : 1)
hpin:lp_riscv_top/lp_riscv/i_riscv_core/id_stage_i/decoder_i/mux_cmbsop_alu_operator_o_708_22/in_16[16] 	 (fanout : 1)
hpin:lp_riscv_top/lp_riscv/i_riscv_core/id_stage_i/decoder_i/mux_cmbsop_alu_operator_o_708_22/in_16[15] 	 (fanout : 1)
hpin:lp_riscv_top/lp_riscv/i_riscv_core/id_stage_i/decoder_i/mux_cmbsop_alu_operator_o_708_22/in_16[14] 	 (fanout : 1)
hpin:lp_riscv_top/lp_riscv/i_riscv_core/id_stage_i/decoder_i/mux_cmbsop_alu_operator_o_708_22/in_16[13] 	 (fanout : 1)
hpin:lp_riscv_top/lp_riscv/i_riscv_core/id_stage_i/decoder_i/mux_cmbsop_alu_operator_o_708_22/in_16[12] 	 (fanout : 1)
hpin:lp_riscv_top/lp_riscv/i_riscv_core/id_stage_i/decoder_i/mux_cmbsop_alu_operator_o_708_22/in_16[11] 	 (fanout : 1)
hpin:lp_riscv_top/lp_riscv/i_riscv_core/id_stage_i/decoder_i/mux_cmbsop_alu_operator_o_708_22/in_16[10] 	 (fanout : 1)
hpin:lp_riscv_top/lp_riscv/i_riscv_core/id_stage_i/decoder_i/mux_cmbsop_alu_operator_o_708_22/in_16[9] 	 (fanout : 1)
hpin:lp_riscv_top/lp_riscv/i_riscv_core/id_stage_i/decoder_i/mux_cmbsop_alu_operator_o_708_22/in_16[8] 	 (fanout : 1)
hpin:lp_riscv_top/lp_riscv/i_riscv_core/id_stage_i/decoder_i/mux_cmbsop_alu_operator_o_708_22/in_16[7] 	 (fanout : 1)
hpin:lp_riscv_top/lp_riscv/i_riscv_core/id_stage_i/decoder_i/mux_cmbsop_alu_operator_o_708_22/in_16[6] 	 (fanout : 1)
hpin:lp_riscv_top/lp_riscv/i_riscv_core/id_stage_i/decoder_i/mux_cmbsop_alu_operator_o_708_22/in_16[5] 	 (fanout : 1)
hpin:lp_riscv_top/lp_riscv/i_riscv_core/id_stage_i/decoder_i/mux_cmbsop_alu_operator_o_708_22/in_16[4] 	 (fanout : 1)
hpin:lp_riscv_top/lp_riscv/i_riscv_core/id_stage_i/decoder_i/mux_cmbsop_alu_operator_o_708_22/in_16[3] 	 (fanout : 1)
hpin:lp_riscv_top/lp_riscv/i_riscv_core/id_stage_i/decoder_i/mux_cmbsop_alu_operator_o_708_22/in_16[2] 	 (fanout : 1)
hpin:lp_riscv_top/lp_riscv/i_riscv_core/id_stage_i/decoder_i/mux_cmbsop_alu_operator_o_708_22/in_16[1] 	 (fanout : 1)
hpin:lp_riscv_top/lp_riscv/i_riscv_core/id_stage_i/decoder_i/mux_cmbsop_alu_operator_o_708_22/in_16[0] 	 (fanout : 1)
hpin:lp_riscv_top/lp_riscv/i_riscv_core/id_stage_i/decoder_i/mux_cmbsop_alu_operator_o_708_22/in_17[16] 	 (fanout : 1)
hpin:lp_riscv_top/lp_riscv/i_riscv_core/id_stage_i/decoder_i/mux_cmbsop_alu_operator_o_708_22/in_17[15] 	 (fanout : 1)
hpin:lp_riscv_top/lp_riscv/i_riscv_core/id_stage_i/decoder_i/mux_cmbsop_alu_operator_o_708_22/in_17[14] 	 (fanout : 1)
hpin:lp_riscv_top/lp_riscv/i_riscv_core/id_stage_i/decoder_i/mux_cmbsop_alu_operator_o_708_22/in_17[13] 	 (fanout : 1)
hpin:lp_riscv_top/lp_riscv/i_riscv_core/id_stage_i/decoder_i/mux_cmbsop_alu_operator_o_708_22/in_17[12] 	 (fanout : 1)
hpin:lp_riscv_top/lp_riscv/i_riscv_core/id_stage_i/decoder_i/mux_cmbsop_alu_operator_o_708_22/in_17[11] 	 (fanout : 1)
hpin:lp_riscv_top/lp_riscv/i_riscv_core/id_stage_i/decoder_i/mux_cmbsop_alu_operator_o_708_22/in_17[10] 	 (fanout : 1)
hpin:lp_riscv_top/lp_riscv/i_riscv_core/id_stage_i/decoder_i/mux_cmbsop_alu_operator_o_708_22/in_17[9] 	 (fanout : 1)
hpin:lp_riscv_top/lp_riscv/i_riscv_core/id_stage_i/decoder_i/mux_cmbsop_alu_operator_o_708_22/in_17[8] 	 (fanout : 1)
hpin:lp_riscv_top/lp_riscv/i_riscv_core/id_stage_i/decoder_i/mux_cmbsop_alu_operator_o_708_22/in_17[7] 	 (fanout : 1)
hpin:lp_riscv_top/lp_riscv/i_riscv_core/id_stage_i/decoder_i/mux_cmbsop_alu_operator_o_708_22/in_17[6] 	 (fanout : 1)
hpin:lp_riscv_top/lp_riscv/i_riscv_core/id_stage_i/decoder_i/mux_cmbsop_alu_operator_o_708_22/in_17[5] 	 (fanout : 1)
hpin:lp_riscv_top/lp_riscv/i_riscv_core/id_stage_i/decoder_i/mux_cmbsop_alu_operator_o_708_22/in_17[4] 	 (fanout : 1)
hpin:lp_riscv_top/lp_riscv/i_riscv_core/id_stage_i/decoder_i/mux_cmbsop_alu_operator_o_708_22/in_17[3] 	 (fanout : 1)
hpin:lp_riscv_top/lp_riscv/i_riscv_core/id_stage_i/decoder_i/mux_cmbsop_alu_operator_o_708_22/in_17[2] 	 (fanout : 1)
hpin:lp_riscv_top/lp_riscv/i_riscv_core/id_stage_i/decoder_i/mux_cmbsop_alu_operator_o_708_22/in_17[1] 	 (fanout : 1)
hpin:lp_riscv_top/lp_riscv/i_riscv_core/id_stage_i/decoder_i/mux_cmbsop_alu_operator_o_708_22/in_17[0] 	 (fanout : 1)
hpin:lp_riscv_top/lp_riscv/i_riscv_core/id_stage_i/decoder_i/mux_cmbsop_alu_operator_o_708_22/in_18[16] 	 (fanout : 1)
hpin:lp_riscv_top/lp_riscv/i_riscv_core/id_stage_i/decoder_i/mux_cmbsop_alu_operator_o_708_22/in_18[15] 	 (fanout : 1)
hpin:lp_riscv_top/lp_riscv/i_riscv_core/id_stage_i/decoder_i/mux_cmbsop_alu_operator_o_708_22/in_18[14] 	 (fanout : 1)
hpin:lp_riscv_top/lp_riscv/i_riscv_core/id_stage_i/decoder_i/mux_cmbsop_alu_operator_o_708_22/in_18[13] 	 (fanout : 1)
hpin:lp_riscv_top/lp_riscv/i_riscv_core/id_stage_i/decoder_i/mux_cmbsop_alu_operator_o_708_22/in_18[12] 	 (fanout : 1)
hpin:lp_riscv_top/lp_riscv/i_riscv_core/id_stage_i/decoder_i/mux_cmbsop_alu_operator_o_708_22/in_18[11] 	 (fanout : 1)
hpin:lp_riscv_top/lp_riscv/i_riscv_core/id_stage_i/decoder_i/mux_cmbsop_alu_operator_o_708_22/in_18[10] 	 (fanout : 1)
hpin:lp_riscv_top/lp_riscv/i_riscv_core/id_stage_i/decoder_i/mux_cmbsop_alu_operator_o_708_22/in_18[9] 	 (fanout : 1)
hpin:lp_riscv_top/lp_riscv/i_riscv_core/id_stage_i/decoder_i/mux_cmbsop_alu_operator_o_708_22/in_18[8] 	 (fanout : 1)
hpin:lp_riscv_top/lp_riscv/i_riscv_core/id_stage_i/decoder_i/mux_cmbsop_alu_operator_o_708_22/in_18[7] 	 (fanout : 1)
hpin:lp_riscv_top/lp_riscv/i_riscv_core/id_stage_i/decoder_i/mux_cmbsop_alu_operator_o_708_22/in_18[6] 	 (fanout : 1)
hpin:lp_riscv_top/lp_riscv/i_riscv_core/id_stage_i/decoder_i/mux_cmbsop_alu_operator_o_708_22/in_18[5] 	 (fanout : 1)
hpin:lp_riscv_top/lp_riscv/i_riscv_core/id_stage_i/decoder_i/mux_cmbsop_alu_operator_o_708_22/in_18[4] 	 (fanout : 1)
hpin:lp_riscv_top/lp_riscv/i_riscv_core/id_stage_i/decoder_i/mux_cmbsop_alu_operator_o_708_22/in_18[3] 	 (fanout : 1)
hpin:lp_riscv_top/lp_riscv/i_riscv_core/id_stage_i/decoder_i/mux_cmbsop_alu_operator_o_708_22/in_18[2] 	 (fanout : 1)
hpin:lp_riscv_top/lp_riscv/i_riscv_core/id_stage_i/decoder_i/mux_cmbsop_alu_operator_o_708_22/in_18[1] 	 (fanout : 1)
hpin:lp_riscv_top/lp_riscv/i_riscv_core/id_stage_i/decoder_i/mux_cmbsop_alu_operator_o_708_22/in_18[0] 	 (fanout : 1)
hpin:lp_riscv_top/lp_riscv/i_riscv_core/id_stage_i/decoder_i/mux_cmbsop_alu_operator_o_708_22/in_19[16] 	 (fanout : 1)
hpin:lp_riscv_top/lp_riscv/i_riscv_core/id_stage_i/decoder_i/mux_cmbsop_alu_operator_o_708_22/in_19[15] 	 (fanout : 1)
hpin:lp_riscv_top/lp_riscv/i_riscv_core/id_stage_i/decoder_i/mux_cmbsop_alu_operator_o_708_22/in_19[14] 	 (fanout : 1)
hpin:lp_riscv_top/lp_riscv/i_riscv_core/id_stage_i/decoder_i/mux_cmbsop_alu_operator_o_708_22/in_19[13] 	 (fanout : 1)
hpin:lp_riscv_top/lp_riscv/i_riscv_core/id_stage_i/decoder_i/mux_cmbsop_alu_operator_o_708_22/in_19[12] 	 (fanout : 1)
hpin:lp_riscv_top/lp_riscv/i_riscv_core/id_stage_i/decoder_i/mux_cmbsop_alu_operator_o_708_22/in_19[11] 	 (fanout : 1)
hpin:lp_riscv_top/lp_riscv/i_riscv_core/id_stage_i/decoder_i/mux_cmbsop_alu_operator_o_708_22/in_19[10] 	 (fanout : 1)
hpin:lp_riscv_top/lp_riscv/i_riscv_core/id_stage_i/decoder_i/mux_cmbsop_alu_operator_o_708_22/in_19[9] 	 (fanout : 1)
hpin:lp_riscv_top/lp_riscv/i_riscv_core/id_stage_i/decoder_i/mux_cmbsop_alu_operator_o_708_22/in_19[8] 	 (fanout : 1)
hpin:lp_riscv_top/lp_riscv/i_riscv_core/id_stage_i/decoder_i/mux_cmbsop_alu_operator_o_708_22/in_19[7] 	 (fanout : 1)
hpin:lp_riscv_top/lp_riscv/i_riscv_core/id_stage_i/decoder_i/mux_cmbsop_alu_operator_o_708_22/in_19[6] 	 (fanout : 1)
hpin:lp_riscv_top/lp_riscv/i_riscv_core/id_stage_i/decoder_i/mux_cmbsop_alu_operator_o_708_22/in_19[5] 	 (fanout : 1)
hpin:lp_riscv_top/lp_riscv/i_riscv_core/id_stage_i/decoder_i/mux_cmbsop_alu_operator_o_708_22/in_19[4] 	 (fanout : 1)
hpin:lp_riscv_top/lp_riscv/i_riscv_core/id_stage_i/decoder_i/mux_cmbsop_alu_operator_o_708_22/in_19[3] 	 (fanout : 1)
hpin:lp_riscv_top/lp_riscv/i_riscv_core/id_stage_i/decoder_i/mux_cmbsop_alu_operator_o_708_22/in_19[2] 	 (fanout : 1)
hpin:lp_riscv_top/lp_riscv/i_riscv_core/id_stage_i/decoder_i/mux_cmbsop_alu_operator_o_708_22/in_19[1] 	 (fanout : 1)
hpin:lp_riscv_top/lp_riscv/i_riscv_core/id_stage_i/decoder_i/mux_cmbsop_alu_operator_o_708_22/in_19[0] 	 (fanout : 1)
hpin:lp_riscv_top/lp_riscv/i_riscv_core/id_stage_i/decoder_i/mux_cmbsop_alu_operator_o_708_22/in_20[16] 	 (fanout : 1)
hpin:lp_riscv_top/lp_riscv/i_riscv_core/id_stage_i/decoder_i/mux_cmbsop_alu_operator_o_708_22/in_20[15] 	 (fanout : 1)
hpin:lp_riscv_top/lp_riscv/i_riscv_core/id_stage_i/decoder_i/mux_cmbsop_alu_operator_o_708_22/in_20[14] 	 (fanout : 1)
hpin:lp_riscv_top/lp_riscv/i_riscv_core/id_stage_i/decoder_i/mux_cmbsop_alu_operator_o_708_22/in_20[13] 	 (fanout : 1)
hpin:lp_riscv_top/lp_riscv/i_riscv_core/id_stage_i/decoder_i/mux_cmbsop_alu_operator_o_708_22/in_20[12] 	 (fanout : 1)
hpin:lp_riscv_top/lp_riscv/i_riscv_core/id_stage_i/decoder_i/mux_cmbsop_alu_operator_o_708_22/in_20[11] 	 (fanout : 1)
hpin:lp_riscv_top/lp_riscv/i_riscv_core/id_stage_i/decoder_i/mux_cmbsop_alu_operator_o_708_22/in_20[10] 	 (fanout : 1)
hpin:lp_riscv_top/lp_riscv/i_riscv_core/id_stage_i/decoder_i/mux_cmbsop_alu_operator_o_708_22/in_20[9] 	 (fanout : 1)
hpin:lp_riscv_top/lp_riscv/i_riscv_core/id_stage_i/decoder_i/mux_cmbsop_alu_operator_o_708_22/in_20[8] 	 (fanout : 1)
hpin:lp_riscv_top/lp_riscv/i_riscv_core/id_stage_i/decoder_i/mux_cmbsop_alu_operator_o_708_22/in_20[7] 	 (fanout : 1)
hpin:lp_riscv_top/lp_riscv/i_riscv_core/id_stage_i/decoder_i/mux_cmbsop_alu_operator_o_708_22/in_20[6] 	 (fanout : 1)
hpin:lp_riscv_top/lp_riscv/i_riscv_core/id_stage_i/decoder_i/mux_cmbsop_alu_operator_o_708_22/in_20[5] 	 (fanout : 1)
hpin:lp_riscv_top/lp_riscv/i_riscv_core/id_stage_i/decoder_i/mux_cmbsop_alu_operator_o_708_22/in_20[4] 	 (fanout : 1)
hpin:lp_riscv_top/lp_riscv/i_riscv_core/id_stage_i/decoder_i/mux_cmbsop_alu_operator_o_708_22/in_20[3] 	 (fanout : 1)
hpin:lp_riscv_top/lp_riscv/i_riscv_core/id_stage_i/decoder_i/mux_cmbsop_alu_operator_o_708_22/in_20[2] 	 (fanout : 1)
hpin:lp_riscv_top/lp_riscv/i_riscv_core/id_stage_i/decoder_i/mux_cmbsop_alu_operator_o_708_22/in_20[1] 	 (fanout : 1)
hpin:lp_riscv_top/lp_riscv/i_riscv_core/id_stage_i/decoder_i/mux_cmbsop_alu_operator_o_708_22/in_20[0] 	 (fanout : 1)
hpin:lp_riscv_top/lp_riscv/i_riscv_core/id_stage_i/decoder_i/mux_cmbsop_alu_operator_o_708_22/in_21[16] 	 (fanout : 1)
hpin:lp_riscv_top/lp_riscv/i_riscv_core/id_stage_i/decoder_i/mux_cmbsop_alu_operator_o_708_22/in_21[15] 	 (fanout : 1)
hpin:lp_riscv_top/lp_riscv/i_riscv_core/id_stage_i/decoder_i/mux_cmbsop_alu_operator_o_708_22/in_21[14] 	 (fanout : 1)
hpin:lp_riscv_top/lp_riscv/i_riscv_core/id_stage_i/decoder_i/mux_cmbsop_alu_operator_o_708_22/in_21[13] 	 (fanout : 1)
hpin:lp_riscv_top/lp_riscv/i_riscv_core/id_stage_i/decoder_i/mux_cmbsop_alu_operator_o_708_22/in_21[12] 	 (fanout : 1)
hpin:lp_riscv_top/lp_riscv/i_riscv_core/id_stage_i/decoder_i/mux_cmbsop_alu_operator_o_708_22/in_21[11] 	 (fanout : 1)
hpin:lp_riscv_top/lp_riscv/i_riscv_core/id_stage_i/decoder_i/mux_cmbsop_alu_operator_o_708_22/in_21[10] 	 (fanout : 1)
hpin:lp_riscv_top/lp_riscv/i_riscv_core/id_stage_i/decoder_i/mux_cmbsop_alu_operator_o_708_22/in_21[9] 	 (fanout : 1)
hpin:lp_riscv_top/lp_riscv/i_riscv_core/id_stage_i/decoder_i/mux_cmbsop_alu_operator_o_708_22/in_21[8] 	 (fanout : 1)
hpin:lp_riscv_top/lp_riscv/i_riscv_core/id_stage_i/decoder_i/mux_cmbsop_alu_operator_o_708_22/in_21[7] 	 (fanout : 1)
hpin:lp_riscv_top/lp_riscv/i_riscv_core/id_stage_i/decoder_i/mux_cmbsop_alu_operator_o_708_22/in_21[6] 	 (fanout : 1)
hpin:lp_riscv_top/lp_riscv/i_riscv_core/id_stage_i/decoder_i/mux_cmbsop_alu_operator_o_708_22/in_21[5] 	 (fanout : 1)
hpin:lp_riscv_top/lp_riscv/i_riscv_core/id_stage_i/decoder_i/mux_cmbsop_alu_operator_o_708_22/in_21[4] 	 (fanout : 1)
hpin:lp_riscv_top/lp_riscv/i_riscv_core/id_stage_i/decoder_i/mux_cmbsop_alu_operator_o_708_22/in_21[3] 	 (fanout : 1)
hpin:lp_riscv_top/lp_riscv/i_riscv_core/id_stage_i/decoder_i/mux_cmbsop_alu_operator_o_708_22/in_21[2] 	 (fanout : 1)
hpin:lp_riscv_top/lp_riscv/i_riscv_core/id_stage_i/decoder_i/mux_cmbsop_alu_operator_o_708_22/in_21[1] 	 (fanout : 1)
hpin:lp_riscv_top/lp_riscv/i_riscv_core/id_stage_i/decoder_i/mux_cmbsop_alu_operator_o_708_22/in_21[0] 	 (fanout : 1)
hpin:lp_riscv_top/lp_riscv/i_riscv_core/id_stage_i/decoder_i/mux_cmbsop_alu_operator_o_708_22/in_22[16] 	 (fanout : 1)
hpin:lp_riscv_top/lp_riscv/i_riscv_core/id_stage_i/decoder_i/mux_cmbsop_alu_operator_o_708_22/in_22[15] 	 (fanout : 1)
hpin:lp_riscv_top/lp_riscv/i_riscv_core/id_stage_i/decoder_i/mux_cmbsop_alu_operator_o_708_22/in_22[14] 	 (fanout : 1)
hpin:lp_riscv_top/lp_riscv/i_riscv_core/id_stage_i/decoder_i/mux_cmbsop_alu_operator_o_708_22/in_22[13] 	 (fanout : 1)
hpin:lp_riscv_top/lp_riscv/i_riscv_core/id_stage_i/decoder_i/mux_cmbsop_alu_operator_o_708_22/in_22[12] 	 (fanout : 1)
hpin:lp_riscv_top/lp_riscv/i_riscv_core/id_stage_i/decoder_i/mux_cmbsop_alu_operator_o_708_22/in_22[11] 	 (fanout : 1)
hpin:lp_riscv_top/lp_riscv/i_riscv_core/id_stage_i/decoder_i/mux_cmbsop_alu_operator_o_708_22/in_22[10] 	 (fanout : 1)
hpin:lp_riscv_top/lp_riscv/i_riscv_core/id_stage_i/decoder_i/mux_cmbsop_alu_operator_o_708_22/in_22[9] 	 (fanout : 1)
hpin:lp_riscv_top/lp_riscv/i_riscv_core/id_stage_i/decoder_i/mux_cmbsop_alu_operator_o_708_22/in_22[8] 	 (fanout : 1)
hpin:lp_riscv_top/lp_riscv/i_riscv_core/id_stage_i/decoder_i/mux_cmbsop_alu_operator_o_708_22/in_22[7] 	 (fanout : 1)
hpin:lp_riscv_top/lp_riscv/i_riscv_core/id_stage_i/decoder_i/mux_cmbsop_alu_operator_o_708_22/in_22[6] 	 (fanout : 1)
hpin:lp_riscv_top/lp_riscv/i_riscv_core/id_stage_i/decoder_i/mux_cmbsop_alu_operator_o_708_22/in_22[5] 	 (fanout : 1)
hpin:lp_riscv_top/lp_riscv/i_riscv_core/id_stage_i/decoder_i/mux_cmbsop_alu_operator_o_708_22/in_22[4] 	 (fanout : 1)
hpin:lp_riscv_top/lp_riscv/i_riscv_core/id_stage_i/decoder_i/mux_cmbsop_alu_operator_o_708_22/in_22[3] 	 (fanout : 1)
hpin:lp_riscv_top/lp_riscv/i_riscv_core/id_stage_i/decoder_i/mux_cmbsop_alu_operator_o_708_22/in_22[2] 	 (fanout : 1)
hpin:lp_riscv_top/lp_riscv/i_riscv_core/id_stage_i/decoder_i/mux_cmbsop_alu_operator_o_708_22/in_22[1] 	 (fanout : 1)
hpin:lp_riscv_top/lp_riscv/i_riscv_core/id_stage_i/decoder_i/mux_cmbsop_alu_operator_o_708_22/in_22[0] 	 (fanout : 1)
hpin:lp_riscv_top/lp_riscv/i_riscv_core/id_stage_i/decoder_i/mux_cmbsop_alu_operator_o_708_22/in_23[16] 	 (fanout : 1)
hpin:lp_riscv_top/lp_riscv/i_riscv_core/id_stage_i/decoder_i/mux_cmbsop_alu_operator_o_708_22/in_23[15] 	 (fanout : 1)
hpin:lp_riscv_top/lp_riscv/i_riscv_core/id_stage_i/decoder_i/mux_cmbsop_alu_operator_o_708_22/in_23[14] 	 (fanout : 1)
hpin:lp_riscv_top/lp_riscv/i_riscv_core/id_stage_i/decoder_i/mux_cmbsop_alu_operator_o_708_22/in_23[13] 	 (fanout : 1)
hpin:lp_riscv_top/lp_riscv/i_riscv_core/id_stage_i/decoder_i/mux_cmbsop_alu_operator_o_708_22/in_23[12] 	 (fanout : 1)
hpin:lp_riscv_top/lp_riscv/i_riscv_core/id_stage_i/decoder_i/mux_cmbsop_alu_operator_o_708_22/in_23[11] 	 (fanout : 1)
hpin:lp_riscv_top/lp_riscv/i_riscv_core/id_stage_i/decoder_i/mux_cmbsop_alu_operator_o_708_22/in_23[10] 	 (fanout : 1)
hpin:lp_riscv_top/lp_riscv/i_riscv_core/id_stage_i/decoder_i/mux_cmbsop_alu_operator_o_708_22/in_23[9] 	 (fanout : 1)
hpin:lp_riscv_top/lp_riscv/i_riscv_core/id_stage_i/decoder_i/mux_cmbsop_alu_operator_o_708_22/in_23[8] 	 (fanout : 1)
hpin:lp_riscv_top/lp_riscv/i_riscv_core/id_stage_i/decoder_i/mux_cmbsop_alu_operator_o_708_22/in_23[7] 	 (fanout : 1)
hpin:lp_riscv_top/lp_riscv/i_riscv_core/id_stage_i/decoder_i/mux_cmbsop_alu_operator_o_708_22/in_23[6] 	 (fanout : 1)
hpin:lp_riscv_top/lp_riscv/i_riscv_core/id_stage_i/decoder_i/mux_cmbsop_alu_operator_o_708_22/in_23[5] 	 (fanout : 1)
hpin:lp_riscv_top/lp_riscv/i_riscv_core/id_stage_i/decoder_i/mux_cmbsop_alu_operator_o_708_22/in_23[4] 	 (fanout : 1)
hpin:lp_riscv_top/lp_riscv/i_riscv_core/id_stage_i/decoder_i/mux_cmbsop_alu_operator_o_708_22/in_23[3] 	 (fanout : 1)
hpin:lp_riscv_top/lp_riscv/i_riscv_core/id_stage_i/decoder_i/mux_cmbsop_alu_operator_o_708_22/in_23[2] 	 (fanout : 1)
hpin:lp_riscv_top/lp_riscv/i_riscv_core/id_stage_i/decoder_i/mux_cmbsop_alu_operator_o_708_22/in_23[1] 	 (fanout : 1)
hpin:lp_riscv_top/lp_riscv/i_riscv_core/id_stage_i/decoder_i/mux_cmbsop_alu_operator_o_708_22/in_23[0] 	 (fanout : 1)
hpin:lp_riscv_top/lp_riscv/i_riscv_core/id_stage_i/decoder_i/mux_cmbsop_alu_operator_o_708_22/in_24[16] 	 (fanout : 1)
hpin:lp_riscv_top/lp_riscv/i_riscv_core/id_stage_i/decoder_i/mux_cmbsop_alu_operator_o_708_22/in_24[15] 	 (fanout : 1)
hpin:lp_riscv_top/lp_riscv/i_riscv_core/id_stage_i/decoder_i/mux_cmbsop_alu_operator_o_708_22/in_24[14] 	 (fanout : 1)
hpin:lp_riscv_top/lp_riscv/i_riscv_core/id_stage_i/decoder_i/mux_cmbsop_alu_operator_o_708_22/in_24[13] 	 (fanout : 1)
hpin:lp_riscv_top/lp_riscv/i_riscv_core/id_stage_i/decoder_i/mux_cmbsop_alu_operator_o_708_22/in_24[12] 	 (fanout : 1)
hpin:lp_riscv_top/lp_riscv/i_riscv_core/id_stage_i/decoder_i/mux_cmbsop_alu_operator_o_708_22/in_24[11] 	 (fanout : 1)
hpin:lp_riscv_top/lp_riscv/i_riscv_core/id_stage_i/decoder_i/mux_cmbsop_alu_operator_o_708_22/in_24[10] 	 (fanout : 1)
hpin:lp_riscv_top/lp_riscv/i_riscv_core/id_stage_i/decoder_i/mux_cmbsop_alu_operator_o_708_22/in_24[9] 	 (fanout : 1)
hpin:lp_riscv_top/lp_riscv/i_riscv_core/id_stage_i/decoder_i/mux_cmbsop_alu_operator_o_708_22/in_24[8] 	 (fanout : 1)
hpin:lp_riscv_top/lp_riscv/i_riscv_core/id_stage_i/decoder_i/mux_cmbsop_alu_operator_o_708_22/in_24[7] 	 (fanout : 1)
hpin:lp_riscv_top/lp_riscv/i_riscv_core/id_stage_i/decoder_i/mux_cmbsop_alu_operator_o_708_22/in_24[6] 	 (fanout : 1)
hpin:lp_riscv_top/lp_riscv/i_riscv_core/id_stage_i/decoder_i/mux_cmbsop_alu_operator_o_708_22/in_24[5] 	 (fanout : 1)
hpin:lp_riscv_top/lp_riscv/i_riscv_core/id_stage_i/decoder_i/mux_cmbsop_alu_operator_o_708_22/in_24[4] 	 (fanout : 1)
hpin:lp_riscv_top/lp_riscv/i_riscv_core/id_stage_i/decoder_i/mux_cmbsop_alu_operator_o_708_22/in_24[3] 	 (fanout : 1)
hpin:lp_riscv_top/lp_riscv/i_riscv_core/id_stage_i/decoder_i/mux_cmbsop_alu_operator_o_708_22/in_24[2] 	 (fanout : 1)
hpin:lp_riscv_top/lp_riscv/i_riscv_core/id_stage_i/decoder_i/mux_cmbsop_alu_operator_o_708_22/in_24[1] 	 (fanout : 1)
hpin:lp_riscv_top/lp_riscv/i_riscv_core/id_stage_i/decoder_i/mux_cmbsop_alu_operator_o_708_22/in_24[0] 	 (fanout : 1)
hpin:lp_riscv_top/lp_riscv/i_riscv_core/id_stage_i/decoder_i/mux_cmbsop_alu_operator_o_708_22/in_25[16] 	 (fanout : 1)
hpin:lp_riscv_top/lp_riscv/i_riscv_core/id_stage_i/decoder_i/mux_cmbsop_alu_operator_o_708_22/in_25[15] 	 (fanout : 1)
hpin:lp_riscv_top/lp_riscv/i_riscv_core/id_stage_i/decoder_i/mux_cmbsop_alu_operator_o_708_22/in_25[14] 	 (fanout : 1)
hpin:lp_riscv_top/lp_riscv/i_riscv_core/id_stage_i/decoder_i/mux_cmbsop_alu_operator_o_708_22/in_25[13] 	 (fanout : 1)
hpin:lp_riscv_top/lp_riscv/i_riscv_core/id_stage_i/decoder_i/mux_cmbsop_alu_operator_o_708_22/in_25[12] 	 (fanout : 1)
hpin:lp_riscv_top/lp_riscv/i_riscv_core/id_stage_i/decoder_i/mux_cmbsop_alu_operator_o_708_22/in_25[11] 	 (fanout : 1)
hpin:lp_riscv_top/lp_riscv/i_riscv_core/id_stage_i/decoder_i/mux_cmbsop_alu_operator_o_708_22/in_25[10] 	 (fanout : 1)
hpin:lp_riscv_top/lp_riscv/i_riscv_core/id_stage_i/decoder_i/mux_cmbsop_alu_operator_o_708_22/in_25[9] 	 (fanout : 1)
hpin:lp_riscv_top/lp_riscv/i_riscv_core/id_stage_i/decoder_i/mux_cmbsop_alu_operator_o_708_22/in_25[8] 	 (fanout : 1)
hpin:lp_riscv_top/lp_riscv/i_riscv_core/id_stage_i/decoder_i/mux_cmbsop_alu_operator_o_708_22/in_25[7] 	 (fanout : 1)
hpin:lp_riscv_top/lp_riscv/i_riscv_core/id_stage_i/decoder_i/mux_cmbsop_alu_operator_o_708_22/in_25[6] 	 (fanout : 1)
hpin:lp_riscv_top/lp_riscv/i_riscv_core/id_stage_i/decoder_i/mux_cmbsop_alu_operator_o_708_22/in_25[5] 	 (fanout : 1)
hpin:lp_riscv_top/lp_riscv/i_riscv_core/id_stage_i/decoder_i/mux_cmbsop_alu_operator_o_708_22/in_25[4] 	 (fanout : 1)
hpin:lp_riscv_top/lp_riscv/i_riscv_core/id_stage_i/decoder_i/mux_cmbsop_alu_operator_o_708_22/in_25[3] 	 (fanout : 1)
hpin:lp_riscv_top/lp_riscv/i_riscv_core/id_stage_i/decoder_i/mux_cmbsop_alu_operator_o_708_22/in_25[2] 	 (fanout : 1)
hpin:lp_riscv_top/lp_riscv/i_riscv_core/id_stage_i/decoder_i/mux_cmbsop_alu_operator_o_708_22/in_25[1] 	 (fanout : 1)
hpin:lp_riscv_top/lp_riscv/i_riscv_core/id_stage_i/decoder_i/mux_cmbsop_alu_operator_o_708_22/in_25[0] 	 (fanout : 1)
hpin:lp_riscv_top/lp_riscv/i_riscv_core/id_stage_i/decoder_i/mux_cmbsop_alu_operator_o_708_22/in_26[16] 	 (fanout : 1)
hpin:lp_riscv_top/lp_riscv/i_riscv_core/id_stage_i/decoder_i/mux_cmbsop_alu_operator_o_708_22/in_26[15] 	 (fanout : 1)
hpin:lp_riscv_top/lp_riscv/i_riscv_core/id_stage_i/decoder_i/mux_cmbsop_alu_operator_o_708_22/in_26[14] 	 (fanout : 1)
hpin:lp_riscv_top/lp_riscv/i_riscv_core/id_stage_i/decoder_i/mux_cmbsop_alu_operator_o_708_22/in_26[13] 	 (fanout : 1)
hpin:lp_riscv_top/lp_riscv/i_riscv_core/id_stage_i/decoder_i/mux_cmbsop_alu_operator_o_708_22/in_26[12] 	 (fanout : 1)
hpin:lp_riscv_top/lp_riscv/i_riscv_core/id_stage_i/decoder_i/mux_cmbsop_alu_operator_o_708_22/in_26[11] 	 (fanout : 1)
hpin:lp_riscv_top/lp_riscv/i_riscv_core/id_stage_i/decoder_i/mux_cmbsop_alu_operator_o_708_22/in_26[10] 	 (fanout : 1)
hpin:lp_riscv_top/lp_riscv/i_riscv_core/id_stage_i/decoder_i/mux_cmbsop_alu_operator_o_708_22/in_26[9] 	 (fanout : 1)
hpin:lp_riscv_top/lp_riscv/i_riscv_core/id_stage_i/decoder_i/mux_cmbsop_alu_operator_o_708_22/in_26[8] 	 (fanout : 1)
hpin:lp_riscv_top/lp_riscv/i_riscv_core/id_stage_i/decoder_i/mux_cmbsop_alu_operator_o_708_22/in_26[7] 	 (fanout : 1)
hpin:lp_riscv_top/lp_riscv/i_riscv_core/id_stage_i/decoder_i/mux_cmbsop_alu_operator_o_708_22/in_26[6] 	 (fanout : 1)
hpin:lp_riscv_top/lp_riscv/i_riscv_core/id_stage_i/decoder_i/mux_cmbsop_alu_operator_o_708_22/in_26[5] 	 (fanout : 1)
hpin:lp_riscv_top/lp_riscv/i_riscv_core/id_stage_i/decoder_i/mux_cmbsop_alu_operator_o_708_22/in_26[4] 	 (fanout : 1)
hpin:lp_riscv_top/lp_riscv/i_riscv_core/id_stage_i/decoder_i/mux_cmbsop_alu_operator_o_708_22/in_26[3] 	 (fanout : 1)
hpin:lp_riscv_top/lp_riscv/i_riscv_core/id_stage_i/decoder_i/mux_cmbsop_alu_operator_o_708_22/in_26[2] 	 (fanout : 1)
hpin:lp_riscv_top/lp_riscv/i_riscv_core/id_stage_i/decoder_i/mux_cmbsop_alu_operator_o_708_22/in_26[1] 	 (fanout : 1)
hpin:lp_riscv_top/lp_riscv/i_riscv_core/id_stage_i/decoder_i/mux_cmbsop_alu_operator_o_708_22/in_26[0] 	 (fanout : 1)
hpin:lp_riscv_top/lp_riscv/i_riscv_core/id_stage_i/decoder_i/mux_cmbsop_alu_operator_o_708_22/in_27[16] 	 (fanout : 1)
hpin:lp_riscv_top/lp_riscv/i_riscv_core/id_stage_i/decoder_i/mux_cmbsop_alu_operator_o_708_22/in_27[15] 	 (fanout : 1)
hpin:lp_riscv_top/lp_riscv/i_riscv_core/id_stage_i/decoder_i/mux_cmbsop_alu_operator_o_708_22/in_27[14] 	 (fanout : 1)
hpin:lp_riscv_top/lp_riscv/i_riscv_core/id_stage_i/decoder_i/mux_cmbsop_alu_operator_o_708_22/in_27[13] 	 (fanout : 1)
hpin:lp_riscv_top/lp_riscv/i_riscv_core/id_stage_i/decoder_i/mux_cmbsop_alu_operator_o_708_22/in_27[12] 	 (fanout : 1)
hpin:lp_riscv_top/lp_riscv/i_riscv_core/id_stage_i/decoder_i/mux_cmbsop_alu_operator_o_708_22/in_27[11] 	 (fanout : 1)
hpin:lp_riscv_top/lp_riscv/i_riscv_core/id_stage_i/decoder_i/mux_cmbsop_alu_operator_o_708_22/in_27[10] 	 (fanout : 1)
hpin:lp_riscv_top/lp_riscv/i_riscv_core/id_stage_i/decoder_i/mux_cmbsop_alu_operator_o_708_22/in_27[9] 	 (fanout : 1)
hpin:lp_riscv_top/lp_riscv/i_riscv_core/id_stage_i/decoder_i/mux_cmbsop_alu_operator_o_708_22/in_27[8] 	 (fanout : 1)
hpin:lp_riscv_top/lp_riscv/i_riscv_core/id_stage_i/decoder_i/mux_cmbsop_alu_operator_o_708_22/in_27[7] 	 (fanout : 1)
hpin:lp_riscv_top/lp_riscv/i_riscv_core/id_stage_i/decoder_i/mux_cmbsop_alu_operator_o_708_22/in_27[6] 	 (fanout : 1)
hpin:lp_riscv_top/lp_riscv/i_riscv_core/id_stage_i/decoder_i/mux_cmbsop_alu_operator_o_708_22/in_27[5] 	 (fanout : 1)
hpin:lp_riscv_top/lp_riscv/i_riscv_core/id_stage_i/decoder_i/mux_cmbsop_alu_operator_o_708_22/in_27[4] 	 (fanout : 1)
hpin:lp_riscv_top/lp_riscv/i_riscv_core/id_stage_i/decoder_i/mux_cmbsop_alu_operator_o_708_22/in_27[3] 	 (fanout : 1)
hpin:lp_riscv_top/lp_riscv/i_riscv_core/id_stage_i/decoder_i/mux_cmbsop_alu_operator_o_708_22/in_27[2] 	 (fanout : 1)
hpin:lp_riscv_top/lp_riscv/i_riscv_core/id_stage_i/decoder_i/mux_cmbsop_alu_operator_o_708_22/in_27[1] 	 (fanout : 1)
hpin:lp_riscv_top/lp_riscv/i_riscv_core/id_stage_i/decoder_i/mux_cmbsop_alu_operator_o_708_22/in_27[0] 	 (fanout : 1)
hpin:lp_riscv_top/lp_riscv/i_riscv_core/id_stage_i/decoder_i/mux_cmbsop_alu_operator_o_708_22/in_28[16] 	 (fanout : 1)
hpin:lp_riscv_top/lp_riscv/i_riscv_core/id_stage_i/decoder_i/mux_cmbsop_alu_operator_o_708_22/in_28[15] 	 (fanout : 1)
hpin:lp_riscv_top/lp_riscv/i_riscv_core/id_stage_i/decoder_i/mux_cmbsop_alu_operator_o_708_22/in_28[14] 	 (fanout : 1)
hpin:lp_riscv_top/lp_riscv/i_riscv_core/id_stage_i/decoder_i/mux_cmbsop_alu_operator_o_708_22/in_28[13] 	 (fanout : 1)
hpin:lp_riscv_top/lp_riscv/i_riscv_core/id_stage_i/decoder_i/mux_cmbsop_alu_operator_o_708_22/in_28[12] 	 (fanout : 1)
hpin:lp_riscv_top/lp_riscv/i_riscv_core/id_stage_i/decoder_i/mux_cmbsop_alu_operator_o_708_22/in_28[11] 	 (fanout : 1)
hpin:lp_riscv_top/lp_riscv/i_riscv_core/id_stage_i/decoder_i/mux_cmbsop_alu_operator_o_708_22/in_28[10] 	 (fanout : 1)
hpin:lp_riscv_top/lp_riscv/i_riscv_core/id_stage_i/decoder_i/mux_cmbsop_alu_operator_o_708_22/in_28[9] 	 (fanout : 1)
hpin:lp_riscv_top/lp_riscv/i_riscv_core/id_stage_i/decoder_i/mux_cmbsop_alu_operator_o_708_22/in_28[8] 	 (fanout : 1)
hpin:lp_riscv_top/lp_riscv/i_riscv_core/id_stage_i/decoder_i/mux_cmbsop_alu_operator_o_708_22/in_28[7] 	 (fanout : 1)
hpin:lp_riscv_top/lp_riscv/i_riscv_core/id_stage_i/decoder_i/mux_cmbsop_alu_operator_o_708_22/in_28[6] 	 (fanout : 1)
hpin:lp_riscv_top/lp_riscv/i_riscv_core/id_stage_i/decoder_i/mux_cmbsop_alu_operator_o_708_22/in_28[5] 	 (fanout : 1)
hpin:lp_riscv_top/lp_riscv/i_riscv_core/id_stage_i/decoder_i/mux_cmbsop_alu_operator_o_708_22/in_28[4] 	 (fanout : 1)
hpin:lp_riscv_top/lp_riscv/i_riscv_core/id_stage_i/decoder_i/mux_cmbsop_alu_operator_o_708_22/in_28[3] 	 (fanout : 1)
hpin:lp_riscv_top/lp_riscv/i_riscv_core/id_stage_i/decoder_i/mux_cmbsop_alu_operator_o_708_22/in_28[2] 	 (fanout : 1)
hpin:lp_riscv_top/lp_riscv/i_riscv_core/id_stage_i/decoder_i/mux_cmbsop_alu_operator_o_708_22/in_28[1] 	 (fanout : 1)
hpin:lp_riscv_top/lp_riscv/i_riscv_core/id_stage_i/decoder_i/mux_cmbsop_alu_operator_o_708_22/in_28[0] 	 (fanout : 1)
hpin:lp_riscv_top/lp_riscv/i_riscv_core/id_stage_i/decoder_i/mux_cmbsop_alu_operator_o_708_22/in_29[16] 	 (fanout : 1)
hpin:lp_riscv_top/lp_riscv/i_riscv_core/id_stage_i/decoder_i/mux_cmbsop_alu_operator_o_708_22/in_29[15] 	 (fanout : 1)
hpin:lp_riscv_top/lp_riscv/i_riscv_core/id_stage_i/decoder_i/mux_cmbsop_alu_operator_o_708_22/in_29[14] 	 (fanout : 1)
hpin:lp_riscv_top/lp_riscv/i_riscv_core/id_stage_i/decoder_i/mux_cmbsop_alu_operator_o_708_22/in_29[13] 	 (fanout : 1)
hpin:lp_riscv_top/lp_riscv/i_riscv_core/id_stage_i/decoder_i/mux_cmbsop_alu_operator_o_708_22/in_29[12] 	 (fanout : 1)
hpin:lp_riscv_top/lp_riscv/i_riscv_core/id_stage_i/decoder_i/mux_cmbsop_alu_operator_o_708_22/in_29[11] 	 (fanout : 1)
hpin:lp_riscv_top/lp_riscv/i_riscv_core/id_stage_i/decoder_i/mux_cmbsop_alu_operator_o_708_22/in_29[10] 	 (fanout : 1)
hpin:lp_riscv_top/lp_riscv/i_riscv_core/id_stage_i/decoder_i/mux_cmbsop_alu_operator_o_708_22/in_29[9] 	 (fanout : 1)
hpin:lp_riscv_top/lp_riscv/i_riscv_core/id_stage_i/decoder_i/mux_cmbsop_alu_operator_o_708_22/in_29[8] 	 (fanout : 1)
hpin:lp_riscv_top/lp_riscv/i_riscv_core/id_stage_i/decoder_i/mux_cmbsop_alu_operator_o_708_22/in_29[7] 	 (fanout : 1)
hpin:lp_riscv_top/lp_riscv/i_riscv_core/id_stage_i/decoder_i/mux_cmbsop_alu_operator_o_708_22/in_29[6] 	 (fanout : 1)
hpin:lp_riscv_top/lp_riscv/i_riscv_core/id_stage_i/decoder_i/mux_cmbsop_alu_operator_o_708_22/in_29[5] 	 (fanout : 1)
hpin:lp_riscv_top/lp_riscv/i_riscv_core/id_stage_i/decoder_i/mux_cmbsop_alu_operator_o_708_22/in_29[4] 	 (fanout : 1)
hpin:lp_riscv_top/lp_riscv/i_riscv_core/id_stage_i/decoder_i/mux_cmbsop_alu_operator_o_708_22/in_29[3] 	 (fanout : 1)
hpin:lp_riscv_top/lp_riscv/i_riscv_core/id_stage_i/decoder_i/mux_cmbsop_alu_operator_o_708_22/in_29[2] 	 (fanout : 1)
hpin:lp_riscv_top/lp_riscv/i_riscv_core/id_stage_i/decoder_i/mux_cmbsop_alu_operator_o_708_22/in_29[1] 	 (fanout : 1)
hpin:lp_riscv_top/lp_riscv/i_riscv_core/id_stage_i/decoder_i/mux_cmbsop_alu_operator_o_708_22/in_29[0] 	 (fanout : 1)
hpin:lp_riscv_top/lp_riscv/i_riscv_core/id_stage_i/decoder_i/mux_cmbsop_alu_operator_o_708_22/in_30[16] 	 (fanout : 1)
hpin:lp_riscv_top/lp_riscv/i_riscv_core/id_stage_i/decoder_i/mux_cmbsop_alu_operator_o_708_22/in_30[15] 	 (fanout : 1)
hpin:lp_riscv_top/lp_riscv/i_riscv_core/id_stage_i/decoder_i/mux_cmbsop_alu_operator_o_708_22/in_30[14] 	 (fanout : 1)
hpin:lp_riscv_top/lp_riscv/i_riscv_core/id_stage_i/decoder_i/mux_cmbsop_alu_operator_o_708_22/in_30[13] 	 (fanout : 1)
hpin:lp_riscv_top/lp_riscv/i_riscv_core/id_stage_i/decoder_i/mux_cmbsop_alu_operator_o_708_22/in_30[12] 	 (fanout : 1)
hpin:lp_riscv_top/lp_riscv/i_riscv_core/id_stage_i/decoder_i/mux_cmbsop_alu_operator_o_708_22/in_30[11] 	 (fanout : 1)
hpin:lp_riscv_top/lp_riscv/i_riscv_core/id_stage_i/decoder_i/mux_cmbsop_alu_operator_o_708_22/in_30[10] 	 (fanout : 1)
hpin:lp_riscv_top/lp_riscv/i_riscv_core/id_stage_i/decoder_i/mux_cmbsop_alu_operator_o_708_22/in_30[9] 	 (fanout : 1)
hpin:lp_riscv_top/lp_riscv/i_riscv_core/id_stage_i/decoder_i/mux_cmbsop_alu_operator_o_708_22/in_30[8] 	 (fanout : 1)
hpin:lp_riscv_top/lp_riscv/i_riscv_core/id_stage_i/decoder_i/mux_cmbsop_alu_operator_o_708_22/in_30[7] 	 (fanout : 1)
hpin:lp_riscv_top/lp_riscv/i_riscv_core/id_stage_i/decoder_i/mux_cmbsop_alu_operator_o_708_22/in_30[6] 	 (fanout : 1)
hpin:lp_riscv_top/lp_riscv/i_riscv_core/id_stage_i/decoder_i/mux_cmbsop_alu_operator_o_708_22/in_30[5] 	 (fanout : 1)
hpin:lp_riscv_top/lp_riscv/i_riscv_core/id_stage_i/decoder_i/mux_cmbsop_alu_operator_o_708_22/in_30[4] 	 (fanout : 1)
hpin:lp_riscv_top/lp_riscv/i_riscv_core/id_stage_i/decoder_i/mux_cmbsop_alu_operator_o_708_22/in_30[3] 	 (fanout : 1)
hpin:lp_riscv_top/lp_riscv/i_riscv_core/id_stage_i/decoder_i/mux_cmbsop_alu_operator_o_708_22/in_30[2] 	 (fanout : 1)
hpin:lp_riscv_top/lp_riscv/i_riscv_core/id_stage_i/decoder_i/mux_cmbsop_alu_operator_o_708_22/in_30[1] 	 (fanout : 1)
hpin:lp_riscv_top/lp_riscv/i_riscv_core/id_stage_i/decoder_i/mux_cmbsop_alu_operator_o_708_22/in_30[0] 	 (fanout : 1)
hpin:lp_riscv_top/lp_riscv/i_riscv_core/id_stage_i/decoder_i/mux_cmbsop_alu_operator_o_708_22/in_31[16] 	 (fanout : 1)
hpin:lp_riscv_top/lp_riscv/i_riscv_core/id_stage_i/decoder_i/mux_cmbsop_alu_operator_o_708_22/in_31[15] 	 (fanout : 1)
hpin:lp_riscv_top/lp_riscv/i_riscv_core/id_stage_i/decoder_i/mux_cmbsop_alu_operator_o_708_22/in_31[14] 	 (fanout : 1)
hpin:lp_riscv_top/lp_riscv/i_riscv_core/id_stage_i/decoder_i/mux_cmbsop_alu_operator_o_708_22/in_31[13] 	 (fanout : 1)
hpin:lp_riscv_top/lp_riscv/i_riscv_core/id_stage_i/decoder_i/mux_cmbsop_alu_operator_o_708_22/in_31[12] 	 (fanout : 1)
hpin:lp_riscv_top/lp_riscv/i_riscv_core/id_stage_i/decoder_i/mux_cmbsop_alu_operator_o_708_22/in_31[11] 	 (fanout : 1)
hpin:lp_riscv_top/lp_riscv/i_riscv_core/id_stage_i/decoder_i/mux_cmbsop_alu_operator_o_708_22/in_31[10] 	 (fanout : 1)
hpin:lp_riscv_top/lp_riscv/i_riscv_core/id_stage_i/decoder_i/mux_cmbsop_alu_operator_o_708_22/in_31[9] 	 (fanout : 1)
hpin:lp_riscv_top/lp_riscv/i_riscv_core/id_stage_i/decoder_i/mux_cmbsop_alu_operator_o_708_22/in_31[8] 	 (fanout : 1)
hpin:lp_riscv_top/lp_riscv/i_riscv_core/id_stage_i/decoder_i/mux_cmbsop_alu_operator_o_708_22/in_31[7] 	 (fanout : 1)
hpin:lp_riscv_top/lp_riscv/i_riscv_core/id_stage_i/decoder_i/mux_cmbsop_alu_operator_o_708_22/in_31[6] 	 (fanout : 1)
hpin:lp_riscv_top/lp_riscv/i_riscv_core/id_stage_i/decoder_i/mux_cmbsop_alu_operator_o_708_22/in_31[5] 	 (fanout : 1)
hpin:lp_riscv_top/lp_riscv/i_riscv_core/id_stage_i/decoder_i/mux_cmbsop_alu_operator_o_708_22/in_31[4] 	 (fanout : 1)
hpin:lp_riscv_top/lp_riscv/i_riscv_core/id_stage_i/decoder_i/mux_cmbsop_alu_operator_o_708_22/in_31[3] 	 (fanout : 1)
hpin:lp_riscv_top/lp_riscv/i_riscv_core/id_stage_i/decoder_i/mux_cmbsop_alu_operator_o_708_22/in_31[2] 	 (fanout : 1)
hpin:lp_riscv_top/lp_riscv/i_riscv_core/id_stage_i/decoder_i/mux_cmbsop_alu_operator_o_708_22/in_31[1] 	 (fanout : 1)
hpin:lp_riscv_top/lp_riscv/i_riscv_core/id_stage_i/decoder_i/mux_cmbsop_alu_operator_o_708_22/in_31[0] 	 (fanout : 1)
hpin:lp_riscv_top/lp_riscv/i_riscv_core/id_stage_i/decoder_i/mux_cmbsop_alu_operator_o_708_22/in_32[16] 	 (fanout : 1)
hpin:lp_riscv_top/lp_riscv/i_riscv_core/id_stage_i/decoder_i/mux_cmbsop_alu_operator_o_708_22/in_32[15] 	 (fanout : 1)
hpin:lp_riscv_top/lp_riscv/i_riscv_core/id_stage_i/decoder_i/mux_cmbsop_alu_operator_o_708_22/in_32[14] 	 (fanout : 1)
hpin:lp_riscv_top/lp_riscv/i_riscv_core/id_stage_i/decoder_i/mux_cmbsop_alu_operator_o_708_22/in_32[13] 	 (fanout : 1)
hpin:lp_riscv_top/lp_riscv/i_riscv_core/id_stage_i/decoder_i/mux_cmbsop_alu_operator_o_708_22/in_32[12] 	 (fanout : 1)
hpin:lp_riscv_top/lp_riscv/i_riscv_core/id_stage_i/decoder_i/mux_cmbsop_alu_operator_o_708_22/in_32[11] 	 (fanout : 1)
hpin:lp_riscv_top/lp_riscv/i_riscv_core/id_stage_i/decoder_i/mux_cmbsop_alu_operator_o_708_22/in_32[10] 	 (fanout : 1)
hpin:lp_riscv_top/lp_riscv/i_riscv_core/id_stage_i/decoder_i/mux_cmbsop_alu_operator_o_708_22/in_32[9] 	 (fanout : 1)
hpin:lp_riscv_top/lp_riscv/i_riscv_core/id_stage_i/decoder_i/mux_cmbsop_alu_operator_o_708_22/in_32[8] 	 (fanout : 1)
hpin:lp_riscv_top/lp_riscv/i_riscv_core/id_stage_i/decoder_i/mux_cmbsop_alu_operator_o_708_22/in_32[7] 	 (fanout : 1)
hpin:lp_riscv_top/lp_riscv/i_riscv_core/id_stage_i/decoder_i/mux_cmbsop_alu_operator_o_708_22/in_32[6] 	 (fanout : 1)
hpin:lp_riscv_top/lp_riscv/i_riscv_core/id_stage_i/decoder_i/mux_cmbsop_alu_operator_o_708_22/in_32[5] 	 (fanout : 1)
hpin:lp_riscv_top/lp_riscv/i_riscv_core/id_stage_i/decoder_i/mux_cmbsop_alu_operator_o_708_22/in_32[4] 	 (fanout : 1)
hpin:lp_riscv_top/lp_riscv/i_riscv_core/id_stage_i/decoder_i/mux_cmbsop_alu_operator_o_708_22/in_32[3] 	 (fanout : 1)
hpin:lp_riscv_top/lp_riscv/i_riscv_core/id_stage_i/decoder_i/mux_cmbsop_alu_operator_o_708_22/in_32[2] 	 (fanout : 1)
hpin:lp_riscv_top/lp_riscv/i_riscv_core/id_stage_i/decoder_i/mux_cmbsop_alu_operator_o_708_22/in_32[1] 	 (fanout : 1)
hpin:lp_riscv_top/lp_riscv/i_riscv_core/id_stage_i/decoder_i/mux_cmbsop_alu_operator_o_708_22/in_32[0] 	 (fanout : 1)
hpin:lp_riscv_top/lp_riscv/i_riscv_core/id_stage_i/decoder_i/mux_cmbsop_alu_operator_o_708_22/in_33[16] 	 (fanout : 1)
hpin:lp_riscv_top/lp_riscv/i_riscv_core/id_stage_i/decoder_i/mux_cmbsop_alu_operator_o_708_22/in_33[15] 	 (fanout : 1)
hpin:lp_riscv_top/lp_riscv/i_riscv_core/id_stage_i/decoder_i/mux_cmbsop_alu_operator_o_708_22/in_33[14] 	 (fanout : 1)
hpin:lp_riscv_top/lp_riscv/i_riscv_core/id_stage_i/decoder_i/mux_cmbsop_alu_operator_o_708_22/in_33[13] 	 (fanout : 1)
hpin:lp_riscv_top/lp_riscv/i_riscv_core/id_stage_i/decoder_i/mux_cmbsop_alu_operator_o_708_22/in_33[12] 	 (fanout : 1)
hpin:lp_riscv_top/lp_riscv/i_riscv_core/id_stage_i/decoder_i/mux_cmbsop_alu_operator_o_708_22/in_33[11] 	 (fanout : 1)
hpin:lp_riscv_top/lp_riscv/i_riscv_core/id_stage_i/decoder_i/mux_cmbsop_alu_operator_o_708_22/in_33[10] 	 (fanout : 1)
hpin:lp_riscv_top/lp_riscv/i_riscv_core/id_stage_i/decoder_i/mux_cmbsop_alu_operator_o_708_22/in_33[9] 	 (fanout : 1)
hpin:lp_riscv_top/lp_riscv/i_riscv_core/id_stage_i/decoder_i/mux_cmbsop_alu_operator_o_708_22/in_33[8] 	 (fanout : 1)
hpin:lp_riscv_top/lp_riscv/i_riscv_core/id_stage_i/decoder_i/mux_cmbsop_alu_operator_o_708_22/in_33[7] 	 (fanout : 1)
hpin:lp_riscv_top/lp_riscv/i_riscv_core/id_stage_i/decoder_i/mux_cmbsop_alu_operator_o_708_22/in_33[6] 	 (fanout : 1)
hpin:lp_riscv_top/lp_riscv/i_riscv_core/id_stage_i/decoder_i/mux_cmbsop_alu_operator_o_708_22/in_33[5] 	 (fanout : 1)
hpin:lp_riscv_top/lp_riscv/i_riscv_core/id_stage_i/decoder_i/mux_cmbsop_alu_operator_o_708_22/in_33[4] 	 (fanout : 1)
hpin:lp_riscv_top/lp_riscv/i_riscv_core/id_stage_i/decoder_i/mux_cmbsop_alu_operator_o_708_22/in_33[3] 	 (fanout : 1)
hpin:lp_riscv_top/lp_riscv/i_riscv_core/id_stage_i/decoder_i/mux_cmbsop_alu_operator_o_708_22/in_33[2] 	 (fanout : 1)
hpin:lp_riscv_top/lp_riscv/i_riscv_core/id_stage_i/decoder_i/mux_cmbsop_alu_operator_o_708_22/in_33[1] 	 (fanout : 1)
hpin:lp_riscv_top/lp_riscv/i_riscv_core/id_stage_i/decoder_i/mux_cmbsop_alu_operator_o_708_22/in_33[0] 	 (fanout : 1)
hpin:lp_riscv_top/lp_riscv/i_riscv_core/id_stage_i/decoder_i/mux_cmbsop_alu_operator_o_708_22/in_34[16] 	 (fanout : 1)
hpin:lp_riscv_top/lp_riscv/i_riscv_core/id_stage_i/decoder_i/mux_cmbsop_alu_operator_o_708_22/in_34[15] 	 (fanout : 1)
hpin:lp_riscv_top/lp_riscv/i_riscv_core/id_stage_i/decoder_i/mux_cmbsop_alu_operator_o_708_22/in_34[14] 	 (fanout : 1)
hpin:lp_riscv_top/lp_riscv/i_riscv_core/id_stage_i/decoder_i/mux_cmbsop_alu_operator_o_708_22/in_34[13] 	 (fanout : 1)
hpin:lp_riscv_top/lp_riscv/i_riscv_core/id_stage_i/decoder_i/mux_cmbsop_alu_operator_o_708_22/in_34[12] 	 (fanout : 1)
hpin:lp_riscv_top/lp_riscv/i_riscv_core/id_stage_i/decoder_i/mux_cmbsop_alu_operator_o_708_22/in_34[11] 	 (fanout : 1)
hpin:lp_riscv_top/lp_riscv/i_riscv_core/id_stage_i/decoder_i/mux_cmbsop_alu_operator_o_708_22/in_34[10] 	 (fanout : 1)
hpin:lp_riscv_top/lp_riscv/i_riscv_core/id_stage_i/decoder_i/mux_cmbsop_alu_operator_o_708_22/in_34[9] 	 (fanout : 1)
hpin:lp_riscv_top/lp_riscv/i_riscv_core/id_stage_i/decoder_i/mux_cmbsop_alu_operator_o_708_22/in_34[8] 	 (fanout : 1)
hpin:lp_riscv_top/lp_riscv/i_riscv_core/id_stage_i/decoder_i/mux_cmbsop_alu_operator_o_708_22/in_34[7] 	 (fanout : 1)
hpin:lp_riscv_top/lp_riscv/i_riscv_core/id_stage_i/decoder_i/mux_cmbsop_alu_operator_o_708_22/in_34[6] 	 (fanout : 1)
hpin:lp_riscv_top/lp_riscv/i_riscv_core/id_stage_i/decoder_i/mux_cmbsop_alu_operator_o_708_22/in_34[5] 	 (fanout : 1)
hpin:lp_riscv_top/lp_riscv/i_riscv_core/id_stage_i/decoder_i/mux_cmbsop_alu_operator_o_708_22/in_34[4] 	 (fanout : 1)
hpin:lp_riscv_top/lp_riscv/i_riscv_core/id_stage_i/decoder_i/mux_cmbsop_alu_operator_o_708_22/in_34[3] 	 (fanout : 1)
hpin:lp_riscv_top/lp_riscv/i_riscv_core/id_stage_i/decoder_i/mux_cmbsop_alu_operator_o_708_22/in_34[2] 	 (fanout : 1)
hpin:lp_riscv_top/lp_riscv/i_riscv_core/id_stage_i/decoder_i/mux_cmbsop_alu_operator_o_708_22/in_34[1] 	 (fanout : 1)
hpin:lp_riscv_top/lp_riscv/i_riscv_core/id_stage_i/decoder_i/mux_cmbsop_alu_operator_o_708_22/in_34[0] 	 (fanout : 1)
hpin:lp_riscv_top/lp_riscv/i_riscv_core/id_stage_i/decoder_i/mux_cmbsop_alu_operator_o_708_22/in_35[16] 	 (fanout : 1)
hpin:lp_riscv_top/lp_riscv/i_riscv_core/id_stage_i/decoder_i/mux_cmbsop_alu_operator_o_708_22/in_35[15] 	 (fanout : 1)
hpin:lp_riscv_top/lp_riscv/i_riscv_core/id_stage_i/decoder_i/mux_cmbsop_alu_operator_o_708_22/in_35[14] 	 (fanout : 1)
hpin:lp_riscv_top/lp_riscv/i_riscv_core/id_stage_i/decoder_i/mux_cmbsop_alu_operator_o_708_22/in_35[13] 	 (fanout : 1)
hpin:lp_riscv_top/lp_riscv/i_riscv_core/id_stage_i/decoder_i/mux_cmbsop_alu_operator_o_708_22/in_35[12] 	 (fanout : 1)
hpin:lp_riscv_top/lp_riscv/i_riscv_core/id_stage_i/decoder_i/mux_cmbsop_alu_operator_o_708_22/in_35[11] 	 (fanout : 1)
hpin:lp_riscv_top/lp_riscv/i_riscv_core/id_stage_i/decoder_i/mux_cmbsop_alu_operator_o_708_22/in_35[10] 	 (fanout : 1)
hpin:lp_riscv_top/lp_riscv/i_riscv_core/id_stage_i/decoder_i/mux_cmbsop_alu_operator_o_708_22/in_35[9] 	 (fanout : 1)
hpin:lp_riscv_top/lp_riscv/i_riscv_core/id_stage_i/decoder_i/mux_cmbsop_alu_operator_o_708_22/in_35[8] 	 (fanout : 1)
hpin:lp_riscv_top/lp_riscv/i_riscv_core/id_stage_i/decoder_i/mux_cmbsop_alu_operator_o_708_22/in_35[7] 	 (fanout : 1)
hpin:lp_riscv_top/lp_riscv/i_riscv_core/id_stage_i/decoder_i/mux_cmbsop_alu_operator_o_708_22/in_35[6] 	 (fanout : 1)
hpin:lp_riscv_top/lp_riscv/i_riscv_core/id_stage_i/decoder_i/mux_cmbsop_alu_operator_o_708_22/in_35[5] 	 (fanout : 1)
hpin:lp_riscv_top/lp_riscv/i_riscv_core/id_stage_i/decoder_i/mux_cmbsop_alu_operator_o_708_22/in_35[4] 	 (fanout : 1)
hpin:lp_riscv_top/lp_riscv/i_riscv_core/id_stage_i/decoder_i/mux_cmbsop_alu_operator_o_708_22/in_35[3] 	 (fanout : 1)
hpin:lp_riscv_top/lp_riscv/i_riscv_core/id_stage_i/decoder_i/mux_cmbsop_alu_operator_o_708_22/in_35[2] 	 (fanout : 1)
hpin:lp_riscv_top/lp_riscv/i_riscv_core/id_stage_i/decoder_i/mux_cmbsop_alu_operator_o_708_22/in_35[1] 	 (fanout : 1)
hpin:lp_riscv_top/lp_riscv/i_riscv_core/id_stage_i/decoder_i/mux_cmbsop_alu_operator_o_708_22/in_35[0] 	 (fanout : 1)
hpin:lp_riscv_top/lp_riscv/i_riscv_core/id_stage_i/decoder_i/mux_cmbsop_alu_operator_o_708_22/in_36[16] 	 (fanout : 1)
hpin:lp_riscv_top/lp_riscv/i_riscv_core/id_stage_i/decoder_i/mux_cmbsop_alu_operator_o_708_22/in_36[15] 	 (fanout : 1)
hpin:lp_riscv_top/lp_riscv/i_riscv_core/id_stage_i/decoder_i/mux_cmbsop_alu_operator_o_708_22/in_36[14] 	 (fanout : 1)
hpin:lp_riscv_top/lp_riscv/i_riscv_core/id_stage_i/decoder_i/mux_cmbsop_alu_operator_o_708_22/in_36[13] 	 (fanout : 1)
hpin:lp_riscv_top/lp_riscv/i_riscv_core/id_stage_i/decoder_i/mux_cmbsop_alu_operator_o_708_22/in_36[12] 	 (fanout : 1)
hpin:lp_riscv_top/lp_riscv/i_riscv_core/id_stage_i/decoder_i/mux_cmbsop_alu_operator_o_708_22/in_36[11] 	 (fanout : 1)
hpin:lp_riscv_top/lp_riscv/i_riscv_core/id_stage_i/decoder_i/mux_cmbsop_alu_operator_o_708_22/in_36[10] 	 (fanout : 1)
hpin:lp_riscv_top/lp_riscv/i_riscv_core/id_stage_i/decoder_i/mux_cmbsop_alu_operator_o_708_22/in_36[9] 	 (fanout : 1)
hpin:lp_riscv_top/lp_riscv/i_riscv_core/id_stage_i/decoder_i/mux_cmbsop_alu_operator_o_708_22/in_36[8] 	 (fanout : 1)
hpin:lp_riscv_top/lp_riscv/i_riscv_core/id_stage_i/decoder_i/mux_cmbsop_alu_operator_o_708_22/in_36[7] 	 (fanout : 1)
hpin:lp_riscv_top/lp_riscv/i_riscv_core/id_stage_i/decoder_i/mux_cmbsop_alu_operator_o_708_22/in_36[6] 	 (fanout : 1)
hpin:lp_riscv_top/lp_riscv/i_riscv_core/id_stage_i/decoder_i/mux_cmbsop_alu_operator_o_708_22/in_36[5] 	 (fanout : 1)
hpin:lp_riscv_top/lp_riscv/i_riscv_core/id_stage_i/decoder_i/mux_cmbsop_alu_operator_o_708_22/in_36[4] 	 (fanout : 1)
hpin:lp_riscv_top/lp_riscv/i_riscv_core/id_stage_i/decoder_i/mux_cmbsop_alu_operator_o_708_22/in_36[3] 	 (fanout : 1)
hpin:lp_riscv_top/lp_riscv/i_riscv_core/id_stage_i/decoder_i/mux_cmbsop_alu_operator_o_708_22/in_36[2] 	 (fanout : 1)
hpin:lp_riscv_top/lp_riscv/i_riscv_core/id_stage_i/decoder_i/mux_cmbsop_alu_operator_o_708_22/in_36[1] 	 (fanout : 1)
hpin:lp_riscv_top/lp_riscv/i_riscv_core/id_stage_i/decoder_i/mux_cmbsop_alu_operator_o_708_22/in_36[0] 	 (fanout : 1)
hpin:lp_riscv_top/lp_riscv/i_riscv_core/id_stage_i/decoder_i/mux_cmbsop_alu_operator_o_708_22/in_37[16] 	 (fanout : 1)
hpin:lp_riscv_top/lp_riscv/i_riscv_core/id_stage_i/decoder_i/mux_cmbsop_alu_operator_o_708_22/in_37[15] 	 (fanout : 1)
hpin:lp_riscv_top/lp_riscv/i_riscv_core/id_stage_i/decoder_i/mux_cmbsop_alu_operator_o_708_22/in_37[14] 	 (fanout : 1)
hpin:lp_riscv_top/lp_riscv/i_riscv_core/id_stage_i/decoder_i/mux_cmbsop_alu_operator_o_708_22/in_37[13] 	 (fanout : 1)
hpin:lp_riscv_top/lp_riscv/i_riscv_core/id_stage_i/decoder_i/mux_cmbsop_alu_operator_o_708_22/in_37[12] 	 (fanout : 1)
hpin:lp_riscv_top/lp_riscv/i_riscv_core/id_stage_i/decoder_i/mux_cmbsop_alu_operator_o_708_22/in_37[11] 	 (fanout : 1)
hpin:lp_riscv_top/lp_riscv/i_riscv_core/id_stage_i/decoder_i/mux_cmbsop_alu_operator_o_708_22/in_37[10] 	 (fanout : 1)
hpin:lp_riscv_top/lp_riscv/i_riscv_core/id_stage_i/decoder_i/mux_cmbsop_alu_operator_o_708_22/in_37[9] 	 (fanout : 1)
hpin:lp_riscv_top/lp_riscv/i_riscv_core/id_stage_i/decoder_i/mux_cmbsop_alu_operator_o_708_22/in_37[8] 	 (fanout : 1)
hpin:lp_riscv_top/lp_riscv/i_riscv_core/id_stage_i/decoder_i/mux_cmbsop_alu_operator_o_708_22/in_37[7] 	 (fanout : 1)
hpin:lp_riscv_top/lp_riscv/i_riscv_core/id_stage_i/decoder_i/mux_cmbsop_alu_operator_o_708_22/in_37[6] 	 (fanout : 1)
hpin:lp_riscv_top/lp_riscv/i_riscv_core/id_stage_i/decoder_i/mux_cmbsop_alu_operator_o_708_22/in_37[5] 	 (fanout : 1)
hpin:lp_riscv_top/lp_riscv/i_riscv_core/id_stage_i/decoder_i/mux_cmbsop_alu_operator_o_708_22/in_37[4] 	 (fanout : 1)
hpin:lp_riscv_top/lp_riscv/i_riscv_core/id_stage_i/decoder_i/mux_cmbsop_alu_operator_o_708_22/in_37[3] 	 (fanout : 1)
hpin:lp_riscv_top/lp_riscv/i_riscv_core/id_stage_i/decoder_i/mux_cmbsop_alu_operator_o_708_22/in_37[2] 	 (fanout : 1)
hpin:lp_riscv_top/lp_riscv/i_riscv_core/id_stage_i/decoder_i/mux_cmbsop_alu_operator_o_708_22/in_37[1] 	 (fanout : 1)
hpin:lp_riscv_top/lp_riscv/i_riscv_core/id_stage_i/decoder_i/mux_cmbsop_alu_operator_o_708_22/in_37[0] 	 (fanout : 1)
hpin:lp_riscv_top/lp_riscv/i_riscv_core/id_stage_i/decoder_i/mux_cmbsop_alu_operator_o_708_22/in_38[16] 	 (fanout : 1)
hpin:lp_riscv_top/lp_riscv/i_riscv_core/id_stage_i/decoder_i/mux_cmbsop_alu_operator_o_708_22/in_38[15] 	 (fanout : 1)
hpin:lp_riscv_top/lp_riscv/i_riscv_core/id_stage_i/decoder_i/mux_cmbsop_alu_operator_o_708_22/in_38[14] 	 (fanout : 1)
hpin:lp_riscv_top/lp_riscv/i_riscv_core/id_stage_i/decoder_i/mux_cmbsop_alu_operator_o_708_22/in_38[13] 	 (fanout : 1)
hpin:lp_riscv_top/lp_riscv/i_riscv_core/id_stage_i/decoder_i/mux_cmbsop_alu_operator_o_708_22/in_38[12] 	 (fanout : 1)
hpin:lp_riscv_top/lp_riscv/i_riscv_core/id_stage_i/decoder_i/mux_cmbsop_alu_operator_o_708_22/in_38[11] 	 (fanout : 1)
hpin:lp_riscv_top/lp_riscv/i_riscv_core/id_stage_i/decoder_i/mux_cmbsop_alu_operator_o_708_22/in_38[10] 	 (fanout : 1)
hpin:lp_riscv_top/lp_riscv/i_riscv_core/id_stage_i/decoder_i/mux_cmbsop_alu_operator_o_708_22/in_38[9] 	 (fanout : 1)
hpin:lp_riscv_top/lp_riscv/i_riscv_core/id_stage_i/decoder_i/mux_cmbsop_alu_operator_o_708_22/in_38[8] 	 (fanout : 1)
hpin:lp_riscv_top/lp_riscv/i_riscv_core/id_stage_i/decoder_i/mux_cmbsop_alu_operator_o_708_22/in_38[7] 	 (fanout : 1)
hpin:lp_riscv_top/lp_riscv/i_riscv_core/id_stage_i/decoder_i/mux_cmbsop_alu_operator_o_708_22/in_38[6] 	 (fanout : 1)
hpin:lp_riscv_top/lp_riscv/i_riscv_core/id_stage_i/decoder_i/mux_cmbsop_alu_operator_o_708_22/in_38[5] 	 (fanout : 1)
hpin:lp_riscv_top/lp_riscv/i_riscv_core/id_stage_i/decoder_i/mux_cmbsop_alu_operator_o_708_22/in_38[4] 	 (fanout : 1)
hpin:lp_riscv_top/lp_riscv/i_riscv_core/id_stage_i/decoder_i/mux_cmbsop_alu_operator_o_708_22/in_38[3] 	 (fanout : 1)
hpin:lp_riscv_top/lp_riscv/i_riscv_core/id_stage_i/decoder_i/mux_cmbsop_alu_operator_o_708_22/in_38[2] 	 (fanout : 1)
hpin:lp_riscv_top/lp_riscv/i_riscv_core/id_stage_i/decoder_i/mux_cmbsop_alu_operator_o_708_22/in_38[1] 	 (fanout : 1)
hpin:lp_riscv_top/lp_riscv/i_riscv_core/id_stage_i/decoder_i/mux_cmbsop_alu_operator_o_708_22/in_38[0] 	 (fanout : 1)
hpin:lp_riscv_top/lp_riscv/i_riscv_core/id_stage_i/decoder_i/mux_cmbsop_alu_operator_o_708_22/in_39[16] 	 (fanout : 1)
hpin:lp_riscv_top/lp_riscv/i_riscv_core/id_stage_i/decoder_i/mux_cmbsop_alu_operator_o_708_22/in_39[15] 	 (fanout : 1)
hpin:lp_riscv_top/lp_riscv/i_riscv_core/id_stage_i/decoder_i/mux_cmbsop_alu_operator_o_708_22/in_39[14] 	 (fanout : 1)
hpin:lp_riscv_top/lp_riscv/i_riscv_core/id_stage_i/decoder_i/mux_cmbsop_alu_operator_o_708_22/in_39[13] 	 (fanout : 1)
hpin:lp_riscv_top/lp_riscv/i_riscv_core/id_stage_i/decoder_i/mux_cmbsop_alu_operator_o_708_22/in_39[12] 	 (fanout : 1)
hpin:lp_riscv_top/lp_riscv/i_riscv_core/id_stage_i/decoder_i/mux_cmbsop_alu_operator_o_708_22/in_39[11] 	 (fanout : 1)
hpin:lp_riscv_top/lp_riscv/i_riscv_core/id_stage_i/decoder_i/mux_cmbsop_alu_operator_o_708_22/in_39[10] 	 (fanout : 1)
hpin:lp_riscv_top/lp_riscv/i_riscv_core/id_stage_i/decoder_i/mux_cmbsop_alu_operator_o_708_22/in_39[9] 	 (fanout : 1)
hpin:lp_riscv_top/lp_riscv/i_riscv_core/id_stage_i/decoder_i/mux_cmbsop_alu_operator_o_708_22/in_39[8] 	 (fanout : 1)
hpin:lp_riscv_top/lp_riscv/i_riscv_core/id_stage_i/decoder_i/mux_cmbsop_alu_operator_o_708_22/in_39[7] 	 (fanout : 1)
hpin:lp_riscv_top/lp_riscv/i_riscv_core/id_stage_i/decoder_i/mux_cmbsop_alu_operator_o_708_22/in_39[6] 	 (fanout : 1)
hpin:lp_riscv_top/lp_riscv/i_riscv_core/id_stage_i/decoder_i/mux_cmbsop_alu_operator_o_708_22/in_39[5] 	 (fanout : 1)
hpin:lp_riscv_top/lp_riscv/i_riscv_core/id_stage_i/decoder_i/mux_cmbsop_alu_operator_o_708_22/in_39[4] 	 (fanout : 1)
hpin:lp_riscv_top/lp_riscv/i_riscv_core/id_stage_i/decoder_i/mux_cmbsop_alu_operator_o_708_22/in_39[3] 	 (fanout : 1)
hpin:lp_riscv_top/lp_riscv/i_riscv_core/id_stage_i/decoder_i/mux_cmbsop_alu_operator_o_708_22/in_39[2] 	 (fanout : 1)
hpin:lp_riscv_top/lp_riscv/i_riscv_core/id_stage_i/decoder_i/mux_cmbsop_alu_operator_o_708_22/in_39[1] 	 (fanout : 1)
hpin:lp_riscv_top/lp_riscv/i_riscv_core/id_stage_i/decoder_i/mux_cmbsop_alu_operator_o_708_22/in_39[0] 	 (fanout : 1)
hpin:lp_riscv_top/lp_riscv/i_riscv_core/id_stage_i/decoder_i/mux_cmbsop_alu_operator_o_708_22/in_40[16] 	 (fanout : 1)
hpin:lp_riscv_top/lp_riscv/i_riscv_core/id_stage_i/decoder_i/mux_cmbsop_alu_operator_o_708_22/in_40[15] 	 (fanout : 1)
hpin:lp_riscv_top/lp_riscv/i_riscv_core/id_stage_i/decoder_i/mux_cmbsop_alu_operator_o_708_22/in_40[14] 	 (fanout : 1)
hpin:lp_riscv_top/lp_riscv/i_riscv_core/id_stage_i/decoder_i/mux_cmbsop_alu_operator_o_708_22/in_40[13] 	 (fanout : 1)
hpin:lp_riscv_top/lp_riscv/i_riscv_core/id_stage_i/decoder_i/mux_cmbsop_alu_operator_o_708_22/in_40[12] 	 (fanout : 1)
hpin:lp_riscv_top/lp_riscv/i_riscv_core/id_stage_i/decoder_i/mux_cmbsop_alu_operator_o_708_22/in_40[11] 	 (fanout : 1)
hpin:lp_riscv_top/lp_riscv/i_riscv_core/id_stage_i/decoder_i/mux_cmbsop_alu_operator_o_708_22/in_40[10] 	 (fanout : 1)
hpin:lp_riscv_top/lp_riscv/i_riscv_core/id_stage_i/decoder_i/mux_cmbsop_alu_operator_o_708_22/in_40[9] 	 (fanout : 1)
hpin:lp_riscv_top/lp_riscv/i_riscv_core/id_stage_i/decoder_i/mux_cmbsop_alu_operator_o_708_22/in_40[8] 	 (fanout : 1)
hpin:lp_riscv_top/lp_riscv/i_riscv_core/id_stage_i/decoder_i/mux_cmbsop_alu_operator_o_708_22/in_40[7] 	 (fanout : 1)
hpin:lp_riscv_top/lp_riscv/i_riscv_core/id_stage_i/decoder_i/mux_cmbsop_alu_operator_o_708_22/in_40[6] 	 (fanout : 1)
hpin:lp_riscv_top/lp_riscv/i_riscv_core/id_stage_i/decoder_i/mux_cmbsop_alu_operator_o_708_22/in_40[5] 	 (fanout : 1)
hpin:lp_riscv_top/lp_riscv/i_riscv_core/id_stage_i/decoder_i/mux_cmbsop_alu_operator_o_708_22/in_40[4] 	 (fanout : 1)
hpin:lp_riscv_top/lp_riscv/i_riscv_core/id_stage_i/decoder_i/mux_cmbsop_alu_operator_o_708_22/in_40[3] 	 (fanout : 1)
hpin:lp_riscv_top/lp_riscv/i_riscv_core/id_stage_i/decoder_i/mux_cmbsop_alu_operator_o_708_22/in_40[2] 	 (fanout : 1)
hpin:lp_riscv_top/lp_riscv/i_riscv_core/id_stage_i/decoder_i/mux_cmbsop_alu_operator_o_708_22/in_40[1] 	 (fanout : 1)
hpin:lp_riscv_top/lp_riscv/i_riscv_core/id_stage_i/decoder_i/mux_cmbsop_alu_operator_o_708_22/in_40[0] 	 (fanout : 1)
hpin:lp_riscv_top/lp_riscv/i_riscv_core/id_stage_i/decoder_i/mux_cmbsop_alu_operator_o_708_22/in_41[16] 	 (fanout : 1)
hpin:lp_riscv_top/lp_riscv/i_riscv_core/id_stage_i/decoder_i/mux_cmbsop_alu_operator_o_708_22/in_41[15] 	 (fanout : 1)
hpin:lp_riscv_top/lp_riscv/i_riscv_core/id_stage_i/decoder_i/mux_cmbsop_alu_operator_o_708_22/in_41[14] 	 (fanout : 1)
hpin:lp_riscv_top/lp_riscv/i_riscv_core/id_stage_i/decoder_i/mux_cmbsop_alu_operator_o_708_22/in_41[13] 	 (fanout : 1)
hpin:lp_riscv_top/lp_riscv/i_riscv_core/id_stage_i/decoder_i/mux_cmbsop_alu_operator_o_708_22/in_41[12] 	 (fanout : 1)
hpin:lp_riscv_top/lp_riscv/i_riscv_core/id_stage_i/decoder_i/mux_cmbsop_alu_operator_o_708_22/in_41[11] 	 (fanout : 1)
hpin:lp_riscv_top/lp_riscv/i_riscv_core/id_stage_i/decoder_i/mux_cmbsop_alu_operator_o_708_22/in_41[10] 	 (fanout : 1)
hpin:lp_riscv_top/lp_riscv/i_riscv_core/id_stage_i/decoder_i/mux_cmbsop_alu_operator_o_708_22/in_41[9] 	 (fanout : 1)
hpin:lp_riscv_top/lp_riscv/i_riscv_core/id_stage_i/decoder_i/mux_cmbsop_alu_operator_o_708_22/in_41[8] 	 (fanout : 1)
hpin:lp_riscv_top/lp_riscv/i_riscv_core/id_stage_i/decoder_i/mux_cmbsop_alu_operator_o_708_22/in_41[7] 	 (fanout : 1)
hpin:lp_riscv_top/lp_riscv/i_riscv_core/id_stage_i/decoder_i/mux_cmbsop_alu_operator_o_708_22/in_41[6] 	 (fanout : 1)
hpin:lp_riscv_top/lp_riscv/i_riscv_core/id_stage_i/decoder_i/mux_cmbsop_alu_operator_o_708_22/in_41[5] 	 (fanout : 1)
hpin:lp_riscv_top/lp_riscv/i_riscv_core/id_stage_i/decoder_i/mux_cmbsop_alu_operator_o_708_22/in_41[4] 	 (fanout : 1)
hpin:lp_riscv_top/lp_riscv/i_riscv_core/id_stage_i/decoder_i/mux_cmbsop_alu_operator_o_708_22/in_41[3] 	 (fanout : 1)
hpin:lp_riscv_top/lp_riscv/i_riscv_core/id_stage_i/decoder_i/mux_cmbsop_alu_operator_o_708_22/in_41[2] 	 (fanout : 1)
hpin:lp_riscv_top/lp_riscv/i_riscv_core/id_stage_i/decoder_i/mux_cmbsop_alu_operator_o_708_22/in_41[1] 	 (fanout : 1)
hpin:lp_riscv_top/lp_riscv/i_riscv_core/id_stage_i/decoder_i/mux_cmbsop_alu_operator_o_708_22/in_41[0] 	 (fanout : 1)
hpin:lp_riscv_top/lp_riscv/i_riscv_core/id_stage_i/decoder_i/mux_cmbsop_alu_operator_o_708_22/in_42[16] 	 (fanout : 1)
hpin:lp_riscv_top/lp_riscv/i_riscv_core/id_stage_i/decoder_i/mux_cmbsop_alu_operator_o_708_22/in_42[15] 	 (fanout : 1)
hpin:lp_riscv_top/lp_riscv/i_riscv_core/id_stage_i/decoder_i/mux_cmbsop_alu_operator_o_708_22/in_42[14] 	 (fanout : 1)
hpin:lp_riscv_top/lp_riscv/i_riscv_core/id_stage_i/decoder_i/mux_cmbsop_alu_operator_o_708_22/in_42[13] 	 (fanout : 1)
hpin:lp_riscv_top/lp_riscv/i_riscv_core/id_stage_i/decoder_i/mux_cmbsop_alu_operator_o_708_22/in_42[12] 	 (fanout : 1)
hpin:lp_riscv_top/lp_riscv/i_riscv_core/id_stage_i/decoder_i/mux_cmbsop_alu_operator_o_708_22/in_42[11] 	 (fanout : 1)
hpin:lp_riscv_top/lp_riscv/i_riscv_core/id_stage_i/decoder_i/mux_cmbsop_alu_operator_o_708_22/in_42[10] 	 (fanout : 1)
hpin:lp_riscv_top/lp_riscv/i_riscv_core/id_stage_i/decoder_i/mux_cmbsop_alu_operator_o_708_22/in_42[9] 	 (fanout : 1)
hpin:lp_riscv_top/lp_riscv/i_riscv_core/id_stage_i/decoder_i/mux_cmbsop_alu_operator_o_708_22/in_42[8] 	 (fanout : 1)
hpin:lp_riscv_top/lp_riscv/i_riscv_core/id_stage_i/decoder_i/mux_cmbsop_alu_operator_o_708_22/in_42[7] 	 (fanout : 1)
hpin:lp_riscv_top/lp_riscv/i_riscv_core/id_stage_i/decoder_i/mux_cmbsop_alu_operator_o_708_22/in_42[6] 	 (fanout : 1)
hpin:lp_riscv_top/lp_riscv/i_riscv_core/id_stage_i/decoder_i/mux_cmbsop_alu_operator_o_708_22/in_42[5] 	 (fanout : 1)
hpin:lp_riscv_top/lp_riscv/i_riscv_core/id_stage_i/decoder_i/mux_cmbsop_alu_operator_o_708_22/in_42[4] 	 (fanout : 1)
hpin:lp_riscv_top/lp_riscv/i_riscv_core/id_stage_i/decoder_i/mux_cmbsop_alu_operator_o_708_22/in_42[3] 	 (fanout : 1)
hpin:lp_riscv_top/lp_riscv/i_riscv_core/id_stage_i/decoder_i/mux_cmbsop_alu_operator_o_708_22/in_42[2] 	 (fanout : 1)
hpin:lp_riscv_top/lp_riscv/i_riscv_core/id_stage_i/decoder_i/mux_cmbsop_alu_operator_o_708_22/in_42[1] 	 (fanout : 1)
hpin:lp_riscv_top/lp_riscv/i_riscv_core/id_stage_i/decoder_i/mux_cmbsop_alu_operator_o_708_22/in_42[0] 	 (fanout : 1)
hpin:lp_riscv_top/lp_riscv/i_riscv_core/id_stage_i/decoder_i/mux_mult_dot_signed_o_186_18/in_1[1] 	 (fanout : 1)
hpin:lp_riscv_top/lp_riscv/i_riscv_core/id_stage_i/decoder_i/mux_mult_dot_signed_o_186_18/in_1[0] 	 (fanout : 1)
hpin:lp_riscv_top/lp_riscv/i_riscv_core/id_stage_i/decoder_i/mux_cmbsop_alu_operator_o_476_18/in_0[24] 	 (fanout : 1)
hpin:lp_riscv_top/lp_riscv/i_riscv_core/id_stage_i/decoder_i/mux_cmbsop_alu_operator_o_476_18/in_0[23] 	 (fanout : 1)
hpin:lp_riscv_top/lp_riscv/i_riscv_core/id_stage_i/decoder_i/mux_cmbsop_alu_operator_o_476_18/in_0[22] 	 (fanout : 1)
hpin:lp_riscv_top/lp_riscv/i_riscv_core/id_stage_i/decoder_i/mux_cmbsop_alu_operator_o_476_18/in_0[21] 	 (fanout : 1)
hpin:lp_riscv_top/lp_riscv/i_riscv_core/id_stage_i/decoder_i/mux_cmbsop_alu_operator_o_476_18/in_0[20] 	 (fanout : 1)
hpin:lp_riscv_top/lp_riscv/i_riscv_core/id_stage_i/decoder_i/mux_cmbsop_alu_operator_o_476_18/in_0[19] 	 (fanout : 1)
hpin:lp_riscv_top/lp_riscv/i_riscv_core/id_stage_i/decoder_i/mux_cmbsop_alu_operator_o_476_18/in_0[18] 	 (fanout : 1)
hpin:lp_riscv_top/lp_riscv/i_riscv_core/id_stage_i/decoder_i/mux_cmbsop_alu_operator_o_476_18/in_0[17] 	 (fanout : 1)
hpin:lp_riscv_top/lp_riscv/i_riscv_core/id_stage_i/decoder_i/mux_cmbsop_alu_operator_o_476_18/in_0[16] 	 (fanout : 1)
hpin:lp_riscv_top/lp_riscv/i_riscv_core/id_stage_i/decoder_i/mux_cmbsop_alu_operator_o_476_18/in_0[15] 	 (fanout : 1)
hpin:lp_riscv_top/lp_riscv/i_riscv_core/id_stage_i/decoder_i/mux_cmbsop_alu_operator_o_476_18/in_0[14] 	 (fanout : 1)
hpin:lp_riscv_top/lp_riscv/i_riscv_core/id_stage_i/decoder_i/mux_cmbsop_alu_operator_o_476_18/in_0[13] 	 (fanout : 1)
hpin:lp_riscv_top/lp_riscv/i_riscv_core/id_stage_i/decoder_i/mux_cmbsop_alu_operator_o_476_18/in_0[12] 	 (fanout : 1)
hpin:lp_riscv_top/lp_riscv/i_riscv_core/id_stage_i/decoder_i/mux_cmbsop_alu_operator_o_476_18/in_0[11] 	 (fanout : 1)
hpin:lp_riscv_top/lp_riscv/i_riscv_core/id_stage_i/decoder_i/mux_cmbsop_alu_operator_o_476_18/in_0[10] 	 (fanout : 1)
hpin:lp_riscv_top/lp_riscv/i_riscv_core/id_stage_i/decoder_i/mux_cmbsop_alu_operator_o_476_18/in_0[9] 	 (fanout : 1)
hpin:lp_riscv_top/lp_riscv/i_riscv_core/id_stage_i/decoder_i/mux_cmbsop_alu_operator_o_476_18/in_0[8] 	 (fanout : 1)
hpin:lp_riscv_top/lp_riscv/i_riscv_core/id_stage_i/decoder_i/mux_cmbsop_alu_operator_o_476_18/in_0[7] 	 (fanout : 1)
hpin:lp_riscv_top/lp_riscv/i_riscv_core/id_stage_i/decoder_i/mux_cmbsop_alu_operator_o_476_18/in_0[6] 	 (fanout : 1)
hpin:lp_riscv_top/lp_riscv/i_riscv_core/id_stage_i/decoder_i/mux_cmbsop_alu_operator_o_476_18/in_0[5] 	 (fanout : 1)
hpin:lp_riscv_top/lp_riscv/i_riscv_core/id_stage_i/decoder_i/mux_cmbsop_alu_operator_o_476_18/in_0[4] 	 (fanout : 1)
hpin:lp_riscv_top/lp_riscv/i_riscv_core/id_stage_i/decoder_i/mux_cmbsop_alu_operator_o_476_18/in_0[3] 	 (fanout : 1)
hpin:lp_riscv_top/lp_riscv/i_riscv_core/id_stage_i/decoder_i/mux_cmbsop_alu_operator_o_476_18/in_0[2] 	 (fanout : 1)
hpin:lp_riscv_top/lp_riscv/i_riscv_core/id_stage_i/decoder_i/mux_cmbsop_alu_operator_o_476_18/in_0[1] 	 (fanout : 1)
hpin:lp_riscv_top/lp_riscv/i_riscv_core/id_stage_i/decoder_i/mux_cmbsop_alu_operator_o_476_18/in_0[0] 	 (fanout : 1)
hpin:lp_riscv_top/lp_riscv/i_riscv_core/id_stage_i/decoder_i/mux_cmbsop_alu_operator_o_476_18/in_1[24] 	 (fanout : 1)
hpin:lp_riscv_top/lp_riscv/i_riscv_core/id_stage_i/decoder_i/mux_cmbsop_alu_operator_o_476_18/in_1[23] 	 (fanout : 1)
hpin:lp_riscv_top/lp_riscv/i_riscv_core/id_stage_i/decoder_i/mux_cmbsop_alu_operator_o_476_18/in_1[22] 	 (fanout : 1)
hpin:lp_riscv_top/lp_riscv/i_riscv_core/id_stage_i/decoder_i/mux_cmbsop_alu_operator_o_476_18/in_1[21] 	 (fanout : 1)
hpin:lp_riscv_top/lp_riscv/i_riscv_core/id_stage_i/decoder_i/mux_cmbsop_alu_operator_o_476_18/in_1[20] 	 (fanout : 1)
hpin:lp_riscv_top/lp_riscv/i_riscv_core/id_stage_i/decoder_i/mux_cmbsop_alu_operator_o_476_18/in_1[19] 	 (fanout : 1)
hpin:lp_riscv_top/lp_riscv/i_riscv_core/id_stage_i/decoder_i/mux_cmbsop_alu_operator_o_476_18/in_1[18] 	 (fanout : 1)
hpin:lp_riscv_top/lp_riscv/i_riscv_core/id_stage_i/decoder_i/mux_cmbsop_alu_operator_o_476_18/in_1[17] 	 (fanout : 1)
hpin:lp_riscv_top/lp_riscv/i_riscv_core/id_stage_i/decoder_i/mux_cmbsop_alu_operator_o_476_18/in_1[16] 	 (fanout : 1)
hpin:lp_riscv_top/lp_riscv/i_riscv_core/id_stage_i/decoder_i/mux_cmbsop_alu_operator_o_476_18/in_1[15] 	 (fanout : 1)
hpin:lp_riscv_top/lp_riscv/i_riscv_core/id_stage_i/decoder_i/mux_cmbsop_alu_operator_o_476_18/in_1[14] 	 (fanout : 1)
hpin:lp_riscv_top/lp_riscv/i_riscv_core/id_stage_i/decoder_i/mux_cmbsop_alu_operator_o_476_18/in_1[13] 	 (fanout : 1)
hpin:lp_riscv_top/lp_riscv/i_riscv_core/id_stage_i/decoder_i/mux_cmbsop_alu_operator_o_476_18/in_1[12] 	 (fanout : 1)
hpin:lp_riscv_top/lp_riscv/i_riscv_core/id_stage_i/decoder_i/mux_cmbsop_alu_operator_o_476_18/in_1[11] 	 (fanout : 1)
hpin:lp_riscv_top/lp_riscv/i_riscv_core/id_stage_i/decoder_i/mux_cmbsop_alu_operator_o_476_18/in_1[10] 	 (fanout : 1)
hpin:lp_riscv_top/lp_riscv/i_riscv_core/id_stage_i/decoder_i/mux_cmbsop_alu_operator_o_476_18/in_1[9] 	 (fanout : 1)
hpin:lp_riscv_top/lp_riscv/i_riscv_core/id_stage_i/decoder_i/mux_cmbsop_alu_operator_o_476_18/in_1[8] 	 (fanout : 1)
hpin:lp_riscv_top/lp_riscv/i_riscv_core/id_stage_i/decoder_i/mux_cmbsop_alu_operator_o_476_18/in_1[7] 	 (fanout : 1)
hpin:lp_riscv_top/lp_riscv/i_riscv_core/id_stage_i/decoder_i/mux_cmbsop_alu_operator_o_476_18/in_1[6] 	 (fanout : 1)
hpin:lp_riscv_top/lp_riscv/i_riscv_core/id_stage_i/decoder_i/mux_cmbsop_alu_operator_o_476_18/in_1[5] 	 (fanout : 1)
hpin:lp_riscv_top/lp_riscv/i_riscv_core/id_stage_i/decoder_i/mux_cmbsop_alu_operator_o_476_18/in_1[4] 	 (fanout : 1)
hpin:lp_riscv_top/lp_riscv/i_riscv_core/id_stage_i/decoder_i/mux_cmbsop_alu_operator_o_476_18/in_1[3] 	 (fanout : 1)
hpin:lp_riscv_top/lp_riscv/i_riscv_core/id_stage_i/decoder_i/mux_cmbsop_alu_operator_o_476_18/in_1[2] 	 (fanout : 1)
hpin:lp_riscv_top/lp_riscv/i_riscv_core/id_stage_i/decoder_i/mux_cmbsop_alu_operator_o_476_18/in_1[1] 	 (fanout : 1)
hpin:lp_riscv_top/lp_riscv/i_riscv_core/id_stage_i/decoder_i/mux_cmbsop_alu_operator_o_476_18/in_1[0] 	 (fanout : 1)
hpin:lp_riscv_top/lp_riscv/i_riscv_core/id_stage_i/decoder_i/mux_cmbsop_alu_operator_o_476_18/in_2[24] 	 (fanout : 1)
hpin:lp_riscv_top/lp_riscv/i_riscv_core/id_stage_i/decoder_i/mux_cmbsop_alu_operator_o_476_18/in_2[23] 	 (fanout : 1)
hpin:lp_riscv_top/lp_riscv/i_riscv_core/id_stage_i/decoder_i/mux_cmbsop_alu_operator_o_476_18/in_2[22] 	 (fanout : 1)
hpin:lp_riscv_top/lp_riscv/i_riscv_core/id_stage_i/decoder_i/mux_cmbsop_alu_operator_o_476_18/in_2[21] 	 (fanout : 1)
hpin:lp_riscv_top/lp_riscv/i_riscv_core/id_stage_i/decoder_i/mux_cmbsop_alu_operator_o_476_18/in_2[20] 	 (fanout : 1)
hpin:lp_riscv_top/lp_riscv/i_riscv_core/id_stage_i/decoder_i/mux_cmbsop_alu_operator_o_476_18/in_2[19] 	 (fanout : 1)
hpin:lp_riscv_top/lp_riscv/i_riscv_core/id_stage_i/decoder_i/mux_cmbsop_alu_operator_o_476_18/in_2[18] 	 (fanout : 1)
hpin:lp_riscv_top/lp_riscv/i_riscv_core/id_stage_i/decoder_i/mux_cmbsop_alu_operator_o_476_18/in_2[17] 	 (fanout : 1)
hpin:lp_riscv_top/lp_riscv/i_riscv_core/id_stage_i/decoder_i/mux_cmbsop_alu_operator_o_476_18/in_2[16] 	 (fanout : 1)
hpin:lp_riscv_top/lp_riscv/i_riscv_core/id_stage_i/decoder_i/mux_cmbsop_alu_operator_o_476_18/in_2[15] 	 (fanout : 1)
hpin:lp_riscv_top/lp_riscv/i_riscv_core/id_stage_i/decoder_i/mux_cmbsop_alu_operator_o_476_18/in_2[14] 	 (fanout : 1)
hpin:lp_riscv_top/lp_riscv/i_riscv_core/id_stage_i/decoder_i/mux_cmbsop_alu_operator_o_476_18/in_2[13] 	 (fanout : 1)
hpin:lp_riscv_top/lp_riscv/i_riscv_core/id_stage_i/decoder_i/mux_cmbsop_alu_operator_o_476_18/in_2[12] 	 (fanout : 1)
hpin:lp_riscv_top/lp_riscv/i_riscv_core/id_stage_i/decoder_i/mux_cmbsop_alu_operator_o_476_18/in_2[11] 	 (fanout : 1)
hpin:lp_riscv_top/lp_riscv/i_riscv_core/id_stage_i/decoder_i/mux_cmbsop_alu_operator_o_476_18/in_2[10] 	 (fanout : 1)
hpin:lp_riscv_top/lp_riscv/i_riscv_core/id_stage_i/decoder_i/mux_cmbsop_alu_operator_o_476_18/in_2[9] 	 (fanout : 1)
hpin:lp_riscv_top/lp_riscv/i_riscv_core/id_stage_i/decoder_i/mux_cmbsop_alu_operator_o_476_18/in_2[8] 	 (fanout : 1)
hpin:lp_riscv_top/lp_riscv/i_riscv_core/id_stage_i/decoder_i/mux_cmbsop_alu_operator_o_476_18/in_2[7] 	 (fanout : 1)
hpin:lp_riscv_top/lp_riscv/i_riscv_core/id_stage_i/decoder_i/mux_cmbsop_alu_operator_o_476_18/in_2[6] 	 (fanout : 1)
hpin:lp_riscv_top/lp_riscv/i_riscv_core/id_stage_i/decoder_i/mux_cmbsop_alu_operator_o_476_18/in_2[5] 	 (fanout : 1)
hpin:lp_riscv_top/lp_riscv/i_riscv_core/id_stage_i/decoder_i/mux_cmbsop_alu_operator_o_476_18/in_2[4] 	 (fanout : 1)
hpin:lp_riscv_top/lp_riscv/i_riscv_core/id_stage_i/decoder_i/mux_cmbsop_alu_operator_o_476_18/in_2[3] 	 (fanout : 1)
hpin:lp_riscv_top/lp_riscv/i_riscv_core/id_stage_i/decoder_i/mux_cmbsop_alu_operator_o_476_18/in_2[2] 	 (fanout : 1)
hpin:lp_riscv_top/lp_riscv/i_riscv_core/id_stage_i/decoder_i/mux_cmbsop_alu_operator_o_476_18/in_2[1] 	 (fanout : 1)
hpin:lp_riscv_top/lp_riscv/i_riscv_core/id_stage_i/decoder_i/mux_cmbsop_alu_operator_o_476_18/in_2[0] 	 (fanout : 1)
hpin:lp_riscv_top/lp_riscv/i_riscv_core/id_stage_i/decoder_i/mux_cmbsop_alu_operator_o_476_18/in_3[24] 	 (fanout : 1)
hpin:lp_riscv_top/lp_riscv/i_riscv_core/id_stage_i/decoder_i/mux_cmbsop_alu_operator_o_476_18/in_3[23] 	 (fanout : 1)
hpin:lp_riscv_top/lp_riscv/i_riscv_core/id_stage_i/decoder_i/mux_cmbsop_alu_operator_o_476_18/in_3[22] 	 (fanout : 1)
hpin:lp_riscv_top/lp_riscv/i_riscv_core/id_stage_i/decoder_i/mux_cmbsop_alu_operator_o_476_18/in_3[21] 	 (fanout : 1)
hpin:lp_riscv_top/lp_riscv/i_riscv_core/id_stage_i/decoder_i/mux_cmbsop_alu_operator_o_476_18/in_3[20] 	 (fanout : 1)
hpin:lp_riscv_top/lp_riscv/i_riscv_core/id_stage_i/decoder_i/mux_cmbsop_alu_operator_o_476_18/in_3[19] 	 (fanout : 1)
hpin:lp_riscv_top/lp_riscv/i_riscv_core/id_stage_i/decoder_i/mux_cmbsop_alu_operator_o_476_18/in_3[18] 	 (fanout : 1)
hpin:lp_riscv_top/lp_riscv/i_riscv_core/id_stage_i/decoder_i/mux_cmbsop_alu_operator_o_476_18/in_3[17] 	 (fanout : 1)
hpin:lp_riscv_top/lp_riscv/i_riscv_core/id_stage_i/decoder_i/mux_cmbsop_alu_operator_o_476_18/in_3[16] 	 (fanout : 1)
hpin:lp_riscv_top/lp_riscv/i_riscv_core/id_stage_i/decoder_i/mux_cmbsop_alu_operator_o_476_18/in_3[15] 	 (fanout : 1)
hpin:lp_riscv_top/lp_riscv/i_riscv_core/id_stage_i/decoder_i/mux_cmbsop_alu_operator_o_476_18/in_3[14] 	 (fanout : 1)
hpin:lp_riscv_top/lp_riscv/i_riscv_core/id_stage_i/decoder_i/mux_cmbsop_alu_operator_o_476_18/in_3[13] 	 (fanout : 1)
hpin:lp_riscv_top/lp_riscv/i_riscv_core/id_stage_i/decoder_i/mux_cmbsop_alu_operator_o_476_18/in_3[12] 	 (fanout : 1)
hpin:lp_riscv_top/lp_riscv/i_riscv_core/id_stage_i/decoder_i/mux_cmbsop_alu_operator_o_476_18/in_3[11] 	 (fanout : 1)
hpin:lp_riscv_top/lp_riscv/i_riscv_core/id_stage_i/decoder_i/mux_cmbsop_alu_operator_o_476_18/in_3[10] 	 (fanout : 1)
hpin:lp_riscv_top/lp_riscv/i_riscv_core/id_stage_i/decoder_i/mux_cmbsop_alu_operator_o_476_18/in_3[9] 	 (fanout : 1)
hpin:lp_riscv_top/lp_riscv/i_riscv_core/id_stage_i/decoder_i/mux_cmbsop_alu_operator_o_476_18/in_3[8] 	 (fanout : 1)
hpin:lp_riscv_top/lp_riscv/i_riscv_core/id_stage_i/decoder_i/mux_cmbsop_alu_operator_o_476_18/in_3[7] 	 (fanout : 1)
hpin:lp_riscv_top/lp_riscv/i_riscv_core/id_stage_i/decoder_i/mux_cmbsop_alu_operator_o_476_18/in_3[6] 	 (fanout : 1)
hpin:lp_riscv_top/lp_riscv/i_riscv_core/id_stage_i/decoder_i/mux_cmbsop_alu_operator_o_476_18/in_3[5] 	 (fanout : 1)
hpin:lp_riscv_top/lp_riscv/i_riscv_core/id_stage_i/decoder_i/mux_cmbsop_alu_operator_o_476_18/in_3[4] 	 (fanout : 1)
hpin:lp_riscv_top/lp_riscv/i_riscv_core/id_stage_i/decoder_i/mux_cmbsop_alu_operator_o_476_18/in_3[3] 	 (fanout : 1)
hpin:lp_riscv_top/lp_riscv/i_riscv_core/id_stage_i/decoder_i/mux_cmbsop_alu_operator_o_476_18/in_3[2] 	 (fanout : 1)
hpin:lp_riscv_top/lp_riscv/i_riscv_core/id_stage_i/decoder_i/mux_cmbsop_alu_operator_o_476_18/in_3[1] 	 (fanout : 1)
hpin:lp_riscv_top/lp_riscv/i_riscv_core/id_stage_i/decoder_i/mux_cmbsop_alu_operator_o_476_18/in_3[0] 	 (fanout : 1)
hpin:lp_riscv_top/lp_riscv/i_riscv_core/id_stage_i/decoder_i/mux_cmbsop_alu_operator_o_476_18/in_4[24] 	 (fanout : 1)
hpin:lp_riscv_top/lp_riscv/i_riscv_core/id_stage_i/decoder_i/mux_cmbsop_alu_operator_o_476_18/in_4[23] 	 (fanout : 1)
hpin:lp_riscv_top/lp_riscv/i_riscv_core/id_stage_i/decoder_i/mux_cmbsop_alu_operator_o_476_18/in_4[22] 	 (fanout : 1)
hpin:lp_riscv_top/lp_riscv/i_riscv_core/id_stage_i/decoder_i/mux_cmbsop_alu_operator_o_476_18/in_4[21] 	 (fanout : 1)
hpin:lp_riscv_top/lp_riscv/i_riscv_core/id_stage_i/decoder_i/mux_cmbsop_alu_operator_o_476_18/in_4[20] 	 (fanout : 1)
hpin:lp_riscv_top/lp_riscv/i_riscv_core/id_stage_i/decoder_i/mux_cmbsop_alu_operator_o_476_18/in_4[19] 	 (fanout : 1)
hpin:lp_riscv_top/lp_riscv/i_riscv_core/id_stage_i/decoder_i/mux_cmbsop_alu_operator_o_476_18/in_4[18] 	 (fanout : 1)
hpin:lp_riscv_top/lp_riscv/i_riscv_core/id_stage_i/decoder_i/mux_cmbsop_alu_operator_o_476_18/in_4[17] 	 (fanout : 1)
hpin:lp_riscv_top/lp_riscv/i_riscv_core/id_stage_i/decoder_i/mux_cmbsop_alu_operator_o_476_18/in_4[16] 	 (fanout : 1)
hpin:lp_riscv_top/lp_riscv/i_riscv_core/id_stage_i/decoder_i/mux_cmbsop_alu_operator_o_476_18/in_4[15] 	 (fanout : 1)
hpin:lp_riscv_top/lp_riscv/i_riscv_core/id_stage_i/decoder_i/mux_cmbsop_alu_operator_o_476_18/in_4[14] 	 (fanout : 1)
hpin:lp_riscv_top/lp_riscv/i_riscv_core/id_stage_i/decoder_i/mux_cmbsop_alu_operator_o_476_18/in_4[13] 	 (fanout : 1)
hpin:lp_riscv_top/lp_riscv/i_riscv_core/id_stage_i/decoder_i/mux_cmbsop_alu_operator_o_476_18/in_4[12] 	 (fanout : 1)
hpin:lp_riscv_top/lp_riscv/i_riscv_core/id_stage_i/decoder_i/mux_cmbsop_alu_operator_o_476_18/in_4[11] 	 (fanout : 1)
hpin:lp_riscv_top/lp_riscv/i_riscv_core/id_stage_i/decoder_i/mux_cmbsop_alu_operator_o_476_18/in_4[10] 	 (fanout : 1)
hpin:lp_riscv_top/lp_riscv/i_riscv_core/id_stage_i/decoder_i/mux_cmbsop_alu_operator_o_476_18/in_4[9] 	 (fanout : 1)
hpin:lp_riscv_top/lp_riscv/i_riscv_core/id_stage_i/decoder_i/mux_cmbsop_alu_operator_o_476_18/in_4[8] 	 (fanout : 1)
hpin:lp_riscv_top/lp_riscv/i_riscv_core/id_stage_i/decoder_i/mux_cmbsop_alu_operator_o_476_18/in_4[7] 	 (fanout : 1)
hpin:lp_riscv_top/lp_riscv/i_riscv_core/id_stage_i/decoder_i/mux_cmbsop_alu_operator_o_476_18/in_4[6] 	 (fanout : 1)
hpin:lp_riscv_top/lp_riscv/i_riscv_core/id_stage_i/decoder_i/mux_cmbsop_alu_operator_o_476_18/in_4[5] 	 (fanout : 1)
hpin:lp_riscv_top/lp_riscv/i_riscv_core/id_stage_i/decoder_i/mux_cmbsop_alu_operator_o_476_18/in_4[4] 	 (fanout : 1)
hpin:lp_riscv_top/lp_riscv/i_riscv_core/id_stage_i/decoder_i/mux_cmbsop_alu_operator_o_476_18/in_4[3] 	 (fanout : 1)
hpin:lp_riscv_top/lp_riscv/i_riscv_core/id_stage_i/decoder_i/mux_cmbsop_alu_operator_o_476_18/in_4[2] 	 (fanout : 1)
hpin:lp_riscv_top/lp_riscv/i_riscv_core/id_stage_i/decoder_i/mux_cmbsop_alu_operator_o_476_18/in_4[1] 	 (fanout : 1)
hpin:lp_riscv_top/lp_riscv/i_riscv_core/id_stage_i/decoder_i/mux_cmbsop_alu_operator_o_476_18/in_4[0] 	 (fanout : 1)
hpin:lp_riscv_top/lp_riscv/i_riscv_core/id_stage_i/decoder_i/mux_cmbsop_alu_operator_o_476_18/in_5[24] 	 (fanout : 1)
hpin:lp_riscv_top/lp_riscv/i_riscv_core/id_stage_i/decoder_i/mux_cmbsop_alu_operator_o_476_18/in_5[23] 	 (fanout : 1)
hpin:lp_riscv_top/lp_riscv/i_riscv_core/id_stage_i/decoder_i/mux_cmbsop_alu_operator_o_476_18/in_5[22] 	 (fanout : 1)
hpin:lp_riscv_top/lp_riscv/i_riscv_core/id_stage_i/decoder_i/mux_cmbsop_alu_operator_o_476_18/in_5[21] 	 (fanout : 1)
hpin:lp_riscv_top/lp_riscv/i_riscv_core/id_stage_i/decoder_i/mux_cmbsop_alu_operator_o_476_18/in_5[20] 	 (fanout : 1)
hpin:lp_riscv_top/lp_riscv/i_riscv_core/id_stage_i/decoder_i/mux_cmbsop_alu_operator_o_476_18/in_5[19] 	 (fanout : 1)
hpin:lp_riscv_top/lp_riscv/i_riscv_core/id_stage_i/decoder_i/mux_cmbsop_alu_operator_o_476_18/in_5[18] 	 (fanout : 1)
hpin:lp_riscv_top/lp_riscv/i_riscv_core/id_stage_i/decoder_i/mux_cmbsop_alu_operator_o_476_18/in_5[17] 	 (fanout : 1)
hpin:lp_riscv_top/lp_riscv/i_riscv_core/id_stage_i/decoder_i/mux_cmbsop_alu_operator_o_476_18/in_5[16] 	 (fanout : 1)
hpin:lp_riscv_top/lp_riscv/i_riscv_core/id_stage_i/decoder_i/mux_cmbsop_alu_operator_o_476_18/in_5[15] 	 (fanout : 1)
hpin:lp_riscv_top/lp_riscv/i_riscv_core/id_stage_i/decoder_i/mux_cmbsop_alu_operator_o_476_18/in_5[14] 	 (fanout : 1)
hpin:lp_riscv_top/lp_riscv/i_riscv_core/id_stage_i/decoder_i/mux_cmbsop_alu_operator_o_476_18/in_5[13] 	 (fanout : 1)
hpin:lp_riscv_top/lp_riscv/i_riscv_core/id_stage_i/decoder_i/mux_cmbsop_alu_operator_o_476_18/in_5[12] 	 (fanout : 1)
hpin:lp_riscv_top/lp_riscv/i_riscv_core/id_stage_i/decoder_i/mux_cmbsop_alu_operator_o_476_18/in_5[11] 	 (fanout : 1)
hpin:lp_riscv_top/lp_riscv/i_riscv_core/id_stage_i/decoder_i/mux_cmbsop_alu_operator_o_476_18/in_5[10] 	 (fanout : 1)
hpin:lp_riscv_top/lp_riscv/i_riscv_core/id_stage_i/decoder_i/mux_cmbsop_alu_operator_o_476_18/in_5[9] 	 (fanout : 1)
hpin:lp_riscv_top/lp_riscv/i_riscv_core/id_stage_i/decoder_i/mux_cmbsop_alu_operator_o_476_18/in_5[8] 	 (fanout : 1)
hpin:lp_riscv_top/lp_riscv/i_riscv_core/id_stage_i/decoder_i/mux_cmbsop_alu_operator_o_476_18/in_5[7] 	 (fanout : 1)
hpin:lp_riscv_top/lp_riscv/i_riscv_core/id_stage_i/decoder_i/mux_cmbsop_alu_operator_o_476_18/in_5[6] 	 (fanout : 1)
hpin:lp_riscv_top/lp_riscv/i_riscv_core/id_stage_i/decoder_i/mux_cmbsop_alu_operator_o_476_18/in_5[5] 	 (fanout : 1)
hpin:lp_riscv_top/lp_riscv/i_riscv_core/id_stage_i/decoder_i/mux_cmbsop_alu_operator_o_476_18/in_5[4] 	 (fanout : 1)
hpin:lp_riscv_top/lp_riscv/i_riscv_core/id_stage_i/decoder_i/mux_cmbsop_alu_operator_o_476_18/in_5[3] 	 (fanout : 1)
hpin:lp_riscv_top/lp_riscv/i_riscv_core/id_stage_i/decoder_i/mux_cmbsop_alu_operator_o_476_18/in_5[2] 	 (fanout : 1)
hpin:lp_riscv_top/lp_riscv/i_riscv_core/id_stage_i/decoder_i/mux_cmbsop_alu_operator_o_476_18/in_5[1] 	 (fanout : 1)
hpin:lp_riscv_top/lp_riscv/i_riscv_core/id_stage_i/decoder_i/mux_cmbsop_alu_operator_o_476_18/in_5[0] 	 (fanout : 1)
hpin:lp_riscv_top/lp_riscv/i_riscv_core/id_stage_i/decoder_i/mux_cmbsop_alu_operator_o_476_18/in_6[24] 	 (fanout : 1)
hpin:lp_riscv_top/lp_riscv/i_riscv_core/id_stage_i/decoder_i/mux_cmbsop_alu_operator_o_476_18/in_6[23] 	 (fanout : 1)
hpin:lp_riscv_top/lp_riscv/i_riscv_core/id_stage_i/decoder_i/mux_cmbsop_alu_operator_o_476_18/in_6[22] 	 (fanout : 1)
hpin:lp_riscv_top/lp_riscv/i_riscv_core/id_stage_i/decoder_i/mux_cmbsop_alu_operator_o_476_18/in_6[21] 	 (fanout : 1)
hpin:lp_riscv_top/lp_riscv/i_riscv_core/id_stage_i/decoder_i/mux_cmbsop_alu_operator_o_476_18/in_6[20] 	 (fanout : 1)
hpin:lp_riscv_top/lp_riscv/i_riscv_core/id_stage_i/decoder_i/mux_cmbsop_alu_operator_o_476_18/in_6[19] 	 (fanout : 1)
hpin:lp_riscv_top/lp_riscv/i_riscv_core/id_stage_i/decoder_i/mux_cmbsop_alu_operator_o_476_18/in_6[18] 	 (fanout : 1)
hpin:lp_riscv_top/lp_riscv/i_riscv_core/id_stage_i/decoder_i/mux_cmbsop_alu_operator_o_476_18/in_6[17] 	 (fanout : 1)
hpin:lp_riscv_top/lp_riscv/i_riscv_core/id_stage_i/decoder_i/mux_cmbsop_alu_operator_o_476_18/in_6[16] 	 (fanout : 1)
hpin:lp_riscv_top/lp_riscv/i_riscv_core/id_stage_i/decoder_i/mux_cmbsop_alu_operator_o_476_18/in_6[15] 	 (fanout : 1)
hpin:lp_riscv_top/lp_riscv/i_riscv_core/id_stage_i/decoder_i/mux_cmbsop_alu_operator_o_476_18/in_6[14] 	 (fanout : 1)
hpin:lp_riscv_top/lp_riscv/i_riscv_core/id_stage_i/decoder_i/mux_cmbsop_alu_operator_o_476_18/in_6[13] 	 (fanout : 1)
hpin:lp_riscv_top/lp_riscv/i_riscv_core/id_stage_i/decoder_i/mux_cmbsop_alu_operator_o_476_18/in_6[12] 	 (fanout : 1)
hpin:lp_riscv_top/lp_riscv/i_riscv_core/id_stage_i/decoder_i/mux_cmbsop_alu_operator_o_476_18/in_6[11] 	 (fanout : 1)
hpin:lp_riscv_top/lp_riscv/i_riscv_core/id_stage_i/decoder_i/mux_cmbsop_alu_operator_o_476_18/in_6[10] 	 (fanout : 1)
hpin:lp_riscv_top/lp_riscv/i_riscv_core/id_stage_i/decoder_i/mux_cmbsop_alu_operator_o_476_18/in_6[9] 	 (fanout : 1)
hpin:lp_riscv_top/lp_riscv/i_riscv_core/id_stage_i/decoder_i/mux_cmbsop_alu_operator_o_476_18/in_6[8] 	 (fanout : 1)
hpin:lp_riscv_top/lp_riscv/i_riscv_core/id_stage_i/decoder_i/mux_cmbsop_alu_operator_o_476_18/in_6[7] 	 (fanout : 1)
hpin:lp_riscv_top/lp_riscv/i_riscv_core/id_stage_i/decoder_i/mux_cmbsop_alu_operator_o_476_18/in_6[6] 	 (fanout : 1)
hpin:lp_riscv_top/lp_riscv/i_riscv_core/id_stage_i/decoder_i/mux_cmbsop_alu_operator_o_476_18/in_6[5] 	 (fanout : 1)
hpin:lp_riscv_top/lp_riscv/i_riscv_core/id_stage_i/decoder_i/mux_cmbsop_alu_operator_o_476_18/in_6[4] 	 (fanout : 1)
hpin:lp_riscv_top/lp_riscv/i_riscv_core/id_stage_i/decoder_i/mux_cmbsop_alu_operator_o_476_18/in_6[3] 	 (fanout : 1)
hpin:lp_riscv_top/lp_riscv/i_riscv_core/id_stage_i/decoder_i/mux_cmbsop_alu_operator_o_476_18/in_6[2] 	 (fanout : 1)
hpin:lp_riscv_top/lp_riscv/i_riscv_core/id_stage_i/decoder_i/mux_cmbsop_alu_operator_o_476_18/in_6[1] 	 (fanout : 1)
hpin:lp_riscv_top/lp_riscv/i_riscv_core/id_stage_i/decoder_i/mux_cmbsop_alu_operator_o_476_18/in_6[0] 	 (fanout : 1)
hpin:lp_riscv_top/lp_riscv/i_riscv_core/id_stage_i/decoder_i/mux_cmbsop_alu_operator_o_476_18/in_7[24] 	 (fanout : 1)
hpin:lp_riscv_top/lp_riscv/i_riscv_core/id_stage_i/decoder_i/mux_cmbsop_alu_operator_o_476_18/in_7[23] 	 (fanout : 1)
hpin:lp_riscv_top/lp_riscv/i_riscv_core/id_stage_i/decoder_i/mux_cmbsop_alu_operator_o_476_18/in_7[22] 	 (fanout : 1)
hpin:lp_riscv_top/lp_riscv/i_riscv_core/id_stage_i/decoder_i/mux_cmbsop_alu_operator_o_476_18/in_7[21] 	 (fanout : 1)
hpin:lp_riscv_top/lp_riscv/i_riscv_core/id_stage_i/decoder_i/mux_cmbsop_alu_operator_o_476_18/in_7[20] 	 (fanout : 1)
hpin:lp_riscv_top/lp_riscv/i_riscv_core/id_stage_i/decoder_i/mux_cmbsop_alu_operator_o_476_18/in_7[19] 	 (fanout : 1)
hpin:lp_riscv_top/lp_riscv/i_riscv_core/id_stage_i/decoder_i/mux_cmbsop_alu_operator_o_476_18/in_7[18] 	 (fanout : 1)
hpin:lp_riscv_top/lp_riscv/i_riscv_core/id_stage_i/decoder_i/mux_cmbsop_alu_operator_o_476_18/in_7[17] 	 (fanout : 1)
hpin:lp_riscv_top/lp_riscv/i_riscv_core/id_stage_i/decoder_i/mux_cmbsop_alu_operator_o_476_18/in_7[16] 	 (fanout : 1)
hpin:lp_riscv_top/lp_riscv/i_riscv_core/id_stage_i/decoder_i/mux_cmbsop_alu_operator_o_476_18/in_7[15] 	 (fanout : 1)
hpin:lp_riscv_top/lp_riscv/i_riscv_core/id_stage_i/decoder_i/mux_cmbsop_alu_operator_o_476_18/in_7[14] 	 (fanout : 1)
hpin:lp_riscv_top/lp_riscv/i_riscv_core/id_stage_i/decoder_i/mux_cmbsop_alu_operator_o_476_18/in_7[13] 	 (fanout : 1)
hpin:lp_riscv_top/lp_riscv/i_riscv_core/id_stage_i/decoder_i/mux_cmbsop_alu_operator_o_476_18/in_7[12] 	 (fanout : 1)
hpin:lp_riscv_top/lp_riscv/i_riscv_core/id_stage_i/decoder_i/mux_cmbsop_alu_operator_o_476_18/in_7[11] 	 (fanout : 1)
hpin:lp_riscv_top/lp_riscv/i_riscv_core/id_stage_i/decoder_i/mux_cmbsop_alu_operator_o_476_18/in_7[10] 	 (fanout : 1)
hpin:lp_riscv_top/lp_riscv/i_riscv_core/id_stage_i/decoder_i/mux_cmbsop_alu_operator_o_476_18/in_7[9] 	 (fanout : 1)
hpin:lp_riscv_top/lp_riscv/i_riscv_core/id_stage_i/decoder_i/mux_cmbsop_alu_operator_o_476_18/in_7[8] 	 (fanout : 1)
hpin:lp_riscv_top/lp_riscv/i_riscv_core/id_stage_i/decoder_i/mux_cmbsop_alu_operator_o_476_18/in_7[7] 	 (fanout : 1)
hpin:lp_riscv_top/lp_riscv/i_riscv_core/id_stage_i/decoder_i/mux_cmbsop_alu_operator_o_476_18/in_7[6] 	 (fanout : 1)
hpin:lp_riscv_top/lp_riscv/i_riscv_core/id_stage_i/decoder_i/mux_cmbsop_alu_operator_o_476_18/in_7[5] 	 (fanout : 1)
hpin:lp_riscv_top/lp_riscv/i_riscv_core/id_stage_i/decoder_i/mux_cmbsop_alu_operator_o_476_18/in_7[4] 	 (fanout : 1)
hpin:lp_riscv_top/lp_riscv/i_riscv_core/id_stage_i/decoder_i/mux_cmbsop_alu_operator_o_476_18/in_7[3] 	 (fanout : 1)
hpin:lp_riscv_top/lp_riscv/i_riscv_core/id_stage_i/decoder_i/mux_cmbsop_alu_operator_o_476_18/in_7[2] 	 (fanout : 1)
hpin:lp_riscv_top/lp_riscv/i_riscv_core/id_stage_i/decoder_i/mux_cmbsop_alu_operator_o_476_18/in_7[1] 	 (fanout : 1)
hpin:lp_riscv_top/lp_riscv/i_riscv_core/id_stage_i/decoder_i/mux_cmbsop_alu_operator_o_476_18/in_7[0] 	 (fanout : 1)
hpin:lp_riscv_top/lp_riscv/i_riscv_core/id_stage_i/decoder_i/mux_cmbsop_alu_operator_o_476_18/in_8[24] 	 (fanout : 1)
hpin:lp_riscv_top/lp_riscv/i_riscv_core/id_stage_i/decoder_i/mux_cmbsop_alu_operator_o_476_18/in_8[23] 	 (fanout : 1)
hpin:lp_riscv_top/lp_riscv/i_riscv_core/id_stage_i/decoder_i/mux_cmbsop_alu_operator_o_476_18/in_8[22] 	 (fanout : 1)
hpin:lp_riscv_top/lp_riscv/i_riscv_core/id_stage_i/decoder_i/mux_cmbsop_alu_operator_o_476_18/in_8[21] 	 (fanout : 1)
hpin:lp_riscv_top/lp_riscv/i_riscv_core/id_stage_i/decoder_i/mux_cmbsop_alu_operator_o_476_18/in_8[20] 	 (fanout : 1)
hpin:lp_riscv_top/lp_riscv/i_riscv_core/id_stage_i/decoder_i/mux_cmbsop_alu_operator_o_476_18/in_8[19] 	 (fanout : 1)
hpin:lp_riscv_top/lp_riscv/i_riscv_core/id_stage_i/decoder_i/mux_cmbsop_alu_operator_o_476_18/in_8[18] 	 (fanout : 1)
hpin:lp_riscv_top/lp_riscv/i_riscv_core/id_stage_i/decoder_i/mux_cmbsop_alu_operator_o_476_18/in_8[17] 	 (fanout : 1)
hpin:lp_riscv_top/lp_riscv/i_riscv_core/id_stage_i/decoder_i/mux_cmbsop_alu_operator_o_476_18/in_8[16] 	 (fanout : 1)
hpin:lp_riscv_top/lp_riscv/i_riscv_core/id_stage_i/decoder_i/mux_cmbsop_alu_operator_o_476_18/in_8[15] 	 (fanout : 1)
hpin:lp_riscv_top/lp_riscv/i_riscv_core/id_stage_i/decoder_i/mux_cmbsop_alu_operator_o_476_18/in_8[14] 	 (fanout : 1)
hpin:lp_riscv_top/lp_riscv/i_riscv_core/id_stage_i/decoder_i/mux_cmbsop_alu_operator_o_476_18/in_8[13] 	 (fanout : 1)
hpin:lp_riscv_top/lp_riscv/i_riscv_core/id_stage_i/decoder_i/mux_cmbsop_alu_operator_o_476_18/in_8[12] 	 (fanout : 1)
hpin:lp_riscv_top/lp_riscv/i_riscv_core/id_stage_i/decoder_i/mux_cmbsop_alu_operator_o_476_18/in_8[11] 	 (fanout : 1)
hpin:lp_riscv_top/lp_riscv/i_riscv_core/id_stage_i/decoder_i/mux_cmbsop_alu_operator_o_476_18/in_8[10] 	 (fanout : 1)
hpin:lp_riscv_top/lp_riscv/i_riscv_core/id_stage_i/decoder_i/mux_cmbsop_alu_operator_o_476_18/in_8[9] 	 (fanout : 1)
hpin:lp_riscv_top/lp_riscv/i_riscv_core/id_stage_i/decoder_i/mux_cmbsop_alu_operator_o_476_18/in_8[8] 	 (fanout : 1)
hpin:lp_riscv_top/lp_riscv/i_riscv_core/id_stage_i/decoder_i/mux_cmbsop_alu_operator_o_476_18/in_8[7] 	 (fanout : 1)
hpin:lp_riscv_top/lp_riscv/i_riscv_core/id_stage_i/decoder_i/mux_cmbsop_alu_operator_o_476_18/in_8[6] 	 (fanout : 1)
hpin:lp_riscv_top/lp_riscv/i_riscv_core/id_stage_i/decoder_i/mux_cmbsop_alu_operator_o_476_18/in_8[5] 	 (fanout : 1)
hpin:lp_riscv_top/lp_riscv/i_riscv_core/id_stage_i/decoder_i/mux_cmbsop_alu_operator_o_476_18/in_8[4] 	 (fanout : 1)
hpin:lp_riscv_top/lp_riscv/i_riscv_core/id_stage_i/decoder_i/mux_cmbsop_alu_operator_o_476_18/in_8[3] 	 (fanout : 1)
hpin:lp_riscv_top/lp_riscv/i_riscv_core/id_stage_i/decoder_i/mux_cmbsop_alu_operator_o_476_18/in_8[2] 	 (fanout : 1)
hpin:lp_riscv_top/lp_riscv/i_riscv_core/id_stage_i/decoder_i/mux_cmbsop_alu_operator_o_476_18/in_8[1] 	 (fanout : 1)
hpin:lp_riscv_top/lp_riscv/i_riscv_core/id_stage_i/decoder_i/mux_cmbsop_alu_operator_o_476_18/in_8[0] 	 (fanout : 1)
hpin:lp_riscv_top/lp_riscv/i_riscv_core/id_stage_i/decoder_i/mux_cmbsop_alu_operator_o_476_18/in_9[24] 	 (fanout : 1)
hpin:lp_riscv_top/lp_riscv/i_riscv_core/id_stage_i/decoder_i/mux_cmbsop_alu_operator_o_476_18/in_9[23] 	 (fanout : 1)
hpin:lp_riscv_top/lp_riscv/i_riscv_core/id_stage_i/decoder_i/mux_cmbsop_alu_operator_o_476_18/in_9[22] 	 (fanout : 1)
hpin:lp_riscv_top/lp_riscv/i_riscv_core/id_stage_i/decoder_i/mux_cmbsop_alu_operator_o_476_18/in_9[21] 	 (fanout : 1)
hpin:lp_riscv_top/lp_riscv/i_riscv_core/id_stage_i/decoder_i/mux_cmbsop_alu_operator_o_476_18/in_9[20] 	 (fanout : 1)
hpin:lp_riscv_top/lp_riscv/i_riscv_core/id_stage_i/decoder_i/mux_cmbsop_alu_operator_o_476_18/in_9[19] 	 (fanout : 1)
hpin:lp_riscv_top/lp_riscv/i_riscv_core/id_stage_i/decoder_i/mux_cmbsop_alu_operator_o_476_18/in_9[18] 	 (fanout : 1)
hpin:lp_riscv_top/lp_riscv/i_riscv_core/id_stage_i/decoder_i/mux_cmbsop_alu_operator_o_476_18/in_9[17] 	 (fanout : 1)
hpin:lp_riscv_top/lp_riscv/i_riscv_core/id_stage_i/decoder_i/mux_cmbsop_alu_operator_o_476_18/in_9[16] 	 (fanout : 1)
hpin:lp_riscv_top/lp_riscv/i_riscv_core/id_stage_i/decoder_i/mux_cmbsop_alu_operator_o_476_18/in_9[15] 	 (fanout : 1)
hpin:lp_riscv_top/lp_riscv/i_riscv_core/id_stage_i/decoder_i/mux_cmbsop_alu_operator_o_476_18/in_9[14] 	 (fanout : 1)
hpin:lp_riscv_top/lp_riscv/i_riscv_core/id_stage_i/decoder_i/mux_cmbsop_alu_operator_o_476_18/in_9[13] 	 (fanout : 1)
hpin:lp_riscv_top/lp_riscv/i_riscv_core/id_stage_i/decoder_i/mux_cmbsop_alu_operator_o_476_18/in_9[12] 	 (fanout : 1)
hpin:lp_riscv_top/lp_riscv/i_riscv_core/id_stage_i/decoder_i/mux_cmbsop_alu_operator_o_476_18/in_9[11] 	 (fanout : 1)
hpin:lp_riscv_top/lp_riscv/i_riscv_core/id_stage_i/decoder_i/mux_cmbsop_alu_operator_o_476_18/in_9[10] 	 (fanout : 1)
hpin:lp_riscv_top/lp_riscv/i_riscv_core/id_stage_i/decoder_i/mux_cmbsop_alu_operator_o_476_18/in_9[9] 	 (fanout : 1)
hpin:lp_riscv_top/lp_riscv/i_riscv_core/id_stage_i/decoder_i/mux_cmbsop_alu_operator_o_476_18/in_9[8] 	 (fanout : 1)
hpin:lp_riscv_top/lp_riscv/i_riscv_core/id_stage_i/decoder_i/mux_cmbsop_alu_operator_o_476_18/in_9[7] 	 (fanout : 1)
hpin:lp_riscv_top/lp_riscv/i_riscv_core/id_stage_i/decoder_i/mux_cmbsop_alu_operator_o_476_18/in_9[6] 	 (fanout : 1)
hpin:lp_riscv_top/lp_riscv/i_riscv_core/id_stage_i/decoder_i/mux_cmbsop_alu_operator_o_476_18/in_9[5] 	 (fanout : 1)
hpin:lp_riscv_top/lp_riscv/i_riscv_core/id_stage_i/decoder_i/mux_cmbsop_alu_operator_o_476_18/in_9[4] 	 (fanout : 1)
hpin:lp_riscv_top/lp_riscv/i_riscv_core/id_stage_i/decoder_i/mux_cmbsop_alu_operator_o_476_18/in_9[3] 	 (fanout : 1)
hpin:lp_riscv_top/lp_riscv/i_riscv_core/id_stage_i/decoder_i/mux_cmbsop_alu_operator_o_476_18/in_9[2] 	 (fanout : 1)
hpin:lp_riscv_top/lp_riscv/i_riscv_core/id_stage_i/decoder_i/mux_cmbsop_alu_operator_o_476_18/in_9[1] 	 (fanout : 1)
hpin:lp_riscv_top/lp_riscv/i_riscv_core/id_stage_i/decoder_i/mux_cmbsop_alu_operator_o_476_18/in_9[0] 	 (fanout : 1)
hpin:lp_riscv_top/lp_riscv/i_riscv_core/id_stage_i/decoder_i/mux_cmbsop_alu_operator_o_476_18/in_10[24] 	 (fanout : 1)
hpin:lp_riscv_top/lp_riscv/i_riscv_core/id_stage_i/decoder_i/mux_cmbsop_alu_operator_o_476_18/in_10[23] 	 (fanout : 1)
hpin:lp_riscv_top/lp_riscv/i_riscv_core/id_stage_i/decoder_i/mux_cmbsop_alu_operator_o_476_18/in_10[22] 	 (fanout : 1)
hpin:lp_riscv_top/lp_riscv/i_riscv_core/id_stage_i/decoder_i/mux_cmbsop_alu_operator_o_476_18/in_10[21] 	 (fanout : 1)
hpin:lp_riscv_top/lp_riscv/i_riscv_core/id_stage_i/decoder_i/mux_cmbsop_alu_operator_o_476_18/in_10[20] 	 (fanout : 1)
hpin:lp_riscv_top/lp_riscv/i_riscv_core/id_stage_i/decoder_i/mux_cmbsop_alu_operator_o_476_18/in_10[19] 	 (fanout : 1)
hpin:lp_riscv_top/lp_riscv/i_riscv_core/id_stage_i/decoder_i/mux_cmbsop_alu_operator_o_476_18/in_10[18] 	 (fanout : 1)
hpin:lp_riscv_top/lp_riscv/i_riscv_core/id_stage_i/decoder_i/mux_cmbsop_alu_operator_o_476_18/in_10[17] 	 (fanout : 1)
hpin:lp_riscv_top/lp_riscv/i_riscv_core/id_stage_i/decoder_i/mux_cmbsop_alu_operator_o_476_18/in_10[16] 	 (fanout : 1)
hpin:lp_riscv_top/lp_riscv/i_riscv_core/id_stage_i/decoder_i/mux_cmbsop_alu_operator_o_476_18/in_10[15] 	 (fanout : 1)
hpin:lp_riscv_top/lp_riscv/i_riscv_core/id_stage_i/decoder_i/mux_cmbsop_alu_operator_o_476_18/in_10[14] 	 (fanout : 1)
hpin:lp_riscv_top/lp_riscv/i_riscv_core/id_stage_i/decoder_i/mux_cmbsop_alu_operator_o_476_18/in_10[13] 	 (fanout : 1)
hpin:lp_riscv_top/lp_riscv/i_riscv_core/id_stage_i/decoder_i/mux_cmbsop_alu_operator_o_476_18/in_10[12] 	 (fanout : 1)
hpin:lp_riscv_top/lp_riscv/i_riscv_core/id_stage_i/decoder_i/mux_cmbsop_alu_operator_o_476_18/in_10[11] 	 (fanout : 1)
hpin:lp_riscv_top/lp_riscv/i_riscv_core/id_stage_i/decoder_i/mux_cmbsop_alu_operator_o_476_18/in_10[10] 	 (fanout : 1)
hpin:lp_riscv_top/lp_riscv/i_riscv_core/id_stage_i/decoder_i/mux_cmbsop_alu_operator_o_476_18/in_10[9] 	 (fanout : 1)
hpin:lp_riscv_top/lp_riscv/i_riscv_core/id_stage_i/decoder_i/mux_cmbsop_alu_operator_o_476_18/in_10[8] 	 (fanout : 1)
hpin:lp_riscv_top/lp_riscv/i_riscv_core/id_stage_i/decoder_i/mux_cmbsop_alu_operator_o_476_18/in_10[7] 	 (fanout : 1)
hpin:lp_riscv_top/lp_riscv/i_riscv_core/id_stage_i/decoder_i/mux_cmbsop_alu_operator_o_476_18/in_10[6] 	 (fanout : 1)
hpin:lp_riscv_top/lp_riscv/i_riscv_core/id_stage_i/decoder_i/mux_cmbsop_alu_operator_o_476_18/in_10[5] 	 (fanout : 1)
hpin:lp_riscv_top/lp_riscv/i_riscv_core/id_stage_i/decoder_i/mux_cmbsop_alu_operator_o_476_18/in_10[4] 	 (fanout : 1)
hpin:lp_riscv_top/lp_riscv/i_riscv_core/id_stage_i/decoder_i/mux_cmbsop_alu_operator_o_476_18/in_10[3] 	 (fanout : 1)
hpin:lp_riscv_top/lp_riscv/i_riscv_core/id_stage_i/decoder_i/mux_cmbsop_alu_operator_o_476_18/in_10[2] 	 (fanout : 1)
hpin:lp_riscv_top/lp_riscv/i_riscv_core/id_stage_i/decoder_i/mux_cmbsop_alu_operator_o_476_18/in_10[1] 	 (fanout : 1)
hpin:lp_riscv_top/lp_riscv/i_riscv_core/id_stage_i/decoder_i/mux_cmbsop_alu_operator_o_476_18/in_10[0] 	 (fanout : 1)
hpin:lp_riscv_top/lp_riscv/i_riscv_core/id_stage_i/decoder_i/mux_cmbsop_alu_operator_o_476_18/in_11[24] 	 (fanout : 1)
hpin:lp_riscv_top/lp_riscv/i_riscv_core/id_stage_i/decoder_i/mux_cmbsop_alu_operator_o_476_18/in_11[23] 	 (fanout : 1)
hpin:lp_riscv_top/lp_riscv/i_riscv_core/id_stage_i/decoder_i/mux_cmbsop_alu_operator_o_476_18/in_11[22] 	 (fanout : 1)
hpin:lp_riscv_top/lp_riscv/i_riscv_core/id_stage_i/decoder_i/mux_cmbsop_alu_operator_o_476_18/in_11[21] 	 (fanout : 1)
hpin:lp_riscv_top/lp_riscv/i_riscv_core/id_stage_i/decoder_i/mux_cmbsop_alu_operator_o_476_18/in_11[20] 	 (fanout : 1)
hpin:lp_riscv_top/lp_riscv/i_riscv_core/id_stage_i/decoder_i/mux_cmbsop_alu_operator_o_476_18/in_11[19] 	 (fanout : 1)
hpin:lp_riscv_top/lp_riscv/i_riscv_core/id_stage_i/decoder_i/mux_cmbsop_alu_operator_o_476_18/in_11[18] 	 (fanout : 1)
hpin:lp_riscv_top/lp_riscv/i_riscv_core/id_stage_i/decoder_i/mux_cmbsop_alu_operator_o_476_18/in_11[17] 	 (fanout : 1)
hpin:lp_riscv_top/lp_riscv/i_riscv_core/id_stage_i/decoder_i/mux_cmbsop_alu_operator_o_476_18/in_11[16] 	 (fanout : 1)
hpin:lp_riscv_top/lp_riscv/i_riscv_core/id_stage_i/decoder_i/mux_cmbsop_alu_operator_o_476_18/in_11[15] 	 (fanout : 1)
hpin:lp_riscv_top/lp_riscv/i_riscv_core/id_stage_i/decoder_i/mux_cmbsop_alu_operator_o_476_18/in_11[14] 	 (fanout : 1)
hpin:lp_riscv_top/lp_riscv/i_riscv_core/id_stage_i/decoder_i/mux_cmbsop_alu_operator_o_476_18/in_11[13] 	 (fanout : 1)
hpin:lp_riscv_top/lp_riscv/i_riscv_core/id_stage_i/decoder_i/mux_cmbsop_alu_operator_o_476_18/in_11[12] 	 (fanout : 1)
hpin:lp_riscv_top/lp_riscv/i_riscv_core/id_stage_i/decoder_i/mux_cmbsop_alu_operator_o_476_18/in_11[11] 	 (fanout : 1)
hpin:lp_riscv_top/lp_riscv/i_riscv_core/id_stage_i/decoder_i/mux_cmbsop_alu_operator_o_476_18/in_11[10] 	 (fanout : 1)
hpin:lp_riscv_top/lp_riscv/i_riscv_core/id_stage_i/decoder_i/mux_cmbsop_alu_operator_o_476_18/in_11[9] 	 (fanout : 1)
hpin:lp_riscv_top/lp_riscv/i_riscv_core/id_stage_i/decoder_i/mux_cmbsop_alu_operator_o_476_18/in_11[8] 	 (fanout : 1)
hpin:lp_riscv_top/lp_riscv/i_riscv_core/id_stage_i/decoder_i/mux_cmbsop_alu_operator_o_476_18/in_11[7] 	 (fanout : 1)
hpin:lp_riscv_top/lp_riscv/i_riscv_core/id_stage_i/decoder_i/mux_cmbsop_alu_operator_o_476_18/in_11[6] 	 (fanout : 1)
hpin:lp_riscv_top/lp_riscv/i_riscv_core/id_stage_i/decoder_i/mux_cmbsop_alu_operator_o_476_18/in_11[5] 	 (fanout : 1)
hpin:lp_riscv_top/lp_riscv/i_riscv_core/id_stage_i/decoder_i/mux_cmbsop_alu_operator_o_476_18/in_11[4] 	 (fanout : 1)
hpin:lp_riscv_top/lp_riscv/i_riscv_core/id_stage_i/decoder_i/mux_cmbsop_alu_operator_o_476_18/in_11[3] 	 (fanout : 1)
hpin:lp_riscv_top/lp_riscv/i_riscv_core/id_stage_i/decoder_i/mux_cmbsop_alu_operator_o_476_18/in_11[2] 	 (fanout : 1)
hpin:lp_riscv_top/lp_riscv/i_riscv_core/id_stage_i/decoder_i/mux_cmbsop_alu_operator_o_476_18/in_11[1] 	 (fanout : 1)
hpin:lp_riscv_top/lp_riscv/i_riscv_core/id_stage_i/decoder_i/mux_cmbsop_alu_operator_o_476_18/in_11[0] 	 (fanout : 1)
hpin:lp_riscv_top/lp_riscv/i_riscv_core/id_stage_i/decoder_i/mux_cmbsop_alu_operator_o_476_18/in_12[24] 	 (fanout : 1)
hpin:lp_riscv_top/lp_riscv/i_riscv_core/id_stage_i/decoder_i/mux_cmbsop_alu_operator_o_476_18/in_12[23] 	 (fanout : 1)
hpin:lp_riscv_top/lp_riscv/i_riscv_core/id_stage_i/decoder_i/mux_cmbsop_alu_operator_o_476_18/in_12[22] 	 (fanout : 1)
hpin:lp_riscv_top/lp_riscv/i_riscv_core/id_stage_i/decoder_i/mux_cmbsop_alu_operator_o_476_18/in_12[21] 	 (fanout : 1)
hpin:lp_riscv_top/lp_riscv/i_riscv_core/id_stage_i/decoder_i/mux_cmbsop_alu_operator_o_476_18/in_12[20] 	 (fanout : 1)
hpin:lp_riscv_top/lp_riscv/i_riscv_core/id_stage_i/decoder_i/mux_cmbsop_alu_operator_o_476_18/in_12[19] 	 (fanout : 1)
hpin:lp_riscv_top/lp_riscv/i_riscv_core/id_stage_i/decoder_i/mux_cmbsop_alu_operator_o_476_18/in_12[18] 	 (fanout : 1)
hpin:lp_riscv_top/lp_riscv/i_riscv_core/id_stage_i/decoder_i/mux_cmbsop_alu_operator_o_476_18/in_12[17] 	 (fanout : 1)
hpin:lp_riscv_top/lp_riscv/i_riscv_core/id_stage_i/decoder_i/mux_cmbsop_alu_operator_o_476_18/in_12[16] 	 (fanout : 1)
hpin:lp_riscv_top/lp_riscv/i_riscv_core/id_stage_i/decoder_i/mux_cmbsop_alu_operator_o_476_18/in_12[15] 	 (fanout : 1)
hpin:lp_riscv_top/lp_riscv/i_riscv_core/id_stage_i/decoder_i/mux_cmbsop_alu_operator_o_476_18/in_12[14] 	 (fanout : 1)
hpin:lp_riscv_top/lp_riscv/i_riscv_core/id_stage_i/decoder_i/mux_cmbsop_alu_operator_o_476_18/in_12[13] 	 (fanout : 1)
hpin:lp_riscv_top/lp_riscv/i_riscv_core/id_stage_i/decoder_i/mux_cmbsop_alu_operator_o_476_18/in_12[12] 	 (fanout : 1)
hpin:lp_riscv_top/lp_riscv/i_riscv_core/id_stage_i/decoder_i/mux_cmbsop_alu_operator_o_476_18/in_12[11] 	 (fanout : 1)
hpin:lp_riscv_top/lp_riscv/i_riscv_core/id_stage_i/decoder_i/mux_cmbsop_alu_operator_o_476_18/in_12[10] 	 (fanout : 1)
hpin:lp_riscv_top/lp_riscv/i_riscv_core/id_stage_i/decoder_i/mux_cmbsop_alu_operator_o_476_18/in_12[9] 	 (fanout : 1)
hpin:lp_riscv_top/lp_riscv/i_riscv_core/id_stage_i/decoder_i/mux_cmbsop_alu_operator_o_476_18/in_12[8] 	 (fanout : 1)
hpin:lp_riscv_top/lp_riscv/i_riscv_core/id_stage_i/decoder_i/mux_cmbsop_alu_operator_o_476_18/in_12[7] 	 (fanout : 1)
hpin:lp_riscv_top/lp_riscv/i_riscv_core/id_stage_i/decoder_i/mux_cmbsop_alu_operator_o_476_18/in_12[6] 	 (fanout : 1)
hpin:lp_riscv_top/lp_riscv/i_riscv_core/id_stage_i/decoder_i/mux_cmbsop_alu_operator_o_476_18/in_12[5] 	 (fanout : 1)
hpin:lp_riscv_top/lp_riscv/i_riscv_core/id_stage_i/decoder_i/mux_cmbsop_alu_operator_o_476_18/in_12[4] 	 (fanout : 1)
hpin:lp_riscv_top/lp_riscv/i_riscv_core/id_stage_i/decoder_i/mux_cmbsop_alu_operator_o_476_18/in_12[3] 	 (fanout : 1)
hpin:lp_riscv_top/lp_riscv/i_riscv_core/id_stage_i/decoder_i/mux_cmbsop_alu_operator_o_476_18/in_12[2] 	 (fanout : 1)
hpin:lp_riscv_top/lp_riscv/i_riscv_core/id_stage_i/decoder_i/mux_cmbsop_alu_operator_o_476_18/in_12[1] 	 (fanout : 1)
hpin:lp_riscv_top/lp_riscv/i_riscv_core/id_stage_i/decoder_i/mux_cmbsop_alu_operator_o_476_18/in_12[0] 	 (fanout : 1)
hpin:lp_riscv_top/lp_riscv/i_riscv_core/id_stage_i/decoder_i/mux_cmbsop_alu_operator_o_476_18/in_13[24] 	 (fanout : 1)
hpin:lp_riscv_top/lp_riscv/i_riscv_core/id_stage_i/decoder_i/mux_cmbsop_alu_operator_o_476_18/in_13[23] 	 (fanout : 1)
hpin:lp_riscv_top/lp_riscv/i_riscv_core/id_stage_i/decoder_i/mux_cmbsop_alu_operator_o_476_18/in_13[22] 	 (fanout : 1)
hpin:lp_riscv_top/lp_riscv/i_riscv_core/id_stage_i/decoder_i/mux_cmbsop_alu_operator_o_476_18/in_13[21] 	 (fanout : 1)
hpin:lp_riscv_top/lp_riscv/i_riscv_core/id_stage_i/decoder_i/mux_cmbsop_alu_operator_o_476_18/in_13[20] 	 (fanout : 1)
hpin:lp_riscv_top/lp_riscv/i_riscv_core/id_stage_i/decoder_i/mux_cmbsop_alu_operator_o_476_18/in_13[19] 	 (fanout : 1)
hpin:lp_riscv_top/lp_riscv/i_riscv_core/id_stage_i/decoder_i/mux_cmbsop_alu_operator_o_476_18/in_13[18] 	 (fanout : 1)
hpin:lp_riscv_top/lp_riscv/i_riscv_core/id_stage_i/decoder_i/mux_cmbsop_alu_operator_o_476_18/in_13[17] 	 (fanout : 1)
hpin:lp_riscv_top/lp_riscv/i_riscv_core/id_stage_i/decoder_i/mux_cmbsop_alu_operator_o_476_18/in_13[16] 	 (fanout : 1)
hpin:lp_riscv_top/lp_riscv/i_riscv_core/id_stage_i/decoder_i/mux_cmbsop_alu_operator_o_476_18/in_13[15] 	 (fanout : 1)
hpin:lp_riscv_top/lp_riscv/i_riscv_core/id_stage_i/decoder_i/mux_cmbsop_alu_operator_o_476_18/in_13[14] 	 (fanout : 1)
hpin:lp_riscv_top/lp_riscv/i_riscv_core/id_stage_i/decoder_i/mux_cmbsop_alu_operator_o_476_18/in_13[13] 	 (fanout : 1)
hpin:lp_riscv_top/lp_riscv/i_riscv_core/id_stage_i/decoder_i/mux_cmbsop_alu_operator_o_476_18/in_13[12] 	 (fanout : 1)
hpin:lp_riscv_top/lp_riscv/i_riscv_core/id_stage_i/decoder_i/mux_cmbsop_alu_operator_o_476_18/in_13[11] 	 (fanout : 1)
hpin:lp_riscv_top/lp_riscv/i_riscv_core/id_stage_i/decoder_i/mux_cmbsop_alu_operator_o_476_18/in_13[10] 	 (fanout : 1)
hpin:lp_riscv_top/lp_riscv/i_riscv_core/id_stage_i/decoder_i/mux_cmbsop_alu_operator_o_476_18/in_13[9] 	 (fanout : 1)
hpin:lp_riscv_top/lp_riscv/i_riscv_core/id_stage_i/decoder_i/mux_cmbsop_alu_operator_o_476_18/in_13[8] 	 (fanout : 1)
hpin:lp_riscv_top/lp_riscv/i_riscv_core/id_stage_i/decoder_i/mux_cmbsop_alu_operator_o_476_18/in_13[7] 	 (fanout : 1)
hpin:lp_riscv_top/lp_riscv/i_riscv_core/id_stage_i/decoder_i/mux_cmbsop_alu_operator_o_476_18/in_13[6] 	 (fanout : 1)
hpin:lp_riscv_top/lp_riscv/i_riscv_core/id_stage_i/decoder_i/mux_cmbsop_alu_operator_o_476_18/in_13[5] 	 (fanout : 1)
hpin:lp_riscv_top/lp_riscv/i_riscv_core/id_stage_i/decoder_i/mux_cmbsop_alu_operator_o_476_18/in_13[4] 	 (fanout : 1)
hpin:lp_riscv_top/lp_riscv/i_riscv_core/id_stage_i/decoder_i/mux_cmbsop_alu_operator_o_476_18/in_13[3] 	 (fanout : 1)
hpin:lp_riscv_top/lp_riscv/i_riscv_core/id_stage_i/decoder_i/mux_cmbsop_alu_operator_o_476_18/in_13[2] 	 (fanout : 1)
hpin:lp_riscv_top/lp_riscv/i_riscv_core/id_stage_i/decoder_i/mux_cmbsop_alu_operator_o_476_18/in_13[1] 	 (fanout : 1)
hpin:lp_riscv_top/lp_riscv/i_riscv_core/id_stage_i/decoder_i/mux_cmbsop_alu_operator_o_476_18/in_13[0] 	 (fanout : 1)
hpin:lp_riscv_top/lp_riscv/i_riscv_core/id_stage_i/decoder_i/mux_cmbsop_alu_operator_o_476_18/in_14[24] 	 (fanout : 1)
hpin:lp_riscv_top/lp_riscv/i_riscv_core/id_stage_i/decoder_i/mux_cmbsop_alu_operator_o_476_18/in_14[23] 	 (fanout : 1)
hpin:lp_riscv_top/lp_riscv/i_riscv_core/id_stage_i/decoder_i/mux_cmbsop_alu_operator_o_476_18/in_14[22] 	 (fanout : 1)
hpin:lp_riscv_top/lp_riscv/i_riscv_core/id_stage_i/decoder_i/mux_cmbsop_alu_operator_o_476_18/in_14[21] 	 (fanout : 1)
hpin:lp_riscv_top/lp_riscv/i_riscv_core/id_stage_i/decoder_i/mux_cmbsop_alu_operator_o_476_18/in_14[20] 	 (fanout : 1)
hpin:lp_riscv_top/lp_riscv/i_riscv_core/id_stage_i/decoder_i/mux_cmbsop_alu_operator_o_476_18/in_14[19] 	 (fanout : 1)
hpin:lp_riscv_top/lp_riscv/i_riscv_core/id_stage_i/decoder_i/mux_cmbsop_alu_operator_o_476_18/in_14[18] 	 (fanout : 1)
hpin:lp_riscv_top/lp_riscv/i_riscv_core/id_stage_i/decoder_i/mux_cmbsop_alu_operator_o_476_18/in_14[17] 	 (fanout : 1)
hpin:lp_riscv_top/lp_riscv/i_riscv_core/id_stage_i/decoder_i/mux_cmbsop_alu_operator_o_476_18/in_14[16] 	 (fanout : 1)
hpin:lp_riscv_top/lp_riscv/i_riscv_core/id_stage_i/decoder_i/mux_cmbsop_alu_operator_o_476_18/in_14[15] 	 (fanout : 1)
hpin:lp_riscv_top/lp_riscv/i_riscv_core/id_stage_i/decoder_i/mux_cmbsop_alu_operator_o_476_18/in_14[14] 	 (fanout : 1)
hpin:lp_riscv_top/lp_riscv/i_riscv_core/id_stage_i/decoder_i/mux_cmbsop_alu_operator_o_476_18/in_14[13] 	 (fanout : 1)
hpin:lp_riscv_top/lp_riscv/i_riscv_core/id_stage_i/decoder_i/mux_cmbsop_alu_operator_o_476_18/in_14[12] 	 (fanout : 1)
hpin:lp_riscv_top/lp_riscv/i_riscv_core/id_stage_i/decoder_i/mux_cmbsop_alu_operator_o_476_18/in_14[11] 	 (fanout : 1)
hpin:lp_riscv_top/lp_riscv/i_riscv_core/id_stage_i/decoder_i/mux_cmbsop_alu_operator_o_476_18/in_14[10] 	 (fanout : 1)
hpin:lp_riscv_top/lp_riscv/i_riscv_core/id_stage_i/decoder_i/mux_cmbsop_alu_operator_o_476_18/in_14[9] 	 (fanout : 1)
hpin:lp_riscv_top/lp_riscv/i_riscv_core/id_stage_i/decoder_i/mux_cmbsop_alu_operator_o_476_18/in_14[8] 	 (fanout : 1)
hpin:lp_riscv_top/lp_riscv/i_riscv_core/id_stage_i/decoder_i/mux_cmbsop_alu_operator_o_476_18/in_14[7] 	 (fanout : 1)
hpin:lp_riscv_top/lp_riscv/i_riscv_core/id_stage_i/decoder_i/mux_cmbsop_alu_operator_o_476_18/in_14[6] 	 (fanout : 1)
hpin:lp_riscv_top/lp_riscv/i_riscv_core/id_stage_i/decoder_i/mux_cmbsop_alu_operator_o_476_18/in_14[5] 	 (fanout : 1)
hpin:lp_riscv_top/lp_riscv/i_riscv_core/id_stage_i/decoder_i/mux_cmbsop_alu_operator_o_476_18/in_14[4] 	 (fanout : 1)
hpin:lp_riscv_top/lp_riscv/i_riscv_core/id_stage_i/decoder_i/mux_cmbsop_alu_operator_o_476_18/in_14[3] 	 (fanout : 1)
hpin:lp_riscv_top/lp_riscv/i_riscv_core/id_stage_i/decoder_i/mux_cmbsop_alu_operator_o_476_18/in_14[2] 	 (fanout : 1)
hpin:lp_riscv_top/lp_riscv/i_riscv_core/id_stage_i/decoder_i/mux_cmbsop_alu_operator_o_476_18/in_14[1] 	 (fanout : 1)
hpin:lp_riscv_top/lp_riscv/i_riscv_core/id_stage_i/decoder_i/mux_cmbsop_alu_operator_o_476_18/in_14[0] 	 (fanout : 1)
hpin:lp_riscv_top/lp_riscv/i_riscv_core/id_stage_i/decoder_i/mux_cmbsop_alu_operator_o_476_18/in_15[24] 	 (fanout : 1)
hpin:lp_riscv_top/lp_riscv/i_riscv_core/id_stage_i/decoder_i/mux_cmbsop_alu_operator_o_476_18/in_15[23] 	 (fanout : 1)
hpin:lp_riscv_top/lp_riscv/i_riscv_core/id_stage_i/decoder_i/mux_cmbsop_alu_operator_o_476_18/in_15[22] 	 (fanout : 1)
hpin:lp_riscv_top/lp_riscv/i_riscv_core/id_stage_i/decoder_i/mux_cmbsop_alu_operator_o_476_18/in_15[21] 	 (fanout : 1)
hpin:lp_riscv_top/lp_riscv/i_riscv_core/id_stage_i/decoder_i/mux_cmbsop_alu_operator_o_476_18/in_15[20] 	 (fanout : 1)
hpin:lp_riscv_top/lp_riscv/i_riscv_core/id_stage_i/decoder_i/mux_cmbsop_alu_operator_o_476_18/in_15[19] 	 (fanout : 1)
hpin:lp_riscv_top/lp_riscv/i_riscv_core/id_stage_i/decoder_i/mux_cmbsop_alu_operator_o_476_18/in_15[18] 	 (fanout : 1)
hpin:lp_riscv_top/lp_riscv/i_riscv_core/id_stage_i/decoder_i/mux_cmbsop_alu_operator_o_476_18/in_15[17] 	 (fanout : 1)
hpin:lp_riscv_top/lp_riscv/i_riscv_core/id_stage_i/decoder_i/mux_cmbsop_alu_operator_o_476_18/in_15[16] 	 (fanout : 1)
hpin:lp_riscv_top/lp_riscv/i_riscv_core/id_stage_i/decoder_i/mux_cmbsop_alu_operator_o_476_18/in_15[15] 	 (fanout : 1)
hpin:lp_riscv_top/lp_riscv/i_riscv_core/id_stage_i/decoder_i/mux_cmbsop_alu_operator_o_476_18/in_15[14] 	 (fanout : 1)
hpin:lp_riscv_top/lp_riscv/i_riscv_core/id_stage_i/decoder_i/mux_cmbsop_alu_operator_o_476_18/in_15[13] 	 (fanout : 1)
hpin:lp_riscv_top/lp_riscv/i_riscv_core/id_stage_i/decoder_i/mux_cmbsop_alu_operator_o_476_18/in_15[12] 	 (fanout : 1)
hpin:lp_riscv_top/lp_riscv/i_riscv_core/id_stage_i/decoder_i/mux_cmbsop_alu_operator_o_476_18/in_15[11] 	 (fanout : 1)
hpin:lp_riscv_top/lp_riscv/i_riscv_core/id_stage_i/decoder_i/mux_cmbsop_alu_operator_o_476_18/in_15[10] 	 (fanout : 1)
hpin:lp_riscv_top/lp_riscv/i_riscv_core/id_stage_i/decoder_i/mux_cmbsop_alu_operator_o_476_18/in_15[9] 	 (fanout : 1)
hpin:lp_riscv_top/lp_riscv/i_riscv_core/id_stage_i/decoder_i/mux_cmbsop_alu_operator_o_476_18/in_15[8] 	 (fanout : 1)
hpin:lp_riscv_top/lp_riscv/i_riscv_core/id_stage_i/decoder_i/mux_cmbsop_alu_operator_o_476_18/in_15[7] 	 (fanout : 1)
hpin:lp_riscv_top/lp_riscv/i_riscv_core/id_stage_i/decoder_i/mux_cmbsop_alu_operator_o_476_18/in_15[6] 	 (fanout : 1)
hpin:lp_riscv_top/lp_riscv/i_riscv_core/id_stage_i/decoder_i/mux_cmbsop_alu_operator_o_476_18/in_15[5] 	 (fanout : 1)
hpin:lp_riscv_top/lp_riscv/i_riscv_core/id_stage_i/decoder_i/mux_cmbsop_alu_operator_o_476_18/in_15[4] 	 (fanout : 1)
hpin:lp_riscv_top/lp_riscv/i_riscv_core/id_stage_i/decoder_i/mux_cmbsop_alu_operator_o_476_18/in_15[3] 	 (fanout : 1)
hpin:lp_riscv_top/lp_riscv/i_riscv_core/id_stage_i/decoder_i/mux_cmbsop_alu_operator_o_476_18/in_15[2] 	 (fanout : 1)
hpin:lp_riscv_top/lp_riscv/i_riscv_core/id_stage_i/decoder_i/mux_cmbsop_alu_operator_o_476_18/in_15[1] 	 (fanout : 1)
hpin:lp_riscv_top/lp_riscv/i_riscv_core/id_stage_i/decoder_i/mux_cmbsop_alu_operator_o_476_18/in_15[0] 	 (fanout : 1)
hpin:lp_riscv_top/lp_riscv/i_riscv_core/id_stage_i/decoder_i/mux_cmbsop_alu_operator_o_476_18/in_16[24] 	 (fanout : 1)
hpin:lp_riscv_top/lp_riscv/i_riscv_core/id_stage_i/decoder_i/mux_cmbsop_alu_operator_o_476_18/in_16[23] 	 (fanout : 1)
hpin:lp_riscv_top/lp_riscv/i_riscv_core/id_stage_i/decoder_i/mux_cmbsop_alu_operator_o_476_18/in_16[22] 	 (fanout : 1)
hpin:lp_riscv_top/lp_riscv/i_riscv_core/id_stage_i/decoder_i/mux_cmbsop_alu_operator_o_476_18/in_16[21] 	 (fanout : 1)
hpin:lp_riscv_top/lp_riscv/i_riscv_core/id_stage_i/decoder_i/mux_cmbsop_alu_operator_o_476_18/in_16[20] 	 (fanout : 1)
hpin:lp_riscv_top/lp_riscv/i_riscv_core/id_stage_i/decoder_i/mux_cmbsop_alu_operator_o_476_18/in_16[19] 	 (fanout : 1)
hpin:lp_riscv_top/lp_riscv/i_riscv_core/id_stage_i/decoder_i/mux_cmbsop_alu_operator_o_476_18/in_16[18] 	 (fanout : 1)
hpin:lp_riscv_top/lp_riscv/i_riscv_core/id_stage_i/decoder_i/mux_cmbsop_alu_operator_o_476_18/in_16[17] 	 (fanout : 1)
hpin:lp_riscv_top/lp_riscv/i_riscv_core/id_stage_i/decoder_i/mux_cmbsop_alu_operator_o_476_18/in_16[16] 	 (fanout : 1)
hpin:lp_riscv_top/lp_riscv/i_riscv_core/id_stage_i/decoder_i/mux_cmbsop_alu_operator_o_476_18/in_16[15] 	 (fanout : 1)
hpin:lp_riscv_top/lp_riscv/i_riscv_core/id_stage_i/decoder_i/mux_cmbsop_alu_operator_o_476_18/in_16[14] 	 (fanout : 1)
hpin:lp_riscv_top/lp_riscv/i_riscv_core/id_stage_i/decoder_i/mux_cmbsop_alu_operator_o_476_18/in_16[13] 	 (fanout : 1)
hpin:lp_riscv_top/lp_riscv/i_riscv_core/id_stage_i/decoder_i/mux_cmbsop_alu_operator_o_476_18/in_16[12] 	 (fanout : 1)
hpin:lp_riscv_top/lp_riscv/i_riscv_core/id_stage_i/decoder_i/mux_cmbsop_alu_operator_o_476_18/in_16[11] 	 (fanout : 1)
hpin:lp_riscv_top/lp_riscv/i_riscv_core/id_stage_i/decoder_i/mux_cmbsop_alu_operator_o_476_18/in_16[10] 	 (fanout : 1)
hpin:lp_riscv_top/lp_riscv/i_riscv_core/id_stage_i/decoder_i/mux_cmbsop_alu_operator_o_476_18/in_16[9] 	 (fanout : 1)
hpin:lp_riscv_top/lp_riscv/i_riscv_core/id_stage_i/decoder_i/mux_cmbsop_alu_operator_o_476_18/in_16[8] 	 (fanout : 1)
hpin:lp_riscv_top/lp_riscv/i_riscv_core/id_stage_i/decoder_i/mux_cmbsop_alu_operator_o_476_18/in_16[7] 	 (fanout : 1)
hpin:lp_riscv_top/lp_riscv/i_riscv_core/id_stage_i/decoder_i/mux_cmbsop_alu_operator_o_476_18/in_16[6] 	 (fanout : 1)
hpin:lp_riscv_top/lp_riscv/i_riscv_core/id_stage_i/decoder_i/mux_cmbsop_alu_operator_o_476_18/in_16[5] 	 (fanout : 1)
hpin:lp_riscv_top/lp_riscv/i_riscv_core/id_stage_i/decoder_i/mux_cmbsop_alu_operator_o_476_18/in_16[4] 	 (fanout : 1)
hpin:lp_riscv_top/lp_riscv/i_riscv_core/id_stage_i/decoder_i/mux_cmbsop_alu_operator_o_476_18/in_16[3] 	 (fanout : 1)
hpin:lp_riscv_top/lp_riscv/i_riscv_core/id_stage_i/decoder_i/mux_cmbsop_alu_operator_o_476_18/in_16[2] 	 (fanout : 1)
hpin:lp_riscv_top/lp_riscv/i_riscv_core/id_stage_i/decoder_i/mux_cmbsop_alu_operator_o_476_18/in_16[1] 	 (fanout : 1)
hpin:lp_riscv_top/lp_riscv/i_riscv_core/id_stage_i/decoder_i/mux_cmbsop_alu_operator_o_476_18/in_16[0] 	 (fanout : 1)
hpin:lp_riscv_top/lp_riscv/i_riscv_core/id_stage_i/decoder_i/mux_cmbsop_alu_operator_o_476_18/in_17[24] 	 (fanout : 1)
hpin:lp_riscv_top/lp_riscv/i_riscv_core/id_stage_i/decoder_i/mux_cmbsop_alu_operator_o_476_18/in_17[23] 	 (fanout : 1)
hpin:lp_riscv_top/lp_riscv/i_riscv_core/id_stage_i/decoder_i/mux_cmbsop_alu_operator_o_476_18/in_17[22] 	 (fanout : 1)
hpin:lp_riscv_top/lp_riscv/i_riscv_core/id_stage_i/decoder_i/mux_cmbsop_alu_operator_o_476_18/in_17[21] 	 (fanout : 1)
hpin:lp_riscv_top/lp_riscv/i_riscv_core/id_stage_i/decoder_i/mux_cmbsop_alu_operator_o_476_18/in_17[20] 	 (fanout : 1)
hpin:lp_riscv_top/lp_riscv/i_riscv_core/id_stage_i/decoder_i/mux_cmbsop_alu_operator_o_476_18/in_17[19] 	 (fanout : 1)
hpin:lp_riscv_top/lp_riscv/i_riscv_core/id_stage_i/decoder_i/mux_cmbsop_alu_operator_o_476_18/in_17[18] 	 (fanout : 1)
hpin:lp_riscv_top/lp_riscv/i_riscv_core/id_stage_i/decoder_i/mux_cmbsop_alu_operator_o_476_18/in_17[17] 	 (fanout : 1)
hpin:lp_riscv_top/lp_riscv/i_riscv_core/id_stage_i/decoder_i/mux_cmbsop_alu_operator_o_476_18/in_17[16] 	 (fanout : 1)
hpin:lp_riscv_top/lp_riscv/i_riscv_core/id_stage_i/decoder_i/mux_cmbsop_alu_operator_o_476_18/in_17[15] 	 (fanout : 1)
hpin:lp_riscv_top/lp_riscv/i_riscv_core/id_stage_i/decoder_i/mux_cmbsop_alu_operator_o_476_18/in_17[14] 	 (fanout : 1)
hpin:lp_riscv_top/lp_riscv/i_riscv_core/id_stage_i/decoder_i/mux_cmbsop_alu_operator_o_476_18/in_17[13] 	 (fanout : 1)
hpin:lp_riscv_top/lp_riscv/i_riscv_core/id_stage_i/decoder_i/mux_cmbsop_alu_operator_o_476_18/in_17[12] 	 (fanout : 1)
hpin:lp_riscv_top/lp_riscv/i_riscv_core/id_stage_i/decoder_i/mux_cmbsop_alu_operator_o_476_18/in_17[11] 	 (fanout : 1)
hpin:lp_riscv_top/lp_riscv/i_riscv_core/id_stage_i/decoder_i/mux_cmbsop_alu_operator_o_476_18/in_17[10] 	 (fanout : 1)
hpin:lp_riscv_top/lp_riscv/i_riscv_core/id_stage_i/decoder_i/mux_cmbsop_alu_operator_o_476_18/in_17[9] 	 (fanout : 1)
hpin:lp_riscv_top/lp_riscv/i_riscv_core/id_stage_i/decoder_i/mux_cmbsop_alu_operator_o_476_18/in_17[8] 	 (fanout : 1)
hpin:lp_riscv_top/lp_riscv/i_riscv_core/id_stage_i/decoder_i/mux_cmbsop_alu_operator_o_476_18/in_17[7] 	 (fanout : 1)
hpin:lp_riscv_top/lp_riscv/i_riscv_core/id_stage_i/decoder_i/mux_cmbsop_alu_operator_o_476_18/in_17[6] 	 (fanout : 1)
hpin:lp_riscv_top/lp_riscv/i_riscv_core/id_stage_i/decoder_i/mux_cmbsop_alu_operator_o_476_18/in_17[5] 	 (fanout : 1)
hpin:lp_riscv_top/lp_riscv/i_riscv_core/id_stage_i/decoder_i/mux_cmbsop_alu_operator_o_476_18/in_17[4] 	 (fanout : 1)
hpin:lp_riscv_top/lp_riscv/i_riscv_core/id_stage_i/decoder_i/mux_cmbsop_alu_operator_o_476_18/in_17[3] 	 (fanout : 1)
hpin:lp_riscv_top/lp_riscv/i_riscv_core/id_stage_i/decoder_i/mux_cmbsop_alu_operator_o_476_18/in_17[2] 	 (fanout : 1)
hpin:lp_riscv_top/lp_riscv/i_riscv_core/id_stage_i/decoder_i/mux_cmbsop_alu_operator_o_476_18/in_17[1] 	 (fanout : 1)
hpin:lp_riscv_top/lp_riscv/i_riscv_core/id_stage_i/decoder_i/mux_cmbsop_alu_operator_o_476_18/in_17[0] 	 (fanout : 1)
hpin:lp_riscv_top/lp_riscv/i_riscv_core/id_stage_i/decoder_i/mux_cmbsop_alu_operator_o_476_18/in_18[24] 	 (fanout : 1)
hpin:lp_riscv_top/lp_riscv/i_riscv_core/id_stage_i/decoder_i/mux_cmbsop_alu_operator_o_476_18/in_18[23] 	 (fanout : 1)
hpin:lp_riscv_top/lp_riscv/i_riscv_core/id_stage_i/decoder_i/mux_cmbsop_alu_operator_o_476_18/in_18[22] 	 (fanout : 1)
hpin:lp_riscv_top/lp_riscv/i_riscv_core/id_stage_i/decoder_i/mux_cmbsop_alu_operator_o_476_18/in_18[21] 	 (fanout : 1)
hpin:lp_riscv_top/lp_riscv/i_riscv_core/id_stage_i/decoder_i/mux_cmbsop_alu_operator_o_476_18/in_18[20] 	 (fanout : 1)
hpin:lp_riscv_top/lp_riscv/i_riscv_core/id_stage_i/decoder_i/mux_cmbsop_alu_operator_o_476_18/in_18[19] 	 (fanout : 1)
hpin:lp_riscv_top/lp_riscv/i_riscv_core/id_stage_i/decoder_i/mux_cmbsop_alu_operator_o_476_18/in_18[18] 	 (fanout : 1)
hpin:lp_riscv_top/lp_riscv/i_riscv_core/id_stage_i/decoder_i/mux_cmbsop_alu_operator_o_476_18/in_18[17] 	 (fanout : 1)
hpin:lp_riscv_top/lp_riscv/i_riscv_core/id_stage_i/decoder_i/mux_cmbsop_alu_operator_o_476_18/in_18[16] 	 (fanout : 1)
hpin:lp_riscv_top/lp_riscv/i_riscv_core/id_stage_i/decoder_i/mux_cmbsop_alu_operator_o_476_18/in_18[15] 	 (fanout : 1)
hpin:lp_riscv_top/lp_riscv/i_riscv_core/id_stage_i/decoder_i/mux_cmbsop_alu_operator_o_476_18/in_18[14] 	 (fanout : 1)
hpin:lp_riscv_top/lp_riscv/i_riscv_core/id_stage_i/decoder_i/mux_cmbsop_alu_operator_o_476_18/in_18[13] 	 (fanout : 1)
hpin:lp_riscv_top/lp_riscv/i_riscv_core/id_stage_i/decoder_i/mux_cmbsop_alu_operator_o_476_18/in_18[12] 	 (fanout : 1)
hpin:lp_riscv_top/lp_riscv/i_riscv_core/id_stage_i/decoder_i/mux_cmbsop_alu_operator_o_476_18/in_18[11] 	 (fanout : 1)
hpin:lp_riscv_top/lp_riscv/i_riscv_core/id_stage_i/decoder_i/mux_cmbsop_alu_operator_o_476_18/in_18[10] 	 (fanout : 1)
hpin:lp_riscv_top/lp_riscv/i_riscv_core/id_stage_i/decoder_i/mux_cmbsop_alu_operator_o_476_18/in_18[9] 	 (fanout : 1)
hpin:lp_riscv_top/lp_riscv/i_riscv_core/id_stage_i/decoder_i/mux_cmbsop_alu_operator_o_476_18/in_18[8] 	 (fanout : 1)
hpin:lp_riscv_top/lp_riscv/i_riscv_core/id_stage_i/decoder_i/mux_cmbsop_alu_operator_o_476_18/in_18[7] 	 (fanout : 1)
hpin:lp_riscv_top/lp_riscv/i_riscv_core/id_stage_i/decoder_i/mux_cmbsop_alu_operator_o_476_18/in_18[6] 	 (fanout : 1)
hpin:lp_riscv_top/lp_riscv/i_riscv_core/id_stage_i/decoder_i/mux_cmbsop_alu_operator_o_476_18/in_18[5] 	 (fanout : 1)
hpin:lp_riscv_top/lp_riscv/i_riscv_core/id_stage_i/decoder_i/mux_cmbsop_alu_operator_o_476_18/in_18[4] 	 (fanout : 1)
hpin:lp_riscv_top/lp_riscv/i_riscv_core/id_stage_i/decoder_i/mux_cmbsop_alu_operator_o_476_18/in_18[3] 	 (fanout : 1)
hpin:lp_riscv_top/lp_riscv/i_riscv_core/id_stage_i/decoder_i/mux_cmbsop_alu_operator_o_476_18/in_18[2] 	 (fanout : 1)
hpin:lp_riscv_top/lp_riscv/i_riscv_core/id_stage_i/decoder_i/mux_cmbsop_alu_operator_o_476_18/in_18[1] 	 (fanout : 1)
hpin:lp_riscv_top/lp_riscv/i_riscv_core/id_stage_i/decoder_i/mux_cmbsop_alu_operator_o_476_18/in_18[0] 	 (fanout : 1)
hpin:lp_riscv_top/lp_riscv/i_riscv_core/id_stage_i/decoder_i/mux_cmbsop_alu_operator_o_476_18/in_19[24] 	 (fanout : 1)
hpin:lp_riscv_top/lp_riscv/i_riscv_core/id_stage_i/decoder_i/mux_cmbsop_alu_operator_o_476_18/in_19[23] 	 (fanout : 1)
hpin:lp_riscv_top/lp_riscv/i_riscv_core/id_stage_i/decoder_i/mux_cmbsop_alu_operator_o_476_18/in_19[22] 	 (fanout : 1)
hpin:lp_riscv_top/lp_riscv/i_riscv_core/id_stage_i/decoder_i/mux_cmbsop_alu_operator_o_476_18/in_19[21] 	 (fanout : 1)
hpin:lp_riscv_top/lp_riscv/i_riscv_core/id_stage_i/decoder_i/mux_cmbsop_alu_operator_o_476_18/in_19[20] 	 (fanout : 1)
hpin:lp_riscv_top/lp_riscv/i_riscv_core/id_stage_i/decoder_i/mux_cmbsop_alu_operator_o_476_18/in_19[19] 	 (fanout : 1)
hpin:lp_riscv_top/lp_riscv/i_riscv_core/id_stage_i/decoder_i/mux_cmbsop_alu_operator_o_476_18/in_19[18] 	 (fanout : 1)
hpin:lp_riscv_top/lp_riscv/i_riscv_core/id_stage_i/decoder_i/mux_cmbsop_alu_operator_o_476_18/in_19[17] 	 (fanout : 1)
hpin:lp_riscv_top/lp_riscv/i_riscv_core/id_stage_i/decoder_i/mux_cmbsop_alu_operator_o_476_18/in_19[16] 	 (fanout : 1)
hpin:lp_riscv_top/lp_riscv/i_riscv_core/id_stage_i/decoder_i/mux_cmbsop_alu_operator_o_476_18/in_19[15] 	 (fanout : 1)
hpin:lp_riscv_top/lp_riscv/i_riscv_core/id_stage_i/decoder_i/mux_cmbsop_alu_operator_o_476_18/in_19[14] 	 (fanout : 1)
hpin:lp_riscv_top/lp_riscv/i_riscv_core/id_stage_i/decoder_i/mux_cmbsop_alu_operator_o_476_18/in_19[13] 	 (fanout : 1)
hpin:lp_riscv_top/lp_riscv/i_riscv_core/id_stage_i/decoder_i/mux_cmbsop_alu_operator_o_476_18/in_19[12] 	 (fanout : 1)
hpin:lp_riscv_top/lp_riscv/i_riscv_core/id_stage_i/decoder_i/mux_cmbsop_alu_operator_o_476_18/in_19[11] 	 (fanout : 1)
hpin:lp_riscv_top/lp_riscv/i_riscv_core/id_stage_i/decoder_i/mux_cmbsop_alu_operator_o_476_18/in_19[10] 	 (fanout : 1)
hpin:lp_riscv_top/lp_riscv/i_riscv_core/id_stage_i/decoder_i/mux_cmbsop_alu_operator_o_476_18/in_19[9] 	 (fanout : 1)
hpin:lp_riscv_top/lp_riscv/i_riscv_core/id_stage_i/decoder_i/mux_cmbsop_alu_operator_o_476_18/in_19[8] 	 (fanout : 1)
hpin:lp_riscv_top/lp_riscv/i_riscv_core/id_stage_i/decoder_i/mux_cmbsop_alu_operator_o_476_18/in_19[7] 	 (fanout : 1)
hpin:lp_riscv_top/lp_riscv/i_riscv_core/id_stage_i/decoder_i/mux_cmbsop_alu_operator_o_476_18/in_19[6] 	 (fanout : 1)
hpin:lp_riscv_top/lp_riscv/i_riscv_core/id_stage_i/decoder_i/mux_cmbsop_alu_operator_o_476_18/in_19[5] 	 (fanout : 1)
hpin:lp_riscv_top/lp_riscv/i_riscv_core/id_stage_i/decoder_i/mux_cmbsop_alu_operator_o_476_18/in_19[4] 	 (fanout : 1)
hpin:lp_riscv_top/lp_riscv/i_riscv_core/id_stage_i/decoder_i/mux_cmbsop_alu_operator_o_476_18/in_19[3] 	 (fanout : 1)
hpin:lp_riscv_top/lp_riscv/i_riscv_core/id_stage_i/decoder_i/mux_cmbsop_alu_operator_o_476_18/in_19[2] 	 (fanout : 1)
hpin:lp_riscv_top/lp_riscv/i_riscv_core/id_stage_i/decoder_i/mux_cmbsop_alu_operator_o_476_18/in_19[1] 	 (fanout : 1)
hpin:lp_riscv_top/lp_riscv/i_riscv_core/id_stage_i/decoder_i/mux_cmbsop_alu_operator_o_476_18/in_19[0] 	 (fanout : 1)
hpin:lp_riscv_top/lp_riscv/i_riscv_core/id_stage_i/decoder_i/mux_cmbsop_alu_operator_o_476_18/in_20[24] 	 (fanout : 1)
hpin:lp_riscv_top/lp_riscv/i_riscv_core/id_stage_i/decoder_i/mux_cmbsop_alu_operator_o_476_18/in_20[23] 	 (fanout : 1)
hpin:lp_riscv_top/lp_riscv/i_riscv_core/id_stage_i/decoder_i/mux_cmbsop_alu_operator_o_476_18/in_20[22] 	 (fanout : 1)
hpin:lp_riscv_top/lp_riscv/i_riscv_core/id_stage_i/decoder_i/mux_cmbsop_alu_operator_o_476_18/in_20[21] 	 (fanout : 1)
hpin:lp_riscv_top/lp_riscv/i_riscv_core/id_stage_i/decoder_i/mux_cmbsop_alu_operator_o_476_18/in_20[20] 	 (fanout : 1)
hpin:lp_riscv_top/lp_riscv/i_riscv_core/id_stage_i/decoder_i/mux_cmbsop_alu_operator_o_476_18/in_20[19] 	 (fanout : 1)
hpin:lp_riscv_top/lp_riscv/i_riscv_core/id_stage_i/decoder_i/mux_cmbsop_alu_operator_o_476_18/in_20[18] 	 (fanout : 1)
hpin:lp_riscv_top/lp_riscv/i_riscv_core/id_stage_i/decoder_i/mux_cmbsop_alu_operator_o_476_18/in_20[17] 	 (fanout : 1)
hpin:lp_riscv_top/lp_riscv/i_riscv_core/id_stage_i/decoder_i/mux_cmbsop_alu_operator_o_476_18/in_20[16] 	 (fanout : 1)
hpin:lp_riscv_top/lp_riscv/i_riscv_core/id_stage_i/decoder_i/mux_cmbsop_alu_operator_o_476_18/in_20[15] 	 (fanout : 1)
hpin:lp_riscv_top/lp_riscv/i_riscv_core/id_stage_i/decoder_i/mux_cmbsop_alu_operator_o_476_18/in_20[14] 	 (fanout : 1)
hpin:lp_riscv_top/lp_riscv/i_riscv_core/id_stage_i/decoder_i/mux_cmbsop_alu_operator_o_476_18/in_20[13] 	 (fanout : 1)
hpin:lp_riscv_top/lp_riscv/i_riscv_core/id_stage_i/decoder_i/mux_cmbsop_alu_operator_o_476_18/in_20[12] 	 (fanout : 1)
hpin:lp_riscv_top/lp_riscv/i_riscv_core/id_stage_i/decoder_i/mux_cmbsop_alu_operator_o_476_18/in_20[11] 	 (fanout : 1)
hpin:lp_riscv_top/lp_riscv/i_riscv_core/id_stage_i/decoder_i/mux_cmbsop_alu_operator_o_476_18/in_20[10] 	 (fanout : 1)
hpin:lp_riscv_top/lp_riscv/i_riscv_core/id_stage_i/decoder_i/mux_cmbsop_alu_operator_o_476_18/in_20[9] 	 (fanout : 1)
hpin:lp_riscv_top/lp_riscv/i_riscv_core/id_stage_i/decoder_i/mux_cmbsop_alu_operator_o_476_18/in_20[8] 	 (fanout : 1)
hpin:lp_riscv_top/lp_riscv/i_riscv_core/id_stage_i/decoder_i/mux_cmbsop_alu_operator_o_476_18/in_20[7] 	 (fanout : 1)
hpin:lp_riscv_top/lp_riscv/i_riscv_core/id_stage_i/decoder_i/mux_cmbsop_alu_operator_o_476_18/in_20[6] 	 (fanout : 1)
hpin:lp_riscv_top/lp_riscv/i_riscv_core/id_stage_i/decoder_i/mux_cmbsop_alu_operator_o_476_18/in_20[5] 	 (fanout : 1)
hpin:lp_riscv_top/lp_riscv/i_riscv_core/id_stage_i/decoder_i/mux_cmbsop_alu_operator_o_476_18/in_20[4] 	 (fanout : 1)
hpin:lp_riscv_top/lp_riscv/i_riscv_core/id_stage_i/decoder_i/mux_cmbsop_alu_operator_o_476_18/in_20[3] 	 (fanout : 1)
hpin:lp_riscv_top/lp_riscv/i_riscv_core/id_stage_i/decoder_i/mux_cmbsop_alu_operator_o_476_18/in_20[2] 	 (fanout : 1)
hpin:lp_riscv_top/lp_riscv/i_riscv_core/id_stage_i/decoder_i/mux_cmbsop_alu_operator_o_476_18/in_20[1] 	 (fanout : 1)
hpin:lp_riscv_top/lp_riscv/i_riscv_core/id_stage_i/decoder_i/mux_cmbsop_alu_operator_o_476_18/in_20[0] 	 (fanout : 1)
hpin:lp_riscv_top/lp_riscv/i_riscv_core/id_stage_i/decoder_i/mux_cmbsop_alu_operator_o_476_18/in_21[24] 	 (fanout : 1)
hpin:lp_riscv_top/lp_riscv/i_riscv_core/id_stage_i/decoder_i/mux_cmbsop_alu_operator_o_476_18/in_21[23] 	 (fanout : 1)
hpin:lp_riscv_top/lp_riscv/i_riscv_core/id_stage_i/decoder_i/mux_cmbsop_alu_operator_o_476_18/in_21[22] 	 (fanout : 1)
hpin:lp_riscv_top/lp_riscv/i_riscv_core/id_stage_i/decoder_i/mux_cmbsop_alu_operator_o_476_18/in_21[21] 	 (fanout : 1)
hpin:lp_riscv_top/lp_riscv/i_riscv_core/id_stage_i/decoder_i/mux_cmbsop_alu_operator_o_476_18/in_21[20] 	 (fanout : 1)
hpin:lp_riscv_top/lp_riscv/i_riscv_core/id_stage_i/decoder_i/mux_cmbsop_alu_operator_o_476_18/in_21[19] 	 (fanout : 1)
hpin:lp_riscv_top/lp_riscv/i_riscv_core/id_stage_i/decoder_i/mux_cmbsop_alu_operator_o_476_18/in_21[18] 	 (fanout : 1)
hpin:lp_riscv_top/lp_riscv/i_riscv_core/id_stage_i/decoder_i/mux_cmbsop_alu_operator_o_476_18/in_21[17] 	 (fanout : 1)
hpin:lp_riscv_top/lp_riscv/i_riscv_core/id_stage_i/decoder_i/mux_cmbsop_alu_operator_o_476_18/in_21[16] 	 (fanout : 1)
hpin:lp_riscv_top/lp_riscv/i_riscv_core/id_stage_i/decoder_i/mux_cmbsop_alu_operator_o_476_18/in_21[15] 	 (fanout : 1)
hpin:lp_riscv_top/lp_riscv/i_riscv_core/id_stage_i/decoder_i/mux_cmbsop_alu_operator_o_476_18/in_21[14] 	 (fanout : 1)
hpin:lp_riscv_top/lp_riscv/i_riscv_core/id_stage_i/decoder_i/mux_cmbsop_alu_operator_o_476_18/in_21[13] 	 (fanout : 1)
hpin:lp_riscv_top/lp_riscv/i_riscv_core/id_stage_i/decoder_i/mux_cmbsop_alu_operator_o_476_18/in_21[12] 	 (fanout : 1)
hpin:lp_riscv_top/lp_riscv/i_riscv_core/id_stage_i/decoder_i/mux_cmbsop_alu_operator_o_476_18/in_21[11] 	 (fanout : 1)
hpin:lp_riscv_top/lp_riscv/i_riscv_core/id_stage_i/decoder_i/mux_cmbsop_alu_operator_o_476_18/in_21[10] 	 (fanout : 1)
hpin:lp_riscv_top/lp_riscv/i_riscv_core/id_stage_i/decoder_i/mux_cmbsop_alu_operator_o_476_18/in_21[9] 	 (fanout : 1)
hpin:lp_riscv_top/lp_riscv/i_riscv_core/id_stage_i/decoder_i/mux_cmbsop_alu_operator_o_476_18/in_21[8] 	 (fanout : 1)
hpin:lp_riscv_top/lp_riscv/i_riscv_core/id_stage_i/decoder_i/mux_cmbsop_alu_operator_o_476_18/in_21[7] 	 (fanout : 1)
hpin:lp_riscv_top/lp_riscv/i_riscv_core/id_stage_i/decoder_i/mux_cmbsop_alu_operator_o_476_18/in_21[6] 	 (fanout : 1)
hpin:lp_riscv_top/lp_riscv/i_riscv_core/id_stage_i/decoder_i/mux_cmbsop_alu_operator_o_476_18/in_21[5] 	 (fanout : 1)
hpin:lp_riscv_top/lp_riscv/i_riscv_core/id_stage_i/decoder_i/mux_cmbsop_alu_operator_o_476_18/in_21[4] 	 (fanout : 1)
hpin:lp_riscv_top/lp_riscv/i_riscv_core/id_stage_i/decoder_i/mux_cmbsop_alu_operator_o_476_18/in_21[3] 	 (fanout : 1)
hpin:lp_riscv_top/lp_riscv/i_riscv_core/id_stage_i/decoder_i/mux_cmbsop_alu_operator_o_476_18/in_21[2] 	 (fanout : 1)
hpin:lp_riscv_top/lp_riscv/i_riscv_core/id_stage_i/decoder_i/mux_cmbsop_alu_operator_o_476_18/in_21[1] 	 (fanout : 1)
hpin:lp_riscv_top/lp_riscv/i_riscv_core/id_stage_i/decoder_i/mux_cmbsop_alu_operator_o_476_18/in_21[0] 	 (fanout : 1)
hpin:lp_riscv_top/lp_riscv/i_riscv_core/id_stage_i/decoder_i/mux_cmbsop_alu_operator_o_476_18/in_22[24] 	 (fanout : 1)
hpin:lp_riscv_top/lp_riscv/i_riscv_core/id_stage_i/decoder_i/mux_cmbsop_alu_operator_o_476_18/in_22[23] 	 (fanout : 1)
hpin:lp_riscv_top/lp_riscv/i_riscv_core/id_stage_i/decoder_i/mux_cmbsop_alu_operator_o_476_18/in_22[22] 	 (fanout : 1)
hpin:lp_riscv_top/lp_riscv/i_riscv_core/id_stage_i/decoder_i/mux_cmbsop_alu_operator_o_476_18/in_22[21] 	 (fanout : 1)
hpin:lp_riscv_top/lp_riscv/i_riscv_core/id_stage_i/decoder_i/mux_cmbsop_alu_operator_o_476_18/in_22[20] 	 (fanout : 1)
hpin:lp_riscv_top/lp_riscv/i_riscv_core/id_stage_i/decoder_i/mux_cmbsop_alu_operator_o_476_18/in_22[19] 	 (fanout : 1)
hpin:lp_riscv_top/lp_riscv/i_riscv_core/id_stage_i/decoder_i/mux_cmbsop_alu_operator_o_476_18/in_22[18] 	 (fanout : 1)
hpin:lp_riscv_top/lp_riscv/i_riscv_core/id_stage_i/decoder_i/mux_cmbsop_alu_operator_o_476_18/in_22[17] 	 (fanout : 1)
hpin:lp_riscv_top/lp_riscv/i_riscv_core/id_stage_i/decoder_i/mux_cmbsop_alu_operator_o_476_18/in_22[16] 	 (fanout : 1)
hpin:lp_riscv_top/lp_riscv/i_riscv_core/id_stage_i/decoder_i/mux_cmbsop_alu_operator_o_476_18/in_22[15] 	 (fanout : 1)
hpin:lp_riscv_top/lp_riscv/i_riscv_core/id_stage_i/decoder_i/mux_cmbsop_alu_operator_o_476_18/in_22[14] 	 (fanout : 1)
hpin:lp_riscv_top/lp_riscv/i_riscv_core/id_stage_i/decoder_i/mux_cmbsop_alu_operator_o_476_18/in_22[13] 	 (fanout : 1)
hpin:lp_riscv_top/lp_riscv/i_riscv_core/id_stage_i/decoder_i/mux_cmbsop_alu_operator_o_476_18/in_22[12] 	 (fanout : 1)
hpin:lp_riscv_top/lp_riscv/i_riscv_core/id_stage_i/decoder_i/mux_cmbsop_alu_operator_o_476_18/in_22[11] 	 (fanout : 1)
hpin:lp_riscv_top/lp_riscv/i_riscv_core/id_stage_i/decoder_i/mux_cmbsop_alu_operator_o_476_18/in_22[10] 	 (fanout : 1)
hpin:lp_riscv_top/lp_riscv/i_riscv_core/id_stage_i/decoder_i/mux_cmbsop_alu_operator_o_476_18/in_22[9] 	 (fanout : 1)
hpin:lp_riscv_top/lp_riscv/i_riscv_core/id_stage_i/decoder_i/mux_cmbsop_alu_operator_o_476_18/in_22[8] 	 (fanout : 1)
hpin:lp_riscv_top/lp_riscv/i_riscv_core/id_stage_i/decoder_i/mux_cmbsop_alu_operator_o_476_18/in_22[7] 	 (fanout : 1)
hpin:lp_riscv_top/lp_riscv/i_riscv_core/id_stage_i/decoder_i/mux_cmbsop_alu_operator_o_476_18/in_22[6] 	 (fanout : 1)
hpin:lp_riscv_top/lp_riscv/i_riscv_core/id_stage_i/decoder_i/mux_cmbsop_alu_operator_o_476_18/in_22[5] 	 (fanout : 1)
hpin:lp_riscv_top/lp_riscv/i_riscv_core/id_stage_i/decoder_i/mux_cmbsop_alu_operator_o_476_18/in_22[4] 	 (fanout : 1)
hpin:lp_riscv_top/lp_riscv/i_riscv_core/id_stage_i/decoder_i/mux_cmbsop_alu_operator_o_476_18/in_22[3] 	 (fanout : 1)
hpin:lp_riscv_top/lp_riscv/i_riscv_core/id_stage_i/decoder_i/mux_cmbsop_alu_operator_o_476_18/in_22[2] 	 (fanout : 1)
hpin:lp_riscv_top/lp_riscv/i_riscv_core/id_stage_i/decoder_i/mux_cmbsop_alu_operator_o_476_18/in_22[1] 	 (fanout : 1)
hpin:lp_riscv_top/lp_riscv/i_riscv_core/id_stage_i/decoder_i/mux_cmbsop_alu_operator_o_476_18/in_22[0] 	 (fanout : 1)
hpin:lp_riscv_top/lp_riscv/i_riscv_core/id_stage_i/decoder_i/mux_cmbsop_alu_operator_o_476_18/in_23[24] 	 (fanout : 1)
hpin:lp_riscv_top/lp_riscv/i_riscv_core/id_stage_i/decoder_i/mux_cmbsop_alu_operator_o_476_18/in_23[23] 	 (fanout : 1)
hpin:lp_riscv_top/lp_riscv/i_riscv_core/id_stage_i/decoder_i/mux_cmbsop_alu_operator_o_476_18/in_23[22] 	 (fanout : 1)
hpin:lp_riscv_top/lp_riscv/i_riscv_core/id_stage_i/decoder_i/mux_cmbsop_alu_operator_o_476_18/in_23[21] 	 (fanout : 1)
hpin:lp_riscv_top/lp_riscv/i_riscv_core/id_stage_i/decoder_i/mux_cmbsop_alu_operator_o_476_18/in_23[20] 	 (fanout : 1)
hpin:lp_riscv_top/lp_riscv/i_riscv_core/id_stage_i/decoder_i/mux_cmbsop_alu_operator_o_476_18/in_23[19] 	 (fanout : 1)
hpin:lp_riscv_top/lp_riscv/i_riscv_core/id_stage_i/decoder_i/mux_cmbsop_alu_operator_o_476_18/in_23[18] 	 (fanout : 1)
hpin:lp_riscv_top/lp_riscv/i_riscv_core/id_stage_i/decoder_i/mux_cmbsop_alu_operator_o_476_18/in_23[17] 	 (fanout : 1)
hpin:lp_riscv_top/lp_riscv/i_riscv_core/id_stage_i/decoder_i/mux_cmbsop_alu_operator_o_476_18/in_23[16] 	 (fanout : 1)
hpin:lp_riscv_top/lp_riscv/i_riscv_core/id_stage_i/decoder_i/mux_cmbsop_alu_operator_o_476_18/in_23[15] 	 (fanout : 1)
hpin:lp_riscv_top/lp_riscv/i_riscv_core/id_stage_i/decoder_i/mux_cmbsop_alu_operator_o_476_18/in_23[14] 	 (fanout : 1)
hpin:lp_riscv_top/lp_riscv/i_riscv_core/id_stage_i/decoder_i/mux_cmbsop_alu_operator_o_476_18/in_23[13] 	 (fanout : 1)
hpin:lp_riscv_top/lp_riscv/i_riscv_core/id_stage_i/decoder_i/mux_cmbsop_alu_operator_o_476_18/in_23[12] 	 (fanout : 1)
hpin:lp_riscv_top/lp_riscv/i_riscv_core/id_stage_i/decoder_i/mux_cmbsop_alu_operator_o_476_18/in_23[11] 	 (fanout : 1)
hpin:lp_riscv_top/lp_riscv/i_riscv_core/id_stage_i/decoder_i/mux_cmbsop_alu_operator_o_476_18/in_23[10] 	 (fanout : 1)
hpin:lp_riscv_top/lp_riscv/i_riscv_core/id_stage_i/decoder_i/mux_cmbsop_alu_operator_o_476_18/in_23[9] 	 (fanout : 1)
hpin:lp_riscv_top/lp_riscv/i_riscv_core/id_stage_i/decoder_i/mux_cmbsop_alu_operator_o_476_18/in_23[8] 	 (fanout : 1)
hpin:lp_riscv_top/lp_riscv/i_riscv_core/id_stage_i/decoder_i/mux_cmbsop_alu_operator_o_476_18/in_23[7] 	 (fanout : 1)
hpin:lp_riscv_top/lp_riscv/i_riscv_core/id_stage_i/decoder_i/mux_cmbsop_alu_operator_o_476_18/in_23[6] 	 (fanout : 1)
hpin:lp_riscv_top/lp_riscv/i_riscv_core/id_stage_i/decoder_i/mux_cmbsop_alu_operator_o_476_18/in_23[5] 	 (fanout : 1)
hpin:lp_riscv_top/lp_riscv/i_riscv_core/id_stage_i/decoder_i/mux_cmbsop_alu_operator_o_476_18/in_23[4] 	 (fanout : 1)
hpin:lp_riscv_top/lp_riscv/i_riscv_core/id_stage_i/decoder_i/mux_cmbsop_alu_operator_o_476_18/in_23[3] 	 (fanout : 1)
hpin:lp_riscv_top/lp_riscv/i_riscv_core/id_stage_i/decoder_i/mux_cmbsop_alu_operator_o_476_18/in_23[2] 	 (fanout : 1)
hpin:lp_riscv_top/lp_riscv/i_riscv_core/id_stage_i/decoder_i/mux_cmbsop_alu_operator_o_476_18/in_23[1] 	 (fanout : 1)
hpin:lp_riscv_top/lp_riscv/i_riscv_core/id_stage_i/decoder_i/mux_cmbsop_alu_operator_o_476_18/in_23[0] 	 (fanout : 1)
hpin:lp_riscv_top/lp_riscv/i_riscv_core/id_stage_i/decoder_i/mux_cmbsop_alu_operator_o_476_18/in_24[24] 	 (fanout : 1)
hpin:lp_riscv_top/lp_riscv/i_riscv_core/id_stage_i/decoder_i/mux_cmbsop_alu_operator_o_476_18/in_24[23] 	 (fanout : 1)
hpin:lp_riscv_top/lp_riscv/i_riscv_core/id_stage_i/decoder_i/mux_cmbsop_alu_operator_o_476_18/in_24[22] 	 (fanout : 1)
hpin:lp_riscv_top/lp_riscv/i_riscv_core/id_stage_i/decoder_i/mux_cmbsop_alu_operator_o_476_18/in_24[21] 	 (fanout : 1)
hpin:lp_riscv_top/lp_riscv/i_riscv_core/id_stage_i/decoder_i/mux_cmbsop_alu_operator_o_476_18/in_24[20] 	 (fanout : 1)
hpin:lp_riscv_top/lp_riscv/i_riscv_core/id_stage_i/decoder_i/mux_cmbsop_alu_operator_o_476_18/in_24[19] 	 (fanout : 1)
hpin:lp_riscv_top/lp_riscv/i_riscv_core/id_stage_i/decoder_i/mux_cmbsop_alu_operator_o_476_18/in_24[18] 	 (fanout : 1)
hpin:lp_riscv_top/lp_riscv/i_riscv_core/id_stage_i/decoder_i/mux_cmbsop_alu_operator_o_476_18/in_24[17] 	 (fanout : 1)
hpin:lp_riscv_top/lp_riscv/i_riscv_core/id_stage_i/decoder_i/mux_cmbsop_alu_operator_o_476_18/in_24[16] 	 (fanout : 1)
hpin:lp_riscv_top/lp_riscv/i_riscv_core/id_stage_i/decoder_i/mux_cmbsop_alu_operator_o_476_18/in_24[15] 	 (fanout : 1)
hpin:lp_riscv_top/lp_riscv/i_riscv_core/id_stage_i/decoder_i/mux_cmbsop_alu_operator_o_476_18/in_24[14] 	 (fanout : 1)
hpin:lp_riscv_top/lp_riscv/i_riscv_core/id_stage_i/decoder_i/mux_cmbsop_alu_operator_o_476_18/in_24[13] 	 (fanout : 1)
hpin:lp_riscv_top/lp_riscv/i_riscv_core/id_stage_i/decoder_i/mux_cmbsop_alu_operator_o_476_18/in_24[12] 	 (fanout : 1)
hpin:lp_riscv_top/lp_riscv/i_riscv_core/id_stage_i/decoder_i/mux_cmbsop_alu_operator_o_476_18/in_24[11] 	 (fanout : 1)
hpin:lp_riscv_top/lp_riscv/i_riscv_core/id_stage_i/decoder_i/mux_cmbsop_alu_operator_o_476_18/in_24[10] 	 (fanout : 1)
hpin:lp_riscv_top/lp_riscv/i_riscv_core/id_stage_i/decoder_i/mux_cmbsop_alu_operator_o_476_18/in_24[9] 	 (fanout : 1)
hpin:lp_riscv_top/lp_riscv/i_riscv_core/id_stage_i/decoder_i/mux_cmbsop_alu_operator_o_476_18/in_24[8] 	 (fanout : 1)
hpin:lp_riscv_top/lp_riscv/i_riscv_core/id_stage_i/decoder_i/mux_cmbsop_alu_operator_o_476_18/in_24[7] 	 (fanout : 1)
hpin:lp_riscv_top/lp_riscv/i_riscv_core/id_stage_i/decoder_i/mux_cmbsop_alu_operator_o_476_18/in_24[6] 	 (fanout : 1)
hpin:lp_riscv_top/lp_riscv/i_riscv_core/id_stage_i/decoder_i/mux_cmbsop_alu_operator_o_476_18/in_24[5] 	 (fanout : 1)
hpin:lp_riscv_top/lp_riscv/i_riscv_core/id_stage_i/decoder_i/mux_cmbsop_alu_operator_o_476_18/in_24[4] 	 (fanout : 1)
hpin:lp_riscv_top/lp_riscv/i_riscv_core/id_stage_i/decoder_i/mux_cmbsop_alu_operator_o_476_18/in_24[3] 	 (fanout : 1)
hpin:lp_riscv_top/lp_riscv/i_riscv_core/id_stage_i/decoder_i/mux_cmbsop_alu_operator_o_476_18/in_24[2] 	 (fanout : 1)
hpin:lp_riscv_top/lp_riscv/i_riscv_core/id_stage_i/decoder_i/mux_cmbsop_alu_operator_o_476_18/in_24[1] 	 (fanout : 1)
hpin:lp_riscv_top/lp_riscv/i_riscv_core/id_stage_i/decoder_i/mux_cmbsop_alu_operator_o_476_18/in_24[0] 	 (fanout : 1)
hpin:lp_riscv_top/lp_riscv/i_riscv_core/id_stage_i/decoder_i/mux_cmbsop_alu_operator_o_476_18/in_25[24] 	 (fanout : 1)
hpin:lp_riscv_top/lp_riscv/i_riscv_core/id_stage_i/decoder_i/mux_cmbsop_alu_operator_o_476_18/in_25[23] 	 (fanout : 1)
hpin:lp_riscv_top/lp_riscv/i_riscv_core/id_stage_i/decoder_i/mux_cmbsop_alu_operator_o_476_18/in_25[22] 	 (fanout : 1)
hpin:lp_riscv_top/lp_riscv/i_riscv_core/id_stage_i/decoder_i/mux_cmbsop_alu_operator_o_476_18/in_25[21] 	 (fanout : 1)
hpin:lp_riscv_top/lp_riscv/i_riscv_core/id_stage_i/decoder_i/mux_cmbsop_alu_operator_o_476_18/in_25[20] 	 (fanout : 1)
hpin:lp_riscv_top/lp_riscv/i_riscv_core/id_stage_i/decoder_i/mux_cmbsop_alu_operator_o_476_18/in_25[19] 	 (fanout : 1)
hpin:lp_riscv_top/lp_riscv/i_riscv_core/id_stage_i/decoder_i/mux_cmbsop_alu_operator_o_476_18/in_25[18] 	 (fanout : 1)
hpin:lp_riscv_top/lp_riscv/i_riscv_core/id_stage_i/decoder_i/mux_cmbsop_alu_operator_o_476_18/in_25[17] 	 (fanout : 1)
hpin:lp_riscv_top/lp_riscv/i_riscv_core/id_stage_i/decoder_i/mux_cmbsop_alu_operator_o_476_18/in_25[16] 	 (fanout : 1)
hpin:lp_riscv_top/lp_riscv/i_riscv_core/id_stage_i/decoder_i/mux_cmbsop_alu_operator_o_476_18/in_25[15] 	 (fanout : 1)
hpin:lp_riscv_top/lp_riscv/i_riscv_core/id_stage_i/decoder_i/mux_cmbsop_alu_operator_o_476_18/in_25[14] 	 (fanout : 1)
hpin:lp_riscv_top/lp_riscv/i_riscv_core/id_stage_i/decoder_i/mux_cmbsop_alu_operator_o_476_18/in_25[13] 	 (fanout : 1)
hpin:lp_riscv_top/lp_riscv/i_riscv_core/id_stage_i/decoder_i/mux_cmbsop_alu_operator_o_476_18/in_25[12] 	 (fanout : 1)
hpin:lp_riscv_top/lp_riscv/i_riscv_core/id_stage_i/decoder_i/mux_cmbsop_alu_operator_o_476_18/in_25[11] 	 (fanout : 1)
hpin:lp_riscv_top/lp_riscv/i_riscv_core/id_stage_i/decoder_i/mux_cmbsop_alu_operator_o_476_18/in_25[10] 	 (fanout : 1)
hpin:lp_riscv_top/lp_riscv/i_riscv_core/id_stage_i/decoder_i/mux_cmbsop_alu_operator_o_476_18/in_25[9] 	 (fanout : 1)
hpin:lp_riscv_top/lp_riscv/i_riscv_core/id_stage_i/decoder_i/mux_cmbsop_alu_operator_o_476_18/in_25[8] 	 (fanout : 1)
hpin:lp_riscv_top/lp_riscv/i_riscv_core/id_stage_i/decoder_i/mux_cmbsop_alu_operator_o_476_18/in_25[7] 	 (fanout : 1)
hpin:lp_riscv_top/lp_riscv/i_riscv_core/id_stage_i/decoder_i/mux_cmbsop_alu_operator_o_476_18/in_25[6] 	 (fanout : 1)
hpin:lp_riscv_top/lp_riscv/i_riscv_core/id_stage_i/decoder_i/mux_cmbsop_alu_operator_o_476_18/in_25[5] 	 (fanout : 1)
hpin:lp_riscv_top/lp_riscv/i_riscv_core/id_stage_i/decoder_i/mux_cmbsop_alu_operator_o_476_18/in_25[4] 	 (fanout : 1)
hpin:lp_riscv_top/lp_riscv/i_riscv_core/id_stage_i/decoder_i/mux_cmbsop_alu_operator_o_476_18/in_25[3] 	 (fanout : 1)
hpin:lp_riscv_top/lp_riscv/i_riscv_core/id_stage_i/decoder_i/mux_cmbsop_alu_operator_o_476_18/in_25[2] 	 (fanout : 1)
hpin:lp_riscv_top/lp_riscv/i_riscv_core/id_stage_i/decoder_i/mux_cmbsop_alu_operator_o_476_18/in_25[1] 	 (fanout : 1)
hpin:lp_riscv_top/lp_riscv/i_riscv_core/id_stage_i/decoder_i/mux_cmbsop_alu_operator_o_476_18/in_25[0] 	 (fanout : 1)
hpin:lp_riscv_top/lp_riscv/i_riscv_core/id_stage_i/decoder_i/mux_cmbsop_alu_operator_o_476_18/in_26[24] 	 (fanout : 1)
hpin:lp_riscv_top/lp_riscv/i_riscv_core/id_stage_i/decoder_i/mux_cmbsop_alu_operator_o_476_18/in_26[23] 	 (fanout : 1)
hpin:lp_riscv_top/lp_riscv/i_riscv_core/id_stage_i/decoder_i/mux_cmbsop_alu_operator_o_476_18/in_26[22] 	 (fanout : 1)
hpin:lp_riscv_top/lp_riscv/i_riscv_core/id_stage_i/decoder_i/mux_cmbsop_alu_operator_o_476_18/in_26[21] 	 (fanout : 1)
hpin:lp_riscv_top/lp_riscv/i_riscv_core/id_stage_i/decoder_i/mux_cmbsop_alu_operator_o_476_18/in_26[20] 	 (fanout : 1)
hpin:lp_riscv_top/lp_riscv/i_riscv_core/id_stage_i/decoder_i/mux_cmbsop_alu_operator_o_476_18/in_26[19] 	 (fanout : 1)
hpin:lp_riscv_top/lp_riscv/i_riscv_core/id_stage_i/decoder_i/mux_cmbsop_alu_operator_o_476_18/in_26[18] 	 (fanout : 1)
hpin:lp_riscv_top/lp_riscv/i_riscv_core/id_stage_i/decoder_i/mux_cmbsop_alu_operator_o_476_18/in_26[17] 	 (fanout : 1)
hpin:lp_riscv_top/lp_riscv/i_riscv_core/id_stage_i/decoder_i/mux_cmbsop_alu_operator_o_476_18/in_26[16] 	 (fanout : 1)
hpin:lp_riscv_top/lp_riscv/i_riscv_core/id_stage_i/decoder_i/mux_cmbsop_alu_operator_o_476_18/in_26[15] 	 (fanout : 1)
hpin:lp_riscv_top/lp_riscv/i_riscv_core/id_stage_i/decoder_i/mux_cmbsop_alu_operator_o_476_18/in_26[14] 	 (fanout : 1)
hpin:lp_riscv_top/lp_riscv/i_riscv_core/id_stage_i/decoder_i/mux_cmbsop_alu_operator_o_476_18/in_26[13] 	 (fanout : 1)
hpin:lp_riscv_top/lp_riscv/i_riscv_core/id_stage_i/decoder_i/mux_cmbsop_alu_operator_o_476_18/in_26[12] 	 (fanout : 1)
hpin:lp_riscv_top/lp_riscv/i_riscv_core/id_stage_i/decoder_i/mux_cmbsop_alu_operator_o_476_18/in_26[11] 	 (fanout : 1)
hpin:lp_riscv_top/lp_riscv/i_riscv_core/id_stage_i/decoder_i/mux_cmbsop_alu_operator_o_476_18/in_26[10] 	 (fanout : 1)
hpin:lp_riscv_top/lp_riscv/i_riscv_core/id_stage_i/decoder_i/mux_cmbsop_alu_operator_o_476_18/in_26[9] 	 (fanout : 1)
hpin:lp_riscv_top/lp_riscv/i_riscv_core/id_stage_i/decoder_i/mux_cmbsop_alu_operator_o_476_18/in_26[8] 	 (fanout : 1)
hpin:lp_riscv_top/lp_riscv/i_riscv_core/id_stage_i/decoder_i/mux_cmbsop_alu_operator_o_476_18/in_26[7] 	 (fanout : 1)
hpin:lp_riscv_top/lp_riscv/i_riscv_core/id_stage_i/decoder_i/mux_cmbsop_alu_operator_o_476_18/in_26[6] 	 (fanout : 1)
hpin:lp_riscv_top/lp_riscv/i_riscv_core/id_stage_i/decoder_i/mux_cmbsop_alu_operator_o_476_18/in_26[5] 	 (fanout : 1)
hpin:lp_riscv_top/lp_riscv/i_riscv_core/id_stage_i/decoder_i/mux_cmbsop_alu_operator_o_476_18/in_26[4] 	 (fanout : 1)
hpin:lp_riscv_top/lp_riscv/i_riscv_core/id_stage_i/decoder_i/mux_cmbsop_alu_operator_o_476_18/in_26[3] 	 (fanout : 1)
hpin:lp_riscv_top/lp_riscv/i_riscv_core/id_stage_i/decoder_i/mux_cmbsop_alu_operator_o_476_18/in_26[2] 	 (fanout : 1)
hpin:lp_riscv_top/lp_riscv/i_riscv_core/id_stage_i/decoder_i/mux_cmbsop_alu_operator_o_476_18/in_26[1] 	 (fanout : 1)
hpin:lp_riscv_top/lp_riscv/i_riscv_core/id_stage_i/decoder_i/mux_cmbsop_alu_operator_o_476_18/in_26[0] 	 (fanout : 1)
hpin:lp_riscv_top/lp_riscv/i_riscv_core/id_stage_i/decoder_i/mux_cmbsop_alu_operator_o_476_18/in_27[24] 	 (fanout : 1)
hpin:lp_riscv_top/lp_riscv/i_riscv_core/id_stage_i/decoder_i/mux_cmbsop_alu_operator_o_476_18/in_27[23] 	 (fanout : 1)
hpin:lp_riscv_top/lp_riscv/i_riscv_core/id_stage_i/decoder_i/mux_cmbsop_alu_operator_o_476_18/in_27[22] 	 (fanout : 1)
hpin:lp_riscv_top/lp_riscv/i_riscv_core/id_stage_i/decoder_i/mux_cmbsop_alu_operator_o_476_18/in_27[21] 	 (fanout : 1)
hpin:lp_riscv_top/lp_riscv/i_riscv_core/id_stage_i/decoder_i/mux_cmbsop_alu_operator_o_476_18/in_27[20] 	 (fanout : 1)
hpin:lp_riscv_top/lp_riscv/i_riscv_core/id_stage_i/decoder_i/mux_cmbsop_alu_operator_o_476_18/in_27[19] 	 (fanout : 1)
hpin:lp_riscv_top/lp_riscv/i_riscv_core/id_stage_i/decoder_i/mux_cmbsop_alu_operator_o_476_18/in_27[18] 	 (fanout : 1)
hpin:lp_riscv_top/lp_riscv/i_riscv_core/id_stage_i/decoder_i/mux_cmbsop_alu_operator_o_476_18/in_27[17] 	 (fanout : 1)
hpin:lp_riscv_top/lp_riscv/i_riscv_core/id_stage_i/decoder_i/mux_cmbsop_alu_operator_o_476_18/in_27[16] 	 (fanout : 1)
hpin:lp_riscv_top/lp_riscv/i_riscv_core/id_stage_i/decoder_i/mux_cmbsop_alu_operator_o_476_18/in_27[15] 	 (fanout : 1)
hpin:lp_riscv_top/lp_riscv/i_riscv_core/id_stage_i/decoder_i/mux_cmbsop_alu_operator_o_476_18/in_27[14] 	 (fanout : 1)
hpin:lp_riscv_top/lp_riscv/i_riscv_core/id_stage_i/decoder_i/mux_cmbsop_alu_operator_o_476_18/in_27[13] 	 (fanout : 1)
hpin:lp_riscv_top/lp_riscv/i_riscv_core/id_stage_i/decoder_i/mux_cmbsop_alu_operator_o_476_18/in_27[12] 	 (fanout : 1)
hpin:lp_riscv_top/lp_riscv/i_riscv_core/id_stage_i/decoder_i/mux_cmbsop_alu_operator_o_476_18/in_27[11] 	 (fanout : 1)
hpin:lp_riscv_top/lp_riscv/i_riscv_core/id_stage_i/decoder_i/mux_cmbsop_alu_operator_o_476_18/in_27[10] 	 (fanout : 1)
hpin:lp_riscv_top/lp_riscv/i_riscv_core/id_stage_i/decoder_i/mux_cmbsop_alu_operator_o_476_18/in_27[9] 	 (fanout : 1)
hpin:lp_riscv_top/lp_riscv/i_riscv_core/id_stage_i/decoder_i/mux_cmbsop_alu_operator_o_476_18/in_27[8] 	 (fanout : 1)
hpin:lp_riscv_top/lp_riscv/i_riscv_core/id_stage_i/decoder_i/mux_cmbsop_alu_operator_o_476_18/in_27[7] 	 (fanout : 1)
hpin:lp_riscv_top/lp_riscv/i_riscv_core/id_stage_i/decoder_i/mux_cmbsop_alu_operator_o_476_18/in_27[6] 	 (fanout : 1)
hpin:lp_riscv_top/lp_riscv/i_riscv_core/id_stage_i/decoder_i/mux_cmbsop_alu_operator_o_476_18/in_27[5] 	 (fanout : 1)
hpin:lp_riscv_top/lp_riscv/i_riscv_core/id_stage_i/decoder_i/mux_cmbsop_alu_operator_o_476_18/in_27[4] 	 (fanout : 1)
hpin:lp_riscv_top/lp_riscv/i_riscv_core/id_stage_i/decoder_i/mux_cmbsop_alu_operator_o_476_18/in_27[3] 	 (fanout : 1)
hpin:lp_riscv_top/lp_riscv/i_riscv_core/id_stage_i/decoder_i/mux_cmbsop_alu_operator_o_476_18/in_27[2] 	 (fanout : 1)
hpin:lp_riscv_top/lp_riscv/i_riscv_core/id_stage_i/decoder_i/mux_cmbsop_alu_operator_o_476_18/in_27[1] 	 (fanout : 1)
hpin:lp_riscv_top/lp_riscv/i_riscv_core/id_stage_i/decoder_i/mux_cmbsop_alu_operator_o_476_18/in_27[0] 	 (fanout : 1)
hpin:lp_riscv_top/lp_riscv/i_riscv_core/id_stage_i/decoder_i/mux_cmbsop_alu_operator_o_476_18/in_28[24] 	 (fanout : 1)
hpin:lp_riscv_top/lp_riscv/i_riscv_core/id_stage_i/decoder_i/mux_cmbsop_alu_operator_o_476_18/in_28[23] 	 (fanout : 1)
hpin:lp_riscv_top/lp_riscv/i_riscv_core/id_stage_i/decoder_i/mux_cmbsop_alu_operator_o_476_18/in_28[22] 	 (fanout : 1)
hpin:lp_riscv_top/lp_riscv/i_riscv_core/id_stage_i/decoder_i/mux_cmbsop_alu_operator_o_476_18/in_28[21] 	 (fanout : 1)
hpin:lp_riscv_top/lp_riscv/i_riscv_core/id_stage_i/decoder_i/mux_cmbsop_alu_operator_o_476_18/in_28[20] 	 (fanout : 1)
hpin:lp_riscv_top/lp_riscv/i_riscv_core/id_stage_i/decoder_i/mux_cmbsop_alu_operator_o_476_18/in_28[19] 	 (fanout : 1)
hpin:lp_riscv_top/lp_riscv/i_riscv_core/id_stage_i/decoder_i/mux_cmbsop_alu_operator_o_476_18/in_28[18] 	 (fanout : 1)
hpin:lp_riscv_top/lp_riscv/i_riscv_core/id_stage_i/decoder_i/mux_cmbsop_alu_operator_o_476_18/in_28[17] 	 (fanout : 1)
hpin:lp_riscv_top/lp_riscv/i_riscv_core/id_stage_i/decoder_i/mux_cmbsop_alu_operator_o_476_18/in_28[16] 	 (fanout : 1)
hpin:lp_riscv_top/lp_riscv/i_riscv_core/id_stage_i/decoder_i/mux_cmbsop_alu_operator_o_476_18/in_28[15] 	 (fanout : 1)
hpin:lp_riscv_top/lp_riscv/i_riscv_core/id_stage_i/decoder_i/mux_cmbsop_alu_operator_o_476_18/in_28[14] 	 (fanout : 1)
hpin:lp_riscv_top/lp_riscv/i_riscv_core/id_stage_i/decoder_i/mux_cmbsop_alu_operator_o_476_18/in_28[13] 	 (fanout : 1)
hpin:lp_riscv_top/lp_riscv/i_riscv_core/id_stage_i/decoder_i/mux_cmbsop_alu_operator_o_476_18/in_28[12] 	 (fanout : 1)
hpin:lp_riscv_top/lp_riscv/i_riscv_core/id_stage_i/decoder_i/mux_cmbsop_alu_operator_o_476_18/in_28[11] 	 (fanout : 1)
hpin:lp_riscv_top/lp_riscv/i_riscv_core/id_stage_i/decoder_i/mux_cmbsop_alu_operator_o_476_18/in_28[10] 	 (fanout : 1)
hpin:lp_riscv_top/lp_riscv/i_riscv_core/id_stage_i/decoder_i/mux_cmbsop_alu_operator_o_476_18/in_28[9] 	 (fanout : 1)
hpin:lp_riscv_top/lp_riscv/i_riscv_core/id_stage_i/decoder_i/mux_cmbsop_alu_operator_o_476_18/in_28[8] 	 (fanout : 1)
hpin:lp_riscv_top/lp_riscv/i_riscv_core/id_stage_i/decoder_i/mux_cmbsop_alu_operator_o_476_18/in_28[7] 	 (fanout : 1)
hpin:lp_riscv_top/lp_riscv/i_riscv_core/id_stage_i/decoder_i/mux_cmbsop_alu_operator_o_476_18/in_28[6] 	 (fanout : 1)
hpin:lp_riscv_top/lp_riscv/i_riscv_core/id_stage_i/decoder_i/mux_cmbsop_alu_operator_o_476_18/in_28[5] 	 (fanout : 1)
hpin:lp_riscv_top/lp_riscv/i_riscv_core/id_stage_i/decoder_i/mux_cmbsop_alu_operator_o_476_18/in_28[4] 	 (fanout : 1)
hpin:lp_riscv_top/lp_riscv/i_riscv_core/id_stage_i/decoder_i/mux_cmbsop_alu_operator_o_476_18/in_28[3] 	 (fanout : 1)
hpin:lp_riscv_top/lp_riscv/i_riscv_core/id_stage_i/decoder_i/mux_cmbsop_alu_operator_o_476_18/in_28[2] 	 (fanout : 1)
hpin:lp_riscv_top/lp_riscv/i_riscv_core/id_stage_i/decoder_i/mux_cmbsop_alu_operator_o_476_18/in_28[1] 	 (fanout : 1)
hpin:lp_riscv_top/lp_riscv/i_riscv_core/id_stage_i/decoder_i/mux_cmbsop_alu_operator_o_476_18/in_28[0] 	 (fanout : 1)
hpin:lp_riscv_top/lp_riscv/i_riscv_core/id_stage_i/decoder_i/mux_cmbsop_alu_operator_o_476_18/in_29[24] 	 (fanout : 1)
hpin:lp_riscv_top/lp_riscv/i_riscv_core/id_stage_i/decoder_i/mux_cmbsop_alu_operator_o_476_18/in_29[23] 	 (fanout : 1)
hpin:lp_riscv_top/lp_riscv/i_riscv_core/id_stage_i/decoder_i/mux_cmbsop_alu_operator_o_476_18/in_29[22] 	 (fanout : 1)
hpin:lp_riscv_top/lp_riscv/i_riscv_core/id_stage_i/decoder_i/mux_cmbsop_alu_operator_o_476_18/in_29[21] 	 (fanout : 1)
hpin:lp_riscv_top/lp_riscv/i_riscv_core/id_stage_i/decoder_i/mux_cmbsop_alu_operator_o_476_18/in_29[20] 	 (fanout : 1)
hpin:lp_riscv_top/lp_riscv/i_riscv_core/id_stage_i/decoder_i/mux_cmbsop_alu_operator_o_476_18/in_29[19] 	 (fanout : 1)
hpin:lp_riscv_top/lp_riscv/i_riscv_core/id_stage_i/decoder_i/mux_cmbsop_alu_operator_o_476_18/in_29[18] 	 (fanout : 1)
hpin:lp_riscv_top/lp_riscv/i_riscv_core/id_stage_i/decoder_i/mux_cmbsop_alu_operator_o_476_18/in_29[17] 	 (fanout : 1)
hpin:lp_riscv_top/lp_riscv/i_riscv_core/id_stage_i/decoder_i/mux_cmbsop_alu_operator_o_476_18/in_29[16] 	 (fanout : 1)
hpin:lp_riscv_top/lp_riscv/i_riscv_core/id_stage_i/decoder_i/mux_cmbsop_alu_operator_o_476_18/in_29[15] 	 (fanout : 1)
hpin:lp_riscv_top/lp_riscv/i_riscv_core/id_stage_i/decoder_i/mux_cmbsop_alu_operator_o_476_18/in_29[14] 	 (fanout : 1)
hpin:lp_riscv_top/lp_riscv/i_riscv_core/id_stage_i/decoder_i/mux_cmbsop_alu_operator_o_476_18/in_29[13] 	 (fanout : 1)
hpin:lp_riscv_top/lp_riscv/i_riscv_core/id_stage_i/decoder_i/mux_cmbsop_alu_operator_o_476_18/in_29[12] 	 (fanout : 1)
hpin:lp_riscv_top/lp_riscv/i_riscv_core/id_stage_i/decoder_i/mux_cmbsop_alu_operator_o_476_18/in_29[11] 	 (fanout : 1)
hpin:lp_riscv_top/lp_riscv/i_riscv_core/id_stage_i/decoder_i/mux_cmbsop_alu_operator_o_476_18/in_29[10] 	 (fanout : 1)
hpin:lp_riscv_top/lp_riscv/i_riscv_core/id_stage_i/decoder_i/mux_cmbsop_alu_operator_o_476_18/in_29[9] 	 (fanout : 1)
hpin:lp_riscv_top/lp_riscv/i_riscv_core/id_stage_i/decoder_i/mux_cmbsop_alu_operator_o_476_18/in_29[8] 	 (fanout : 1)
hpin:lp_riscv_top/lp_riscv/i_riscv_core/id_stage_i/decoder_i/mux_cmbsop_alu_operator_o_476_18/in_29[7] 	 (fanout : 1)
hpin:lp_riscv_top/lp_riscv/i_riscv_core/id_stage_i/decoder_i/mux_cmbsop_alu_operator_o_476_18/in_29[6] 	 (fanout : 1)
hpin:lp_riscv_top/lp_riscv/i_riscv_core/id_stage_i/decoder_i/mux_cmbsop_alu_operator_o_476_18/in_29[5] 	 (fanout : 1)
hpin:lp_riscv_top/lp_riscv/i_riscv_core/id_stage_i/decoder_i/mux_cmbsop_alu_operator_o_476_18/in_29[4] 	 (fanout : 1)
hpin:lp_riscv_top/lp_riscv/i_riscv_core/id_stage_i/decoder_i/mux_cmbsop_alu_operator_o_476_18/in_29[3] 	 (fanout : 1)
hpin:lp_riscv_top/lp_riscv/i_riscv_core/id_stage_i/decoder_i/mux_cmbsop_alu_operator_o_476_18/in_29[2] 	 (fanout : 1)
hpin:lp_riscv_top/lp_riscv/i_riscv_core/id_stage_i/decoder_i/mux_cmbsop_alu_operator_o_476_18/in_29[1] 	 (fanout : 1)
hpin:lp_riscv_top/lp_riscv/i_riscv_core/id_stage_i/decoder_i/mux_cmbsop_alu_operator_o_476_18/in_29[0] 	 (fanout : 1)
hpin:lp_riscv_top/lp_riscv/i_riscv_core/id_stage_i/decoder_i/mux_cmbsop_alu_operator_o_476_18/in_30[24] 	 (fanout : 1)
hpin:lp_riscv_top/lp_riscv/i_riscv_core/id_stage_i/decoder_i/mux_cmbsop_alu_operator_o_476_18/in_30[23] 	 (fanout : 1)
hpin:lp_riscv_top/lp_riscv/i_riscv_core/id_stage_i/decoder_i/mux_cmbsop_alu_operator_o_476_18/in_30[22] 	 (fanout : 1)
hpin:lp_riscv_top/lp_riscv/i_riscv_core/id_stage_i/decoder_i/mux_cmbsop_alu_operator_o_476_18/in_30[21] 	 (fanout : 1)
hpin:lp_riscv_top/lp_riscv/i_riscv_core/id_stage_i/decoder_i/mux_cmbsop_alu_operator_o_476_18/in_30[20] 	 (fanout : 1)
hpin:lp_riscv_top/lp_riscv/i_riscv_core/id_stage_i/decoder_i/mux_cmbsop_alu_operator_o_476_18/in_30[19] 	 (fanout : 1)
hpin:lp_riscv_top/lp_riscv/i_riscv_core/id_stage_i/decoder_i/mux_cmbsop_alu_operator_o_476_18/in_30[18] 	 (fanout : 1)
hpin:lp_riscv_top/lp_riscv/i_riscv_core/id_stage_i/decoder_i/mux_cmbsop_alu_operator_o_476_18/in_30[17] 	 (fanout : 1)
hpin:lp_riscv_top/lp_riscv/i_riscv_core/id_stage_i/decoder_i/mux_cmbsop_alu_operator_o_476_18/in_30[16] 	 (fanout : 1)
hpin:lp_riscv_top/lp_riscv/i_riscv_core/id_stage_i/decoder_i/mux_cmbsop_alu_operator_o_476_18/in_30[15] 	 (fanout : 1)
hpin:lp_riscv_top/lp_riscv/i_riscv_core/id_stage_i/decoder_i/mux_cmbsop_alu_operator_o_476_18/in_30[14] 	 (fanout : 1)
hpin:lp_riscv_top/lp_riscv/i_riscv_core/id_stage_i/decoder_i/mux_cmbsop_alu_operator_o_476_18/in_30[13] 	 (fanout : 1)
hpin:lp_riscv_top/lp_riscv/i_riscv_core/id_stage_i/decoder_i/mux_cmbsop_alu_operator_o_476_18/in_30[12] 	 (fanout : 1)
hpin:lp_riscv_top/lp_riscv/i_riscv_core/id_stage_i/decoder_i/mux_cmbsop_alu_operator_o_476_18/in_30[11] 	 (fanout : 1)
hpin:lp_riscv_top/lp_riscv/i_riscv_core/id_stage_i/decoder_i/mux_cmbsop_alu_operator_o_476_18/in_30[10] 	 (fanout : 1)
hpin:lp_riscv_top/lp_riscv/i_riscv_core/id_stage_i/decoder_i/mux_cmbsop_alu_operator_o_476_18/in_30[9] 	 (fanout : 1)
hpin:lp_riscv_top/lp_riscv/i_riscv_core/id_stage_i/decoder_i/mux_cmbsop_alu_operator_o_476_18/in_30[8] 	 (fanout : 1)
hpin:lp_riscv_top/lp_riscv/i_riscv_core/id_stage_i/decoder_i/mux_cmbsop_alu_operator_o_476_18/in_30[7] 	 (fanout : 1)
hpin:lp_riscv_top/lp_riscv/i_riscv_core/id_stage_i/decoder_i/mux_cmbsop_alu_operator_o_476_18/in_30[6] 	 (fanout : 1)
hpin:lp_riscv_top/lp_riscv/i_riscv_core/id_stage_i/decoder_i/mux_cmbsop_alu_operator_o_476_18/in_30[5] 	 (fanout : 1)
hpin:lp_riscv_top/lp_riscv/i_riscv_core/id_stage_i/decoder_i/mux_cmbsop_alu_operator_o_476_18/in_30[4] 	 (fanout : 1)
hpin:lp_riscv_top/lp_riscv/i_riscv_core/id_stage_i/decoder_i/mux_cmbsop_alu_operator_o_476_18/in_30[3] 	 (fanout : 1)
hpin:lp_riscv_top/lp_riscv/i_riscv_core/id_stage_i/decoder_i/mux_cmbsop_alu_operator_o_476_18/in_30[2] 	 (fanout : 1)
hpin:lp_riscv_top/lp_riscv/i_riscv_core/id_stage_i/decoder_i/mux_cmbsop_alu_operator_o_476_18/in_30[1] 	 (fanout : 1)
hpin:lp_riscv_top/lp_riscv/i_riscv_core/id_stage_i/decoder_i/mux_cmbsop_alu_operator_o_476_18/in_30[0] 	 (fanout : 1)
hpin:lp_riscv_top/lp_riscv/i_riscv_core/id_stage_i/decoder_i/mux_cmbsop_alu_operator_o_476_18/in_31[24] 	 (fanout : 1)
hpin:lp_riscv_top/lp_riscv/i_riscv_core/id_stage_i/decoder_i/mux_cmbsop_alu_operator_o_476_18/in_31[23] 	 (fanout : 1)
hpin:lp_riscv_top/lp_riscv/i_riscv_core/id_stage_i/decoder_i/mux_cmbsop_alu_operator_o_476_18/in_31[22] 	 (fanout : 1)
hpin:lp_riscv_top/lp_riscv/i_riscv_core/id_stage_i/decoder_i/mux_cmbsop_alu_operator_o_476_18/in_31[21] 	 (fanout : 1)
hpin:lp_riscv_top/lp_riscv/i_riscv_core/id_stage_i/decoder_i/mux_cmbsop_alu_operator_o_476_18/in_31[20] 	 (fanout : 1)
hpin:lp_riscv_top/lp_riscv/i_riscv_core/id_stage_i/decoder_i/mux_cmbsop_alu_operator_o_476_18/in_31[19] 	 (fanout : 1)
hpin:lp_riscv_top/lp_riscv/i_riscv_core/id_stage_i/decoder_i/mux_cmbsop_alu_operator_o_476_18/in_31[18] 	 (fanout : 1)
hpin:lp_riscv_top/lp_riscv/i_riscv_core/id_stage_i/decoder_i/mux_cmbsop_alu_operator_o_476_18/in_31[17] 	 (fanout : 1)
hpin:lp_riscv_top/lp_riscv/i_riscv_core/id_stage_i/decoder_i/mux_cmbsop_alu_operator_o_476_18/in_31[16] 	 (fanout : 1)
hpin:lp_riscv_top/lp_riscv/i_riscv_core/id_stage_i/decoder_i/mux_cmbsop_alu_operator_o_476_18/in_31[15] 	 (fanout : 1)
hpin:lp_riscv_top/lp_riscv/i_riscv_core/id_stage_i/decoder_i/mux_cmbsop_alu_operator_o_476_18/in_31[14] 	 (fanout : 1)
hpin:lp_riscv_top/lp_riscv/i_riscv_core/id_stage_i/decoder_i/mux_cmbsop_alu_operator_o_476_18/in_31[13] 	 (fanout : 1)
hpin:lp_riscv_top/lp_riscv/i_riscv_core/id_stage_i/decoder_i/mux_cmbsop_alu_operator_o_476_18/in_31[12] 	 (fanout : 1)
hpin:lp_riscv_top/lp_riscv/i_riscv_core/id_stage_i/decoder_i/mux_cmbsop_alu_operator_o_476_18/in_31[11] 	 (fanout : 1)
hpin:lp_riscv_top/lp_riscv/i_riscv_core/id_stage_i/decoder_i/mux_cmbsop_alu_operator_o_476_18/in_31[10] 	 (fanout : 1)
hpin:lp_riscv_top/lp_riscv/i_riscv_core/id_stage_i/decoder_i/mux_cmbsop_alu_operator_o_476_18/in_31[9] 	 (fanout : 1)
hpin:lp_riscv_top/lp_riscv/i_riscv_core/id_stage_i/decoder_i/mux_cmbsop_alu_operator_o_476_18/in_31[8] 	 (fanout : 1)
hpin:lp_riscv_top/lp_riscv/i_riscv_core/id_stage_i/decoder_i/mux_cmbsop_alu_operator_o_476_18/in_31[7] 	 (fanout : 1)
hpin:lp_riscv_top/lp_riscv/i_riscv_core/id_stage_i/decoder_i/mux_cmbsop_alu_operator_o_476_18/in_31[6] 	 (fanout : 1)
hpin:lp_riscv_top/lp_riscv/i_riscv_core/id_stage_i/decoder_i/mux_cmbsop_alu_operator_o_476_18/in_31[5] 	 (fanout : 1)
hpin:lp_riscv_top/lp_riscv/i_riscv_core/id_stage_i/decoder_i/mux_cmbsop_alu_operator_o_476_18/in_31[4] 	 (fanout : 1)
hpin:lp_riscv_top/lp_riscv/i_riscv_core/id_stage_i/decoder_i/mux_cmbsop_alu_operator_o_476_18/in_31[3] 	 (fanout : 1)
hpin:lp_riscv_top/lp_riscv/i_riscv_core/id_stage_i/decoder_i/mux_cmbsop_alu_operator_o_476_18/in_31[2] 	 (fanout : 1)
hpin:lp_riscv_top/lp_riscv/i_riscv_core/id_stage_i/decoder_i/mux_cmbsop_alu_operator_o_476_18/in_31[1] 	 (fanout : 1)
hpin:lp_riscv_top/lp_riscv/i_riscv_core/id_stage_i/decoder_i/mux_cmbsop_alu_operator_o_476_18/in_31[0] 	 (fanout : 1)
hpin:lp_riscv_top/lp_riscv/i_riscv_core/id_stage_i/decoder_i/mux_cmbsop_alu_operator_o_476_18/in_32[24] 	 (fanout : 1)
hpin:lp_riscv_top/lp_riscv/i_riscv_core/id_stage_i/decoder_i/mux_cmbsop_alu_operator_o_476_18/in_32[23] 	 (fanout : 1)
hpin:lp_riscv_top/lp_riscv/i_riscv_core/id_stage_i/decoder_i/mux_cmbsop_alu_operator_o_476_18/in_32[22] 	 (fanout : 1)
hpin:lp_riscv_top/lp_riscv/i_riscv_core/id_stage_i/decoder_i/mux_cmbsop_alu_operator_o_476_18/in_32[21] 	 (fanout : 1)
hpin:lp_riscv_top/lp_riscv/i_riscv_core/id_stage_i/decoder_i/mux_cmbsop_alu_operator_o_476_18/in_32[20] 	 (fanout : 1)
hpin:lp_riscv_top/lp_riscv/i_riscv_core/id_stage_i/decoder_i/mux_cmbsop_alu_operator_o_476_18/in_32[19] 	 (fanout : 1)
hpin:lp_riscv_top/lp_riscv/i_riscv_core/id_stage_i/decoder_i/mux_cmbsop_alu_operator_o_476_18/in_32[18] 	 (fanout : 1)
hpin:lp_riscv_top/lp_riscv/i_riscv_core/id_stage_i/decoder_i/mux_cmbsop_alu_operator_o_476_18/in_32[17] 	 (fanout : 1)
hpin:lp_riscv_top/lp_riscv/i_riscv_core/id_stage_i/decoder_i/mux_cmbsop_alu_operator_o_476_18/in_32[16] 	 (fanout : 1)
hpin:lp_riscv_top/lp_riscv/i_riscv_core/id_stage_i/decoder_i/mux_cmbsop_alu_operator_o_476_18/in_32[15] 	 (fanout : 1)
hpin:lp_riscv_top/lp_riscv/i_riscv_core/id_stage_i/decoder_i/mux_cmbsop_alu_operator_o_476_18/in_32[14] 	 (fanout : 1)
hpin:lp_riscv_top/lp_riscv/i_riscv_core/id_stage_i/decoder_i/mux_cmbsop_alu_operator_o_476_18/in_32[13] 	 (fanout : 1)
hpin:lp_riscv_top/lp_riscv/i_riscv_core/id_stage_i/decoder_i/mux_cmbsop_alu_operator_o_476_18/in_32[12] 	 (fanout : 1)
hpin:lp_riscv_top/lp_riscv/i_riscv_core/id_stage_i/decoder_i/mux_cmbsop_alu_operator_o_476_18/in_32[11] 	 (fanout : 1)
hpin:lp_riscv_top/lp_riscv/i_riscv_core/id_stage_i/decoder_i/mux_cmbsop_alu_operator_o_476_18/in_32[10] 	 (fanout : 1)
hpin:lp_riscv_top/lp_riscv/i_riscv_core/id_stage_i/decoder_i/mux_cmbsop_alu_operator_o_476_18/in_32[9] 	 (fanout : 1)
hpin:lp_riscv_top/lp_riscv/i_riscv_core/id_stage_i/decoder_i/mux_cmbsop_alu_operator_o_476_18/in_32[8] 	 (fanout : 1)
hpin:lp_riscv_top/lp_riscv/i_riscv_core/id_stage_i/decoder_i/mux_cmbsop_alu_operator_o_476_18/in_32[7] 	 (fanout : 1)
hpin:lp_riscv_top/lp_riscv/i_riscv_core/id_stage_i/decoder_i/mux_cmbsop_alu_operator_o_476_18/in_32[6] 	 (fanout : 1)
hpin:lp_riscv_top/lp_riscv/i_riscv_core/id_stage_i/decoder_i/mux_cmbsop_alu_operator_o_476_18/in_32[5] 	 (fanout : 1)
hpin:lp_riscv_top/lp_riscv/i_riscv_core/id_stage_i/decoder_i/mux_cmbsop_alu_operator_o_476_18/in_32[4] 	 (fanout : 1)
hpin:lp_riscv_top/lp_riscv/i_riscv_core/id_stage_i/decoder_i/mux_cmbsop_alu_operator_o_476_18/in_32[3] 	 (fanout : 1)
hpin:lp_riscv_top/lp_riscv/i_riscv_core/id_stage_i/decoder_i/mux_cmbsop_alu_operator_o_476_18/in_32[2] 	 (fanout : 1)
hpin:lp_riscv_top/lp_riscv/i_riscv_core/id_stage_i/decoder_i/mux_cmbsop_alu_operator_o_476_18/in_32[1] 	 (fanout : 1)
hpin:lp_riscv_top/lp_riscv/i_riscv_core/id_stage_i/decoder_i/mux_cmbsop_alu_operator_o_476_18/in_32[0] 	 (fanout : 1)
hpin:lp_riscv_top/lp_riscv/i_riscv_core/id_stage_i/decoder_i/mux_cmbsop_alu_operator_o_476_18/in_33[24] 	 (fanout : 1)
hpin:lp_riscv_top/lp_riscv/i_riscv_core/id_stage_i/decoder_i/mux_cmbsop_alu_operator_o_476_18/in_33[23] 	 (fanout : 1)
hpin:lp_riscv_top/lp_riscv/i_riscv_core/id_stage_i/decoder_i/mux_cmbsop_alu_operator_o_476_18/in_33[22] 	 (fanout : 1)
hpin:lp_riscv_top/lp_riscv/i_riscv_core/id_stage_i/decoder_i/mux_cmbsop_alu_operator_o_476_18/in_33[21] 	 (fanout : 1)
hpin:lp_riscv_top/lp_riscv/i_riscv_core/id_stage_i/decoder_i/mux_cmbsop_alu_operator_o_476_18/in_33[20] 	 (fanout : 1)
hpin:lp_riscv_top/lp_riscv/i_riscv_core/id_stage_i/decoder_i/mux_cmbsop_alu_operator_o_476_18/in_33[19] 	 (fanout : 1)
hpin:lp_riscv_top/lp_riscv/i_riscv_core/id_stage_i/decoder_i/mux_cmbsop_alu_operator_o_476_18/in_33[18] 	 (fanout : 1)
hpin:lp_riscv_top/lp_riscv/i_riscv_core/id_stage_i/decoder_i/mux_cmbsop_alu_operator_o_476_18/in_33[17] 	 (fanout : 1)
hpin:lp_riscv_top/lp_riscv/i_riscv_core/id_stage_i/decoder_i/mux_cmbsop_alu_operator_o_476_18/in_33[16] 	 (fanout : 1)
hpin:lp_riscv_top/lp_riscv/i_riscv_core/id_stage_i/decoder_i/mux_cmbsop_alu_operator_o_476_18/in_33[15] 	 (fanout : 1)
hpin:lp_riscv_top/lp_riscv/i_riscv_core/id_stage_i/decoder_i/mux_cmbsop_alu_operator_o_476_18/in_33[14] 	 (fanout : 1)
hpin:lp_riscv_top/lp_riscv/i_riscv_core/id_stage_i/decoder_i/mux_cmbsop_alu_operator_o_476_18/in_33[13] 	 (fanout : 1)
hpin:lp_riscv_top/lp_riscv/i_riscv_core/id_stage_i/decoder_i/mux_cmbsop_alu_operator_o_476_18/in_33[12] 	 (fanout : 1)
hpin:lp_riscv_top/lp_riscv/i_riscv_core/id_stage_i/decoder_i/mux_cmbsop_alu_operator_o_476_18/in_33[11] 	 (fanout : 1)
hpin:lp_riscv_top/lp_riscv/i_riscv_core/id_stage_i/decoder_i/mux_cmbsop_alu_operator_o_476_18/in_33[10] 	 (fanout : 1)
hpin:lp_riscv_top/lp_riscv/i_riscv_core/id_stage_i/decoder_i/mux_cmbsop_alu_operator_o_476_18/in_33[9] 	 (fanout : 1)
hpin:lp_riscv_top/lp_riscv/i_riscv_core/id_stage_i/decoder_i/mux_cmbsop_alu_operator_o_476_18/in_33[8] 	 (fanout : 1)
hpin:lp_riscv_top/lp_riscv/i_riscv_core/id_stage_i/decoder_i/mux_cmbsop_alu_operator_o_476_18/in_33[7] 	 (fanout : 1)
hpin:lp_riscv_top/lp_riscv/i_riscv_core/id_stage_i/decoder_i/mux_cmbsop_alu_operator_o_476_18/in_33[6] 	 (fanout : 1)
hpin:lp_riscv_top/lp_riscv/i_riscv_core/id_stage_i/decoder_i/mux_cmbsop_alu_operator_o_476_18/in_33[5] 	 (fanout : 1)
hpin:lp_riscv_top/lp_riscv/i_riscv_core/id_stage_i/decoder_i/mux_cmbsop_alu_operator_o_476_18/in_33[4] 	 (fanout : 1)
hpin:lp_riscv_top/lp_riscv/i_riscv_core/id_stage_i/decoder_i/mux_cmbsop_alu_operator_o_476_18/in_33[3] 	 (fanout : 1)
hpin:lp_riscv_top/lp_riscv/i_riscv_core/id_stage_i/decoder_i/mux_cmbsop_alu_operator_o_476_18/in_33[2] 	 (fanout : 1)
hpin:lp_riscv_top/lp_riscv/i_riscv_core/id_stage_i/decoder_i/mux_cmbsop_alu_operator_o_476_18/in_33[1] 	 (fanout : 1)
hpin:lp_riscv_top/lp_riscv/i_riscv_core/id_stage_i/decoder_i/mux_cmbsop_alu_operator_o_476_18/in_33[0] 	 (fanout : 1)
hpin:lp_riscv_top/lp_riscv/i_riscv_core/id_stage_i/decoder_i/mux_cmbsop_alu_operator_o_476_18/in_34[24] 	 (fanout : 1)
hpin:lp_riscv_top/lp_riscv/i_riscv_core/id_stage_i/decoder_i/mux_cmbsop_alu_operator_o_476_18/in_34[23] 	 (fanout : 1)
hpin:lp_riscv_top/lp_riscv/i_riscv_core/id_stage_i/decoder_i/mux_cmbsop_alu_operator_o_476_18/in_34[22] 	 (fanout : 1)
hpin:lp_riscv_top/lp_riscv/i_riscv_core/id_stage_i/decoder_i/mux_cmbsop_alu_operator_o_476_18/in_34[21] 	 (fanout : 1)
hpin:lp_riscv_top/lp_riscv/i_riscv_core/id_stage_i/decoder_i/mux_cmbsop_alu_operator_o_476_18/in_34[20] 	 (fanout : 1)
hpin:lp_riscv_top/lp_riscv/i_riscv_core/id_stage_i/decoder_i/mux_cmbsop_alu_operator_o_476_18/in_34[19] 	 (fanout : 1)
hpin:lp_riscv_top/lp_riscv/i_riscv_core/id_stage_i/decoder_i/mux_cmbsop_alu_operator_o_476_18/in_34[18] 	 (fanout : 1)
hpin:lp_riscv_top/lp_riscv/i_riscv_core/id_stage_i/decoder_i/mux_cmbsop_alu_operator_o_476_18/in_34[17] 	 (fanout : 1)
hpin:lp_riscv_top/lp_riscv/i_riscv_core/id_stage_i/decoder_i/mux_cmbsop_alu_operator_o_476_18/in_34[16] 	 (fanout : 1)
hpin:lp_riscv_top/lp_riscv/i_riscv_core/id_stage_i/decoder_i/mux_cmbsop_alu_operator_o_476_18/in_34[15] 	 (fanout : 1)
hpin:lp_riscv_top/lp_riscv/i_riscv_core/id_stage_i/decoder_i/mux_cmbsop_alu_operator_o_476_18/in_34[14] 	 (fanout : 1)
hpin:lp_riscv_top/lp_riscv/i_riscv_core/id_stage_i/decoder_i/mux_cmbsop_alu_operator_o_476_18/in_34[13] 	 (fanout : 1)
hpin:lp_riscv_top/lp_riscv/i_riscv_core/id_stage_i/decoder_i/mux_cmbsop_alu_operator_o_476_18/in_34[12] 	 (fanout : 1)
hpin:lp_riscv_top/lp_riscv/i_riscv_core/id_stage_i/decoder_i/mux_cmbsop_alu_operator_o_476_18/in_34[11] 	 (fanout : 1)
hpin:lp_riscv_top/lp_riscv/i_riscv_core/id_stage_i/decoder_i/mux_cmbsop_alu_operator_o_476_18/in_34[10] 	 (fanout : 1)
hpin:lp_riscv_top/lp_riscv/i_riscv_core/id_stage_i/decoder_i/mux_cmbsop_alu_operator_o_476_18/in_34[9] 	 (fanout : 1)
hpin:lp_riscv_top/lp_riscv/i_riscv_core/id_stage_i/decoder_i/mux_cmbsop_alu_operator_o_476_18/in_34[8] 	 (fanout : 1)
hpin:lp_riscv_top/lp_riscv/i_riscv_core/id_stage_i/decoder_i/mux_cmbsop_alu_operator_o_476_18/in_34[7] 	 (fanout : 1)
hpin:lp_riscv_top/lp_riscv/i_riscv_core/id_stage_i/decoder_i/mux_cmbsop_alu_operator_o_476_18/in_34[6] 	 (fanout : 1)
hpin:lp_riscv_top/lp_riscv/i_riscv_core/id_stage_i/decoder_i/mux_cmbsop_alu_operator_o_476_18/in_34[5] 	 (fanout : 1)
hpin:lp_riscv_top/lp_riscv/i_riscv_core/id_stage_i/decoder_i/mux_cmbsop_alu_operator_o_476_18/in_34[4] 	 (fanout : 1)
hpin:lp_riscv_top/lp_riscv/i_riscv_core/id_stage_i/decoder_i/mux_cmbsop_alu_operator_o_476_18/in_34[3] 	 (fanout : 1)
hpin:lp_riscv_top/lp_riscv/i_riscv_core/id_stage_i/decoder_i/mux_cmbsop_alu_operator_o_476_18/in_34[2] 	 (fanout : 1)
hpin:lp_riscv_top/lp_riscv/i_riscv_core/id_stage_i/decoder_i/mux_cmbsop_alu_operator_o_476_18/in_34[1] 	 (fanout : 1)
hpin:lp_riscv_top/lp_riscv/i_riscv_core/id_stage_i/decoder_i/mux_cmbsop_alu_operator_o_476_18/in_34[0] 	 (fanout : 1)
hpin:lp_riscv_top/lp_riscv/i_riscv_core/id_stage_i/decoder_i/mux_cmbsop_alu_operator_o_476_18/in_35[24] 	 (fanout : 1)
hpin:lp_riscv_top/lp_riscv/i_riscv_core/id_stage_i/decoder_i/mux_cmbsop_alu_operator_o_476_18/in_35[23] 	 (fanout : 1)
hpin:lp_riscv_top/lp_riscv/i_riscv_core/id_stage_i/decoder_i/mux_cmbsop_alu_operator_o_476_18/in_35[22] 	 (fanout : 1)
hpin:lp_riscv_top/lp_riscv/i_riscv_core/id_stage_i/decoder_i/mux_cmbsop_alu_operator_o_476_18/in_35[21] 	 (fanout : 1)
hpin:lp_riscv_top/lp_riscv/i_riscv_core/id_stage_i/decoder_i/mux_cmbsop_alu_operator_o_476_18/in_35[20] 	 (fanout : 1)
hpin:lp_riscv_top/lp_riscv/i_riscv_core/id_stage_i/decoder_i/mux_cmbsop_alu_operator_o_476_18/in_35[19] 	 (fanout : 1)
hpin:lp_riscv_top/lp_riscv/i_riscv_core/id_stage_i/decoder_i/mux_cmbsop_alu_operator_o_476_18/in_35[18] 	 (fanout : 1)
hpin:lp_riscv_top/lp_riscv/i_riscv_core/id_stage_i/decoder_i/mux_cmbsop_alu_operator_o_476_18/in_35[17] 	 (fanout : 1)
hpin:lp_riscv_top/lp_riscv/i_riscv_core/id_stage_i/decoder_i/mux_cmbsop_alu_operator_o_476_18/in_35[16] 	 (fanout : 1)
hpin:lp_riscv_top/lp_riscv/i_riscv_core/id_stage_i/decoder_i/mux_cmbsop_alu_operator_o_476_18/in_35[15] 	 (fanout : 1)
hpin:lp_riscv_top/lp_riscv/i_riscv_core/id_stage_i/decoder_i/mux_cmbsop_alu_operator_o_476_18/in_35[14] 	 (fanout : 1)
hpin:lp_riscv_top/lp_riscv/i_riscv_core/id_stage_i/decoder_i/mux_cmbsop_alu_operator_o_476_18/in_35[13] 	 (fanout : 1)
hpin:lp_riscv_top/lp_riscv/i_riscv_core/id_stage_i/decoder_i/mux_cmbsop_alu_operator_o_476_18/in_35[12] 	 (fanout : 1)
hpin:lp_riscv_top/lp_riscv/i_riscv_core/id_stage_i/decoder_i/mux_cmbsop_alu_operator_o_476_18/in_35[11] 	 (fanout : 1)
hpin:lp_riscv_top/lp_riscv/i_riscv_core/id_stage_i/decoder_i/mux_cmbsop_alu_operator_o_476_18/in_35[10] 	 (fanout : 1)
hpin:lp_riscv_top/lp_riscv/i_riscv_core/id_stage_i/decoder_i/mux_cmbsop_alu_operator_o_476_18/in_35[9] 	 (fanout : 1)
hpin:lp_riscv_top/lp_riscv/i_riscv_core/id_stage_i/decoder_i/mux_cmbsop_alu_operator_o_476_18/in_35[8] 	 (fanout : 1)
hpin:lp_riscv_top/lp_riscv/i_riscv_core/id_stage_i/decoder_i/mux_cmbsop_alu_operator_o_476_18/in_35[7] 	 (fanout : 1)
hpin:lp_riscv_top/lp_riscv/i_riscv_core/id_stage_i/decoder_i/mux_cmbsop_alu_operator_o_476_18/in_35[6] 	 (fanout : 1)
hpin:lp_riscv_top/lp_riscv/i_riscv_core/id_stage_i/decoder_i/mux_cmbsop_alu_operator_o_476_18/in_35[5] 	 (fanout : 1)
hpin:lp_riscv_top/lp_riscv/i_riscv_core/id_stage_i/decoder_i/mux_cmbsop_alu_operator_o_476_18/in_35[4] 	 (fanout : 1)
hpin:lp_riscv_top/lp_riscv/i_riscv_core/id_stage_i/decoder_i/mux_cmbsop_alu_operator_o_476_18/in_35[3] 	 (fanout : 1)
hpin:lp_riscv_top/lp_riscv/i_riscv_core/id_stage_i/decoder_i/mux_cmbsop_alu_operator_o_476_18/in_35[2] 	 (fanout : 1)
hpin:lp_riscv_top/lp_riscv/i_riscv_core/id_stage_i/decoder_i/mux_cmbsop_alu_operator_o_476_18/in_35[1] 	 (fanout : 1)
hpin:lp_riscv_top/lp_riscv/i_riscv_core/id_stage_i/decoder_i/mux_cmbsop_alu_operator_o_476_18/in_35[0] 	 (fanout : 1)
hpin:lp_riscv_top/lp_riscv/i_riscv_core/id_stage_i/decoder_i/mux_cmbsop_alu_operator_o_476_18/in_36[24] 	 (fanout : 1)
hpin:lp_riscv_top/lp_riscv/i_riscv_core/id_stage_i/decoder_i/mux_cmbsop_alu_operator_o_476_18/in_36[23] 	 (fanout : 1)
hpin:lp_riscv_top/lp_riscv/i_riscv_core/id_stage_i/decoder_i/mux_cmbsop_alu_operator_o_476_18/in_36[22] 	 (fanout : 1)
hpin:lp_riscv_top/lp_riscv/i_riscv_core/id_stage_i/decoder_i/mux_cmbsop_alu_operator_o_476_18/in_36[21] 	 (fanout : 1)
hpin:lp_riscv_top/lp_riscv/i_riscv_core/id_stage_i/decoder_i/mux_cmbsop_alu_operator_o_476_18/in_36[20] 	 (fanout : 1)
hpin:lp_riscv_top/lp_riscv/i_riscv_core/id_stage_i/decoder_i/mux_cmbsop_alu_operator_o_476_18/in_36[19] 	 (fanout : 1)
hpin:lp_riscv_top/lp_riscv/i_riscv_core/id_stage_i/decoder_i/mux_cmbsop_alu_operator_o_476_18/in_36[18] 	 (fanout : 1)
hpin:lp_riscv_top/lp_riscv/i_riscv_core/id_stage_i/decoder_i/mux_cmbsop_alu_operator_o_476_18/in_36[17] 	 (fanout : 1)
hpin:lp_riscv_top/lp_riscv/i_riscv_core/id_stage_i/decoder_i/mux_cmbsop_alu_operator_o_476_18/in_36[16] 	 (fanout : 1)
hpin:lp_riscv_top/lp_riscv/i_riscv_core/id_stage_i/decoder_i/mux_cmbsop_alu_operator_o_476_18/in_36[15] 	 (fanout : 1)
hpin:lp_riscv_top/lp_riscv/i_riscv_core/id_stage_i/decoder_i/mux_cmbsop_alu_operator_o_476_18/in_36[14] 	 (fanout : 1)
hpin:lp_riscv_top/lp_riscv/i_riscv_core/id_stage_i/decoder_i/mux_cmbsop_alu_operator_o_476_18/in_36[13] 	 (fanout : 1)
hpin:lp_riscv_top/lp_riscv/i_riscv_core/id_stage_i/decoder_i/mux_cmbsop_alu_operator_o_476_18/in_36[12] 	 (fanout : 1)
hpin:lp_riscv_top/lp_riscv/i_riscv_core/id_stage_i/decoder_i/mux_cmbsop_alu_operator_o_476_18/in_36[11] 	 (fanout : 1)
hpin:lp_riscv_top/lp_riscv/i_riscv_core/id_stage_i/decoder_i/mux_cmbsop_alu_operator_o_476_18/in_36[10] 	 (fanout : 1)
hpin:lp_riscv_top/lp_riscv/i_riscv_core/id_stage_i/decoder_i/mux_cmbsop_alu_operator_o_476_18/in_36[9] 	 (fanout : 1)
hpin:lp_riscv_top/lp_riscv/i_riscv_core/id_stage_i/decoder_i/mux_cmbsop_alu_operator_o_476_18/in_36[8] 	 (fanout : 1)
hpin:lp_riscv_top/lp_riscv/i_riscv_core/id_stage_i/decoder_i/mux_cmbsop_alu_operator_o_476_18/in_36[7] 	 (fanout : 1)
hpin:lp_riscv_top/lp_riscv/i_riscv_core/id_stage_i/decoder_i/mux_cmbsop_alu_operator_o_476_18/in_36[6] 	 (fanout : 1)
hpin:lp_riscv_top/lp_riscv/i_riscv_core/id_stage_i/decoder_i/mux_cmbsop_alu_operator_o_476_18/in_36[5] 	 (fanout : 1)
hpin:lp_riscv_top/lp_riscv/i_riscv_core/id_stage_i/decoder_i/mux_cmbsop_alu_operator_o_476_18/in_36[4] 	 (fanout : 1)
hpin:lp_riscv_top/lp_riscv/i_riscv_core/id_stage_i/decoder_i/mux_cmbsop_alu_operator_o_476_18/in_36[3] 	 (fanout : 1)
hpin:lp_riscv_top/lp_riscv/i_riscv_core/id_stage_i/decoder_i/mux_cmbsop_alu_operator_o_476_18/in_36[2] 	 (fanout : 1)
hpin:lp_riscv_top/lp_riscv/i_riscv_core/id_stage_i/decoder_i/mux_cmbsop_alu_operator_o_476_18/in_36[1] 	 (fanout : 1)
hpin:lp_riscv_top/lp_riscv/i_riscv_core/id_stage_i/decoder_i/mux_cmbsop_alu_operator_o_476_18/in_36[0] 	 (fanout : 1)
hpin:lp_riscv_top/lp_riscv/i_riscv_core/id_stage_i/decoder_i/mux_cmbsop_alu_operator_o_476_18/in_37[24] 	 (fanout : 1)
hpin:lp_riscv_top/lp_riscv/i_riscv_core/id_stage_i/decoder_i/mux_cmbsop_alu_operator_o_476_18/in_37[23] 	 (fanout : 1)
hpin:lp_riscv_top/lp_riscv/i_riscv_core/id_stage_i/decoder_i/mux_cmbsop_alu_operator_o_476_18/in_37[22] 	 (fanout : 1)
hpin:lp_riscv_top/lp_riscv/i_riscv_core/id_stage_i/decoder_i/mux_cmbsop_alu_operator_o_476_18/in_37[21] 	 (fanout : 1)
hpin:lp_riscv_top/lp_riscv/i_riscv_core/id_stage_i/decoder_i/mux_cmbsop_alu_operator_o_476_18/in_37[20] 	 (fanout : 1)
hpin:lp_riscv_top/lp_riscv/i_riscv_core/id_stage_i/decoder_i/mux_cmbsop_alu_operator_o_476_18/in_37[19] 	 (fanout : 1)
hpin:lp_riscv_top/lp_riscv/i_riscv_core/id_stage_i/decoder_i/mux_cmbsop_alu_operator_o_476_18/in_37[18] 	 (fanout : 1)
hpin:lp_riscv_top/lp_riscv/i_riscv_core/id_stage_i/decoder_i/mux_cmbsop_alu_operator_o_476_18/in_37[17] 	 (fanout : 1)
hpin:lp_riscv_top/lp_riscv/i_riscv_core/id_stage_i/decoder_i/mux_cmbsop_alu_operator_o_476_18/in_37[16] 	 (fanout : 1)
hpin:lp_riscv_top/lp_riscv/i_riscv_core/id_stage_i/decoder_i/mux_cmbsop_alu_operator_o_476_18/in_37[15] 	 (fanout : 1)
hpin:lp_riscv_top/lp_riscv/i_riscv_core/id_stage_i/decoder_i/mux_cmbsop_alu_operator_o_476_18/in_37[14] 	 (fanout : 1)
hpin:lp_riscv_top/lp_riscv/i_riscv_core/id_stage_i/decoder_i/mux_cmbsop_alu_operator_o_476_18/in_37[13] 	 (fanout : 1)
hpin:lp_riscv_top/lp_riscv/i_riscv_core/id_stage_i/decoder_i/mux_cmbsop_alu_operator_o_476_18/in_37[12] 	 (fanout : 1)
hpin:lp_riscv_top/lp_riscv/i_riscv_core/id_stage_i/decoder_i/mux_cmbsop_alu_operator_o_476_18/in_37[11] 	 (fanout : 1)
hpin:lp_riscv_top/lp_riscv/i_riscv_core/id_stage_i/decoder_i/mux_cmbsop_alu_operator_o_476_18/in_37[10] 	 (fanout : 1)
hpin:lp_riscv_top/lp_riscv/i_riscv_core/id_stage_i/decoder_i/mux_cmbsop_alu_operator_o_476_18/in_37[9] 	 (fanout : 1)
hpin:lp_riscv_top/lp_riscv/i_riscv_core/id_stage_i/decoder_i/mux_cmbsop_alu_operator_o_476_18/in_37[8] 	 (fanout : 1)
hpin:lp_riscv_top/lp_riscv/i_riscv_core/id_stage_i/decoder_i/mux_cmbsop_alu_operator_o_476_18/in_37[7] 	 (fanout : 1)
hpin:lp_riscv_top/lp_riscv/i_riscv_core/id_stage_i/decoder_i/mux_cmbsop_alu_operator_o_476_18/in_37[6] 	 (fanout : 1)
hpin:lp_riscv_top/lp_riscv/i_riscv_core/id_stage_i/decoder_i/mux_cmbsop_alu_operator_o_476_18/in_37[5] 	 (fanout : 1)
hpin:lp_riscv_top/lp_riscv/i_riscv_core/id_stage_i/decoder_i/mux_cmbsop_alu_operator_o_476_18/in_37[4] 	 (fanout : 1)
hpin:lp_riscv_top/lp_riscv/i_riscv_core/id_stage_i/decoder_i/mux_cmbsop_alu_operator_o_476_18/in_37[3] 	 (fanout : 1)
hpin:lp_riscv_top/lp_riscv/i_riscv_core/id_stage_i/decoder_i/mux_cmbsop_alu_operator_o_476_18/in_37[2] 	 (fanout : 1)
hpin:lp_riscv_top/lp_riscv/i_riscv_core/id_stage_i/decoder_i/mux_cmbsop_alu_operator_o_476_18/in_37[1] 	 (fanout : 1)
hpin:lp_riscv_top/lp_riscv/i_riscv_core/id_stage_i/decoder_i/mux_cmbsop_alu_operator_o_476_18/in_37[0] 	 (fanout : 1)
hpin:lp_riscv_top/lp_riscv/i_riscv_core/id_stage_i/decoder_i/mux_cmbsop_alu_operator_o_476_18/in_38[24] 	 (fanout : 1)
hpin:lp_riscv_top/lp_riscv/i_riscv_core/id_stage_i/decoder_i/mux_cmbsop_alu_operator_o_476_18/in_38[23] 	 (fanout : 1)
hpin:lp_riscv_top/lp_riscv/i_riscv_core/id_stage_i/decoder_i/mux_cmbsop_alu_operator_o_476_18/in_38[22] 	 (fanout : 1)
hpin:lp_riscv_top/lp_riscv/i_riscv_core/id_stage_i/decoder_i/mux_cmbsop_alu_operator_o_476_18/in_38[21] 	 (fanout : 1)
hpin:lp_riscv_top/lp_riscv/i_riscv_core/id_stage_i/decoder_i/mux_cmbsop_alu_operator_o_476_18/in_38[20] 	 (fanout : 1)
hpin:lp_riscv_top/lp_riscv/i_riscv_core/id_stage_i/decoder_i/mux_cmbsop_alu_operator_o_476_18/in_38[19] 	 (fanout : 1)
hpin:lp_riscv_top/lp_riscv/i_riscv_core/id_stage_i/decoder_i/mux_cmbsop_alu_operator_o_476_18/in_38[18] 	 (fanout : 1)
hpin:lp_riscv_top/lp_riscv/i_riscv_core/id_stage_i/decoder_i/mux_cmbsop_alu_operator_o_476_18/in_38[17] 	 (fanout : 1)
hpin:lp_riscv_top/lp_riscv/i_riscv_core/id_stage_i/decoder_i/mux_cmbsop_alu_operator_o_476_18/in_38[16] 	 (fanout : 1)
hpin:lp_riscv_top/lp_riscv/i_riscv_core/id_stage_i/decoder_i/mux_cmbsop_alu_operator_o_476_18/in_38[15] 	 (fanout : 1)
hpin:lp_riscv_top/lp_riscv/i_riscv_core/id_stage_i/decoder_i/mux_cmbsop_alu_operator_o_476_18/in_38[14] 	 (fanout : 1)
hpin:lp_riscv_top/lp_riscv/i_riscv_core/id_stage_i/decoder_i/mux_cmbsop_alu_operator_o_476_18/in_38[13] 	 (fanout : 1)
hpin:lp_riscv_top/lp_riscv/i_riscv_core/id_stage_i/decoder_i/mux_cmbsop_alu_operator_o_476_18/in_38[12] 	 (fanout : 1)
hpin:lp_riscv_top/lp_riscv/i_riscv_core/id_stage_i/decoder_i/mux_cmbsop_alu_operator_o_476_18/in_38[11] 	 (fanout : 1)
hpin:lp_riscv_top/lp_riscv/i_riscv_core/id_stage_i/decoder_i/mux_cmbsop_alu_operator_o_476_18/in_38[10] 	 (fanout : 1)
hpin:lp_riscv_top/lp_riscv/i_riscv_core/id_stage_i/decoder_i/mux_cmbsop_alu_operator_o_476_18/in_38[9] 	 (fanout : 1)
hpin:lp_riscv_top/lp_riscv/i_riscv_core/id_stage_i/decoder_i/mux_cmbsop_alu_operator_o_476_18/in_38[8] 	 (fanout : 1)
hpin:lp_riscv_top/lp_riscv/i_riscv_core/id_stage_i/decoder_i/mux_cmbsop_alu_operator_o_476_18/in_38[7] 	 (fanout : 1)
hpin:lp_riscv_top/lp_riscv/i_riscv_core/id_stage_i/decoder_i/mux_cmbsop_alu_operator_o_476_18/in_38[6] 	 (fanout : 1)
hpin:lp_riscv_top/lp_riscv/i_riscv_core/id_stage_i/decoder_i/mux_cmbsop_alu_operator_o_476_18/in_38[5] 	 (fanout : 1)
hpin:lp_riscv_top/lp_riscv/i_riscv_core/id_stage_i/decoder_i/mux_cmbsop_alu_operator_o_476_18/in_38[4] 	 (fanout : 1)
hpin:lp_riscv_top/lp_riscv/i_riscv_core/id_stage_i/decoder_i/mux_cmbsop_alu_operator_o_476_18/in_38[3] 	 (fanout : 1)
hpin:lp_riscv_top/lp_riscv/i_riscv_core/id_stage_i/decoder_i/mux_cmbsop_alu_operator_o_476_18/in_38[2] 	 (fanout : 1)
hpin:lp_riscv_top/lp_riscv/i_riscv_core/id_stage_i/decoder_i/mux_cmbsop_alu_operator_o_476_18/in_38[1] 	 (fanout : 1)
hpin:lp_riscv_top/lp_riscv/i_riscv_core/id_stage_i/decoder_i/mux_cmbsop_alu_operator_o_476_18/in_38[0] 	 (fanout : 1)
hpin:lp_riscv_top/lp_riscv/i_riscv_core/id_stage_i/decoder_i/mux_mult_signed_mode_o_438_13/in_1[1] 	 (fanout : 1)
hpin:lp_riscv_top/lp_riscv/i_riscv_core/id_stage_i/decoder_i/mux_mult_signed_mode_o_438_13/in_1[0] 	 (fanout : 1)
hpin:lp_riscv_top/lp_riscv/i_riscv_core/id_stage_i/decoder_i/mux_mult_signed_mode_o_612_15/in_2[1] 	 (fanout : 1)
hpin:lp_riscv_top/lp_riscv/i_riscv_core/id_stage_i/decoder_i/mux_mult_signed_mode_o_612_15/in_2[0] 	 (fanout : 1)
hpin:lp_riscv_top/lp_riscv/i_riscv_core/id_stage_i/decoder_i/mux_mult_signed_mode_o_612_15/in_3[1] 	 (fanout : 1)
hpin:lp_riscv_top/lp_riscv/i_riscv_core/id_stage_i/decoder_i/mux_mult_signed_mode_o_612_15/in_3[0] 	 (fanout : 1)
hpin:lp_riscv_top/lp_riscv/i_riscv_core/id_stage_i/decoder_i/mux_mult_signed_mode_o_186_18/in_2[1] 	 (fanout : 1)
hpin:lp_riscv_top/lp_riscv/i_riscv_core/id_stage_i/decoder_i/mux_mult_signed_mode_o_186_18/in_2[0] 	 (fanout : 1)
hpin:lp_riscv_top/lp_riscv/i_riscv_core/id_stage_i/decoder_i/mux_mult_sel_subword_o_612_15/in_2 	 (fanout : 1)
hpin:lp_riscv_top/lp_riscv/i_riscv_core/id_stage_i/decoder_i/mux_mult_sel_subword_o_612_15/in_3 	 (fanout : 1)
hpin:lp_riscv_top/lp_riscv/i_riscv_core/id_stage_i/decoder_i/mux_mult_sel_subword_o_186_18/in_1 	 (fanout : 1)
hpin:lp_riscv_top/lp_riscv/i_riscv_core/id_stage_i/decoder_i/mux_cmbsop_mult_imm_mux_o_612_15/in_0[5] 	 (fanout : 1)
hpin:lp_riscv_top/lp_riscv/i_riscv_core/id_stage_i/decoder_i/mux_cmbsop_mult_imm_mux_o_612_15/in_0[4] 	 (fanout : 1)
hpin:lp_riscv_top/lp_riscv/i_riscv_core/id_stage_i/decoder_i/mux_cmbsop_mult_imm_mux_o_612_15/in_0[3] 	 (fanout : 1)
hpin:lp_riscv_top/lp_riscv/i_riscv_core/id_stage_i/decoder_i/mux_cmbsop_mult_imm_mux_o_612_15/in_0[2] 	 (fanout : 1)
hpin:lp_riscv_top/lp_riscv/i_riscv_core/id_stage_i/decoder_i/mux_cmbsop_mult_imm_mux_o_612_15/in_0[1] 	 (fanout : 1)
hpin:lp_riscv_top/lp_riscv/i_riscv_core/id_stage_i/decoder_i/mux_cmbsop_mult_imm_mux_o_612_15/in_0[0] 	 (fanout : 1)
hpin:lp_riscv_top/lp_riscv/i_riscv_core/id_stage_i/decoder_i/mux_cmbsop_mult_imm_mux_o_612_15/in_1[5] 	 (fanout : 1)
hpin:lp_riscv_top/lp_riscv/i_riscv_core/id_stage_i/decoder_i/mux_cmbsop_mult_imm_mux_o_612_15/in_1[4] 	 (fanout : 1)
hpin:lp_riscv_top/lp_riscv/i_riscv_core/id_stage_i/decoder_i/mux_cmbsop_mult_imm_mux_o_612_15/in_1[3] 	 (fanout : 1)
hpin:lp_riscv_top/lp_riscv/i_riscv_core/id_stage_i/decoder_i/mux_cmbsop_mult_imm_mux_o_612_15/in_1[2] 	 (fanout : 1)
hpin:lp_riscv_top/lp_riscv/i_riscv_core/id_stage_i/decoder_i/mux_cmbsop_mult_imm_mux_o_612_15/in_1[1] 	 (fanout : 1)
hpin:lp_riscv_top/lp_riscv/i_riscv_core/id_stage_i/decoder_i/mux_cmbsop_mult_imm_mux_o_612_15/in_1[0] 	 (fanout : 1)
hpin:lp_riscv_top/lp_riscv/i_riscv_core/id_stage_i/decoder_i/mux_cmbsop_mult_imm_mux_o_612_15/in_2[5] 	 (fanout : 1)
hpin:lp_riscv_top/lp_riscv/i_riscv_core/id_stage_i/decoder_i/mux_cmbsop_mult_imm_mux_o_612_15/in_2[4] 	 (fanout : 1)
hpin:lp_riscv_top/lp_riscv/i_riscv_core/id_stage_i/decoder_i/mux_cmbsop_mult_imm_mux_o_612_15/in_2[3] 	 (fanout : 1)
hpin:lp_riscv_top/lp_riscv/i_riscv_core/id_stage_i/decoder_i/mux_cmbsop_mult_imm_mux_o_612_15/in_2[2] 	 (fanout : 1)
hpin:lp_riscv_top/lp_riscv/i_riscv_core/id_stage_i/decoder_i/mux_cmbsop_mult_imm_mux_o_612_15/in_2[1] 	 (fanout : 1)
hpin:lp_riscv_top/lp_riscv/i_riscv_core/id_stage_i/decoder_i/mux_cmbsop_mult_imm_mux_o_612_15/in_2[0] 	 (fanout : 1)
hpin:lp_riscv_top/lp_riscv/i_riscv_core/id_stage_i/decoder_i/mux_cmbsop_mult_imm_mux_o_612_15/in_3[5] 	 (fanout : 1)
hpin:lp_riscv_top/lp_riscv/i_riscv_core/id_stage_i/decoder_i/mux_cmbsop_mult_imm_mux_o_612_15/in_3[4] 	 (fanout : 1)
hpin:lp_riscv_top/lp_riscv/i_riscv_core/id_stage_i/decoder_i/mux_cmbsop_mult_imm_mux_o_612_15/in_3[3] 	 (fanout : 1)
hpin:lp_riscv_top/lp_riscv/i_riscv_core/id_stage_i/decoder_i/mux_cmbsop_mult_imm_mux_o_612_15/in_3[2] 	 (fanout : 1)
hpin:lp_riscv_top/lp_riscv/i_riscv_core/id_stage_i/decoder_i/mux_cmbsop_mult_imm_mux_o_612_15/in_3[1] 	 (fanout : 1)
hpin:lp_riscv_top/lp_riscv/i_riscv_core/id_stage_i/decoder_i/mux_cmbsop_mult_imm_mux_o_612_15/in_3[0] 	 (fanout : 1)
hpin:lp_riscv_top/lp_riscv/i_riscv_core/id_stage_i/decoder_i/mux_mult_imm_mux_o_186_18/in_1 	 (fanout : 1)
hpin:lp_riscv_top/lp_riscv/i_riscv_core/id_stage_i/decoder_i/mux_mult_dot_en_o_186_18/in_1 	 (fanout : 1)
hpin:lp_riscv_top/lp_riscv/i_riscv_core/id_stage_i/decoder_i/mux_mult_int_en_o_438_13/in_1 	 (fanout : 1)
hpin:lp_riscv_top/lp_riscv/i_riscv_core/id_stage_i/decoder_i/mux_mult_int_en_o_186_18/in_2 	 (fanout : 1)
hpin:lp_riscv_top/lp_riscv/i_riscv_core/id_stage_i/decoder_i/mux_mult_operator_o_438_13/in_1[2] 	 (fanout : 1)
hpin:lp_riscv_top/lp_riscv/i_riscv_core/id_stage_i/decoder_i/mux_mult_operator_o_438_13/in_1[1] 	 (fanout : 1)
hpin:lp_riscv_top/lp_riscv/i_riscv_core/id_stage_i/decoder_i/mux_mult_operator_o_438_13/in_1[0] 	 (fanout : 1)
hpin:lp_riscv_top/lp_riscv/i_riscv_core/id_stage_i/decoder_i/mux_mult_operator_o_621_17/in_0 	 (fanout : 1)
hpin:lp_riscv_top/lp_riscv/i_riscv_core/id_stage_i/decoder_i/mux_mult_operator_o_621_17/in_1 	 (fanout : 1)
hpin:lp_riscv_top/lp_riscv/i_riscv_core/id_stage_i/decoder_i/mux_mult_operator_o_636_17/in_0 	 (fanout : 1)
hpin:lp_riscv_top/lp_riscv/i_riscv_core/id_stage_i/decoder_i/mux_mult_operator_o_636_17/in_1 	 (fanout : 1)
hpin:lp_riscv_top/lp_riscv/i_riscv_core/id_stage_i/decoder_i/mux_mult_operator_o_612_15/in_2 	 (fanout : 1)
hpin:lp_riscv_top/lp_riscv/i_riscv_core/id_stage_i/decoder_i/mux_mult_operator_o_612_15/in_3 	 (fanout : 1)
hpin:lp_riscv_top/lp_riscv/i_riscv_core/id_stage_i/decoder_i/mux_mult_operator_o_683_13/in_0 	 (fanout : 1)
hpin:lp_riscv_top/lp_riscv/i_riscv_core/id_stage_i/decoder_i/mux_mult_operator_o_683_13/in_1 	 (fanout : 1)
hpin:lp_riscv_top/lp_riscv/i_riscv_core/id_stage_i/decoder_i/mux_mult_operator_o_186_18/in_1[2] 	 (fanout : 1)
hpin:lp_riscv_top/lp_riscv/i_riscv_core/id_stage_i/decoder_i/mux_mult_operator_o_186_18/in_1[1] 	 (fanout : 1)
hpin:lp_riscv_top/lp_riscv/i_riscv_core/id_stage_i/decoder_i/mux_mult_operator_o_186_18/in_2[2] 	 (fanout : 1)
hpin:lp_riscv_top/lp_riscv/i_riscv_core/id_stage_i/decoder_i/mux_mult_operator_o_186_18/in_2[1] 	 (fanout : 1)
hpin:lp_riscv_top/lp_riscv/i_riscv_core/id_stage_i/decoder_i/mux_mult_operator_o_186_18/in_3[2] 	 (fanout : 1)
hpin:lp_riscv_top/lp_riscv/i_riscv_core/id_stage_i/decoder_i/mux_mult_operator_o_186_18/in_3[1] 	 (fanout : 1)
hpin:lp_riscv_top/lp_riscv/i_riscv_core/id_stage_i/decoder_i/mux_mult_operator_o_186_18/in_3[0] 	 (fanout : 1)
hpin:lp_riscv_top/lp_riscv/i_riscv_core/id_stage_i/decoder_i/mux_regc_mux_o_288_31/in_0 	 (fanout : 1)
hpin:lp_riscv_top/lp_riscv/i_riscv_core/id_stage_i/decoder_i/mux_regc_mux_o_288_31/in_1 	 (fanout : 1)
hpin:lp_riscv_top/lp_riscv/i_riscv_core/id_stage_i/decoder_i/mux_cmbsop_alu_operator_o_445_24/in_0[9] 	 (fanout : 1)
hpin:lp_riscv_top/lp_riscv/i_riscv_core/id_stage_i/decoder_i/mux_cmbsop_alu_operator_o_445_24/in_0[8] 	 (fanout : 1)
hpin:lp_riscv_top/lp_riscv/i_riscv_core/id_stage_i/decoder_i/mux_cmbsop_alu_operator_o_445_24/in_0[7] 	 (fanout : 1)
hpin:lp_riscv_top/lp_riscv/i_riscv_core/id_stage_i/decoder_i/mux_cmbsop_alu_operator_o_445_24/in_0[6] 	 (fanout : 1)
hpin:lp_riscv_top/lp_riscv/i_riscv_core/id_stage_i/decoder_i/mux_cmbsop_alu_operator_o_445_24/in_0[5] 	 (fanout : 1)
hpin:lp_riscv_top/lp_riscv/i_riscv_core/id_stage_i/decoder_i/mux_cmbsop_alu_operator_o_445_24/in_0[4] 	 (fanout : 1)
hpin:lp_riscv_top/lp_riscv/i_riscv_core/id_stage_i/decoder_i/mux_cmbsop_alu_operator_o_445_24/in_0[3] 	 (fanout : 1)
hpin:lp_riscv_top/lp_riscv/i_riscv_core/id_stage_i/decoder_i/mux_cmbsop_alu_operator_o_445_24/in_0[2] 	 (fanout : 1)
hpin:lp_riscv_top/lp_riscv/i_riscv_core/id_stage_i/decoder_i/mux_cmbsop_alu_operator_o_445_24/in_0[1] 	 (fanout : 1)
hpin:lp_riscv_top/lp_riscv/i_riscv_core/id_stage_i/decoder_i/mux_cmbsop_alu_operator_o_445_24/in_0[0] 	 (fanout : 1)
hpin:lp_riscv_top/lp_riscv/i_riscv_core/id_stage_i/decoder_i/mux_cmbsop_alu_operator_o_445_24/in_1[9] 	 (fanout : 1)
hpin:lp_riscv_top/lp_riscv/i_riscv_core/id_stage_i/decoder_i/mux_cmbsop_alu_operator_o_445_24/in_1[8] 	 (fanout : 1)
hpin:lp_riscv_top/lp_riscv/i_riscv_core/id_stage_i/decoder_i/mux_cmbsop_alu_operator_o_445_24/in_1[7] 	 (fanout : 1)
hpin:lp_riscv_top/lp_riscv/i_riscv_core/id_stage_i/decoder_i/mux_cmbsop_alu_operator_o_445_24/in_1[6] 	 (fanout : 1)
hpin:lp_riscv_top/lp_riscv/i_riscv_core/id_stage_i/decoder_i/mux_cmbsop_alu_operator_o_445_24/in_1[5] 	 (fanout : 1)
hpin:lp_riscv_top/lp_riscv/i_riscv_core/id_stage_i/decoder_i/mux_cmbsop_alu_operator_o_445_24/in_1[4] 	 (fanout : 1)
hpin:lp_riscv_top/lp_riscv/i_riscv_core/id_stage_i/decoder_i/mux_cmbsop_alu_operator_o_445_24/in_1[3] 	 (fanout : 1)
hpin:lp_riscv_top/lp_riscv/i_riscv_core/id_stage_i/decoder_i/mux_cmbsop_alu_operator_o_445_24/in_1[2] 	 (fanout : 1)
hpin:lp_riscv_top/lp_riscv/i_riscv_core/id_stage_i/decoder_i/mux_cmbsop_alu_operator_o_445_24/in_1[1] 	 (fanout : 1)
hpin:lp_riscv_top/lp_riscv/i_riscv_core/id_stage_i/decoder_i/mux_cmbsop_alu_operator_o_445_24/in_1[0] 	 (fanout : 1)
hpin:lp_riscv_top/lp_riscv/i_riscv_core/id_stage_i/decoder_i/mux_cmbsop_alu_operator_o_445_24/in_2[9] 	 (fanout : 1)
hpin:lp_riscv_top/lp_riscv/i_riscv_core/id_stage_i/decoder_i/mux_cmbsop_alu_operator_o_445_24/in_2[8] 	 (fanout : 1)
hpin:lp_riscv_top/lp_riscv/i_riscv_core/id_stage_i/decoder_i/mux_cmbsop_alu_operator_o_445_24/in_2[7] 	 (fanout : 1)
hpin:lp_riscv_top/lp_riscv/i_riscv_core/id_stage_i/decoder_i/mux_cmbsop_alu_operator_o_445_24/in_2[6] 	 (fanout : 1)
hpin:lp_riscv_top/lp_riscv/i_riscv_core/id_stage_i/decoder_i/mux_cmbsop_alu_operator_o_445_24/in_2[5] 	 (fanout : 1)
hpin:lp_riscv_top/lp_riscv/i_riscv_core/id_stage_i/decoder_i/mux_cmbsop_alu_operator_o_445_24/in_2[4] 	 (fanout : 1)
hpin:lp_riscv_top/lp_riscv/i_riscv_core/id_stage_i/decoder_i/mux_cmbsop_alu_operator_o_445_24/in_2[3] 	 (fanout : 1)
hpin:lp_riscv_top/lp_riscv/i_riscv_core/id_stage_i/decoder_i/mux_cmbsop_alu_operator_o_445_24/in_2[2] 	 (fanout : 1)
hpin:lp_riscv_top/lp_riscv/i_riscv_core/id_stage_i/decoder_i/mux_cmbsop_alu_operator_o_445_24/in_2[1] 	 (fanout : 1)
hpin:lp_riscv_top/lp_riscv/i_riscv_core/id_stage_i/decoder_i/mux_cmbsop_alu_operator_o_445_24/in_2[0] 	 (fanout : 1)
hpin:lp_riscv_top/lp_riscv/i_riscv_core/id_stage_i/decoder_i/mux_cmbsop_alu_operator_o_445_24/in_3[9] 	 (fanout : 1)
hpin:lp_riscv_top/lp_riscv/i_riscv_core/id_stage_i/decoder_i/mux_cmbsop_alu_operator_o_445_24/in_3[8] 	 (fanout : 1)
hpin:lp_riscv_top/lp_riscv/i_riscv_core/id_stage_i/decoder_i/mux_cmbsop_alu_operator_o_445_24/in_3[7] 	 (fanout : 1)
hpin:lp_riscv_top/lp_riscv/i_riscv_core/id_stage_i/decoder_i/mux_cmbsop_alu_operator_o_445_24/in_3[6] 	 (fanout : 1)
hpin:lp_riscv_top/lp_riscv/i_riscv_core/id_stage_i/decoder_i/mux_cmbsop_alu_operator_o_445_24/in_3[5] 	 (fanout : 1)
hpin:lp_riscv_top/lp_riscv/i_riscv_core/id_stage_i/decoder_i/mux_cmbsop_alu_operator_o_445_24/in_3[4] 	 (fanout : 1)
hpin:lp_riscv_top/lp_riscv/i_riscv_core/id_stage_i/decoder_i/mux_cmbsop_alu_operator_o_445_24/in_3[3] 	 (fanout : 1)
hpin:lp_riscv_top/lp_riscv/i_riscv_core/id_stage_i/decoder_i/mux_cmbsop_alu_operator_o_445_24/in_3[2] 	 (fanout : 1)
hpin:lp_riscv_top/lp_riscv/i_riscv_core/id_stage_i/decoder_i/mux_cmbsop_alu_operator_o_445_24/in_3[1] 	 (fanout : 1)
hpin:lp_riscv_top/lp_riscv/i_riscv_core/id_stage_i/decoder_i/mux_cmbsop_alu_operator_o_445_24/in_3[0] 	 (fanout : 1)
hpin:lp_riscv_top/lp_riscv/i_riscv_core/id_stage_i/decoder_i/mux_cmbsop_alu_operator_o_445_24/in_4[9] 	 (fanout : 1)
hpin:lp_riscv_top/lp_riscv/i_riscv_core/id_stage_i/decoder_i/mux_cmbsop_alu_operator_o_445_24/in_4[8] 	 (fanout : 1)
hpin:lp_riscv_top/lp_riscv/i_riscv_core/id_stage_i/decoder_i/mux_cmbsop_alu_operator_o_445_24/in_4[7] 	 (fanout : 1)
hpin:lp_riscv_top/lp_riscv/i_riscv_core/id_stage_i/decoder_i/mux_cmbsop_alu_operator_o_445_24/in_4[6] 	 (fanout : 1)
hpin:lp_riscv_top/lp_riscv/i_riscv_core/id_stage_i/decoder_i/mux_cmbsop_alu_operator_o_445_24/in_4[5] 	 (fanout : 1)
hpin:lp_riscv_top/lp_riscv/i_riscv_core/id_stage_i/decoder_i/mux_cmbsop_alu_operator_o_445_24/in_4[4] 	 (fanout : 1)
hpin:lp_riscv_top/lp_riscv/i_riscv_core/id_stage_i/decoder_i/mux_cmbsop_alu_operator_o_445_24/in_4[3] 	 (fanout : 1)
hpin:lp_riscv_top/lp_riscv/i_riscv_core/id_stage_i/decoder_i/mux_cmbsop_alu_operator_o_445_24/in_4[2] 	 (fanout : 1)
hpin:lp_riscv_top/lp_riscv/i_riscv_core/id_stage_i/decoder_i/mux_cmbsop_alu_operator_o_445_24/in_4[1] 	 (fanout : 1)
hpin:lp_riscv_top/lp_riscv/i_riscv_core/id_stage_i/decoder_i/mux_cmbsop_alu_operator_o_445_24/in_4[0] 	 (fanout : 1)
hpin:lp_riscv_top/lp_riscv/i_riscv_core/id_stage_i/decoder_i/mux_cmbsop_alu_operator_o_445_24/in_5[9] 	 (fanout : 1)
hpin:lp_riscv_top/lp_riscv/i_riscv_core/id_stage_i/decoder_i/mux_cmbsop_alu_operator_o_445_24/in_5[8] 	 (fanout : 1)
hpin:lp_riscv_top/lp_riscv/i_riscv_core/id_stage_i/decoder_i/mux_cmbsop_alu_operator_o_445_24/in_5[7] 	 (fanout : 1)
hpin:lp_riscv_top/lp_riscv/i_riscv_core/id_stage_i/decoder_i/mux_cmbsop_alu_operator_o_445_24/in_5[6] 	 (fanout : 1)
hpin:lp_riscv_top/lp_riscv/i_riscv_core/id_stage_i/decoder_i/mux_cmbsop_alu_operator_o_445_24/in_5[5] 	 (fanout : 1)
hpin:lp_riscv_top/lp_riscv/i_riscv_core/id_stage_i/decoder_i/mux_cmbsop_alu_operator_o_445_24/in_5[4] 	 (fanout : 1)
hpin:lp_riscv_top/lp_riscv/i_riscv_core/id_stage_i/decoder_i/mux_cmbsop_alu_operator_o_445_24/in_5[3] 	 (fanout : 1)
hpin:lp_riscv_top/lp_riscv/i_riscv_core/id_stage_i/decoder_i/mux_cmbsop_alu_operator_o_445_24/in_5[2] 	 (fanout : 1)
hpin:lp_riscv_top/lp_riscv/i_riscv_core/id_stage_i/decoder_i/mux_cmbsop_alu_operator_o_445_24/in_5[1] 	 (fanout : 1)
hpin:lp_riscv_top/lp_riscv/i_riscv_core/id_stage_i/decoder_i/mux_cmbsop_alu_operator_o_445_24/in_5[0] 	 (fanout : 1)
hpin:lp_riscv_top/lp_riscv/i_riscv_core/id_stage_i/decoder_i/mux_regc_mux_o_438_13/in_1[0] 	 (fanout : 1)
hpin:lp_riscv_top/lp_riscv/i_riscv_core/id_stage_i/decoder_i/mux_regc_mux_o_186_18/in_0[0] 	 (fanout : 1)
hpin:lp_riscv_top/lp_riscv/i_riscv_core/id_stage_i/decoder_i/mux_regc_mux_o_186_18/in_2[0] 	 (fanout : 1)
hpin:lp_riscv_top/lp_riscv/i_riscv_core/id_stage_i/decoder_i/mux_regc_mux_o_186_18/in_3[0] 	 (fanout : 1)
hpin:lp_riscv_top/lp_riscv/i_riscv_core/id_stage_i/decoder_i/mux_regc_mux_o_186_18/in_4[1] 	 (fanout : 1)
hpin:lp_riscv_top/lp_riscv/i_riscv_core/id_stage_i/decoder_i/mux_regc_mux_o_186_18/in_4[0] 	 (fanout : 1)
hpin:lp_riscv_top/lp_riscv/i_riscv_core/id_stage_i/decoder_i/mux_cmbsop_alu_operator_o_235_22/in_0[8] 	 (fanout : 1)
hpin:lp_riscv_top/lp_riscv/i_riscv_core/id_stage_i/decoder_i/mux_cmbsop_alu_operator_o_235_22/in_0[7] 	 (fanout : 1)
hpin:lp_riscv_top/lp_riscv/i_riscv_core/id_stage_i/decoder_i/mux_cmbsop_alu_operator_o_235_22/in_0[6] 	 (fanout : 1)
hpin:lp_riscv_top/lp_riscv/i_riscv_core/id_stage_i/decoder_i/mux_cmbsop_alu_operator_o_235_22/in_0[5] 	 (fanout : 1)
hpin:lp_riscv_top/lp_riscv/i_riscv_core/id_stage_i/decoder_i/mux_cmbsop_alu_operator_o_235_22/in_0[4] 	 (fanout : 1)
hpin:lp_riscv_top/lp_riscv/i_riscv_core/id_stage_i/decoder_i/mux_cmbsop_alu_operator_o_235_22/in_0[3] 	 (fanout : 1)
hpin:lp_riscv_top/lp_riscv/i_riscv_core/id_stage_i/decoder_i/mux_cmbsop_alu_operator_o_235_22/in_0[2] 	 (fanout : 1)
hpin:lp_riscv_top/lp_riscv/i_riscv_core/id_stage_i/decoder_i/mux_cmbsop_alu_operator_o_235_22/in_0[1] 	 (fanout : 1)
hpin:lp_riscv_top/lp_riscv/i_riscv_core/id_stage_i/decoder_i/mux_cmbsop_alu_operator_o_235_22/in_0[0] 	 (fanout : 1)
hpin:lp_riscv_top/lp_riscv/i_riscv_core/id_stage_i/decoder_i/mux_cmbsop_alu_operator_o_235_22/in_1[8] 	 (fanout : 1)
hpin:lp_riscv_top/lp_riscv/i_riscv_core/id_stage_i/decoder_i/mux_cmbsop_alu_operator_o_235_22/in_1[7] 	 (fanout : 1)
hpin:lp_riscv_top/lp_riscv/i_riscv_core/id_stage_i/decoder_i/mux_cmbsop_alu_operator_o_235_22/in_1[6] 	 (fanout : 1)
hpin:lp_riscv_top/lp_riscv/i_riscv_core/id_stage_i/decoder_i/mux_cmbsop_alu_operator_o_235_22/in_1[5] 	 (fanout : 1)
hpin:lp_riscv_top/lp_riscv/i_riscv_core/id_stage_i/decoder_i/mux_cmbsop_alu_operator_o_235_22/in_1[4] 	 (fanout : 1)
hpin:lp_riscv_top/lp_riscv/i_riscv_core/id_stage_i/decoder_i/mux_cmbsop_alu_operator_o_235_22/in_1[3] 	 (fanout : 1)
hpin:lp_riscv_top/lp_riscv/i_riscv_core/id_stage_i/decoder_i/mux_cmbsop_alu_operator_o_235_22/in_1[2] 	 (fanout : 1)
hpin:lp_riscv_top/lp_riscv/i_riscv_core/id_stage_i/decoder_i/mux_cmbsop_alu_operator_o_235_22/in_1[1] 	 (fanout : 1)
hpin:lp_riscv_top/lp_riscv/i_riscv_core/id_stage_i/decoder_i/mux_cmbsop_alu_operator_o_235_22/in_1[0] 	 (fanout : 1)
hpin:lp_riscv_top/lp_riscv/i_riscv_core/id_stage_i/decoder_i/mux_cmbsop_alu_operator_o_235_22/in_2[8] 	 (fanout : 1)
hpin:lp_riscv_top/lp_riscv/i_riscv_core/id_stage_i/decoder_i/mux_cmbsop_alu_operator_o_235_22/in_2[7] 	 (fanout : 1)
hpin:lp_riscv_top/lp_riscv/i_riscv_core/id_stage_i/decoder_i/mux_cmbsop_alu_operator_o_235_22/in_2[6] 	 (fanout : 1)
hpin:lp_riscv_top/lp_riscv/i_riscv_core/id_stage_i/decoder_i/mux_cmbsop_alu_operator_o_235_22/in_2[5] 	 (fanout : 1)
hpin:lp_riscv_top/lp_riscv/i_riscv_core/id_stage_i/decoder_i/mux_cmbsop_alu_operator_o_235_22/in_2[4] 	 (fanout : 1)
hpin:lp_riscv_top/lp_riscv/i_riscv_core/id_stage_i/decoder_i/mux_cmbsop_alu_operator_o_235_22/in_2[3] 	 (fanout : 1)
hpin:lp_riscv_top/lp_riscv/i_riscv_core/id_stage_i/decoder_i/mux_cmbsop_alu_operator_o_235_22/in_2[2] 	 (fanout : 1)
hpin:lp_riscv_top/lp_riscv/i_riscv_core/id_stage_i/decoder_i/mux_cmbsop_alu_operator_o_235_22/in_2[1] 	 (fanout : 1)
hpin:lp_riscv_top/lp_riscv/i_riscv_core/id_stage_i/decoder_i/mux_cmbsop_alu_operator_o_235_22/in_2[0] 	 (fanout : 1)
hpin:lp_riscv_top/lp_riscv/i_riscv_core/id_stage_i/decoder_i/mux_cmbsop_alu_operator_o_235_22/in_3[8] 	 (fanout : 1)
hpin:lp_riscv_top/lp_riscv/i_riscv_core/id_stage_i/decoder_i/mux_cmbsop_alu_operator_o_235_22/in_3[7] 	 (fanout : 1)
hpin:lp_riscv_top/lp_riscv/i_riscv_core/id_stage_i/decoder_i/mux_cmbsop_alu_operator_o_235_22/in_3[6] 	 (fanout : 1)
hpin:lp_riscv_top/lp_riscv/i_riscv_core/id_stage_i/decoder_i/mux_cmbsop_alu_operator_o_235_22/in_3[5] 	 (fanout : 1)
hpin:lp_riscv_top/lp_riscv/i_riscv_core/id_stage_i/decoder_i/mux_cmbsop_alu_operator_o_235_22/in_3[4] 	 (fanout : 1)
hpin:lp_riscv_top/lp_riscv/i_riscv_core/id_stage_i/decoder_i/mux_cmbsop_alu_operator_o_235_22/in_3[3] 	 (fanout : 1)
hpin:lp_riscv_top/lp_riscv/i_riscv_core/id_stage_i/decoder_i/mux_cmbsop_alu_operator_o_235_22/in_3[2] 	 (fanout : 1)
hpin:lp_riscv_top/lp_riscv/i_riscv_core/id_stage_i/decoder_i/mux_cmbsop_alu_operator_o_235_22/in_3[1] 	 (fanout : 1)
hpin:lp_riscv_top/lp_riscv/i_riscv_core/id_stage_i/decoder_i/mux_cmbsop_alu_operator_o_235_22/in_3[0] 	 (fanout : 1)
hpin:lp_riscv_top/lp_riscv/i_riscv_core/id_stage_i/decoder_i/mux_cmbsop_alu_operator_o_235_22/in_4[8] 	 (fanout : 1)
hpin:lp_riscv_top/lp_riscv/i_riscv_core/id_stage_i/decoder_i/mux_cmbsop_alu_operator_o_235_22/in_4[7] 	 (fanout : 1)
hpin:lp_riscv_top/lp_riscv/i_riscv_core/id_stage_i/decoder_i/mux_cmbsop_alu_operator_o_235_22/in_4[6] 	 (fanout : 1)
hpin:lp_riscv_top/lp_riscv/i_riscv_core/id_stage_i/decoder_i/mux_cmbsop_alu_operator_o_235_22/in_4[5] 	 (fanout : 1)
hpin:lp_riscv_top/lp_riscv/i_riscv_core/id_stage_i/decoder_i/mux_cmbsop_alu_operator_o_235_22/in_4[4] 	 (fanout : 1)
hpin:lp_riscv_top/lp_riscv/i_riscv_core/id_stage_i/decoder_i/mux_cmbsop_alu_operator_o_235_22/in_4[3] 	 (fanout : 1)
hpin:lp_riscv_top/lp_riscv/i_riscv_core/id_stage_i/decoder_i/mux_cmbsop_alu_operator_o_235_22/in_4[2] 	 (fanout : 1)
hpin:lp_riscv_top/lp_riscv/i_riscv_core/id_stage_i/decoder_i/mux_cmbsop_alu_operator_o_235_22/in_4[1] 	 (fanout : 1)
hpin:lp_riscv_top/lp_riscv/i_riscv_core/id_stage_i/decoder_i/mux_cmbsop_alu_operator_o_235_22/in_4[0] 	 (fanout : 1)
hpin:lp_riscv_top/lp_riscv/i_riscv_core/id_stage_i/decoder_i/mux_cmbsop_alu_operator_o_235_22/in_5[8] 	 (fanout : 1)
hpin:lp_riscv_top/lp_riscv/i_riscv_core/id_stage_i/decoder_i/mux_cmbsop_alu_operator_o_235_22/in_5[7] 	 (fanout : 1)
hpin:lp_riscv_top/lp_riscv/i_riscv_core/id_stage_i/decoder_i/mux_cmbsop_alu_operator_o_235_22/in_5[6] 	 (fanout : 1)
hpin:lp_riscv_top/lp_riscv/i_riscv_core/id_stage_i/decoder_i/mux_cmbsop_alu_operator_o_235_22/in_5[5] 	 (fanout : 1)
hpin:lp_riscv_top/lp_riscv/i_riscv_core/id_stage_i/decoder_i/mux_cmbsop_alu_operator_o_235_22/in_5[4] 	 (fanout : 1)
hpin:lp_riscv_top/lp_riscv/i_riscv_core/id_stage_i/decoder_i/mux_cmbsop_alu_operator_o_235_22/in_5[3] 	 (fanout : 1)
hpin:lp_riscv_top/lp_riscv/i_riscv_core/id_stage_i/decoder_i/mux_cmbsop_alu_operator_o_235_22/in_5[2] 	 (fanout : 1)
hpin:lp_riscv_top/lp_riscv/i_riscv_core/id_stage_i/decoder_i/mux_cmbsop_alu_operator_o_235_22/in_5[1] 	 (fanout : 1)
hpin:lp_riscv_top/lp_riscv/i_riscv_core/id_stage_i/decoder_i/mux_cmbsop_alu_operator_o_235_22/in_5[0] 	 (fanout : 1)
hpin:lp_riscv_top/lp_riscv/i_riscv_core/id_stage_i/decoder_i/mux_cmbsop_alu_operator_o_235_22/in_6[8] 	 (fanout : 1)
hpin:lp_riscv_top/lp_riscv/i_riscv_core/id_stage_i/decoder_i/mux_cmbsop_alu_operator_o_235_22/in_6[7] 	 (fanout : 1)
hpin:lp_riscv_top/lp_riscv/i_riscv_core/id_stage_i/decoder_i/mux_cmbsop_alu_operator_o_235_22/in_6[6] 	 (fanout : 1)
hpin:lp_riscv_top/lp_riscv/i_riscv_core/id_stage_i/decoder_i/mux_cmbsop_alu_operator_o_235_22/in_6[5] 	 (fanout : 1)
hpin:lp_riscv_top/lp_riscv/i_riscv_core/id_stage_i/decoder_i/mux_cmbsop_alu_operator_o_235_22/in_6[4] 	 (fanout : 1)
hpin:lp_riscv_top/lp_riscv/i_riscv_core/id_stage_i/decoder_i/mux_cmbsop_alu_operator_o_235_22/in_6[3] 	 (fanout : 1)
hpin:lp_riscv_top/lp_riscv/i_riscv_core/id_stage_i/decoder_i/mux_cmbsop_alu_operator_o_235_22/in_6[2] 	 (fanout : 1)
hpin:lp_riscv_top/lp_riscv/i_riscv_core/id_stage_i/decoder_i/mux_cmbsop_alu_operator_o_235_22/in_6[1] 	 (fanout : 1)
hpin:lp_riscv_top/lp_riscv/i_riscv_core/id_stage_i/decoder_i/mux_cmbsop_alu_operator_o_235_22/in_6[0] 	 (fanout : 1)
hpin:lp_riscv_top/lp_riscv/i_riscv_core/id_stage_i/decoder_i/mux_cmbsop_alu_operator_o_235_22/in_7[8] 	 (fanout : 1)
hpin:lp_riscv_top/lp_riscv/i_riscv_core/id_stage_i/decoder_i/mux_cmbsop_alu_operator_o_235_22/in_7[7] 	 (fanout : 1)
hpin:lp_riscv_top/lp_riscv/i_riscv_core/id_stage_i/decoder_i/mux_cmbsop_alu_operator_o_235_22/in_7[6] 	 (fanout : 1)
hpin:lp_riscv_top/lp_riscv/i_riscv_core/id_stage_i/decoder_i/mux_cmbsop_alu_operator_o_235_22/in_7[5] 	 (fanout : 1)
hpin:lp_riscv_top/lp_riscv/i_riscv_core/id_stage_i/decoder_i/mux_cmbsop_alu_operator_o_235_22/in_7[4] 	 (fanout : 1)
hpin:lp_riscv_top/lp_riscv/i_riscv_core/id_stage_i/decoder_i/mux_cmbsop_alu_operator_o_235_22/in_7[3] 	 (fanout : 1)
hpin:lp_riscv_top/lp_riscv/i_riscv_core/id_stage_i/decoder_i/mux_cmbsop_alu_operator_o_235_22/in_7[2] 	 (fanout : 1)
hpin:lp_riscv_top/lp_riscv/i_riscv_core/id_stage_i/decoder_i/mux_cmbsop_alu_operator_o_235_22/in_7[1] 	 (fanout : 1)
hpin:lp_riscv_top/lp_riscv/i_riscv_core/id_stage_i/decoder_i/mux_cmbsop_alu_operator_o_235_22/in_7[0] 	 (fanout : 1)
hpin:lp_riscv_top/lp_riscv/i_riscv_core/id_stage_i/decoder_i/mux_imm_b_mux_sel_o_288_31/in_0 	 (fanout : 1)
hpin:lp_riscv_top/lp_riscv/i_riscv_core/id_stage_i/decoder_i/mux_imm_b_mux_sel_o_288_31/in_1 	 (fanout : 1)
hpin:lp_riscv_top/lp_riscv/i_riscv_core/id_stage_i/decoder_i/mux_imm_b_mux_sel_o_438_13/in_0[1] 	 (fanout : 1)
hpin:lp_riscv_top/lp_riscv/i_riscv_core/id_stage_i/decoder_i/mux_imm_b_mux_sel_o_438_13/in_1[2] 	 (fanout : 1)
hpin:lp_riscv_top/lp_riscv/i_riscv_core/id_stage_i/decoder_i/mux_imm_b_mux_sel_o_438_13/in_1[0] 	 (fanout : 1)
hpin:lp_riscv_top/lp_riscv/i_riscv_core/id_stage_i/decoder_i/mux_imm_b_mux_sel_o_186_18/in_0[3] 	 (fanout : 1)
hpin:lp_riscv_top/lp_riscv/i_riscv_core/id_stage_i/decoder_i/mux_imm_b_mux_sel_o_186_18/in_0[2] 	 (fanout : 1)
hpin:lp_riscv_top/lp_riscv/i_riscv_core/id_stage_i/decoder_i/mux_imm_b_mux_sel_o_186_18/in_0[1] 	 (fanout : 1)
hpin:lp_riscv_top/lp_riscv/i_riscv_core/id_stage_i/decoder_i/mux_imm_b_mux_sel_o_186_18/in_0[0] 	 (fanout : 1)
hpin:lp_riscv_top/lp_riscv/i_riscv_core/id_stage_i/decoder_i/mux_imm_b_mux_sel_o_186_18/in_1[3] 	 (fanout : 1)
hpin:lp_riscv_top/lp_riscv/i_riscv_core/id_stage_i/decoder_i/mux_imm_b_mux_sel_o_186_18/in_1[2] 	 (fanout : 1)
hpin:lp_riscv_top/lp_riscv/i_riscv_core/id_stage_i/decoder_i/mux_imm_b_mux_sel_o_186_18/in_1[1] 	 (fanout : 1)
hpin:lp_riscv_top/lp_riscv/i_riscv_core/id_stage_i/decoder_i/mux_imm_b_mux_sel_o_186_18/in_1[0] 	 (fanout : 1)
hpin:lp_riscv_top/lp_riscv/i_riscv_core/id_stage_i/decoder_i/mux_imm_b_mux_sel_o_186_18/in_2[2] 	 (fanout : 1)
hpin:lp_riscv_top/lp_riscv/i_riscv_core/id_stage_i/decoder_i/mux_imm_b_mux_sel_o_186_18/in_3[3] 	 (fanout : 1)
hpin:lp_riscv_top/lp_riscv/i_riscv_core/id_stage_i/decoder_i/mux_imm_b_mux_sel_o_186_18/in_3[2] 	 (fanout : 1)
hpin:lp_riscv_top/lp_riscv/i_riscv_core/id_stage_i/decoder_i/mux_imm_b_mux_sel_o_186_18/in_3[1] 	 (fanout : 1)
hpin:lp_riscv_top/lp_riscv/i_riscv_core/id_stage_i/decoder_i/mux_imm_b_mux_sel_o_186_18/in_4[3] 	 (fanout : 1)
hpin:lp_riscv_top/lp_riscv/i_riscv_core/id_stage_i/decoder_i/mux_imm_b_mux_sel_o_186_18/in_4[2] 	 (fanout : 1)
hpin:lp_riscv_top/lp_riscv/i_riscv_core/id_stage_i/decoder_i/mux_imm_b_mux_sel_o_186_18/in_4[1] 	 (fanout : 1)
hpin:lp_riscv_top/lp_riscv/i_riscv_core/id_stage_i/decoder_i/mux_imm_b_mux_sel_o_186_18/in_4[0] 	 (fanout : 1)
hpin:lp_riscv_top/lp_riscv/i_riscv_core/id_stage_i/decoder_i/mux_imm_b_mux_sel_o_186_18/in_5[3] 	 (fanout : 1)
hpin:lp_riscv_top/lp_riscv/i_riscv_core/id_stage_i/decoder_i/mux_imm_b_mux_sel_o_186_18/in_5[2] 	 (fanout : 1)
hpin:lp_riscv_top/lp_riscv/i_riscv_core/id_stage_i/decoder_i/mux_imm_b_mux_sel_o_186_18/in_5[1] 	 (fanout : 1)
hpin:lp_riscv_top/lp_riscv/i_riscv_core/id_stage_i/decoder_i/mux_imm_b_mux_sel_o_186_18/in_5[0] 	 (fanout : 1)
hpin:lp_riscv_top/lp_riscv/i_riscv_core/id_stage_i/decoder_i/mux_imm_b_mux_sel_o_186_18/in_6[3] 	 (fanout : 1)
hpin:lp_riscv_top/lp_riscv/i_riscv_core/id_stage_i/decoder_i/mux_imm_b_mux_sel_o_186_18/in_6[2] 	 (fanout : 1)
hpin:lp_riscv_top/lp_riscv/i_riscv_core/id_stage_i/decoder_i/mux_imm_b_mux_sel_o_186_18/in_6[1] 	 (fanout : 1)
hpin:lp_riscv_top/lp_riscv/i_riscv_core/id_stage_i/decoder_i/mux_imm_b_mux_sel_o_186_18/in_6[0] 	 (fanout : 1)
hpin:lp_riscv_top/lp_riscv/i_riscv_core/id_stage_i/decoder_i/mux_imm_b_mux_sel_o_186_18/in_7[3] 	 (fanout : 1)
hpin:lp_riscv_top/lp_riscv/i_riscv_core/id_stage_i/decoder_i/mux_imm_b_mux_sel_o_186_18/in_7[2] 	 (fanout : 1)
hpin:lp_riscv_top/lp_riscv/i_riscv_core/id_stage_i/decoder_i/mux_imm_b_mux_sel_o_186_18/in_7[1] 	 (fanout : 1)
hpin:lp_riscv_top/lp_riscv/i_riscv_core/id_stage_i/decoder_i/mux_imm_b_mux_sel_o_186_18/in_7[0] 	 (fanout : 1)
hpin:lp_riscv_top/lp_riscv/i_riscv_core/id_stage_i/decoder_i/mux_imm_b_mux_sel_o_186_18/in_8[1] 	 (fanout : 1)
hpin:lp_riscv_top/lp_riscv/i_riscv_core/id_stage_i/decoder_i/mux_imm_b_mux_sel_o_186_18/in_10[3] 	 (fanout : 1)
hpin:lp_riscv_top/lp_riscv/i_riscv_core/id_stage_i/decoder_i/mux_imm_b_mux_sel_o_186_18/in_10[2] 	 (fanout : 1)
hpin:lp_riscv_top/lp_riscv/i_riscv_core/id_stage_i/decoder_i/mux_imm_b_mux_sel_o_186_18/in_10[1] 	 (fanout : 1)
hpin:lp_riscv_top/lp_riscv/i_riscv_core/id_stage_i/decoder_i/mux_imm_b_mux_sel_o_186_18/in_10[0] 	 (fanout : 1)
hpin:lp_riscv_top/lp_riscv/i_riscv_core/id_stage_i/decoder_i/mux_imm_b_mux_sel_o_186_18/in_11[3] 	 (fanout : 1)
hpin:lp_riscv_top/lp_riscv/i_riscv_core/id_stage_i/decoder_i/mux_imm_b_mux_sel_o_186_18/in_11[2] 	 (fanout : 1)
hpin:lp_riscv_top/lp_riscv/i_riscv_core/id_stage_i/decoder_i/mux_imm_b_mux_sel_o_186_18/in_11[1] 	 (fanout : 1)
hpin:lp_riscv_top/lp_riscv/i_riscv_core/id_stage_i/decoder_i/mux_imm_b_mux_sel_o_186_18/in_11[0] 	 (fanout : 1)
hpin:lp_riscv_top/lp_riscv/i_riscv_core/id_stage_i/decoder_i/mux_imm_b_mux_sel_o_966_27/in_1[3] 	 (fanout : 1)
hpin:lp_riscv_top/lp_riscv/i_riscv_core/id_stage_i/decoder_i/mux_imm_b_mux_sel_o_966_27/in_1[2] 	 (fanout : 1)
hpin:lp_riscv_top/lp_riscv/i_riscv_core/id_stage_i/decoder_i/mux_imm_b_mux_sel_o_966_27/in_1[1] 	 (fanout : 1)
hpin:lp_riscv_top/lp_riscv/i_riscv_core/id_stage_i/decoder_i/mux_imm_b_mux_sel_o_966_27/in_1[0] 	 (fanout : 1)
hpin:lp_riscv_top/lp_riscv/i_riscv_core/id_stage_i/decoder_i/mux_imm_a_mux_sel_o_832_34/in_0 	 (fanout : 1)
hpin:lp_riscv_top/lp_riscv/i_riscv_core/id_stage_i/decoder_i/mux_imm_a_mux_sel_o_832_34/in_1 	 (fanout : 1)
hpin:lp_riscv_top/lp_riscv/i_riscv_core/id_stage_i/decoder_i/mux_imm_a_mux_sel_o_186_18/in_0 	 (fanout : 1)
hpin:lp_riscv_top/lp_riscv/i_riscv_core/id_stage_i/decoder_i/mux_imm_a_mux_sel_o_186_18/in_2 	 (fanout : 1)
hpin:lp_riscv_top/lp_riscv/i_riscv_core/id_stage_i/decoder_i/mux_scalar_replication_o_692_13/in_0 	 (fanout : 1)
hpin:lp_riscv_top/lp_riscv/i_riscv_core/id_stage_i/decoder_i/mux_scalar_replication_o_692_13/in_1 	 (fanout : 1)
hpin:lp_riscv_top/lp_riscv/i_riscv_core/id_stage_i/decoder_i/mux_scalar_replication_o_708_22/in_0 	 (fanout : 1)
hpin:lp_riscv_top/lp_riscv/i_riscv_core/id_stage_i/decoder_i/mux_scalar_replication_o_708_22/in_1 	 (fanout : 1)
hpin:lp_riscv_top/lp_riscv/i_riscv_core/id_stage_i/decoder_i/mux_scalar_replication_o_186_18/in_1 	 (fanout : 1)
hpin:lp_riscv_top/lp_riscv/i_riscv_core/id_stage_i/decoder_i/mux_scalar_replication_o_966_27/in_1 	 (fanout : 1)
hpin:lp_riscv_top/lp_riscv/i_riscv_core/id_stage_i/decoder_i/mux_alu_vec_mode_o_438_13/in_1[1] 	 (fanout : 1)
hpin:lp_riscv_top/lp_riscv/i_riscv_core/id_stage_i/decoder_i/mux_alu_vec_mode_o_438_13/in_1[0] 	 (fanout : 1)
hpin:lp_riscv_top/lp_riscv/i_riscv_core/id_stage_i/decoder_i/mux_alu_vec_mode_o_683_13/in_0 	 (fanout : 1)
hpin:lp_riscv_top/lp_riscv/i_riscv_core/id_stage_i/decoder_i/mux_alu_vec_mode_o_683_13/in_1 	 (fanout : 1)
hpin:lp_riscv_top/lp_riscv/i_riscv_core/id_stage_i/decoder_i/mux_alu_vec_mode_o_186_18/in_1[1] 	 (fanout : 1)
hpin:lp_riscv_top/lp_riscv/i_riscv_core/id_stage_i/decoder_i/mux_alu_vec_mode_o_186_18/in_2[1] 	 (fanout : 1)
hpin:lp_riscv_top/lp_riscv/i_riscv_core/id_stage_i/decoder_i/mux_alu_vec_mode_o_186_18/in_2[0] 	 (fanout : 1)
hpin:lp_riscv_top/lp_riscv/i_riscv_core/id_stage_i/decoder_i/mux_alu_op_c_mux_sel_o_984_18/in_1[1] 	 (fanout : 1)
hpin:lp_riscv_top/lp_riscv/i_riscv_core/id_stage_i/decoder_i/mux_alu_op_c_mux_sel_o_984_18/in_1[0] 	 (fanout : 1)
hpin:lp_riscv_top/lp_riscv/i_riscv_core/id_stage_i/decoder_i/mux_alu_op_b_mux_sel_o_288_31/in_0[1] 	 (fanout : 1)
hpin:lp_riscv_top/lp_riscv/i_riscv_core/id_stage_i/decoder_i/mux_alu_op_b_mux_sel_o_288_31/in_0[0] 	 (fanout : 1)
hpin:lp_riscv_top/lp_riscv/i_riscv_core/id_stage_i/decoder_i/mux_alu_op_b_mux_sel_o_288_31/in_1[1] 	 (fanout : 1)
hpin:lp_riscv_top/lp_riscv/i_riscv_core/id_stage_i/decoder_i/mux_alu_op_b_mux_sel_o_288_31/in_1[0] 	 (fanout : 1)
hpin:lp_riscv_top/lp_riscv/i_riscv_core/id_stage_i/decoder_i/mux_alu_op_b_mux_sel_o_343_34/in_0 	 (fanout : 1)
hpin:lp_riscv_top/lp_riscv/i_riscv_core/id_stage_i/decoder_i/mux_alu_op_b_mux_sel_o_343_34/in_1 	 (fanout : 1)
hpin:lp_riscv_top/lp_riscv/i_riscv_core/id_stage_i/decoder_i/mux_alu_op_b_mux_sel_o_438_13/in_1[1] 	 (fanout : 1)
hpin:lp_riscv_top/lp_riscv/i_riscv_core/id_stage_i/decoder_i/mux_alu_op_b_mux_sel_o_438_13/in_1[0] 	 (fanout : 1)
hpin:lp_riscv_top/lp_riscv/i_riscv_core/id_stage_i/decoder_i/mux_alu_op_b_mux_sel_o_695_15/in_0 	 (fanout : 1)
hpin:lp_riscv_top/lp_riscv/i_riscv_core/id_stage_i/decoder_i/mux_alu_op_b_mux_sel_o_695_15/in_1 	 (fanout : 1)
hpin:lp_riscv_top/lp_riscv/i_riscv_core/id_stage_i/decoder_i/mux_alu_op_b_mux_sel_o_692_13/in_0 	 (fanout : 1)
hpin:lp_riscv_top/lp_riscv/i_riscv_core/id_stage_i/decoder_i/mux_alu_op_b_mux_sel_o_708_22/in_0[1] 	 (fanout : 1)
hpin:lp_riscv_top/lp_riscv/i_riscv_core/id_stage_i/decoder_i/mux_alu_op_b_mux_sel_o_708_22/in_0[0] 	 (fanout : 1)
hpin:lp_riscv_top/lp_riscv/i_riscv_core/id_stage_i/decoder_i/mux_alu_op_b_mux_sel_o_708_22/in_1[0] 	 (fanout : 1)
hpin:lp_riscv_top/lp_riscv/i_riscv_core/id_stage_i/decoder_i/mux_alu_op_b_mux_sel_o_832_34/in_0 	 (fanout : 1)
hpin:lp_riscv_top/lp_riscv/i_riscv_core/id_stage_i/decoder_i/mux_alu_op_b_mux_sel_o_832_34/in_1 	 (fanout : 1)
hpin:lp_riscv_top/lp_riscv/i_riscv_core/id_stage_i/decoder_i/mux_alu_op_b_mux_sel_o_186_18/in_0[1] 	 (fanout : 1)
hpin:lp_riscv_top/lp_riscv/i_riscv_core/id_stage_i/decoder_i/mux_alu_op_b_mux_sel_o_186_18/in_0[0] 	 (fanout : 1)
hpin:lp_riscv_top/lp_riscv/i_riscv_core/id_stage_i/decoder_i/mux_alu_op_b_mux_sel_o_186_18/in_1[1] 	 (fanout : 1)
hpin:lp_riscv_top/lp_riscv/i_riscv_core/id_stage_i/decoder_i/mux_alu_op_b_mux_sel_o_186_18/in_1[0] 	 (fanout : 1)
hpin:lp_riscv_top/lp_riscv/i_riscv_core/id_stage_i/decoder_i/mux_alu_op_b_mux_sel_o_186_18/in_2[0] 	 (fanout : 1)
hpin:lp_riscv_top/lp_riscv/i_riscv_core/id_stage_i/decoder_i/mux_alu_op_b_mux_sel_o_186_18/in_4[0] 	 (fanout : 1)
hpin:lp_riscv_top/lp_riscv/i_riscv_core/id_stage_i/decoder_i/mux_alu_op_b_mux_sel_o_186_18/in_5[1] 	 (fanout : 1)
hpin:lp_riscv_top/lp_riscv/i_riscv_core/id_stage_i/decoder_i/mux_alu_op_b_mux_sel_o_186_18/in_5[0] 	 (fanout : 1)
hpin:lp_riscv_top/lp_riscv/i_riscv_core/id_stage_i/decoder_i/mux_alu_op_b_mux_sel_o_186_18/in_6[1] 	 (fanout : 1)
hpin:lp_riscv_top/lp_riscv/i_riscv_core/id_stage_i/decoder_i/mux_alu_op_b_mux_sel_o_186_18/in_6[0] 	 (fanout : 1)
hpin:lp_riscv_top/lp_riscv/i_riscv_core/id_stage_i/decoder_i/mux_alu_op_b_mux_sel_o_186_18/in_7[1] 	 (fanout : 1)
hpin:lp_riscv_top/lp_riscv/i_riscv_core/id_stage_i/decoder_i/mux_alu_op_b_mux_sel_o_186_18/in_7[0] 	 (fanout : 1)
hpin:lp_riscv_top/lp_riscv/i_riscv_core/id_stage_i/decoder_i/mux_alu_op_b_mux_sel_o_186_18/in_10[0] 	 (fanout : 1)
hpin:lp_riscv_top/lp_riscv/i_riscv_core/id_stage_i/decoder_i/mux_alu_op_b_mux_sel_o_186_18/in_11[1] 	 (fanout : 1)
hpin:lp_riscv_top/lp_riscv/i_riscv_core/id_stage_i/decoder_i/mux_alu_op_b_mux_sel_o_186_18/in_11[0] 	 (fanout : 1)
hpin:lp_riscv_top/lp_riscv/i_riscv_core/id_stage_i/decoder_i/mux_alu_op_b_mux_sel_o_966_27/in_1[1] 	 (fanout : 1)
hpin:lp_riscv_top/lp_riscv/i_riscv_core/id_stage_i/decoder_i/mux_alu_op_b_mux_sel_o_966_27/in_1[0] 	 (fanout : 1)
hpin:lp_riscv_top/lp_riscv/i_riscv_core/id_stage_i/decoder_i/mux_alu_op_a_mux_sel_o_438_13/in_1[1] 	 (fanout : 1)
hpin:lp_riscv_top/lp_riscv/i_riscv_core/id_stage_i/decoder_i/mux_alu_op_a_mux_sel_o_438_13/in_1[0] 	 (fanout : 1)
hpin:lp_riscv_top/lp_riscv/i_riscv_core/id_stage_i/decoder_i/mux_alu_op_a_mux_sel_o_832_34/in_0 	 (fanout : 1)
hpin:lp_riscv_top/lp_riscv/i_riscv_core/id_stage_i/decoder_i/mux_alu_op_a_mux_sel_o_832_34/in_1 	 (fanout : 1)
hpin:lp_riscv_top/lp_riscv/i_riscv_core/id_stage_i/decoder_i/mux_alu_op_a_mux_sel_o_832_34/in_2 	 (fanout : 1)
hpin:lp_riscv_top/lp_riscv/i_riscv_core/id_stage_i/decoder_i/mux_alu_op_a_mux_sel_o_186_18/in_0[1] 	 (fanout : 1)
hpin:lp_riscv_top/lp_riscv/i_riscv_core/id_stage_i/decoder_i/mux_alu_op_a_mux_sel_o_186_18/in_0[0] 	 (fanout : 1)
hpin:lp_riscv_top/lp_riscv/i_riscv_core/id_stage_i/decoder_i/mux_alu_op_a_mux_sel_o_186_18/in_1[1] 	 (fanout : 1)
hpin:lp_riscv_top/lp_riscv/i_riscv_core/id_stage_i/decoder_i/mux_alu_op_a_mux_sel_o_186_18/in_1[0] 	 (fanout : 1)
hpin:lp_riscv_top/lp_riscv/i_riscv_core/id_stage_i/decoder_i/mux_alu_op_a_mux_sel_o_186_18/in_2[1] 	 (fanout : 1)
hpin:lp_riscv_top/lp_riscv/i_riscv_core/id_stage_i/decoder_i/mux_alu_op_a_mux_sel_o_186_18/in_2[0] 	 (fanout : 1)
hpin:lp_riscv_top/lp_riscv/i_riscv_core/id_stage_i/decoder_i/mux_alu_op_a_mux_sel_o_186_18/in_3[1] 	 (fanout : 1)
hpin:lp_riscv_top/lp_riscv/i_riscv_core/id_stage_i/decoder_i/mux_alu_op_a_mux_sel_o_186_18/in_3[0] 	 (fanout : 1)
hpin:lp_riscv_top/lp_riscv/i_riscv_core/id_stage_i/decoder_i/mux_alu_op_a_mux_sel_o_186_18/in_5[0] 	 (fanout : 1)
hpin:lp_riscv_top/lp_riscv/i_riscv_core/id_stage_i/decoder_i/mux_alu_op_a_mux_sel_o_186_18/in_6[1] 	 (fanout : 1)
hpin:lp_riscv_top/lp_riscv/i_riscv_core/id_stage_i/decoder_i/mux_alu_op_a_mux_sel_o_186_18/in_6[0] 	 (fanout : 1)
hpin:lp_riscv_top/lp_riscv/i_riscv_core/id_stage_i/decoder_i/mux_alu_op_a_mux_sel_o_966_27/in_1[1] 	 (fanout : 1)
hpin:lp_riscv_top/lp_riscv/i_riscv_core/id_stage_i/decoder_i/mux_alu_op_a_mux_sel_o_966_27/in_1[0] 	 (fanout : 1)
hpin:lp_riscv_top/lp_riscv/i_riscv_core/id_stage_i/decoder_i/mux_cmbsop_alu_operator_o_422_17/in_0[4] 	 (fanout : 1)
hpin:lp_riscv_top/lp_riscv/i_riscv_core/id_stage_i/decoder_i/mux_cmbsop_alu_operator_o_422_17/in_0[3] 	 (fanout : 1)
hpin:lp_riscv_top/lp_riscv/i_riscv_core/id_stage_i/decoder_i/mux_cmbsop_alu_operator_o_422_17/in_0[2] 	 (fanout : 1)
hpin:lp_riscv_top/lp_riscv/i_riscv_core/id_stage_i/decoder_i/mux_cmbsop_alu_operator_o_422_17/in_0[1] 	 (fanout : 1)
hpin:lp_riscv_top/lp_riscv/i_riscv_core/id_stage_i/decoder_i/mux_cmbsop_alu_operator_o_422_17/in_0[0] 	 (fanout : 1)
hpin:lp_riscv_top/lp_riscv/i_riscv_core/id_stage_i/decoder_i/mux_cmbsop_alu_operator_o_422_17/in_1[4] 	 (fanout : 1)
hpin:lp_riscv_top/lp_riscv/i_riscv_core/id_stage_i/decoder_i/mux_cmbsop_alu_operator_o_422_17/in_1[3] 	 (fanout : 1)
hpin:lp_riscv_top/lp_riscv/i_riscv_core/id_stage_i/decoder_i/mux_cmbsop_alu_operator_o_422_17/in_1[2] 	 (fanout : 1)
hpin:lp_riscv_top/lp_riscv/i_riscv_core/id_stage_i/decoder_i/mux_cmbsop_alu_operator_o_422_17/in_1[1] 	 (fanout : 1)
hpin:lp_riscv_top/lp_riscv/i_riscv_core/id_stage_i/decoder_i/mux_cmbsop_alu_operator_o_422_17/in_1[0] 	 (fanout : 1)
hpin:lp_riscv_top/lp_riscv/i_riscv_core/id_stage_i/decoder_i/mux_cmbsop_alu_operator_o_422_17/in_2[4] 	 (fanout : 1)
hpin:lp_riscv_top/lp_riscv/i_riscv_core/id_stage_i/decoder_i/mux_cmbsop_alu_operator_o_422_17/in_2[3] 	 (fanout : 1)
hpin:lp_riscv_top/lp_riscv/i_riscv_core/id_stage_i/decoder_i/mux_cmbsop_alu_operator_o_422_17/in_2[2] 	 (fanout : 1)
hpin:lp_riscv_top/lp_riscv/i_riscv_core/id_stage_i/decoder_i/mux_cmbsop_alu_operator_o_422_17/in_2[1] 	 (fanout : 1)
hpin:lp_riscv_top/lp_riscv/i_riscv_core/id_stage_i/decoder_i/mux_cmbsop_alu_operator_o_422_17/in_2[0] 	 (fanout : 1)
hpin:lp_riscv_top/lp_riscv/i_riscv_core/id_stage_i/decoder_i/mux_alu_operator_o_407_22/in_0[1] 	 (fanout : 1)
hpin:lp_riscv_top/lp_riscv/i_riscv_core/id_stage_i/decoder_i/mux_alu_operator_o_407_22/in_0[0] 	 (fanout : 1)
hpin:lp_riscv_top/lp_riscv/i_riscv_core/id_stage_i/decoder_i/mux_alu_operator_o_407_22/in_1[1] 	 (fanout : 1)
hpin:lp_riscv_top/lp_riscv/i_riscv_core/id_stage_i/decoder_i/mux_alu_operator_o_407_22/in_1[0] 	 (fanout : 1)
hpin:lp_riscv_top/lp_riscv/i_riscv_core/id_stage_i/decoder_i/mux_alu_operator_o_407_22/in_2[1] 	 (fanout : 1)
hpin:lp_riscv_top/lp_riscv/i_riscv_core/id_stage_i/decoder_i/mux_alu_operator_o_407_22/in_2[0] 	 (fanout : 1)
hpin:lp_riscv_top/lp_riscv/i_riscv_core/id_stage_i/decoder_i/mux_alu_operator_o_407_22/in_3[1] 	 (fanout : 1)
hpin:lp_riscv_top/lp_riscv/i_riscv_core/id_stage_i/decoder_i/mux_alu_operator_o_407_22/in_3[0] 	 (fanout : 1)
hpin:lp_riscv_top/lp_riscv/i_riscv_core/id_stage_i/decoder_i/mux_alu_operator_o_407_22/in_4[1] 	 (fanout : 1)
hpin:lp_riscv_top/lp_riscv/i_riscv_core/id_stage_i/decoder_i/mux_alu_operator_o_407_22/in_4[0] 	 (fanout : 1)
hpin:lp_riscv_top/lp_riscv/i_riscv_core/id_stage_i/decoder_i/mux_alu_operator_o_407_22/in_5[1] 	 (fanout : 1)
hpin:lp_riscv_top/lp_riscv/i_riscv_core/id_stage_i/decoder_i/mux_alu_operator_o_407_22/in_5[0] 	 (fanout : 1)
hpin:lp_riscv_top/lp_riscv/i_riscv_core/id_stage_i/decoder_i/mux_alu_operator_o_407_22/in_6[1] 	 (fanout : 1)
hpin:lp_riscv_top/lp_riscv/i_riscv_core/id_stage_i/decoder_i/mux_alu_operator_o_407_22/in_6[0] 	 (fanout : 1)
hpin:lp_riscv_top/lp_riscv/i_riscv_core/id_stage_i/decoder_i/mux_alu_operator_o_407_22/in_7[1] 	 (fanout : 1)
hpin:lp_riscv_top/lp_riscv/i_riscv_core/id_stage_i/decoder_i/mux_alu_operator_o_407_22/in_7[0] 	 (fanout : 1)
hpin:lp_riscv_top/lp_riscv/i_riscv_core/id_stage_i/decoder_i/mux_alu_operator_o_407_66/in_0[3] 	 (fanout : 1)
hpin:lp_riscv_top/lp_riscv/i_riscv_core/id_stage_i/decoder_i/mux_alu_operator_o_407_66/in_0[2] 	 (fanout : 1)
hpin:lp_riscv_top/lp_riscv/i_riscv_core/id_stage_i/decoder_i/mux_alu_operator_o_407_66/in_0[1] 	 (fanout : 1)
hpin:lp_riscv_top/lp_riscv/i_riscv_core/id_stage_i/decoder_i/mux_alu_operator_o_407_66/in_0[0] 	 (fanout : 1)
hpin:lp_riscv_top/lp_riscv/i_riscv_core/id_stage_i/decoder_i/mux_alu_operator_o_407_66/in_1[3] 	 (fanout : 1)
hpin:lp_riscv_top/lp_riscv/i_riscv_core/id_stage_i/decoder_i/mux_alu_operator_o_407_66/in_1[2] 	 (fanout : 1)
hpin:lp_riscv_top/lp_riscv/i_riscv_core/id_stage_i/decoder_i/mux_alu_operator_o_407_66/in_1[1] 	 (fanout : 1)
hpin:lp_riscv_top/lp_riscv/i_riscv_core/id_stage_i/decoder_i/mux_alu_operator_o_407_66/in_1[0] 	 (fanout : 1)
hpin:lp_riscv_top/lp_riscv/i_riscv_core/id_stage_i/decoder_i/mux_alu_operator_o_407_66/in_2[3] 	 (fanout : 1)
hpin:lp_riscv_top/lp_riscv/i_riscv_core/id_stage_i/decoder_i/mux_alu_operator_o_407_66/in_2[2] 	 (fanout : 1)
hpin:lp_riscv_top/lp_riscv/i_riscv_core/id_stage_i/decoder_i/mux_alu_operator_o_407_66/in_2[1] 	 (fanout : 1)
hpin:lp_riscv_top/lp_riscv/i_riscv_core/id_stage_i/decoder_i/mux_alu_operator_o_407_66/in_2[0] 	 (fanout : 1)
hpin:lp_riscv_top/lp_riscv/i_riscv_core/id_stage_i/decoder_i/mux_alu_operator_o_407_66/in_3[3] 	 (fanout : 1)
hpin:lp_riscv_top/lp_riscv/i_riscv_core/id_stage_i/decoder_i/mux_alu_operator_o_407_66/in_3[2] 	 (fanout : 1)
hpin:lp_riscv_top/lp_riscv/i_riscv_core/id_stage_i/decoder_i/mux_alu_operator_o_407_66/in_3[1] 	 (fanout : 1)
hpin:lp_riscv_top/lp_riscv/i_riscv_core/id_stage_i/decoder_i/mux_alu_operator_o_407_66/in_3[0] 	 (fanout : 1)
hpin:lp_riscv_top/lp_riscv/i_riscv_core/id_stage_i/decoder_i/mux_alu_operator_o_407_66/in_4[3] 	 (fanout : 1)
hpin:lp_riscv_top/lp_riscv/i_riscv_core/id_stage_i/decoder_i/mux_alu_operator_o_407_66/in_4[2] 	 (fanout : 1)
hpin:lp_riscv_top/lp_riscv/i_riscv_core/id_stage_i/decoder_i/mux_alu_operator_o_407_66/in_4[1] 	 (fanout : 1)
hpin:lp_riscv_top/lp_riscv/i_riscv_core/id_stage_i/decoder_i/mux_alu_operator_o_407_66/in_4[0] 	 (fanout : 1)
hpin:lp_riscv_top/lp_riscv/i_riscv_core/id_stage_i/decoder_i/mux_alu_operator_o_407_66/in_6[3] 	 (fanout : 1)
hpin:lp_riscv_top/lp_riscv/i_riscv_core/id_stage_i/decoder_i/mux_alu_operator_o_407_66/in_6[2] 	 (fanout : 1)
hpin:lp_riscv_top/lp_riscv/i_riscv_core/id_stage_i/decoder_i/mux_alu_operator_o_407_66/in_6[1] 	 (fanout : 1)
hpin:lp_riscv_top/lp_riscv/i_riscv_core/id_stage_i/decoder_i/mux_alu_operator_o_407_66/in_6[0] 	 (fanout : 1)
hpin:lp_riscv_top/lp_riscv/i_riscv_core/id_stage_i/decoder_i/mux_alu_operator_o_407_66/in_7[3] 	 (fanout : 1)
hpin:lp_riscv_top/lp_riscv/i_riscv_core/id_stage_i/decoder_i/mux_alu_operator_o_407_66/in_7[2] 	 (fanout : 1)
hpin:lp_riscv_top/lp_riscv/i_riscv_core/id_stage_i/decoder_i/mux_alu_operator_o_407_66/in_7[1] 	 (fanout : 1)
hpin:lp_riscv_top/lp_riscv/i_riscv_core/id_stage_i/decoder_i/mux_alu_operator_o_407_66/in_7[0] 	 (fanout : 1)
hpin:lp_riscv_top/lp_riscv/i_riscv_core/id_stage_i/decoder_i/mux_alu_operator_o_438_13/in_1[4] 	 (fanout : 1)
hpin:lp_riscv_top/lp_riscv/i_riscv_core/id_stage_i/decoder_i/mux_alu_operator_o_645_13/in_0[1] 	 (fanout : 1)
hpin:lp_riscv_top/lp_riscv/i_riscv_core/id_stage_i/decoder_i/mux_alu_operator_o_645_13/in_0[0] 	 (fanout : 1)
hpin:lp_riscv_top/lp_riscv/i_riscv_core/id_stage_i/decoder_i/mux_alu_operator_o_645_13/in_1[1] 	 (fanout : 1)
hpin:lp_riscv_top/lp_riscv/i_riscv_core/id_stage_i/decoder_i/mux_alu_operator_o_645_13/in_1[0] 	 (fanout : 1)
hpin:lp_riscv_top/lp_riscv/i_riscv_core/id_stage_i/decoder_i/mux_alu_operator_o_645_13/in_2[1] 	 (fanout : 1)
hpin:lp_riscv_top/lp_riscv/i_riscv_core/id_stage_i/decoder_i/mux_alu_operator_o_645_13/in_2[0] 	 (fanout : 1)
hpin:lp_riscv_top/lp_riscv/i_riscv_core/id_stage_i/decoder_i/mux_alu_operator_o_645_13/in_3[1] 	 (fanout : 1)
hpin:lp_riscv_top/lp_riscv/i_riscv_core/id_stage_i/decoder_i/mux_alu_operator_o_645_13/in_3[0] 	 (fanout : 1)
hpin:lp_riscv_top/lp_riscv/i_riscv_core/id_stage_i/decoder_i/mux_alu_operator_o_659_13/in_0[1] 	 (fanout : 1)
hpin:lp_riscv_top/lp_riscv/i_riscv_core/id_stage_i/decoder_i/mux_alu_operator_o_659_13/in_0[0] 	 (fanout : 1)
hpin:lp_riscv_top/lp_riscv/i_riscv_core/id_stage_i/decoder_i/mux_alu_operator_o_659_13/in_1[1] 	 (fanout : 1)
hpin:lp_riscv_top/lp_riscv/i_riscv_core/id_stage_i/decoder_i/mux_alu_operator_o_659_13/in_1[0] 	 (fanout : 1)
hpin:lp_riscv_top/lp_riscv/i_riscv_core/id_stage_i/decoder_i/mux_alu_operator_o_659_13/in_2[1] 	 (fanout : 1)
hpin:lp_riscv_top/lp_riscv/i_riscv_core/id_stage_i/decoder_i/mux_alu_operator_o_659_13/in_2[0] 	 (fanout : 1)
hpin:lp_riscv_top/lp_riscv/i_riscv_core/id_stage_i/decoder_i/mux_alu_operator_o_659_13/in_3[1] 	 (fanout : 1)
hpin:lp_riscv_top/lp_riscv/i_riscv_core/id_stage_i/decoder_i/mux_alu_operator_o_659_13/in_3[0] 	 (fanout : 1)
hpin:lp_riscv_top/lp_riscv/i_riscv_core/id_stage_i/decoder_i/mux_alu_operator_o_612_15/in_0[2] 	 (fanout : 1)
hpin:lp_riscv_top/lp_riscv/i_riscv_core/id_stage_i/decoder_i/mux_alu_operator_o_612_15/in_0[1] 	 (fanout : 1)
hpin:lp_riscv_top/lp_riscv/i_riscv_core/id_stage_i/decoder_i/mux_alu_operator_o_612_15/in_0[0] 	 (fanout : 1)
hpin:lp_riscv_top/lp_riscv/i_riscv_core/id_stage_i/decoder_i/mux_alu_operator_o_612_15/in_1[2] 	 (fanout : 1)
hpin:lp_riscv_top/lp_riscv/i_riscv_core/id_stage_i/decoder_i/mux_alu_operator_o_612_15/in_1[1] 	 (fanout : 1)
hpin:lp_riscv_top/lp_riscv/i_riscv_core/id_stage_i/decoder_i/mux_alu_operator_o_612_15/in_1[0] 	 (fanout : 1)
hpin:lp_riscv_top/lp_riscv/i_riscv_core/id_stage_i/decoder_i/mux_alu_operator_o_612_15/in_2[2] 	 (fanout : 1)
hpin:lp_riscv_top/lp_riscv/i_riscv_core/id_stage_i/decoder_i/mux_alu_operator_o_612_15/in_2[1] 	 (fanout : 1)
hpin:lp_riscv_top/lp_riscv/i_riscv_core/id_stage_i/decoder_i/mux_alu_operator_o_612_15/in_2[0] 	 (fanout : 1)
hpin:lp_riscv_top/lp_riscv/i_riscv_core/id_stage_i/decoder_i/mux_alu_operator_o_612_15/in_3[2] 	 (fanout : 1)
hpin:lp_riscv_top/lp_riscv/i_riscv_core/id_stage_i/decoder_i/mux_alu_operator_o_612_15/in_3[1] 	 (fanout : 1)
hpin:lp_riscv_top/lp_riscv/i_riscv_core/id_stage_i/decoder_i/mux_alu_operator_o_612_15/in_3[0] 	 (fanout : 1)
hpin:lp_riscv_top/lp_riscv/i_riscv_core/id_stage_i/decoder_i/mux_alu_operator_o_612_67/in_0[1] 	 (fanout : 1)
hpin:lp_riscv_top/lp_riscv/i_riscv_core/id_stage_i/decoder_i/mux_alu_operator_o_612_67/in_0[0] 	 (fanout : 1)
hpin:lp_riscv_top/lp_riscv/i_riscv_core/id_stage_i/decoder_i/mux_alu_operator_o_612_67/in_1[1] 	 (fanout : 1)
hpin:lp_riscv_top/lp_riscv/i_riscv_core/id_stage_i/decoder_i/mux_alu_operator_o_612_67/in_1[0] 	 (fanout : 1)
hpin:lp_riscv_top/lp_riscv/i_riscv_core/id_stage_i/decoder_i/mux_alu_operator_o_186_18/in_0[5] 	 (fanout : 1)
hpin:lp_riscv_top/lp_riscv/i_riscv_core/id_stage_i/decoder_i/mux_alu_operator_o_186_18/in_0[4] 	 (fanout : 1)
hpin:lp_riscv_top/lp_riscv/i_riscv_core/id_stage_i/decoder_i/mux_alu_operator_o_186_18/in_0[3] 	 (fanout : 1)
hpin:lp_riscv_top/lp_riscv/i_riscv_core/id_stage_i/decoder_i/mux_alu_operator_o_186_18/in_0[2] 	 (fanout : 1)
hpin:lp_riscv_top/lp_riscv/i_riscv_core/id_stage_i/decoder_i/mux_alu_operator_o_186_18/in_0[1] 	 (fanout : 1)
hpin:lp_riscv_top/lp_riscv/i_riscv_core/id_stage_i/decoder_i/mux_alu_operator_o_186_18/in_0[0] 	 (fanout : 1)
hpin:lp_riscv_top/lp_riscv/i_riscv_core/id_stage_i/decoder_i/mux_alu_operator_o_186_18/in_1[5] 	 (fanout : 1)
hpin:lp_riscv_top/lp_riscv/i_riscv_core/id_stage_i/decoder_i/mux_alu_operator_o_186_18/in_1[4] 	 (fanout : 1)
hpin:lp_riscv_top/lp_riscv/i_riscv_core/id_stage_i/decoder_i/mux_alu_operator_o_186_18/in_1[3] 	 (fanout : 1)
hpin:lp_riscv_top/lp_riscv/i_riscv_core/id_stage_i/decoder_i/mux_alu_operator_o_186_18/in_1[2] 	 (fanout : 1)
hpin:lp_riscv_top/lp_riscv/i_riscv_core/id_stage_i/decoder_i/mux_alu_operator_o_186_18/in_1[1] 	 (fanout : 1)
hpin:lp_riscv_top/lp_riscv/i_riscv_core/id_stage_i/decoder_i/mux_alu_operator_o_186_18/in_1[0] 	 (fanout : 1)
hpin:lp_riscv_top/lp_riscv/i_riscv_core/id_stage_i/decoder_i/mux_alu_operator_o_186_18/in_2[5] 	 (fanout : 1)
hpin:lp_riscv_top/lp_riscv/i_riscv_core/id_stage_i/decoder_i/mux_alu_operator_o_186_18/in_2[4] 	 (fanout : 1)
hpin:lp_riscv_top/lp_riscv/i_riscv_core/id_stage_i/decoder_i/mux_alu_operator_o_186_18/in_3[5] 	 (fanout : 1)
hpin:lp_riscv_top/lp_riscv/i_riscv_core/id_stage_i/decoder_i/mux_alu_operator_o_186_18/in_3[4] 	 (fanout : 1)
hpin:lp_riscv_top/lp_riscv/i_riscv_core/id_stage_i/decoder_i/mux_alu_operator_o_186_18/in_3[3] 	 (fanout : 1)
hpin:lp_riscv_top/lp_riscv/i_riscv_core/id_stage_i/decoder_i/mux_alu_operator_o_186_18/in_3[2] 	 (fanout : 1)
hpin:lp_riscv_top/lp_riscv/i_riscv_core/id_stage_i/decoder_i/mux_alu_operator_o_186_18/in_3[1] 	 (fanout : 1)
hpin:lp_riscv_top/lp_riscv/i_riscv_core/id_stage_i/decoder_i/mux_alu_operator_o_186_18/in_3[0] 	 (fanout : 1)
hpin:lp_riscv_top/lp_riscv/i_riscv_core/id_stage_i/decoder_i/mux_alu_operator_o_186_18/in_4[5] 	 (fanout : 1)
hpin:lp_riscv_top/lp_riscv/i_riscv_core/id_stage_i/decoder_i/mux_alu_operator_o_186_18/in_4[4] 	 (fanout : 1)
hpin:lp_riscv_top/lp_riscv/i_riscv_core/id_stage_i/decoder_i/mux_alu_operator_o_186_18/in_4[3] 	 (fanout : 1)
hpin:lp_riscv_top/lp_riscv/i_riscv_core/id_stage_i/decoder_i/mux_alu_operator_o_186_18/in_4[2] 	 (fanout : 1)
hpin:lp_riscv_top/lp_riscv/i_riscv_core/id_stage_i/decoder_i/mux_alu_operator_o_186_18/in_4[1] 	 (fanout : 1)
hpin:lp_riscv_top/lp_riscv/i_riscv_core/id_stage_i/decoder_i/mux_alu_operator_o_186_18/in_4[0] 	 (fanout : 1)
hpin:lp_riscv_top/lp_riscv/i_riscv_core/id_stage_i/decoder_i/mux_alu_operator_o_186_18/in_5[5] 	 (fanout : 1)
hpin:lp_riscv_top/lp_riscv/i_riscv_core/id_stage_i/decoder_i/mux_alu_operator_o_186_18/in_5[4] 	 (fanout : 1)
hpin:lp_riscv_top/lp_riscv/i_riscv_core/id_stage_i/decoder_i/mux_alu_operator_o_186_18/in_5[3] 	 (fanout : 1)
hpin:lp_riscv_top/lp_riscv/i_riscv_core/id_stage_i/decoder_i/mux_alu_operator_o_186_18/in_5[2] 	 (fanout : 1)
hpin:lp_riscv_top/lp_riscv/i_riscv_core/id_stage_i/decoder_i/mux_alu_operator_o_186_18/in_5[1] 	 (fanout : 1)
hpin:lp_riscv_top/lp_riscv/i_riscv_core/id_stage_i/decoder_i/mux_alu_operator_o_186_18/in_5[0] 	 (fanout : 1)
hpin:lp_riscv_top/lp_riscv/i_riscv_core/id_stage_i/decoder_i/mux_alu_operator_o_186_18/in_6[5] 	 (fanout : 1)
hpin:lp_riscv_top/lp_riscv/i_riscv_core/id_stage_i/decoder_i/mux_alu_operator_o_186_18/in_6[4] 	 (fanout : 1)
hpin:lp_riscv_top/lp_riscv/i_riscv_core/id_stage_i/decoder_i/mux_alu_operator_o_186_18/in_6[3] 	 (fanout : 1)
hpin:lp_riscv_top/lp_riscv/i_riscv_core/id_stage_i/decoder_i/mux_alu_operator_o_186_18/in_6[2] 	 (fanout : 1)
hpin:lp_riscv_top/lp_riscv/i_riscv_core/id_stage_i/decoder_i/mux_alu_operator_o_186_18/in_6[1] 	 (fanout : 1)
hpin:lp_riscv_top/lp_riscv/i_riscv_core/id_stage_i/decoder_i/mux_alu_operator_o_186_18/in_6[0] 	 (fanout : 1)
hpin:lp_riscv_top/lp_riscv/i_riscv_core/id_stage_i/decoder_i/mux_alu_operator_o_186_18/in_9[5] 	 (fanout : 1)
hpin:lp_riscv_top/lp_riscv/i_riscv_core/id_stage_i/decoder_i/mux_alu_operator_o_186_18/in_11[5] 	 (fanout : 1)
hpin:lp_riscv_top/lp_riscv/i_riscv_core/id_stage_i/decoder_i/mux_alu_operator_o_186_18/in_11[4] 	 (fanout : 1)
hpin:lp_riscv_top/lp_riscv/i_riscv_core/id_stage_i/decoder_i/mux_alu_operator_o_186_18/in_11[3] 	 (fanout : 1)
hpin:lp_riscv_top/lp_riscv/i_riscv_core/id_stage_i/decoder_i/mux_alu_operator_o_186_18/in_11[2] 	 (fanout : 1)
hpin:lp_riscv_top/lp_riscv/i_riscv_core/id_stage_i/decoder_i/mux_alu_operator_o_186_18/in_11[1] 	 (fanout : 1)
hpin:lp_riscv_top/lp_riscv/i_riscv_core/id_stage_i/decoder_i/mux_alu_operator_o_186_18/in_11[0] 	 (fanout : 1)
hpin:lp_riscv_top/lp_riscv/i_riscv_core/id_stage_i/decoder_i/mux_bmask_b_mux_o_438_13/in_1 	 (fanout : 1)
hpin:lp_riscv_top/lp_riscv/i_riscv_core/id_stage_i/decoder_i/mux_bmask_b_mux_o_186_18/in_0[0] 	 (fanout : 1)
hpin:lp_riscv_top/lp_riscv/i_riscv_core/id_stage_i/decoder_i/mux_bmask_b_mux_o_186_18/in_2[1] 	 (fanout : 1)
hpin:lp_riscv_top/lp_riscv/i_riscv_core/id_stage_i/decoder_i/mux_bmask_b_mux_o_186_18/in_3[1] 	 (fanout : 1)
hpin:lp_riscv_top/lp_riscv/i_riscv_core/id_stage_i/decoder_i/mux_bmask_b_mux_o_186_18/in_3[0] 	 (fanout : 1)
hpin:lp_riscv_top/lp_riscv/i_riscv_core/id_stage_i/decoder_i/mux_bmask_a_mux_o_438_13/in_0 	 (fanout : 1)
hpin:lp_riscv_top/lp_riscv/i_riscv_core/id_stage_i/decoder_i/mux_bmask_a_mux_o_438_13/in_1 	 (fanout : 1)
hpin:lp_riscv_top/lp_riscv/i_riscv_core/id_stage_i/decoder_i/mux_bmask_a_mux_o_186_18/in_1 	 (fanout : 1)
hpin:lp_riscv_top/lp_riscv/i_riscv_core/id_stage_i/decoder_i/mux_bmask_a_mux_o_186_18/in_2 	 (fanout : 1)
hpin:lp_riscv_top/lp_riscv/i_riscv_core/id_stage_i/decoder_i/mux_regc_used_o_288_31/in_0 	 (fanout : 1)
hpin:lp_riscv_top/lp_riscv/i_riscv_core/id_stage_i/decoder_i/mux_regc_used_o_288_31/in_1 	 (fanout : 1)
hpin:lp_riscv_top/lp_riscv/i_riscv_core/id_stage_i/decoder_i/mux_regc_used_o_186_18/in_4 	 (fanout : 1)
hpin:lp_riscv_top/lp_riscv/i_riscv_core/id_stage_i/decoder_i/mux_regb_used_o_343_34/in_0 	 (fanout : 1)
hpin:lp_riscv_top/lp_riscv/i_riscv_core/id_stage_i/decoder_i/mux_regb_used_o_343_34/in_1 	 (fanout : 1)
hpin:lp_riscv_top/lp_riscv/i_riscv_core/id_stage_i/decoder_i/mux_regb_used_o_476_18/in_0 	 (fanout : 1)
hpin:lp_riscv_top/lp_riscv/i_riscv_core/id_stage_i/decoder_i/mux_regb_used_o_476_18/in_1 	 (fanout : 1)
hpin:lp_riscv_top/lp_riscv/i_riscv_core/id_stage_i/decoder_i/mux_regb_used_o_476_18/in_2 	 (fanout : 1)
hpin:lp_riscv_top/lp_riscv/i_riscv_core/id_stage_i/decoder_i/mux_regb_used_o_476_18/in_3 	 (fanout : 1)
hpin:lp_riscv_top/lp_riscv/i_riscv_core/id_stage_i/decoder_i/mux_regb_used_o_476_18/in_4 	 (fanout : 1)
hpin:lp_riscv_top/lp_riscv/i_riscv_core/id_stage_i/decoder_i/mux_regb_used_o_473_15/in_0 	 (fanout : 1)
hpin:lp_riscv_top/lp_riscv/i_riscv_core/id_stage_i/decoder_i/mux_regb_used_o_473_15/in_1 	 (fanout : 1)
hpin:lp_riscv_top/lp_riscv/i_riscv_core/id_stage_i/decoder_i/mux_regb_used_o_476_83/in_1 	 (fanout : 1)
hpin:lp_riscv_top/lp_riscv/i_riscv_core/id_stage_i/decoder_i/mux_regb_used_o_438_13/in_1 	 (fanout : 1)
hpin:lp_riscv_top/lp_riscv/i_riscv_core/id_stage_i/decoder_i/mux_regb_used_o_708_22/in_0 	 (fanout : 1)
hpin:lp_riscv_top/lp_riscv/i_riscv_core/id_stage_i/decoder_i/mux_regb_used_o_708_22/in_1 	 (fanout : 1)
hpin:lp_riscv_top/lp_riscv/i_riscv_core/id_stage_i/decoder_i/mux_regb_used_o_708_22/in_2 	 (fanout : 1)
hpin:lp_riscv_top/lp_riscv/i_riscv_core/id_stage_i/decoder_i/mux_regb_used_o_708_22/in_3 	 (fanout : 1)
hpin:lp_riscv_top/lp_riscv/i_riscv_core/id_stage_i/decoder_i/mux_regb_used_o_708_22/in_4 	 (fanout : 1)
hpin:lp_riscv_top/lp_riscv/i_riscv_core/id_stage_i/decoder_i/mux_regb_used_o_708_22/in_5 	 (fanout : 1)
hpin:lp_riscv_top/lp_riscv/i_riscv_core/id_stage_i/decoder_i/mux_regb_used_o_692_13/in_0 	 (fanout : 1)
hpin:lp_riscv_top/lp_riscv/i_riscv_core/id_stage_i/decoder_i/mux_regb_used_o_692_13/in_1 	 (fanout : 1)
hpin:lp_riscv_top/lp_riscv/i_riscv_core/id_stage_i/decoder_i/mux_regb_used_o_692_13/in_2 	 (fanout : 1)
hpin:lp_riscv_top/lp_riscv/i_riscv_core/id_stage_i/decoder_i/mux_regb_used_o_708_88/in_1 	 (fanout : 1)
hpin:lp_riscv_top/lp_riscv/i_riscv_core/id_stage_i/decoder_i/mux_regb_used_o_186_18/in_1 	 (fanout : 1)
hpin:lp_riscv_top/lp_riscv/i_riscv_core/id_stage_i/decoder_i/mux_regb_used_o_186_18/in_4 	 (fanout : 1)
hpin:lp_riscv_top/lp_riscv/i_riscv_core/id_stage_i/decoder_i/mux_regb_used_o_186_18/in_6 	 (fanout : 1)
hpin:lp_riscv_top/lp_riscv/i_riscv_core/id_stage_i/decoder_i/mux_rega_used_o_438_13/in_1 	 (fanout : 1)
hpin:lp_riscv_top/lp_riscv/i_riscv_core/id_stage_i/decoder_i/mux_rega_used_o_832_34/in_0 	 (fanout : 1)
hpin:lp_riscv_top/lp_riscv/i_riscv_core/id_stage_i/decoder_i/mux_rega_used_o_832_34/in_1 	 (fanout : 1)
hpin:lp_riscv_top/lp_riscv/i_riscv_core/id_stage_i/decoder_i/mux_rega_used_o_832_34/in_2 	 (fanout : 1)
hpin:lp_riscv_top/lp_riscv/i_riscv_core/id_stage_i/decoder_i/mux_rega_used_o_186_18/in_0 	 (fanout : 1)
hpin:lp_riscv_top/lp_riscv/i_riscv_core/id_stage_i/decoder_i/mux_rega_used_o_186_18/in_1 	 (fanout : 1)
hpin:lp_riscv_top/lp_riscv/i_riscv_core/id_stage_i/decoder_i/mux_rega_used_o_186_18/in_2 	 (fanout : 1)
hpin:lp_riscv_top/lp_riscv/i_riscv_core/id_stage_i/decoder_i/mux_rega_used_o_186_18/in_3 	 (fanout : 1)
hpin:lp_riscv_top/lp_riscv/i_riscv_core/id_stage_i/decoder_i/mux_rega_used_o_186_18/in_4 	 (fanout : 1)
hpin:lp_riscv_top/lp_riscv/i_riscv_core/id_stage_i/decoder_i/mux_rega_used_o_186_18/in_6 	 (fanout : 1)
hpin:lp_riscv_top/lp_riscv/i_riscv_core/id_stage_i/decoder_i/mux_rega_used_o_186_18/in_7 	 (fanout : 1)
hpin:lp_riscv_top/lp_riscv/i_riscv_core/id_stage_i/decoder_i/mux_rega_used_o_186_18/in_10 	 (fanout : 1)
hpin:lp_riscv_top/lp_riscv/i_riscv_core/id_stage_i/decoder_i/mux_cmbsop_ecall_insn_o_835_24/in_0[4] 	 (fanout : 1)
hpin:lp_riscv_top/lp_riscv/i_riscv_core/id_stage_i/decoder_i/mux_cmbsop_ecall_insn_o_835_24/in_0[3] 	 (fanout : 1)
hpin:lp_riscv_top/lp_riscv/i_riscv_core/id_stage_i/decoder_i/mux_cmbsop_ecall_insn_o_835_24/in_0[2] 	 (fanout : 1)
hpin:lp_riscv_top/lp_riscv/i_riscv_core/id_stage_i/decoder_i/mux_cmbsop_ecall_insn_o_835_24/in_0[1] 	 (fanout : 1)
hpin:lp_riscv_top/lp_riscv/i_riscv_core/id_stage_i/decoder_i/mux_cmbsop_ecall_insn_o_835_24/in_0[0] 	 (fanout : 1)
hpin:lp_riscv_top/lp_riscv/i_riscv_core/id_stage_i/decoder_i/mux_cmbsop_ecall_insn_o_835_24/in_1[4] 	 (fanout : 1)
hpin:lp_riscv_top/lp_riscv/i_riscv_core/id_stage_i/decoder_i/mux_cmbsop_ecall_insn_o_835_24/in_1[3] 	 (fanout : 1)
hpin:lp_riscv_top/lp_riscv/i_riscv_core/id_stage_i/decoder_i/mux_cmbsop_ecall_insn_o_835_24/in_1[2] 	 (fanout : 1)
hpin:lp_riscv_top/lp_riscv/i_riscv_core/id_stage_i/decoder_i/mux_cmbsop_ecall_insn_o_835_24/in_1[1] 	 (fanout : 1)
hpin:lp_riscv_top/lp_riscv/i_riscv_core/id_stage_i/decoder_i/mux_cmbsop_ecall_insn_o_835_24/in_1[0] 	 (fanout : 1)
hpin:lp_riscv_top/lp_riscv/i_riscv_core/id_stage_i/decoder_i/mux_cmbsop_ecall_insn_o_835_24/in_2[4] 	 (fanout : 1)
hpin:lp_riscv_top/lp_riscv/i_riscv_core/id_stage_i/decoder_i/mux_cmbsop_ecall_insn_o_835_24/in_2[3] 	 (fanout : 1)
hpin:lp_riscv_top/lp_riscv/i_riscv_core/id_stage_i/decoder_i/mux_cmbsop_ecall_insn_o_835_24/in_2[2] 	 (fanout : 1)
hpin:lp_riscv_top/lp_riscv/i_riscv_core/id_stage_i/decoder_i/mux_cmbsop_ecall_insn_o_835_24/in_2[1] 	 (fanout : 1)
hpin:lp_riscv_top/lp_riscv/i_riscv_core/id_stage_i/decoder_i/mux_cmbsop_ecall_insn_o_835_24/in_2[0] 	 (fanout : 1)
hpin:lp_riscv_top/lp_riscv/i_riscv_core/id_stage_i/decoder_i/mux_cmbsop_ecall_insn_o_835_24/in_3[4] 	 (fanout : 1)
hpin:lp_riscv_top/lp_riscv/i_riscv_core/id_stage_i/decoder_i/mux_cmbsop_ecall_insn_o_835_24/in_3[3] 	 (fanout : 1)
hpin:lp_riscv_top/lp_riscv/i_riscv_core/id_stage_i/decoder_i/mux_cmbsop_ecall_insn_o_835_24/in_3[2] 	 (fanout : 1)
hpin:lp_riscv_top/lp_riscv/i_riscv_core/id_stage_i/decoder_i/mux_cmbsop_ecall_insn_o_835_24/in_3[1] 	 (fanout : 1)
hpin:lp_riscv_top/lp_riscv/i_riscv_core/id_stage_i/decoder_i/mux_cmbsop_ecall_insn_o_835_24/in_3[0] 	 (fanout : 1)
hpin:lp_riscv_top/lp_riscv/i_riscv_core/id_stage_i/decoder_i/mux_cmbsop_ecall_insn_o_835_24/in_4[4] 	 (fanout : 1)
hpin:lp_riscv_top/lp_riscv/i_riscv_core/id_stage_i/decoder_i/mux_cmbsop_ecall_insn_o_835_24/in_4[3] 	 (fanout : 1)
hpin:lp_riscv_top/lp_riscv/i_riscv_core/id_stage_i/decoder_i/mux_cmbsop_ecall_insn_o_835_24/in_4[2] 	 (fanout : 1)
hpin:lp_riscv_top/lp_riscv/i_riscv_core/id_stage_i/decoder_i/mux_cmbsop_ecall_insn_o_835_24/in_4[1] 	 (fanout : 1)
hpin:lp_riscv_top/lp_riscv/i_riscv_core/id_stage_i/decoder_i/mux_cmbsop_ecall_insn_o_835_24/in_4[0] 	 (fanout : 1)
hpin:lp_riscv_top/lp_riscv/i_riscv_core/id_stage_i/decoder_i/mux_pipe_flush_832_34/in_0 	 (fanout : 1)
hpin:lp_riscv_top/lp_riscv/i_riscv_core/id_stage_i/decoder_i/mux_pipe_flush_186_18/in_1 	 (fanout : 1)
hpin:lp_riscv_top/lp_riscv/i_riscv_core/id_stage_i/decoder_i/mux_998_31/in_1 	 (fanout : 1)
hpin:lp_riscv_top/lp_riscv/i_riscv_core/id_stage_i/decoder_i/mux_ecall_insn_o_832_34/in_0 	 (fanout : 1)
hpin:lp_riscv_top/lp_riscv/i_riscv_core/id_stage_i/decoder_i/mux_ecall_insn_o_186_18/in_1 	 (fanout : 1)
hpin:lp_riscv_top/lp_riscv/i_riscv_core/id_stage_i/decoder_i/mux_eret_insn_832_34/in_0 	 (fanout : 1)
hpin:lp_riscv_top/lp_riscv/i_riscv_core/id_stage_i/decoder_i/mux_eret_insn_186_18/in_1 	 (fanout : 1)
hpin:lp_riscv_top/lp_riscv/i_riscv_core/id_stage_i/decoder_i/mux_997_31/in_1 	 (fanout : 1)
hpin:lp_riscv_top/lp_riscv/i_riscv_core/id_stage_i/decoder_i/mux_ebrk_insn_832_34/in_0 	 (fanout : 1)
hpin:lp_riscv_top/lp_riscv/i_riscv_core/id_stage_i/decoder_i/mux_ebrk_insn_186_18/in_1 	 (fanout : 1)
hpin:lp_riscv_top/lp_riscv/i_riscv_core/id_stage_i/decoder_i/mux_996_31/in_1 	 (fanout : 1)
hpin:lp_riscv_top/lp_riscv/i_riscv_core/id_stage_i/decoder_i/mux_illegal_insn_o_221_34/in_0 	 (fanout : 1)
hpin:lp_riscv_top/lp_riscv/i_riscv_core/id_stage_i/decoder_i/mux_illegal_insn_o_221_34/in_1 	 (fanout : 1)
hpin:lp_riscv_top/lp_riscv/i_riscv_core/id_stage_i/decoder_i/mux_illegal_insn_o_352_24/in_0 	 (fanout : 1)
hpin:lp_riscv_top/lp_riscv/i_riscv_core/id_stage_i/decoder_i/mux_illegal_insn_o_352_24/in_1 	 (fanout : 1)
hpin:lp_riscv_top/lp_riscv/i_riscv_core/id_stage_i/decoder_i/mux_illegal_insn_o_352_24/in_2 	 (fanout : 1)
hpin:lp_riscv_top/lp_riscv/i_riscv_core/id_stage_i/decoder_i/mux_illegal_insn_o_352_24/in_3 	 (fanout : 1)
hpin:lp_riscv_top/lp_riscv/i_riscv_core/id_stage_i/decoder_i/mux_illegal_insn_o_368_34/in_0 	 (fanout : 1)
hpin:lp_riscv_top/lp_riscv/i_riscv_core/id_stage_i/decoder_i/mux_illegal_insn_o_368_34/in_2 	 (fanout : 1)
hpin:lp_riscv_top/lp_riscv/i_riscv_core/id_stage_i/decoder_i/mux_illegal_insn_o_417_38/in_0 	 (fanout : 1)
hpin:lp_riscv_top/lp_riscv/i_riscv_core/id_stage_i/decoder_i/mux_illegal_insn_o_417_38/in_1 	 (fanout : 1)
hpin:lp_riscv_top/lp_riscv/i_riscv_core/id_stage_i/decoder_i/mux_illegal_insn_o_407_22/in_0 	 (fanout : 1)
hpin:lp_riscv_top/lp_riscv/i_riscv_core/id_stage_i/decoder_i/mux_illegal_insn_o_407_22/in_2 	 (fanout : 1)
hpin:lp_riscv_top/lp_riscv/i_riscv_core/id_stage_i/decoder_i/mux_illegal_insn_o_407_22/in_3 	 (fanout : 1)
hpin:lp_riscv_top/lp_riscv/i_riscv_core/id_stage_i/decoder_i/mux_illegal_insn_o_407_22/in_4 	 (fanout : 1)
hpin:lp_riscv_top/lp_riscv/i_riscv_core/id_stage_i/decoder_i/mux_illegal_insn_o_407_22/in_6 	 (fanout : 1)
hpin:lp_riscv_top/lp_riscv/i_riscv_core/id_stage_i/decoder_i/mux_illegal_insn_o_407_22/in_7 	 (fanout : 1)
hpin:lp_riscv_top/lp_riscv/i_riscv_core/id_stage_i/decoder_i/mux_illegal_insn_o_186_18/in_0 	 (fanout : 1)
hpin:lp_riscv_top/lp_riscv/i_riscv_core/id_stage_i/decoder_i/mux_illegal_insn_o_186_18/in_9 	 (fanout : 1)
hpin:lp_riscv_top/lp_riscv/i_riscv_core/id_stage_i/decoder_i/mux_illegal_insn_o_960_9/in_1 	 (fanout : 1)
hpin:lp_riscv_top/lp_riscv/i_riscv_core/id_stage_i/controller_i/mux_ctrl_fsm_ns_197_18/in_1[3] 	 (fanout : 1)
hpin:lp_riscv_top/lp_riscv/i_riscv_core/id_stage_i/controller_i/mux_ctrl_fsm_ns_197_18/in_1[2] 	 (fanout : 1)
hpin:lp_riscv_top/lp_riscv/i_riscv_core/id_stage_i/controller_i/mux_ctrl_fsm_ns_197_18/in_1[1] 	 (fanout : 1)
hpin:lp_riscv_top/lp_riscv/i_riscv_core/id_stage_i/controller_i/mux_ctrl_fsm_ns_197_18/in_1[0] 	 (fanout : 1)
hpin:lp_riscv_top/lp_riscv/i_riscv_core/id_stage_i/controller_i/mux_ctrl_fsm_ns_195_28/in_1[3] 	 (fanout : 1)
hpin:lp_riscv_top/lp_riscv/i_riscv_core/id_stage_i/controller_i/mux_ctrl_fsm_ns_195_28/in_1[2] 	 (fanout : 1)
hpin:lp_riscv_top/lp_riscv/i_riscv_core/id_stage_i/controller_i/mux_ctrl_fsm_ns_195_28/in_1[1] 	 (fanout : 1)
hpin:lp_riscv_top/lp_riscv/i_riscv_core/id_stage_i/controller_i/mux_ctrl_fsm_ns_195_28/in_1[0] 	 (fanout : 1)
hpin:lp_riscv_top/lp_riscv/i_riscv_core/id_stage_i/controller_i/mux_ctrl_fsm_ns_227_30/in_0[3] 	 (fanout : 1)
hpin:lp_riscv_top/lp_riscv/i_riscv_core/id_stage_i/controller_i/mux_ctrl_fsm_ns_227_30/in_0[2] 	 (fanout : 1)
hpin:lp_riscv_top/lp_riscv/i_riscv_core/id_stage_i/controller_i/mux_ctrl_fsm_ns_227_30/in_0[1] 	 (fanout : 1)
hpin:lp_riscv_top/lp_riscv/i_riscv_core/id_stage_i/controller_i/mux_ctrl_fsm_ns_227_30/in_0[0] 	 (fanout : 1)
hpin:lp_riscv_top/lp_riscv/i_riscv_core/id_stage_i/controller_i/mux_ctrl_fsm_ns_227_30/in_1[3] 	 (fanout : 1)
hpin:lp_riscv_top/lp_riscv/i_riscv_core/id_stage_i/controller_i/mux_ctrl_fsm_ns_227_30/in_1[2] 	 (fanout : 1)
hpin:lp_riscv_top/lp_riscv/i_riscv_core/id_stage_i/controller_i/mux_ctrl_fsm_ns_227_30/in_1[1] 	 (fanout : 1)
hpin:lp_riscv_top/lp_riscv/i_riscv_core/id_stage_i/controller_i/mux_ctrl_fsm_ns_227_30/in_1[0] 	 (fanout : 1)
hpin:lp_riscv_top/lp_riscv/i_riscv_core/id_stage_i/controller_i/mux_ctrl_fsm_ns_234_30/in_1[3] 	 (fanout : 1)
hpin:lp_riscv_top/lp_riscv/i_riscv_core/id_stage_i/controller_i/mux_ctrl_fsm_ns_234_30/in_1[2] 	 (fanout : 1)
hpin:lp_riscv_top/lp_riscv/i_riscv_core/id_stage_i/controller_i/mux_ctrl_fsm_ns_234_30/in_1[1] 	 (fanout : 1)
hpin:lp_riscv_top/lp_riscv/i_riscv_core/id_stage_i/controller_i/mux_ctrl_fsm_ns_234_30/in_1[0] 	 (fanout : 1)
hpin:lp_riscv_top/lp_riscv/i_riscv_core/id_stage_i/controller_i/mux_ctrl_fsm_ns_244_34/in_1[3] 	 (fanout : 1)
hpin:lp_riscv_top/lp_riscv/i_riscv_core/id_stage_i/controller_i/mux_ctrl_fsm_ns_244_34/in_1[2] 	 (fanout : 1)
hpin:lp_riscv_top/lp_riscv/i_riscv_core/id_stage_i/controller_i/mux_ctrl_fsm_ns_244_34/in_1[1] 	 (fanout : 1)
hpin:lp_riscv_top/lp_riscv/i_riscv_core/id_stage_i/controller_i/mux_ctrl_fsm_ns_244_34/in_1[0] 	 (fanout : 1)
hpin:lp_riscv_top/lp_riscv/i_riscv_core/id_stage_i/controller_i/mux_ctrl_fsm_ns_335_32/in_0[2] 	 (fanout : 1)
hpin:lp_riscv_top/lp_riscv/i_riscv_core/id_stage_i/controller_i/mux_ctrl_fsm_ns_335_32/in_0[1] 	 (fanout : 1)
hpin:lp_riscv_top/lp_riscv/i_riscv_core/id_stage_i/controller_i/mux_ctrl_fsm_ns_335_32/in_0[0] 	 (fanout : 1)
hpin:lp_riscv_top/lp_riscv/i_riscv_core/id_stage_i/controller_i/mux_ctrl_fsm_ns_335_32/in_1[2] 	 (fanout : 1)
hpin:lp_riscv_top/lp_riscv/i_riscv_core/id_stage_i/controller_i/mux_ctrl_fsm_ns_335_32/in_1[1] 	 (fanout : 1)
hpin:lp_riscv_top/lp_riscv/i_riscv_core/id_stage_i/controller_i/mux_ctrl_fsm_ns_335_32/in_1[0] 	 (fanout : 1)
hpin:lp_riscv_top/lp_riscv/i_riscv_core/id_stage_i/controller_i/mux_ctrl_fsm_ns_339_26/in_1[3] 	 (fanout : 1)
hpin:lp_riscv_top/lp_riscv/i_riscv_core/id_stage_i/controller_i/mux_ctrl_fsm_ns_339_26/in_1[2] 	 (fanout : 1)
hpin:lp_riscv_top/lp_riscv/i_riscv_core/id_stage_i/controller_i/mux_ctrl_fsm_ns_339_26/in_1[1] 	 (fanout : 1)
hpin:lp_riscv_top/lp_riscv/i_riscv_core/id_stage_i/controller_i/mux_ctrl_fsm_ns_339_26/in_1[0] 	 (fanout : 1)
hpin:lp_riscv_top/lp_riscv/i_riscv_core/id_stage_i/controller_i/mux_ctrl_fsm_ns_334_17/in_1[1] 	 (fanout : 1)
hpin:lp_riscv_top/lp_riscv/i_riscv_core/id_stage_i/controller_i/mux_ctrl_fsm_ns_318_28/in_1[3] 	 (fanout : 1)
hpin:lp_riscv_top/lp_riscv/i_riscv_core/id_stage_i/controller_i/mux_ctrl_fsm_ns_318_28/in_1[2] 	 (fanout : 1)
hpin:lp_riscv_top/lp_riscv/i_riscv_core/id_stage_i/controller_i/mux_ctrl_fsm_ns_318_28/in_1[1] 	 (fanout : 1)
hpin:lp_riscv_top/lp_riscv/i_riscv_core/id_stage_i/controller_i/mux_ctrl_fsm_ns_318_28/in_1[0] 	 (fanout : 1)
hpin:lp_riscv_top/lp_riscv/i_riscv_core/id_stage_i/controller_i/mux_ctrl_fsm_ns_363_15/in_1[3] 	 (fanout : 1)
hpin:lp_riscv_top/lp_riscv/i_riscv_core/id_stage_i/controller_i/mux_ctrl_fsm_ns_363_15/in_1[2] 	 (fanout : 1)
hpin:lp_riscv_top/lp_riscv/i_riscv_core/id_stage_i/controller_i/mux_ctrl_fsm_ns_363_15/in_1[1] 	 (fanout : 1)
hpin:lp_riscv_top/lp_riscv/i_riscv_core/id_stage_i/controller_i/mux_ctrl_fsm_ns_363_15/in_1[0] 	 (fanout : 1)
hpin:lp_riscv_top/lp_riscv/i_riscv_core/id_stage_i/controller_i/mux_ctrl_fsm_ns_408_13/in_1[3] 	 (fanout : 1)
hpin:lp_riscv_top/lp_riscv/i_riscv_core/id_stage_i/controller_i/mux_ctrl_fsm_ns_408_13/in_1[2] 	 (fanout : 1)
hpin:lp_riscv_top/lp_riscv/i_riscv_core/id_stage_i/controller_i/mux_ctrl_fsm_ns_408_13/in_1[1] 	 (fanout : 1)
hpin:lp_riscv_top/lp_riscv/i_riscv_core/id_stage_i/controller_i/mux_ctrl_fsm_ns_408_13/in_1[0] 	 (fanout : 1)
hpin:lp_riscv_top/lp_riscv/i_riscv_core/id_stage_i/controller_i/mux_ctrl_fsm_ns_414_25/in_1[3] 	 (fanout : 1)
hpin:lp_riscv_top/lp_riscv/i_riscv_core/id_stage_i/controller_i/mux_ctrl_fsm_ns_414_25/in_1[2] 	 (fanout : 1)
hpin:lp_riscv_top/lp_riscv/i_riscv_core/id_stage_i/controller_i/mux_ctrl_fsm_ns_414_25/in_1[1] 	 (fanout : 1)
hpin:lp_riscv_top/lp_riscv/i_riscv_core/id_stage_i/controller_i/mux_ctrl_fsm_ns_414_25/in_1[0] 	 (fanout : 1)
hpin:lp_riscv_top/lp_riscv/i_riscv_core/id_stage_i/controller_i/mux_ctrl_fsm_ns_425_13/in_1[3] 	 (fanout : 1)
hpin:lp_riscv_top/lp_riscv/i_riscv_core/id_stage_i/controller_i/mux_ctrl_fsm_ns_425_13/in_1[2] 	 (fanout : 1)
hpin:lp_riscv_top/lp_riscv/i_riscv_core/id_stage_i/controller_i/mux_ctrl_fsm_ns_425_13/in_1[1] 	 (fanout : 1)
hpin:lp_riscv_top/lp_riscv/i_riscv_core/id_stage_i/controller_i/mux_ctrl_fsm_ns_425_13/in_1[0] 	 (fanout : 1)
hpin:lp_riscv_top/lp_riscv/i_riscv_core/id_stage_i/controller_i/mux_ctrl_fsm_ns_431_25/in_1[3] 	 (fanout : 1)
hpin:lp_riscv_top/lp_riscv/i_riscv_core/id_stage_i/controller_i/mux_ctrl_fsm_ns_431_25/in_1[2] 	 (fanout : 1)
hpin:lp_riscv_top/lp_riscv/i_riscv_core/id_stage_i/controller_i/mux_ctrl_fsm_ns_431_25/in_1[1] 	 (fanout : 1)
hpin:lp_riscv_top/lp_riscv/i_riscv_core/id_stage_i/controller_i/mux_ctrl_fsm_ns_431_25/in_1[0] 	 (fanout : 1)
hpin:lp_riscv_top/lp_riscv/i_riscv_core/id_stage_i/controller_i/mux_ctrl_fsm_ns_442_13/in_1[3] 	 (fanout : 1)
hpin:lp_riscv_top/lp_riscv/i_riscv_core/id_stage_i/controller_i/mux_ctrl_fsm_ns_442_13/in_1[2] 	 (fanout : 1)
hpin:lp_riscv_top/lp_riscv/i_riscv_core/id_stage_i/controller_i/mux_ctrl_fsm_ns_442_13/in_1[1] 	 (fanout : 1)
hpin:lp_riscv_top/lp_riscv/i_riscv_core/id_stage_i/controller_i/mux_ctrl_fsm_ns_442_13/in_1[0] 	 (fanout : 1)
hpin:lp_riscv_top/lp_riscv/i_riscv_core/id_stage_i/controller_i/mux_ctrl_fsm_ns_453_15/in_0[1] 	 (fanout : 1)
hpin:lp_riscv_top/lp_riscv/i_riscv_core/id_stage_i/controller_i/mux_ctrl_fsm_ns_453_15/in_0[0] 	 (fanout : 1)
hpin:lp_riscv_top/lp_riscv/i_riscv_core/id_stage_i/controller_i/mux_ctrl_fsm_ns_453_15/in_1[1] 	 (fanout : 1)
hpin:lp_riscv_top/lp_riscv/i_riscv_core/id_stage_i/controller_i/mux_ctrl_fsm_ns_453_15/in_1[0] 	 (fanout : 1)
hpin:lp_riscv_top/lp_riscv/i_riscv_core/id_stage_i/controller_i/mux_ctrl_fsm_ns_460_15/in_0[1] 	 (fanout : 1)
hpin:lp_riscv_top/lp_riscv/i_riscv_core/id_stage_i/controller_i/mux_ctrl_fsm_ns_460_15/in_0[0] 	 (fanout : 1)
hpin:lp_riscv_top/lp_riscv/i_riscv_core/id_stage_i/controller_i/mux_ctrl_fsm_ns_460_15/in_1[1] 	 (fanout : 1)
hpin:lp_riscv_top/lp_riscv/i_riscv_core/id_stage_i/controller_i/mux_ctrl_fsm_ns_460_15/in_1[0] 	 (fanout : 1)
hpin:lp_riscv_top/lp_riscv/i_riscv_core/id_stage_i/controller_i/mux_ctrl_fsm_ns_452_12/in_0[2] 	 (fanout : 1)
hpin:lp_riscv_top/lp_riscv/i_riscv_core/id_stage_i/controller_i/mux_ctrl_fsm_ns_452_12/in_0[0] 	 (fanout : 1)
hpin:lp_riscv_top/lp_riscv/i_riscv_core/id_stage_i/controller_i/mux_ctrl_fsm_ns_452_12/in_1[3] 	 (fanout : 1)
hpin:lp_riscv_top/lp_riscv/i_riscv_core/id_stage_i/controller_i/mux_ctrl_fsm_ns_452_12/in_1[2] 	 (fanout : 1)
hpin:lp_riscv_top/lp_riscv/i_riscv_core/id_stage_i/controller_i/mux_jr_stall_o_509_40/in_0 	 (fanout : 1)
hpin:lp_riscv_top/lp_riscv/i_riscv_core/id_stage_i/controller_i/mux_jr_stall_o_509_40/in_1 	 (fanout : 1)
hpin:lp_riscv_top/lp_riscv/i_riscv_core/id_stage_i/controller_i/mux_jump_done_280_31/in_1 	 (fanout : 1)
hpin:lp_riscv_top/lp_riscv/i_riscv_core/id_stage_i/controller_i/mux_jump_done_309_18/in_1 	 (fanout : 1)
hpin:lp_riscv_top/lp_riscv/i_riscv_core/id_stage_i/controller_i/mux_load_stall_o_498_62/in_0 	 (fanout : 1)
hpin:lp_riscv_top/lp_riscv/i_riscv_core/id_stage_i/controller_i/mux_load_stall_o_498_62/in_1 	 (fanout : 1)
hpin:lp_riscv_top/lp_riscv/i_riscv_core/id_stage_i/controller_i/mux_halt_id_o_188_18/in_0[1] 	 (fanout : 1)
hpin:lp_riscv_top/lp_riscv/i_riscv_core/id_stage_i/controller_i/mux_halt_id_o_188_18/in_0[0] 	 (fanout : 1)
hpin:lp_riscv_top/lp_riscv/i_riscv_core/id_stage_i/controller_i/mux_halt_id_o_188_18/in_1[1] 	 (fanout : 1)
hpin:lp_riscv_top/lp_riscv/i_riscv_core/id_stage_i/controller_i/mux_halt_id_o_188_18/in_2[1] 	 (fanout : 1)
hpin:lp_riscv_top/lp_riscv/i_riscv_core/id_stage_i/controller_i/mux_halt_id_o_188_18/in_2[0] 	 (fanout : 1)
hpin:lp_riscv_top/lp_riscv/i_riscv_core/id_stage_i/controller_i/mux_halt_id_o_188_18/in_3[1] 	 (fanout : 1)
hpin:lp_riscv_top/lp_riscv/i_riscv_core/id_stage_i/controller_i/mux_halt_id_o_188_18/in_3[0] 	 (fanout : 1)
hpin:lp_riscv_top/lp_riscv/i_riscv_core/id_stage_i/controller_i/mux_halt_id_o_188_18/in_4[1] 	 (fanout : 1)
hpin:lp_riscv_top/lp_riscv/i_riscv_core/id_stage_i/controller_i/mux_halt_id_o_188_18/in_4[0] 	 (fanout : 1)
hpin:lp_riscv_top/lp_riscv/i_riscv_core/id_stage_i/controller_i/ctl_268_27/in_0 	 (fanout : 4)
hpin:lp_riscv_top/lp_riscv/i_riscv_core/id_stage_i/controller_i/mux_halt_id_o_268_27/in_0 	 (fanout : 1)
hpin:lp_riscv_top/lp_riscv/i_riscv_core/id_stage_i/controller_i/mux_halt_id_o_268_27/in_1 	 (fanout : 1)
hpin:lp_riscv_top/lp_riscv/i_riscv_core/id_stage_i/controller_i/mux_halt_id_o_268_27/in_2 	 (fanout : 1)
hpin:lp_riscv_top/lp_riscv/i_riscv_core/id_stage_i/controller_i/mux_halt_id_o_268_27/in_3 	 (fanout : 1)
hpin:lp_riscv_top/lp_riscv/i_riscv_core/id_stage_i/controller_i/mux_halt_id_o_268_27/in_4 	 (fanout : 1)
hpin:lp_riscv_top/lp_riscv/i_riscv_core/id_stage_i/controller_i/mux_halt_if_o_325_20/in_0 	 (fanout : 1)
hpin:lp_riscv_top/lp_riscv/i_riscv_core/id_stage_i/controller_i/mux_halt_if_o_325_20/in_1 	 (fanout : 1)
hpin:lp_riscv_top/lp_riscv/i_riscv_core/id_stage_i/controller_i/mux_halt_if_o_318_28/in_1 	 (fanout : 1)
hpin:lp_riscv_top/lp_riscv/i_riscv_core/id_stage_i/controller_i/mux_halt_if_o_268_27/in_0 	 (fanout : 1)
hpin:lp_riscv_top/lp_riscv/i_riscv_core/id_stage_i/controller_i/mux_halt_if_o_453_15/in_0 	 (fanout : 1)
hpin:lp_riscv_top/lp_riscv/i_riscv_core/id_stage_i/controller_i/mux_halt_if_o_453_15/in_1 	 (fanout : 1)
hpin:lp_riscv_top/lp_riscv/i_riscv_core/id_stage_i/controller_i/mux_halt_if_o_452_12/in_0 	 (fanout : 1)
hpin:lp_riscv_top/lp_riscv/i_riscv_core/id_stage_i/controller_i/mux_operand_c_fw_mux_sel_o_538_31/in_0 	 (fanout : 1)
hpin:lp_riscv_top/lp_riscv/i_riscv_core/id_stage_i/controller_i/mux_operand_c_fw_mux_sel_o_538_31/in_1 	 (fanout : 1)
hpin:lp_riscv_top/lp_riscv/i_riscv_core/id_stage_i/controller_i/mux_operand_c_fw_mux_sel_o_532_25/in_0 	 (fanout : 1)
hpin:lp_riscv_top/lp_riscv/i_riscv_core/id_stage_i/controller_i/mux_operand_c_fw_mux_sel_o_543_29/in_0[0] 	 (fanout : 1)
hpin:lp_riscv_top/lp_riscv/i_riscv_core/id_stage_i/controller_i/mux_operand_c_fw_mux_sel_o_543_29/in_1[1] 	 (fanout : 1)
hpin:lp_riscv_top/lp_riscv/i_riscv_core/id_stage_i/controller_i/mux_operand_c_fw_mux_sel_o_543_29/in_1[0] 	 (fanout : 1)
hpin:lp_riscv_top/lp_riscv/i_riscv_core/id_stage_i/controller_i/mux_operand_c_fw_mux_sel_o_558_18/in_1[1] 	 (fanout : 1)
hpin:lp_riscv_top/lp_riscv/i_riscv_core/id_stage_i/controller_i/mux_operand_c_fw_mux_sel_o_558_18/in_1[0] 	 (fanout : 1)
hpin:lp_riscv_top/lp_riscv/i_riscv_core/id_stage_i/controller_i/ctl_data_misaligned_i_554_9/in_0 	 (fanout : 4)
hpin:lp_riscv_top/lp_riscv/i_riscv_core/id_stage_i/controller_i/mux_operand_b_fw_mux_sel_o_554_9/in_0[1] 	 (fanout : 1)
hpin:lp_riscv_top/lp_riscv/i_riscv_core/id_stage_i/controller_i/mux_operand_b_fw_mux_sel_o_554_9/in_0[0] 	 (fanout : 1)
hpin:lp_riscv_top/lp_riscv/i_riscv_core/id_stage_i/controller_i/mux_operand_b_fw_mux_sel_o_554_9/in_1[1] 	 (fanout : 1)
hpin:lp_riscv_top/lp_riscv/i_riscv_core/id_stage_i/controller_i/mux_operand_b_fw_mux_sel_o_554_9/in_1[0] 	 (fanout : 1)
hpin:lp_riscv_top/lp_riscv/i_riscv_core/id_stage_i/controller_i/mux_operand_b_fw_mux_sel_o_554_9/in_2[1] 	 (fanout : 1)
hpin:lp_riscv_top/lp_riscv/i_riscv_core/id_stage_i/controller_i/mux_operand_b_fw_mux_sel_o_554_9/in_2[0] 	 (fanout : 1)
hpin:lp_riscv_top/lp_riscv/i_riscv_core/id_stage_i/controller_i/mux_operand_b_fw_mux_sel_o_554_9/in_3[1] 	 (fanout : 1)
hpin:lp_riscv_top/lp_riscv/i_riscv_core/id_stage_i/controller_i/mux_operand_b_fw_mux_sel_o_554_9/in_3[0] 	 (fanout : 1)
hpin:lp_riscv_top/lp_riscv/i_riscv_core/id_stage_i/controller_i/mux_operand_b_fw_mux_sel_o_554_9/in_4[1] 	 (fanout : 1)
hpin:lp_riscv_top/lp_riscv/i_riscv_core/id_stage_i/controller_i/mux_operand_b_fw_mux_sel_o_554_9/in_4[0] 	 (fanout : 1)
hpin:lp_riscv_top/lp_riscv/i_riscv_core/id_stage_i/controller_i/ctl_data_misaligned_i_554_68/in_0 	 (fanout : 4)
hpin:lp_riscv_top/lp_riscv/i_riscv_core/id_stage_i/controller_i/mux_operand_a_fw_mux_sel_o_554_9/in_0[1] 	 (fanout : 1)
hpin:lp_riscv_top/lp_riscv/i_riscv_core/id_stage_i/controller_i/mux_operand_a_fw_mux_sel_o_554_9/in_0[0] 	 (fanout : 1)
hpin:lp_riscv_top/lp_riscv/i_riscv_core/id_stage_i/controller_i/mux_operand_a_fw_mux_sel_o_554_9/in_1[1] 	 (fanout : 1)
hpin:lp_riscv_top/lp_riscv/i_riscv_core/id_stage_i/controller_i/mux_operand_a_fw_mux_sel_o_554_9/in_1[0] 	 (fanout : 1)
hpin:lp_riscv_top/lp_riscv/i_riscv_core/id_stage_i/controller_i/mux_operand_a_fw_mux_sel_o_554_9/in_2[1] 	 (fanout : 1)
hpin:lp_riscv_top/lp_riscv/i_riscv_core/id_stage_i/controller_i/mux_operand_a_fw_mux_sel_o_554_9/in_2[0] 	 (fanout : 1)
hpin:lp_riscv_top/lp_riscv/i_riscv_core/id_stage_i/controller_i/mux_operand_a_fw_mux_sel_o_554_9/in_3[1] 	 (fanout : 1)
hpin:lp_riscv_top/lp_riscv/i_riscv_core/id_stage_i/controller_i/mux_operand_a_fw_mux_sel_o_554_9/in_3[0] 	 (fanout : 1)
hpin:lp_riscv_top/lp_riscv/i_riscv_core/id_stage_i/controller_i/mux_operand_a_fw_mux_sel_o_554_9/in_4[1] 	 (fanout : 1)
hpin:lp_riscv_top/lp_riscv/i_riscv_core/id_stage_i/controller_i/mux_operand_a_fw_mux_sel_o_554_9/in_4[0] 	 (fanout : 1)
hpin:lp_riscv_top/lp_riscv/i_riscv_core/id_stage_i/controller_i/mux_cmbsop_ctrl_busy_o_188_18/in_0[2] 	 (fanout : 1)
hpin:lp_riscv_top/lp_riscv/i_riscv_core/id_stage_i/controller_i/mux_cmbsop_ctrl_busy_o_188_18/in_0[1] 	 (fanout : 1)
hpin:lp_riscv_top/lp_riscv/i_riscv_core/id_stage_i/controller_i/mux_cmbsop_ctrl_busy_o_188_18/in_0[0] 	 (fanout : 1)
hpin:lp_riscv_top/lp_riscv/i_riscv_core/id_stage_i/controller_i/mux_cmbsop_ctrl_busy_o_188_18/in_1[2] 	 (fanout : 1)
hpin:lp_riscv_top/lp_riscv/i_riscv_core/id_stage_i/controller_i/mux_cmbsop_ctrl_busy_o_188_18/in_1[1] 	 (fanout : 1)
hpin:lp_riscv_top/lp_riscv/i_riscv_core/id_stage_i/controller_i/mux_cmbsop_ctrl_busy_o_188_18/in_1[0] 	 (fanout : 1)
hpin:lp_riscv_top/lp_riscv/i_riscv_core/id_stage_i/controller_i/mux_cmbsop_ctrl_busy_o_188_18/in_2[2] 	 (fanout : 1)
hpin:lp_riscv_top/lp_riscv/i_riscv_core/id_stage_i/controller_i/mux_cmbsop_ctrl_busy_o_188_18/in_2[1] 	 (fanout : 1)
hpin:lp_riscv_top/lp_riscv/i_riscv_core/id_stage_i/controller_i/mux_cmbsop_ctrl_busy_o_188_18/in_2[0] 	 (fanout : 1)
hpin:lp_riscv_top/lp_riscv/i_riscv_core/id_stage_i/controller_i/mux_cmbsop_ctrl_busy_o_188_18/in_3[2] 	 (fanout : 1)
hpin:lp_riscv_top/lp_riscv/i_riscv_core/id_stage_i/controller_i/mux_cmbsop_ctrl_busy_o_188_18/in_3[1] 	 (fanout : 1)
hpin:lp_riscv_top/lp_riscv/i_riscv_core/id_stage_i/controller_i/mux_cmbsop_ctrl_busy_o_188_18/in_3[0] 	 (fanout : 1)
hpin:lp_riscv_top/lp_riscv/i_riscv_core/id_stage_i/controller_i/mux_cmbsop_ctrl_busy_o_188_18/in_4[2] 	 (fanout : 1)
hpin:lp_riscv_top/lp_riscv/i_riscv_core/id_stage_i/controller_i/mux_cmbsop_ctrl_busy_o_188_18/in_4[1] 	 (fanout : 1)
hpin:lp_riscv_top/lp_riscv/i_riscv_core/id_stage_i/controller_i/mux_cmbsop_ctrl_busy_o_188_18/in_4[0] 	 (fanout : 1)
hpin:lp_riscv_top/lp_riscv/i_riscv_core/id_stage_i/controller_i/mux_cmbsop_ctrl_busy_o_188_18/in_5[2] 	 (fanout : 1)
hpin:lp_riscv_top/lp_riscv/i_riscv_core/id_stage_i/controller_i/mux_cmbsop_ctrl_busy_o_188_18/in_5[1] 	 (fanout : 1)
hpin:lp_riscv_top/lp_riscv/i_riscv_core/id_stage_i/controller_i/mux_cmbsop_ctrl_busy_o_188_18/in_5[0] 	 (fanout : 1)
hpin:lp_riscv_top/lp_riscv/i_riscv_core/id_stage_i/controller_i/mux_cmbsop_ctrl_busy_o_188_18/in_6[2] 	 (fanout : 1)
hpin:lp_riscv_top/lp_riscv/i_riscv_core/id_stage_i/controller_i/mux_cmbsop_ctrl_busy_o_188_18/in_6[1] 	 (fanout : 1)
hpin:lp_riscv_top/lp_riscv/i_riscv_core/id_stage_i/controller_i/mux_cmbsop_ctrl_busy_o_188_18/in_6[0] 	 (fanout : 1)
hpin:lp_riscv_top/lp_riscv/i_riscv_core/id_stage_i/controller_i/mux_cmbsop_ctrl_busy_o_188_18/in_7[2] 	 (fanout : 1)
hpin:lp_riscv_top/lp_riscv/i_riscv_core/id_stage_i/controller_i/mux_cmbsop_ctrl_busy_o_188_18/in_7[1] 	 (fanout : 1)
hpin:lp_riscv_top/lp_riscv/i_riscv_core/id_stage_i/controller_i/mux_cmbsop_ctrl_busy_o_188_18/in_7[0] 	 (fanout : 1)
hpin:lp_riscv_top/lp_riscv/i_riscv_core/id_stage_i/controller_i/mux_cmbsop_ctrl_busy_o_188_18/in_8[2] 	 (fanout : 1)
hpin:lp_riscv_top/lp_riscv/i_riscv_core/id_stage_i/controller_i/mux_cmbsop_ctrl_busy_o_188_18/in_8[1] 	 (fanout : 1)
hpin:lp_riscv_top/lp_riscv/i_riscv_core/id_stage_i/controller_i/mux_cmbsop_ctrl_busy_o_188_18/in_8[0] 	 (fanout : 1)
hpin:lp_riscv_top/lp_riscv/i_riscv_core/id_stage_i/controller_i/mux_cmbsop_ctrl_busy_o_188_18/in_9[2] 	 (fanout : 1)
hpin:lp_riscv_top/lp_riscv/i_riscv_core/id_stage_i/controller_i/mux_cmbsop_ctrl_busy_o_188_18/in_9[1] 	 (fanout : 1)
hpin:lp_riscv_top/lp_riscv/i_riscv_core/id_stage_i/controller_i/mux_cmbsop_ctrl_busy_o_188_18/in_9[0] 	 (fanout : 1)
hpin:lp_riscv_top/lp_riscv/i_riscv_core/id_stage_i/controller_i/mux_cmbsop_ctrl_busy_o_188_18/in_10[2] 	 (fanout : 1)
hpin:lp_riscv_top/lp_riscv/i_riscv_core/id_stage_i/controller_i/mux_cmbsop_ctrl_busy_o_188_18/in_10[1] 	 (fanout : 1)
hpin:lp_riscv_top/lp_riscv/i_riscv_core/id_stage_i/controller_i/mux_cmbsop_ctrl_busy_o_188_18/in_10[0] 	 (fanout : 1)
hpin:lp_riscv_top/lp_riscv/i_riscv_core/id_stage_i/controller_i/mux_cmbsop_ctrl_busy_o_188_18/in_11[2] 	 (fanout : 1)
hpin:lp_riscv_top/lp_riscv/i_riscv_core/id_stage_i/controller_i/mux_cmbsop_ctrl_busy_o_188_18/in_11[1] 	 (fanout : 1)
hpin:lp_riscv_top/lp_riscv/i_riscv_core/id_stage_i/controller_i/mux_cmbsop_ctrl_busy_o_188_18/in_11[0] 	 (fanout : 1)
hpin:lp_riscv_top/lp_riscv/i_riscv_core/id_stage_i/controller_i/mux_cmbsop_ctrl_busy_o_188_18/in_12[2] 	 (fanout : 1)
hpin:lp_riscv_top/lp_riscv/i_riscv_core/id_stage_i/controller_i/mux_cmbsop_ctrl_busy_o_188_18/in_12[1] 	 (fanout : 1)
hpin:lp_riscv_top/lp_riscv/i_riscv_core/id_stage_i/controller_i/mux_cmbsop_ctrl_busy_o_188_18/in_12[0] 	 (fanout : 1)
hpin:lp_riscv_top/lp_riscv/i_riscv_core/id_stage_i/controller_i/mux_exc_restore_id_o_305_15/in_0 	 (fanout : 1)
hpin:lp_riscv_top/lp_riscv/i_riscv_core/id_stage_i/controller_i/mux_exc_restore_id_o_305_15/in_1 	 (fanout : 1)
hpin:lp_riscv_top/lp_riscv/i_riscv_core/id_stage_i/controller_i/mux_exc_restore_id_o_268_27/in_0 	 (fanout : 1)
hpin:lp_riscv_top/lp_riscv/i_riscv_core/id_stage_i/controller_i/mux_exc_restore_id_o_188_18/in_1 	 (fanout : 1)
hpin:lp_riscv_top/lp_riscv/i_riscv_core/id_stage_i/controller_i/mux_exc_save_id_o_290_17/in_0 	 (fanout : 1)
hpin:lp_riscv_top/lp_riscv/i_riscv_core/id_stage_i/controller_i/mux_exc_save_id_o_290_17/in_1 	 (fanout : 1)
hpin:lp_riscv_top/lp_riscv/i_riscv_core/id_stage_i/controller_i/mux_exc_save_id_o_276_44/in_1 	 (fanout : 1)
hpin:lp_riscv_top/lp_riscv/i_riscv_core/id_stage_i/controller_i/mux_exc_save_id_o_268_27/in_0 	 (fanout : 1)
hpin:lp_riscv_top/lp_riscv/i_riscv_core/id_stage_i/controller_i/mux_exc_save_id_o_188_18/in_1 	 (fanout : 1)
hpin:lp_riscv_top/lp_riscv/i_riscv_core/id_stage_i/controller_i/mux_exc_save_if_o_250_13/in_0 	 (fanout : 1)
hpin:lp_riscv_top/lp_riscv/i_riscv_core/id_stage_i/controller_i/mux_exc_save_if_o_250_13/in_1 	 (fanout : 1)
hpin:lp_riscv_top/lp_riscv/i_riscv_core/id_stage_i/controller_i/mux_exc_save_if_o_188_18/in_1 	 (fanout : 1)
hpin:lp_riscv_top/lp_riscv/i_riscv_core/id_stage_i/controller_i/mux_exc_ack_o_250_13/in_0 	 (fanout : 1)
hpin:lp_riscv_top/lp_riscv/i_riscv_core/id_stage_i/controller_i/mux_exc_ack_o_250_13/in_1 	 (fanout : 1)
hpin:lp_riscv_top/lp_riscv/i_riscv_core/id_stage_i/controller_i/mux_exc_ack_o_290_17/in_0 	 (fanout : 1)
hpin:lp_riscv_top/lp_riscv/i_riscv_core/id_stage_i/controller_i/mux_exc_ack_o_290_17/in_1 	 (fanout : 1)
hpin:lp_riscv_top/lp_riscv/i_riscv_core/id_stage_i/controller_i/mux_exc_ack_o_276_44/in_1 	 (fanout : 1)
hpin:lp_riscv_top/lp_riscv/i_riscv_core/id_stage_i/controller_i/mux_exc_ack_o_268_27/in_0 	 (fanout : 1)
hpin:lp_riscv_top/lp_riscv/i_riscv_core/id_stage_i/controller_i/mux_exc_ack_o_188_18/in_2 	 (fanout : 1)
hpin:lp_riscv_top/lp_riscv/i_riscv_core/id_stage_i/controller_i/mux_pc_mux_o_250_13/in_0 	 (fanout : 1)
hpin:lp_riscv_top/lp_riscv/i_riscv_core/id_stage_i/controller_i/mux_pc_mux_o_250_13/in_1 	 (fanout : 1)
hpin:lp_riscv_top/lp_riscv/i_riscv_core/id_stage_i/controller_i/ctl_branch_taken_ex_i_353_13/in_0 	 (fanout : 5)
hpin:lp_riscv_top/lp_riscv/i_riscv_core/id_stage_i/controller_i/mux_pc_mux_o_353_13/in_0[2] 	 (fanout : 1)
hpin:lp_riscv_top/lp_riscv/i_riscv_core/id_stage_i/controller_i/mux_pc_mux_o_353_13/in_0[1] 	 (fanout : 1)
hpin:lp_riscv_top/lp_riscv/i_riscv_core/id_stage_i/controller_i/mux_pc_mux_o_353_13/in_0[0] 	 (fanout : 1)
hpin:lp_riscv_top/lp_riscv/i_riscv_core/id_stage_i/controller_i/mux_pc_mux_o_353_13/in_1[2] 	 (fanout : 1)
hpin:lp_riscv_top/lp_riscv/i_riscv_core/id_stage_i/controller_i/mux_pc_mux_o_353_13/in_1[1] 	 (fanout : 1)
hpin:lp_riscv_top/lp_riscv/i_riscv_core/id_stage_i/controller_i/mux_pc_mux_o_353_13/in_1[0] 	 (fanout : 1)
hpin:lp_riscv_top/lp_riscv/i_riscv_core/id_stage_i/controller_i/mux_pc_mux_o_353_13/in_2[2] 	 (fanout : 1)
hpin:lp_riscv_top/lp_riscv/i_riscv_core/id_stage_i/controller_i/mux_pc_mux_o_353_13/in_2[1] 	 (fanout : 1)
hpin:lp_riscv_top/lp_riscv/i_riscv_core/id_stage_i/controller_i/mux_pc_mux_o_353_13/in_2[0] 	 (fanout : 1)
hpin:lp_riscv_top/lp_riscv/i_riscv_core/id_stage_i/controller_i/mux_pc_mux_o_353_13/in_3[2] 	 (fanout : 1)
hpin:lp_riscv_top/lp_riscv/i_riscv_core/id_stage_i/controller_i/mux_pc_mux_o_353_13/in_3[1] 	 (fanout : 1)
hpin:lp_riscv_top/lp_riscv/i_riscv_core/id_stage_i/controller_i/mux_pc_mux_o_353_13/in_3[0] 	 (fanout : 1)
hpin:lp_riscv_top/lp_riscv/i_riscv_core/id_stage_i/controller_i/mux_pc_mux_o_353_13/in_4[2] 	 (fanout : 1)
hpin:lp_riscv_top/lp_riscv/i_riscv_core/id_stage_i/controller_i/mux_pc_mux_o_353_13/in_4[1] 	 (fanout : 1)
hpin:lp_riscv_top/lp_riscv/i_riscv_core/id_stage_i/controller_i/mux_pc_mux_o_353_13/in_4[0] 	 (fanout : 1)
hpin:lp_riscv_top/lp_riscv/i_riscv_core/id_stage_i/controller_i/mux_pc_mux_o_353_13/in_5[2] 	 (fanout : 1)
hpin:lp_riscv_top/lp_riscv/i_riscv_core/id_stage_i/controller_i/mux_pc_mux_o_353_13/in_5[1] 	 (fanout : 1)
hpin:lp_riscv_top/lp_riscv/i_riscv_core/id_stage_i/controller_i/mux_pc_mux_o_353_13/in_5[0] 	 (fanout : 1)
hpin:lp_riscv_top/lp_riscv/i_riscv_core/id_stage_i/controller_i/mux_pc_mux_o_375_13/in_0[1] 	 (fanout : 1)
hpin:lp_riscv_top/lp_riscv/i_riscv_core/id_stage_i/controller_i/mux_pc_mux_o_375_13/in_0[0] 	 (fanout : 1)
hpin:lp_riscv_top/lp_riscv/i_riscv_core/id_stage_i/controller_i/mux_pc_mux_o_375_13/in_1[1] 	 (fanout : 1)
hpin:lp_riscv_top/lp_riscv/i_riscv_core/id_stage_i/controller_i/mux_pc_mux_o_375_13/in_1[0] 	 (fanout : 1)
hpin:lp_riscv_top/lp_riscv/i_riscv_core/id_stage_i/controller_i/mux_pc_mux_o_408_13/in_0[2] 	 (fanout : 1)
hpin:lp_riscv_top/lp_riscv/i_riscv_core/id_stage_i/controller_i/mux_pc_mux_o_408_13/in_0[1] 	 (fanout : 1)
hpin:lp_riscv_top/lp_riscv/i_riscv_core/id_stage_i/controller_i/mux_pc_mux_o_408_13/in_0[0] 	 (fanout : 1)
hpin:lp_riscv_top/lp_riscv/i_riscv_core/id_stage_i/controller_i/mux_pc_mux_o_408_13/in_1[2] 	 (fanout : 1)
hpin:lp_riscv_top/lp_riscv/i_riscv_core/id_stage_i/controller_i/mux_pc_mux_o_408_13/in_1[1] 	 (fanout : 1)
hpin:lp_riscv_top/lp_riscv/i_riscv_core/id_stage_i/controller_i/mux_pc_mux_o_408_13/in_1[0] 	 (fanout : 1)
hpin:lp_riscv_top/lp_riscv/i_riscv_core/id_stage_i/controller_i/mux_pc_mux_o_425_13/in_0[2] 	 (fanout : 1)
hpin:lp_riscv_top/lp_riscv/i_riscv_core/id_stage_i/controller_i/mux_pc_mux_o_425_13/in_0[1] 	 (fanout : 1)
hpin:lp_riscv_top/lp_riscv/i_riscv_core/id_stage_i/controller_i/mux_pc_mux_o_425_13/in_0[0] 	 (fanout : 1)
hpin:lp_riscv_top/lp_riscv/i_riscv_core/id_stage_i/controller_i/mux_pc_mux_o_425_13/in_1[2] 	 (fanout : 1)
hpin:lp_riscv_top/lp_riscv/i_riscv_core/id_stage_i/controller_i/mux_pc_mux_o_425_13/in_1[1] 	 (fanout : 1)
hpin:lp_riscv_top/lp_riscv/i_riscv_core/id_stage_i/controller_i/mux_pc_mux_o_425_13/in_1[0] 	 (fanout : 1)
hpin:lp_riscv_top/lp_riscv/i_riscv_core/id_stage_i/controller_i/mux_pc_mux_o_188_18/in_0[2] 	 (fanout : 1)
hpin:lp_riscv_top/lp_riscv/i_riscv_core/id_stage_i/controller_i/mux_pc_mux_o_188_18/in_0[1] 	 (fanout : 1)
hpin:lp_riscv_top/lp_riscv/i_riscv_core/id_stage_i/controller_i/mux_pc_mux_o_188_18/in_0[0] 	 (fanout : 1)
hpin:lp_riscv_top/lp_riscv/i_riscv_core/id_stage_i/controller_i/mux_pc_mux_o_188_18/in_1[1] 	 (fanout : 1)
hpin:lp_riscv_top/lp_riscv/i_riscv_core/id_stage_i/controller_i/mux_pc_mux_o_188_18/in_1[0] 	 (fanout : 1)
hpin:lp_riscv_top/lp_riscv/i_riscv_core/id_stage_i/controller_i/mux_pc_mux_o_188_18/in_3[2] 	 (fanout : 1)
hpin:lp_riscv_top/lp_riscv/i_riscv_core/id_stage_i/controller_i/mux_pc_mux_o_188_18/in_6[2] 	 (fanout : 1)
hpin:lp_riscv_top/lp_riscv/i_riscv_core/id_stage_i/controller_i/mux_pc_mux_o_188_18/in_6[1] 	 (fanout : 1)
hpin:lp_riscv_top/lp_riscv/i_riscv_core/id_stage_i/controller_i/mux_pc_mux_o_188_18/in_6[0] 	 (fanout : 1)
hpin:lp_riscv_top/lp_riscv/i_riscv_core/id_stage_i/controller_i/mux_pc_set_o_250_13/in_0 	 (fanout : 1)
hpin:lp_riscv_top/lp_riscv/i_riscv_core/id_stage_i/controller_i/mux_pc_set_o_250_13/in_1 	 (fanout : 1)
hpin:lp_riscv_top/lp_riscv/i_riscv_core/id_stage_i/controller_i/mux_pc_set_o_280_31/in_0 	 (fanout : 1)
hpin:lp_riscv_top/lp_riscv/i_riscv_core/id_stage_i/controller_i/mux_pc_set_o_280_31/in_1 	 (fanout : 1)
hpin:lp_riscv_top/lp_riscv/i_riscv_core/id_stage_i/controller_i/mux_pc_set_o_290_17/in_0 	 (fanout : 1)
hpin:lp_riscv_top/lp_riscv/i_riscv_core/id_stage_i/controller_i/mux_pc_set_o_290_17/in_1 	 (fanout : 1)
hpin:lp_riscv_top/lp_riscv/i_riscv_core/id_stage_i/controller_i/mux_pc_set_o_309_18/in_1 	 (fanout : 1)
hpin:lp_riscv_top/lp_riscv/i_riscv_core/id_stage_i/controller_i/mux_pc_set_o_268_27/in_0 	 (fanout : 1)
hpin:lp_riscv_top/lp_riscv/i_riscv_core/id_stage_i/controller_i/mux_pc_set_o_353_13/in_1 	 (fanout : 1)
hpin:lp_riscv_top/lp_riscv/i_riscv_core/id_stage_i/controller_i/mux_pc_set_o_375_13/in_0 	 (fanout : 1)
hpin:lp_riscv_top/lp_riscv/i_riscv_core/id_stage_i/controller_i/mux_pc_set_o_375_13/in_1 	 (fanout : 1)
hpin:lp_riscv_top/lp_riscv/i_riscv_core/id_stage_i/controller_i/mux_pc_set_o_408_13/in_0 	 (fanout : 1)
hpin:lp_riscv_top/lp_riscv/i_riscv_core/id_stage_i/controller_i/mux_pc_set_o_408_13/in_1 	 (fanout : 1)
hpin:lp_riscv_top/lp_riscv/i_riscv_core/id_stage_i/controller_i/mux_pc_set_o_425_13/in_0 	 (fanout : 1)
hpin:lp_riscv_top/lp_riscv/i_riscv_core/id_stage_i/controller_i/mux_pc_set_o_425_13/in_1 	 (fanout : 1)
hpin:lp_riscv_top/lp_riscv/i_riscv_core/id_stage_i/controller_i/mux_pc_set_o_188_18/in_0 	 (fanout : 1)
hpin:lp_riscv_top/lp_riscv/i_riscv_core/id_stage_i/controller_i/mux_pc_set_o_188_18/in_6 	 (fanout : 1)
hpin:lp_riscv_top/lp_riscv/i_riscv_core/id_stage_i/controller_i/mux_is_decoding_o_268_27/in_0 	 (fanout : 1)
hpin:lp_riscv_top/lp_riscv/i_riscv_core/id_stage_i/controller_i/mux_is_decoding_o_268_27/in_1 	 (fanout : 1)
hpin:lp_riscv_top/lp_riscv/i_riscv_core/id_stage_i/controller_i/mux_is_decoding_o_353_13/in_1 	 (fanout : 1)
hpin:lp_riscv_top/lp_riscv/i_riscv_core/id_stage_i/controller_i/mux_is_decoding_o_188_18/in_1 	 (fanout : 1)
hpin:lp_riscv_top/lp_riscv/i_riscv_core/id_stage_i/controller_i/ctl_509_40/in_0 	 (fanout : 4)
hpin:lp_riscv_top/lp_riscv/i_riscv_core/id_stage_i/controller_i/mux_deassert_we_o_509_40/in_0 	 (fanout : 1)
hpin:lp_riscv_top/lp_riscv/i_riscv_core/id_stage_i/controller_i/mux_deassert_we_o_509_40/in_1 	 (fanout : 1)
hpin:lp_riscv_top/lp_riscv/i_riscv_core/id_stage_i/controller_i/mux_deassert_we_o_509_40/in_2 	 (fanout : 1)
hpin:lp_riscv_top/lp_riscv/i_riscv_core/id_stage_i/controller_i/mux_deassert_we_o_509_40/in_3 	 (fanout : 1)
hpin:lp_riscv_top/lp_riscv/i_riscv_core/id_stage_i/controller_i/mux_deassert_we_o_509_40/in_4 	 (fanout : 1)
hpin:lp_riscv_top/lp_riscv/i_riscv_core/id_stage_i/controller_i/mux_halt_if_o_188_18/in_0[2] 	 (fanout : 1)
hpin:lp_riscv_top/lp_riscv/i_riscv_core/id_stage_i/controller_i/mux_halt_if_o_188_18/in_0[1] 	 (fanout : 1)
hpin:lp_riscv_top/lp_riscv/i_riscv_core/id_stage_i/controller_i/mux_halt_if_o_188_18/in_0[0] 	 (fanout : 1)
hpin:lp_riscv_top/lp_riscv/i_riscv_core/id_stage_i/controller_i/mux_halt_if_o_188_18/in_1[2] 	 (fanout : 1)
hpin:lp_riscv_top/lp_riscv/i_riscv_core/id_stage_i/controller_i/mux_halt_if_o_188_18/in_1[1] 	 (fanout : 1)
hpin:lp_riscv_top/lp_riscv/i_riscv_core/id_stage_i/controller_i/mux_halt_if_o_188_18/in_2[2] 	 (fanout : 1)
hpin:lp_riscv_top/lp_riscv/i_riscv_core/id_stage_i/controller_i/mux_halt_if_o_188_18/in_2[1] 	 (fanout : 1)
hpin:lp_riscv_top/lp_riscv/i_riscv_core/id_stage_i/controller_i/mux_halt_if_o_188_18/in_2[0] 	 (fanout : 1)
hpin:lp_riscv_top/lp_riscv/i_riscv_core/id_stage_i/controller_i/mux_halt_if_o_188_18/in_3[2] 	 (fanout : 1)
hpin:lp_riscv_top/lp_riscv/i_riscv_core/id_stage_i/controller_i/mux_halt_if_o_188_18/in_3[1] 	 (fanout : 1)
hpin:lp_riscv_top/lp_riscv/i_riscv_core/id_stage_i/controller_i/mux_halt_if_o_188_18/in_3[0] 	 (fanout : 1)
hpin:lp_riscv_top/lp_riscv/i_riscv_core/id_stage_i/controller_i/mux_halt_if_o_188_18/in_4[2] 	 (fanout : 1)
hpin:lp_riscv_top/lp_riscv/i_riscv_core/id_stage_i/controller_i/mux_halt_if_o_188_18/in_4[1] 	 (fanout : 1)
hpin:lp_riscv_top/lp_riscv/i_riscv_core/id_stage_i/controller_i/mux_halt_if_o_188_18/in_4[0] 	 (fanout : 1)
hpin:lp_riscv_top/lp_riscv/i_riscv_core/id_stage_i/controller_i/mux_halt_if_o_188_18/in_5[2] 	 (fanout : 1)
hpin:lp_riscv_top/lp_riscv/i_riscv_core/id_stage_i/controller_i/mux_halt_if_o_188_18/in_5[1] 	 (fanout : 1)
hpin:lp_riscv_top/lp_riscv/i_riscv_core/id_stage_i/controller_i/mux_halt_if_o_188_18/in_5[0] 	 (fanout : 1)
hpin:lp_riscv_top/lp_riscv/i_riscv_core/id_stage_i/controller_i/mux_halt_if_o_188_18/in_6[2] 	 (fanout : 1)
hpin:lp_riscv_top/lp_riscv/i_riscv_core/id_stage_i/controller_i/mux_halt_if_o_188_18/in_6[1] 	 (fanout : 1)
hpin:lp_riscv_top/lp_riscv/i_riscv_core/id_stage_i/controller_i/mux_halt_if_o_188_18/in_6[0] 	 (fanout : 1)
hpin:lp_riscv_top/lp_riscv/i_riscv_core/id_stage_i/controller_i/mux_halt_if_o_188_18/in_7[2] 	 (fanout : 1)
hpin:lp_riscv_top/lp_riscv/i_riscv_core/id_stage_i/controller_i/mux_halt_if_o_188_18/in_7[1] 	 (fanout : 1)
hpin:lp_riscv_top/lp_riscv/i_riscv_core/id_stage_i/controller_i/mux_halt_if_o_188_18/in_7[0] 	 (fanout : 1)
hpin:lp_riscv_top/lp_riscv/i_riscv_core/id_stage_i/controller_i/mux_halt_if_o_188_18/in_8[2] 	 (fanout : 1)
hpin:lp_riscv_top/lp_riscv/i_riscv_core/id_stage_i/controller_i/mux_halt_if_o_188_18/in_8[1] 	 (fanout : 1)
hpin:lp_riscv_top/lp_riscv/i_riscv_core/id_stage_i/controller_i/mux_halt_if_o_188_18/in_9[2] 	 (fanout : 1)
hpin:lp_riscv_top/lp_riscv/i_riscv_core/id_stage_i/controller_i/mux_halt_if_o_188_18/in_9[1] 	 (fanout : 1)
hpin:lp_riscv_top/lp_riscv/i_riscv_core/id_stage_i/controller_i/mux_halt_if_o_188_18/in_9[0] 	 (fanout : 1)
hpin:lp_riscv_top/lp_riscv/i_riscv_core/id_stage_i/controller_i/mux_ctrl_fsm_ns_188_18/in_1[3] 	 (fanout : 1)
hpin:lp_riscv_top/lp_riscv/i_riscv_core/id_stage_i/controller_i/mux_ctrl_fsm_ns_188_18/in_1[2] 	 (fanout : 1)
hpin:lp_riscv_top/lp_riscv/i_riscv_core/id_stage_i/controller_i/mux_ctrl_fsm_ns_188_18/in_1[1] 	 (fanout : 1)
hpin:lp_riscv_top/lp_riscv/i_riscv_core/id_stage_i/controller_i/mux_ctrl_fsm_ns_188_18/in_1[0] 	 (fanout : 1)
hpin:lp_riscv_top/lp_riscv/i_riscv_core/id_stage_i/controller_i/mux_ctrl_fsm_ns_188_18/in_5[3] 	 (fanout : 1)
hpin:lp_riscv_top/lp_riscv/i_riscv_core/id_stage_i/controller_i/mux_ctrl_fsm_ns_188_18/in_5[2] 	 (fanout : 1)
hpin:lp_riscv_top/lp_riscv/i_riscv_core/id_stage_i/controller_i/mux_ctrl_fsm_ns_188_18/in_5[1] 	 (fanout : 1)
hpin:lp_riscv_top/lp_riscv/i_riscv_core/id_stage_i/controller_i/mux_ctrl_fsm_ns_188_18/in_5[0] 	 (fanout : 1)
hpin:lp_riscv_top/lp_riscv/i_riscv_core/id_stage_i/controller_i/mux_ctrl_fsm_ns_188_18/in_6[3] 	 (fanout : 1)
hpin:lp_riscv_top/lp_riscv/i_riscv_core/id_stage_i/controller_i/mux_ctrl_fsm_ns_188_18/in_6[2] 	 (fanout : 1)
hpin:lp_riscv_top/lp_riscv/i_riscv_core/id_stage_i/controller_i/mux_ctrl_fsm_ns_188_18/in_6[1] 	 (fanout : 1)
hpin:lp_riscv_top/lp_riscv/i_riscv_core/id_stage_i/controller_i/mux_ctrl_fsm_ns_188_18/in_6[0] 	 (fanout : 1)
hpin:lp_riscv_top/lp_riscv/i_riscv_core/id_stage_i/controller_i/mux_ctrl_fsm_ns_188_18/in_7[3] 	 (fanout : 1)
hpin:lp_riscv_top/lp_riscv/i_riscv_core/id_stage_i/controller_i/mux_ctrl_fsm_ns_188_18/in_7[2] 	 (fanout : 1)
hpin:lp_riscv_top/lp_riscv/i_riscv_core/id_stage_i/controller_i/mux_ctrl_fsm_ns_188_18/in_7[1] 	 (fanout : 1)
hpin:lp_riscv_top/lp_riscv/i_riscv_core/id_stage_i/controller_i/mux_ctrl_fsm_ns_188_18/in_7[0] 	 (fanout : 1)
hpin:lp_riscv_top/lp_riscv/i_riscv_core/id_stage_i/controller_i/mux_ctrl_fsm_ns_188_18/in_12[3] 	 (fanout : 1)
hpin:lp_riscv_top/lp_riscv/i_riscv_core/id_stage_i/controller_i/mux_ctrl_fsm_ns_188_18/in_12[2] 	 (fanout : 1)
hpin:lp_riscv_top/lp_riscv/i_riscv_core/id_stage_i/controller_i/mux_ctrl_fsm_ns_188_18/in_12[1] 	 (fanout : 1)
hpin:lp_riscv_top/lp_riscv/i_riscv_core/id_stage_i/controller_i/mux_ctrl_fsm_ns_188_18/in_12[0] 	 (fanout : 1)
hpin:lp_riscv_top/lp_riscv/i_riscv_core/id_stage_i/exc_controller_i/mux_exc_ctrl_ns_177_15/in_0 	 (fanout : 1)
hpin:lp_riscv_top/lp_riscv/i_riscv_core/id_stage_i/exc_controller_i/mux_exc_ctrl_ns_177_15/in_1 	 (fanout : 1)
hpin:lp_riscv_top/lp_riscv/i_riscv_core/id_stage_i/exc_controller_i/mux_exc_ctrl_ns_188_13/in_1 	 (fanout : 1)
hpin:lp_riscv_top/lp_riscv/i_riscv_core/id_stage_i/exc_controller_i/ctl_lsu_store_err_i_135_9/in_0 	 (fanout : 38)
hpin:lp_riscv_top/lp_riscv/i_riscv_core/id_stage_i/exc_controller_i/mux_cause_int_135_9/in_0[5] 	 (fanout : 1)
hpin:lp_riscv_top/lp_riscv/i_riscv_core/id_stage_i/exc_controller_i/mux_cause_int_135_9/in_0[4] 	 (fanout : 1)
hpin:lp_riscv_top/lp_riscv/i_riscv_core/id_stage_i/exc_controller_i/mux_cause_int_135_9/in_0[3] 	 (fanout : 1)
hpin:lp_riscv_top/lp_riscv/i_riscv_core/id_stage_i/exc_controller_i/mux_cause_int_135_9/in_0[2] 	 (fanout : 1)
hpin:lp_riscv_top/lp_riscv/i_riscv_core/id_stage_i/exc_controller_i/mux_cause_int_135_9/in_0[1] 	 (fanout : 1)
hpin:lp_riscv_top/lp_riscv/i_riscv_core/id_stage_i/exc_controller_i/mux_cause_int_135_9/in_0[0] 	 (fanout : 1)
hpin:lp_riscv_top/lp_riscv/i_riscv_core/id_stage_i/exc_controller_i/mux_cause_int_135_9/in_1[5] 	 (fanout : 1)
hpin:lp_riscv_top/lp_riscv/i_riscv_core/id_stage_i/exc_controller_i/mux_cause_int_135_9/in_1[4] 	 (fanout : 1)
hpin:lp_riscv_top/lp_riscv/i_riscv_core/id_stage_i/exc_controller_i/mux_cause_int_135_9/in_1[3] 	 (fanout : 1)
hpin:lp_riscv_top/lp_riscv/i_riscv_core/id_stage_i/exc_controller_i/mux_cause_int_135_9/in_1[2] 	 (fanout : 1)
hpin:lp_riscv_top/lp_riscv/i_riscv_core/id_stage_i/exc_controller_i/mux_cause_int_135_9/in_1[1] 	 (fanout : 1)
hpin:lp_riscv_top/lp_riscv/i_riscv_core/id_stage_i/exc_controller_i/mux_cause_int_135_9/in_1[0] 	 (fanout : 1)
hpin:lp_riscv_top/lp_riscv/i_riscv_core/id_stage_i/exc_controller_i/mux_cause_int_135_9/in_2[5] 	 (fanout : 1)
hpin:lp_riscv_top/lp_riscv/i_riscv_core/id_stage_i/exc_controller_i/mux_cause_int_135_9/in_2[4] 	 (fanout : 1)
hpin:lp_riscv_top/lp_riscv/i_riscv_core/id_stage_i/exc_controller_i/mux_cause_int_135_9/in_2[3] 	 (fanout : 1)
hpin:lp_riscv_top/lp_riscv/i_riscv_core/id_stage_i/exc_controller_i/mux_cause_int_135_9/in_2[2] 	 (fanout : 1)
hpin:lp_riscv_top/lp_riscv/i_riscv_core/id_stage_i/exc_controller_i/mux_cause_int_135_9/in_2[1] 	 (fanout : 1)
hpin:lp_riscv_top/lp_riscv/i_riscv_core/id_stage_i/exc_controller_i/mux_cause_int_135_9/in_2[0] 	 (fanout : 1)
hpin:lp_riscv_top/lp_riscv/i_riscv_core/id_stage_i/exc_controller_i/mux_cause_int_135_9/in_3[5] 	 (fanout : 1)
hpin:lp_riscv_top/lp_riscv/i_riscv_core/id_stage_i/exc_controller_i/mux_cause_int_135_9/in_3[4] 	 (fanout : 1)
hpin:lp_riscv_top/lp_riscv/i_riscv_core/id_stage_i/exc_controller_i/mux_cause_int_135_9/in_3[3] 	 (fanout : 1)
hpin:lp_riscv_top/lp_riscv/i_riscv_core/id_stage_i/exc_controller_i/mux_cause_int_135_9/in_3[2] 	 (fanout : 1)
hpin:lp_riscv_top/lp_riscv/i_riscv_core/id_stage_i/exc_controller_i/mux_cause_int_135_9/in_3[1] 	 (fanout : 1)
hpin:lp_riscv_top/lp_riscv/i_riscv_core/id_stage_i/exc_controller_i/mux_cause_int_135_9/in_3[0] 	 (fanout : 1)
hpin:lp_riscv_top/lp_riscv/i_riscv_core/id_stage_i/exc_controller_i/mux_cause_int_135_9/in_4[5] 	 (fanout : 1)
hpin:lp_riscv_top/lp_riscv/i_riscv_core/id_stage_i/exc_controller_i/mux_cause_int_135_9/in_4[4] 	 (fanout : 1)
hpin:lp_riscv_top/lp_riscv/i_riscv_core/id_stage_i/exc_controller_i/mux_cause_int_135_9/in_4[3] 	 (fanout : 1)
hpin:lp_riscv_top/lp_riscv/i_riscv_core/id_stage_i/exc_controller_i/mux_cause_int_135_9/in_4[2] 	 (fanout : 1)
hpin:lp_riscv_top/lp_riscv/i_riscv_core/id_stage_i/exc_controller_i/mux_cause_int_135_9/in_4[1] 	 (fanout : 1)
hpin:lp_riscv_top/lp_riscv/i_riscv_core/id_stage_i/exc_controller_i/mux_cause_int_135_9/in_4[0] 	 (fanout : 1)
hpin:lp_riscv_top/lp_riscv/i_riscv_core/id_stage_i/exc_controller_i/mux_cause_int_135_9/in_5[5] 	 (fanout : 1)
hpin:lp_riscv_top/lp_riscv/i_riscv_core/id_stage_i/exc_controller_i/mux_cause_int_135_9/in_5[4] 	 (fanout : 1)
hpin:lp_riscv_top/lp_riscv/i_riscv_core/id_stage_i/exc_controller_i/mux_cause_int_135_9/in_5[3] 	 (fanout : 1)
hpin:lp_riscv_top/lp_riscv/i_riscv_core/id_stage_i/exc_controller_i/mux_cause_int_135_9/in_5[2] 	 (fanout : 1)
hpin:lp_riscv_top/lp_riscv/i_riscv_core/id_stage_i/exc_controller_i/mux_cause_int_135_9/in_5[1] 	 (fanout : 1)
hpin:lp_riscv_top/lp_riscv/i_riscv_core/id_stage_i/exc_controller_i/mux_cause_int_135_9/in_5[0] 	 (fanout : 1)
hpin:lp_riscv_top/lp_riscv/i_riscv_core/id_stage_i/exc_controller_i/mux_cause_int_135_9/in_6[5] 	 (fanout : 1)
hpin:lp_riscv_top/lp_riscv/i_riscv_core/id_stage_i/exc_controller_i/mux_cause_int_135_9/in_6[4] 	 (fanout : 1)
hpin:lp_riscv_top/lp_riscv/i_riscv_core/id_stage_i/exc_controller_i/mux_cause_int_135_9/in_6[3] 	 (fanout : 1)
hpin:lp_riscv_top/lp_riscv/i_riscv_core/id_stage_i/exc_controller_i/mux_cause_int_135_9/in_6[2] 	 (fanout : 1)
hpin:lp_riscv_top/lp_riscv/i_riscv_core/id_stage_i/exc_controller_i/mux_cause_int_135_9/in_6[1] 	 (fanout : 1)
hpin:lp_riscv_top/lp_riscv/i_riscv_core/id_stage_i/exc_controller_i/mux_cause_int_135_9/in_6[0] 	 (fanout : 1)
hpin:lp_riscv_top/lp_riscv/i_riscv_core/id_stage_i/exc_controller_i/mux_cause_int_135_9/in_7[5] 	 (fanout : 1)
hpin:lp_riscv_top/lp_riscv/i_riscv_core/id_stage_i/exc_controller_i/mux_cause_int_135_9/in_7[4] 	 (fanout : 1)
hpin:lp_riscv_top/lp_riscv/i_riscv_core/id_stage_i/exc_controller_i/mux_cause_int_135_9/in_7[3] 	 (fanout : 1)
hpin:lp_riscv_top/lp_riscv/i_riscv_core/id_stage_i/exc_controller_i/mux_cause_int_135_9/in_7[2] 	 (fanout : 1)
hpin:lp_riscv_top/lp_riscv/i_riscv_core/id_stage_i/exc_controller_i/mux_cause_int_135_9/in_7[1] 	 (fanout : 1)
hpin:lp_riscv_top/lp_riscv/i_riscv_core/id_stage_i/exc_controller_i/mux_cause_int_135_9/in_7[0] 	 (fanout : 1)
hpin:lp_riscv_top/lp_riscv/i_riscv_core/id_stage_i/exc_controller_i/mux_cause_int_135_9/in_8[5] 	 (fanout : 1)
hpin:lp_riscv_top/lp_riscv/i_riscv_core/id_stage_i/exc_controller_i/mux_cause_int_135_9/in_8[4] 	 (fanout : 1)
hpin:lp_riscv_top/lp_riscv/i_riscv_core/id_stage_i/exc_controller_i/mux_cause_int_135_9/in_8[3] 	 (fanout : 1)
hpin:lp_riscv_top/lp_riscv/i_riscv_core/id_stage_i/exc_controller_i/mux_cause_int_135_9/in_8[2] 	 (fanout : 1)
hpin:lp_riscv_top/lp_riscv/i_riscv_core/id_stage_i/exc_controller_i/mux_cause_int_135_9/in_8[1] 	 (fanout : 1)
hpin:lp_riscv_top/lp_riscv/i_riscv_core/id_stage_i/exc_controller_i/mux_cause_int_135_9/in_8[0] 	 (fanout : 1)
hpin:lp_riscv_top/lp_riscv/i_riscv_core/id_stage_i/exc_controller_i/mux_cause_int_135_9/in_9[5] 	 (fanout : 1)
hpin:lp_riscv_top/lp_riscv/i_riscv_core/id_stage_i/exc_controller_i/mux_cause_int_135_9/in_9[4] 	 (fanout : 1)
hpin:lp_riscv_top/lp_riscv/i_riscv_core/id_stage_i/exc_controller_i/mux_cause_int_135_9/in_9[3] 	 (fanout : 1)
hpin:lp_riscv_top/lp_riscv/i_riscv_core/id_stage_i/exc_controller_i/mux_cause_int_135_9/in_9[2] 	 (fanout : 1)
hpin:lp_riscv_top/lp_riscv/i_riscv_core/id_stage_i/exc_controller_i/mux_cause_int_135_9/in_9[1] 	 (fanout : 1)
hpin:lp_riscv_top/lp_riscv/i_riscv_core/id_stage_i/exc_controller_i/mux_cause_int_135_9/in_9[0] 	 (fanout : 1)
hpin:lp_riscv_top/lp_riscv/i_riscv_core/id_stage_i/exc_controller_i/mux_cause_int_135_9/in_10[5] 	 (fanout : 1)
hpin:lp_riscv_top/lp_riscv/i_riscv_core/id_stage_i/exc_controller_i/mux_cause_int_135_9/in_10[4] 	 (fanout : 1)
hpin:lp_riscv_top/lp_riscv/i_riscv_core/id_stage_i/exc_controller_i/mux_cause_int_135_9/in_10[3] 	 (fanout : 1)
hpin:lp_riscv_top/lp_riscv/i_riscv_core/id_stage_i/exc_controller_i/mux_cause_int_135_9/in_10[2] 	 (fanout : 1)
hpin:lp_riscv_top/lp_riscv/i_riscv_core/id_stage_i/exc_controller_i/mux_cause_int_135_9/in_10[1] 	 (fanout : 1)
hpin:lp_riscv_top/lp_riscv/i_riscv_core/id_stage_i/exc_controller_i/mux_cause_int_135_9/in_10[0] 	 (fanout : 1)
hpin:lp_riscv_top/lp_riscv/i_riscv_core/id_stage_i/exc_controller_i/mux_cause_int_135_9/in_11[5] 	 (fanout : 1)
hpin:lp_riscv_top/lp_riscv/i_riscv_core/id_stage_i/exc_controller_i/mux_cause_int_135_9/in_11[4] 	 (fanout : 1)
hpin:lp_riscv_top/lp_riscv/i_riscv_core/id_stage_i/exc_controller_i/mux_cause_int_135_9/in_11[3] 	 (fanout : 1)
hpin:lp_riscv_top/lp_riscv/i_riscv_core/id_stage_i/exc_controller_i/mux_cause_int_135_9/in_11[2] 	 (fanout : 1)
hpin:lp_riscv_top/lp_riscv/i_riscv_core/id_stage_i/exc_controller_i/mux_cause_int_135_9/in_11[1] 	 (fanout : 1)
hpin:lp_riscv_top/lp_riscv/i_riscv_core/id_stage_i/exc_controller_i/mux_cause_int_135_9/in_11[0] 	 (fanout : 1)
hpin:lp_riscv_top/lp_riscv/i_riscv_core/id_stage_i/exc_controller_i/mux_cause_int_135_9/in_12[5] 	 (fanout : 1)
hpin:lp_riscv_top/lp_riscv/i_riscv_core/id_stage_i/exc_controller_i/mux_cause_int_135_9/in_12[4] 	 (fanout : 1)
hpin:lp_riscv_top/lp_riscv/i_riscv_core/id_stage_i/exc_controller_i/mux_cause_int_135_9/in_12[3] 	 (fanout : 1)
hpin:lp_riscv_top/lp_riscv/i_riscv_core/id_stage_i/exc_controller_i/mux_cause_int_135_9/in_12[2] 	 (fanout : 1)
hpin:lp_riscv_top/lp_riscv/i_riscv_core/id_stage_i/exc_controller_i/mux_cause_int_135_9/in_12[1] 	 (fanout : 1)
hpin:lp_riscv_top/lp_riscv/i_riscv_core/id_stage_i/exc_controller_i/mux_cause_int_135_9/in_12[0] 	 (fanout : 1)
hpin:lp_riscv_top/lp_riscv/i_riscv_core/id_stage_i/exc_controller_i/mux_cause_int_135_9/in_13[5] 	 (fanout : 1)
hpin:lp_riscv_top/lp_riscv/i_riscv_core/id_stage_i/exc_controller_i/mux_cause_int_135_9/in_13[4] 	 (fanout : 1)
hpin:lp_riscv_top/lp_riscv/i_riscv_core/id_stage_i/exc_controller_i/mux_cause_int_135_9/in_13[3] 	 (fanout : 1)
hpin:lp_riscv_top/lp_riscv/i_riscv_core/id_stage_i/exc_controller_i/mux_cause_int_135_9/in_13[2] 	 (fanout : 1)
hpin:lp_riscv_top/lp_riscv/i_riscv_core/id_stage_i/exc_controller_i/mux_cause_int_135_9/in_13[1] 	 (fanout : 1)
hpin:lp_riscv_top/lp_riscv/i_riscv_core/id_stage_i/exc_controller_i/mux_cause_int_135_9/in_13[0] 	 (fanout : 1)
hpin:lp_riscv_top/lp_riscv/i_riscv_core/id_stage_i/exc_controller_i/mux_cause_int_135_9/in_14[5] 	 (fanout : 1)
hpin:lp_riscv_top/lp_riscv/i_riscv_core/id_stage_i/exc_controller_i/mux_cause_int_135_9/in_14[4] 	 (fanout : 1)
hpin:lp_riscv_top/lp_riscv/i_riscv_core/id_stage_i/exc_controller_i/mux_cause_int_135_9/in_14[3] 	 (fanout : 1)
hpin:lp_riscv_top/lp_riscv/i_riscv_core/id_stage_i/exc_controller_i/mux_cause_int_135_9/in_14[2] 	 (fanout : 1)
hpin:lp_riscv_top/lp_riscv/i_riscv_core/id_stage_i/exc_controller_i/mux_cause_int_135_9/in_14[1] 	 (fanout : 1)
hpin:lp_riscv_top/lp_riscv/i_riscv_core/id_stage_i/exc_controller_i/mux_cause_int_135_9/in_14[0] 	 (fanout : 1)
hpin:lp_riscv_top/lp_riscv/i_riscv_core/id_stage_i/exc_controller_i/mux_cause_int_135_9/in_15[5] 	 (fanout : 1)
hpin:lp_riscv_top/lp_riscv/i_riscv_core/id_stage_i/exc_controller_i/mux_cause_int_135_9/in_15[4] 	 (fanout : 1)
hpin:lp_riscv_top/lp_riscv/i_riscv_core/id_stage_i/exc_controller_i/mux_cause_int_135_9/in_15[3] 	 (fanout : 1)
hpin:lp_riscv_top/lp_riscv/i_riscv_core/id_stage_i/exc_controller_i/mux_cause_int_135_9/in_15[2] 	 (fanout : 1)
hpin:lp_riscv_top/lp_riscv/i_riscv_core/id_stage_i/exc_controller_i/mux_cause_int_135_9/in_15[1] 	 (fanout : 1)
hpin:lp_riscv_top/lp_riscv/i_riscv_core/id_stage_i/exc_controller_i/mux_cause_int_135_9/in_15[0] 	 (fanout : 1)
hpin:lp_riscv_top/lp_riscv/i_riscv_core/id_stage_i/exc_controller_i/mux_cause_int_135_9/in_16[5] 	 (fanout : 1)
hpin:lp_riscv_top/lp_riscv/i_riscv_core/id_stage_i/exc_controller_i/mux_cause_int_135_9/in_16[4] 	 (fanout : 1)
hpin:lp_riscv_top/lp_riscv/i_riscv_core/id_stage_i/exc_controller_i/mux_cause_int_135_9/in_16[3] 	 (fanout : 1)
hpin:lp_riscv_top/lp_riscv/i_riscv_core/id_stage_i/exc_controller_i/mux_cause_int_135_9/in_16[2] 	 (fanout : 1)
hpin:lp_riscv_top/lp_riscv/i_riscv_core/id_stage_i/exc_controller_i/mux_cause_int_135_9/in_16[1] 	 (fanout : 1)
hpin:lp_riscv_top/lp_riscv/i_riscv_core/id_stage_i/exc_controller_i/mux_cause_int_135_9/in_16[0] 	 (fanout : 1)
hpin:lp_riscv_top/lp_riscv/i_riscv_core/id_stage_i/exc_controller_i/mux_cause_int_135_9/in_17[5] 	 (fanout : 1)
hpin:lp_riscv_top/lp_riscv/i_riscv_core/id_stage_i/exc_controller_i/mux_cause_int_135_9/in_17[4] 	 (fanout : 1)
hpin:lp_riscv_top/lp_riscv/i_riscv_core/id_stage_i/exc_controller_i/mux_cause_int_135_9/in_17[3] 	 (fanout : 1)
hpin:lp_riscv_top/lp_riscv/i_riscv_core/id_stage_i/exc_controller_i/mux_cause_int_135_9/in_17[2] 	 (fanout : 1)
hpin:lp_riscv_top/lp_riscv/i_riscv_core/id_stage_i/exc_controller_i/mux_cause_int_135_9/in_17[1] 	 (fanout : 1)
hpin:lp_riscv_top/lp_riscv/i_riscv_core/id_stage_i/exc_controller_i/mux_cause_int_135_9/in_17[0] 	 (fanout : 1)
hpin:lp_riscv_top/lp_riscv/i_riscv_core/id_stage_i/exc_controller_i/mux_cause_int_135_9/in_18[5] 	 (fanout : 1)
hpin:lp_riscv_top/lp_riscv/i_riscv_core/id_stage_i/exc_controller_i/mux_cause_int_135_9/in_18[4] 	 (fanout : 1)
hpin:lp_riscv_top/lp_riscv/i_riscv_core/id_stage_i/exc_controller_i/mux_cause_int_135_9/in_18[3] 	 (fanout : 1)
hpin:lp_riscv_top/lp_riscv/i_riscv_core/id_stage_i/exc_controller_i/mux_cause_int_135_9/in_18[2] 	 (fanout : 1)
hpin:lp_riscv_top/lp_riscv/i_riscv_core/id_stage_i/exc_controller_i/mux_cause_int_135_9/in_18[1] 	 (fanout : 1)
hpin:lp_riscv_top/lp_riscv/i_riscv_core/id_stage_i/exc_controller_i/mux_cause_int_135_9/in_18[0] 	 (fanout : 1)
hpin:lp_riscv_top/lp_riscv/i_riscv_core/id_stage_i/exc_controller_i/mux_cause_int_135_9/in_19[5] 	 (fanout : 1)
hpin:lp_riscv_top/lp_riscv/i_riscv_core/id_stage_i/exc_controller_i/mux_cause_int_135_9/in_19[4] 	 (fanout : 1)
hpin:lp_riscv_top/lp_riscv/i_riscv_core/id_stage_i/exc_controller_i/mux_cause_int_135_9/in_19[3] 	 (fanout : 1)
hpin:lp_riscv_top/lp_riscv/i_riscv_core/id_stage_i/exc_controller_i/mux_cause_int_135_9/in_19[2] 	 (fanout : 1)
hpin:lp_riscv_top/lp_riscv/i_riscv_core/id_stage_i/exc_controller_i/mux_cause_int_135_9/in_19[1] 	 (fanout : 1)
hpin:lp_riscv_top/lp_riscv/i_riscv_core/id_stage_i/exc_controller_i/mux_cause_int_135_9/in_19[0] 	 (fanout : 1)
hpin:lp_riscv_top/lp_riscv/i_riscv_core/id_stage_i/exc_controller_i/mux_cause_int_135_9/in_20[5] 	 (fanout : 1)
hpin:lp_riscv_top/lp_riscv/i_riscv_core/id_stage_i/exc_controller_i/mux_cause_int_135_9/in_20[4] 	 (fanout : 1)
hpin:lp_riscv_top/lp_riscv/i_riscv_core/id_stage_i/exc_controller_i/mux_cause_int_135_9/in_20[3] 	 (fanout : 1)
hpin:lp_riscv_top/lp_riscv/i_riscv_core/id_stage_i/exc_controller_i/mux_cause_int_135_9/in_20[2] 	 (fanout : 1)
hpin:lp_riscv_top/lp_riscv/i_riscv_core/id_stage_i/exc_controller_i/mux_cause_int_135_9/in_20[1] 	 (fanout : 1)
hpin:lp_riscv_top/lp_riscv/i_riscv_core/id_stage_i/exc_controller_i/mux_cause_int_135_9/in_20[0] 	 (fanout : 1)
hpin:lp_riscv_top/lp_riscv/i_riscv_core/id_stage_i/exc_controller_i/mux_cause_int_135_9/in_21[5] 	 (fanout : 1)
hpin:lp_riscv_top/lp_riscv/i_riscv_core/id_stage_i/exc_controller_i/mux_cause_int_135_9/in_21[4] 	 (fanout : 1)
hpin:lp_riscv_top/lp_riscv/i_riscv_core/id_stage_i/exc_controller_i/mux_cause_int_135_9/in_21[3] 	 (fanout : 1)
hpin:lp_riscv_top/lp_riscv/i_riscv_core/id_stage_i/exc_controller_i/mux_cause_int_135_9/in_21[2] 	 (fanout : 1)
hpin:lp_riscv_top/lp_riscv/i_riscv_core/id_stage_i/exc_controller_i/mux_cause_int_135_9/in_21[1] 	 (fanout : 1)
hpin:lp_riscv_top/lp_riscv/i_riscv_core/id_stage_i/exc_controller_i/mux_cause_int_135_9/in_21[0] 	 (fanout : 1)
hpin:lp_riscv_top/lp_riscv/i_riscv_core/id_stage_i/exc_controller_i/mux_cause_int_135_9/in_22[5] 	 (fanout : 1)
hpin:lp_riscv_top/lp_riscv/i_riscv_core/id_stage_i/exc_controller_i/mux_cause_int_135_9/in_22[4] 	 (fanout : 1)
hpin:lp_riscv_top/lp_riscv/i_riscv_core/id_stage_i/exc_controller_i/mux_cause_int_135_9/in_22[3] 	 (fanout : 1)
hpin:lp_riscv_top/lp_riscv/i_riscv_core/id_stage_i/exc_controller_i/mux_cause_int_135_9/in_22[2] 	 (fanout : 1)
hpin:lp_riscv_top/lp_riscv/i_riscv_core/id_stage_i/exc_controller_i/mux_cause_int_135_9/in_22[1] 	 (fanout : 1)
hpin:lp_riscv_top/lp_riscv/i_riscv_core/id_stage_i/exc_controller_i/mux_cause_int_135_9/in_22[0] 	 (fanout : 1)
hpin:lp_riscv_top/lp_riscv/i_riscv_core/id_stage_i/exc_controller_i/mux_cause_int_135_9/in_23[5] 	 (fanout : 1)
hpin:lp_riscv_top/lp_riscv/i_riscv_core/id_stage_i/exc_controller_i/mux_cause_int_135_9/in_23[4] 	 (fanout : 1)
hpin:lp_riscv_top/lp_riscv/i_riscv_core/id_stage_i/exc_controller_i/mux_cause_int_135_9/in_23[3] 	 (fanout : 1)
hpin:lp_riscv_top/lp_riscv/i_riscv_core/id_stage_i/exc_controller_i/mux_cause_int_135_9/in_23[2] 	 (fanout : 1)
hpin:lp_riscv_top/lp_riscv/i_riscv_core/id_stage_i/exc_controller_i/mux_cause_int_135_9/in_23[1] 	 (fanout : 1)
hpin:lp_riscv_top/lp_riscv/i_riscv_core/id_stage_i/exc_controller_i/mux_cause_int_135_9/in_23[0] 	 (fanout : 1)
hpin:lp_riscv_top/lp_riscv/i_riscv_core/id_stage_i/exc_controller_i/mux_cause_int_135_9/in_24[5] 	 (fanout : 1)
hpin:lp_riscv_top/lp_riscv/i_riscv_core/id_stage_i/exc_controller_i/mux_cause_int_135_9/in_24[4] 	 (fanout : 1)
hpin:lp_riscv_top/lp_riscv/i_riscv_core/id_stage_i/exc_controller_i/mux_cause_int_135_9/in_24[3] 	 (fanout : 1)
hpin:lp_riscv_top/lp_riscv/i_riscv_core/id_stage_i/exc_controller_i/mux_cause_int_135_9/in_24[2] 	 (fanout : 1)
hpin:lp_riscv_top/lp_riscv/i_riscv_core/id_stage_i/exc_controller_i/mux_cause_int_135_9/in_24[1] 	 (fanout : 1)
hpin:lp_riscv_top/lp_riscv/i_riscv_core/id_stage_i/exc_controller_i/mux_cause_int_135_9/in_24[0] 	 (fanout : 1)
hpin:lp_riscv_top/lp_riscv/i_riscv_core/id_stage_i/exc_controller_i/mux_cause_int_135_9/in_25[5] 	 (fanout : 1)
hpin:lp_riscv_top/lp_riscv/i_riscv_core/id_stage_i/exc_controller_i/mux_cause_int_135_9/in_25[4] 	 (fanout : 1)
hpin:lp_riscv_top/lp_riscv/i_riscv_core/id_stage_i/exc_controller_i/mux_cause_int_135_9/in_25[3] 	 (fanout : 1)
hpin:lp_riscv_top/lp_riscv/i_riscv_core/id_stage_i/exc_controller_i/mux_cause_int_135_9/in_25[2] 	 (fanout : 1)
hpin:lp_riscv_top/lp_riscv/i_riscv_core/id_stage_i/exc_controller_i/mux_cause_int_135_9/in_25[1] 	 (fanout : 1)
hpin:lp_riscv_top/lp_riscv/i_riscv_core/id_stage_i/exc_controller_i/mux_cause_int_135_9/in_25[0] 	 (fanout : 1)
hpin:lp_riscv_top/lp_riscv/i_riscv_core/id_stage_i/exc_controller_i/mux_cause_int_135_9/in_26[5] 	 (fanout : 1)
hpin:lp_riscv_top/lp_riscv/i_riscv_core/id_stage_i/exc_controller_i/mux_cause_int_135_9/in_26[4] 	 (fanout : 1)
hpin:lp_riscv_top/lp_riscv/i_riscv_core/id_stage_i/exc_controller_i/mux_cause_int_135_9/in_26[3] 	 (fanout : 1)
hpin:lp_riscv_top/lp_riscv/i_riscv_core/id_stage_i/exc_controller_i/mux_cause_int_135_9/in_26[2] 	 (fanout : 1)
hpin:lp_riscv_top/lp_riscv/i_riscv_core/id_stage_i/exc_controller_i/mux_cause_int_135_9/in_26[1] 	 (fanout : 1)
hpin:lp_riscv_top/lp_riscv/i_riscv_core/id_stage_i/exc_controller_i/mux_cause_int_135_9/in_26[0] 	 (fanout : 1)
hpin:lp_riscv_top/lp_riscv/i_riscv_core/id_stage_i/exc_controller_i/mux_cause_int_135_9/in_27[5] 	 (fanout : 1)
hpin:lp_riscv_top/lp_riscv/i_riscv_core/id_stage_i/exc_controller_i/mux_cause_int_135_9/in_27[4] 	 (fanout : 1)
hpin:lp_riscv_top/lp_riscv/i_riscv_core/id_stage_i/exc_controller_i/mux_cause_int_135_9/in_27[3] 	 (fanout : 1)
hpin:lp_riscv_top/lp_riscv/i_riscv_core/id_stage_i/exc_controller_i/mux_cause_int_135_9/in_27[2] 	 (fanout : 1)
hpin:lp_riscv_top/lp_riscv/i_riscv_core/id_stage_i/exc_controller_i/mux_cause_int_135_9/in_27[1] 	 (fanout : 1)
hpin:lp_riscv_top/lp_riscv/i_riscv_core/id_stage_i/exc_controller_i/mux_cause_int_135_9/in_27[0] 	 (fanout : 1)
hpin:lp_riscv_top/lp_riscv/i_riscv_core/id_stage_i/exc_controller_i/mux_cause_int_135_9/in_28[5] 	 (fanout : 1)
hpin:lp_riscv_top/lp_riscv/i_riscv_core/id_stage_i/exc_controller_i/mux_cause_int_135_9/in_28[4] 	 (fanout : 1)
hpin:lp_riscv_top/lp_riscv/i_riscv_core/id_stage_i/exc_controller_i/mux_cause_int_135_9/in_28[3] 	 (fanout : 1)
hpin:lp_riscv_top/lp_riscv/i_riscv_core/id_stage_i/exc_controller_i/mux_cause_int_135_9/in_28[2] 	 (fanout : 1)
hpin:lp_riscv_top/lp_riscv/i_riscv_core/id_stage_i/exc_controller_i/mux_cause_int_135_9/in_28[1] 	 (fanout : 1)
hpin:lp_riscv_top/lp_riscv/i_riscv_core/id_stage_i/exc_controller_i/mux_cause_int_135_9/in_28[0] 	 (fanout : 1)
hpin:lp_riscv_top/lp_riscv/i_riscv_core/id_stage_i/exc_controller_i/mux_cause_int_135_9/in_29[5] 	 (fanout : 1)
hpin:lp_riscv_top/lp_riscv/i_riscv_core/id_stage_i/exc_controller_i/mux_cause_int_135_9/in_29[4] 	 (fanout : 1)
hpin:lp_riscv_top/lp_riscv/i_riscv_core/id_stage_i/exc_controller_i/mux_cause_int_135_9/in_29[3] 	 (fanout : 1)
hpin:lp_riscv_top/lp_riscv/i_riscv_core/id_stage_i/exc_controller_i/mux_cause_int_135_9/in_29[2] 	 (fanout : 1)
hpin:lp_riscv_top/lp_riscv/i_riscv_core/id_stage_i/exc_controller_i/mux_cause_int_135_9/in_29[1] 	 (fanout : 1)
hpin:lp_riscv_top/lp_riscv/i_riscv_core/id_stage_i/exc_controller_i/mux_cause_int_135_9/in_29[0] 	 (fanout : 1)
hpin:lp_riscv_top/lp_riscv/i_riscv_core/id_stage_i/exc_controller_i/mux_cause_int_135_9/in_30[5] 	 (fanout : 1)
hpin:lp_riscv_top/lp_riscv/i_riscv_core/id_stage_i/exc_controller_i/mux_cause_int_135_9/in_30[4] 	 (fanout : 1)
hpin:lp_riscv_top/lp_riscv/i_riscv_core/id_stage_i/exc_controller_i/mux_cause_int_135_9/in_30[3] 	 (fanout : 1)
hpin:lp_riscv_top/lp_riscv/i_riscv_core/id_stage_i/exc_controller_i/mux_cause_int_135_9/in_30[2] 	 (fanout : 1)
hpin:lp_riscv_top/lp_riscv/i_riscv_core/id_stage_i/exc_controller_i/mux_cause_int_135_9/in_30[1] 	 (fanout : 1)
hpin:lp_riscv_top/lp_riscv/i_riscv_core/id_stage_i/exc_controller_i/mux_cause_int_135_9/in_30[0] 	 (fanout : 1)
hpin:lp_riscv_top/lp_riscv/i_riscv_core/id_stage_i/exc_controller_i/mux_cause_int_135_9/in_31[5] 	 (fanout : 1)
hpin:lp_riscv_top/lp_riscv/i_riscv_core/id_stage_i/exc_controller_i/mux_cause_int_135_9/in_31[4] 	 (fanout : 1)
hpin:lp_riscv_top/lp_riscv/i_riscv_core/id_stage_i/exc_controller_i/mux_cause_int_135_9/in_31[3] 	 (fanout : 1)
hpin:lp_riscv_top/lp_riscv/i_riscv_core/id_stage_i/exc_controller_i/mux_cause_int_135_9/in_31[2] 	 (fanout : 1)
hpin:lp_riscv_top/lp_riscv/i_riscv_core/id_stage_i/exc_controller_i/mux_cause_int_135_9/in_31[1] 	 (fanout : 1)
hpin:lp_riscv_top/lp_riscv/i_riscv_core/id_stage_i/exc_controller_i/mux_cause_int_135_9/in_31[0] 	 (fanout : 1)
hpin:lp_riscv_top/lp_riscv/i_riscv_core/id_stage_i/exc_controller_i/mux_cause_int_135_9/in_32[5] 	 (fanout : 1)
hpin:lp_riscv_top/lp_riscv/i_riscv_core/id_stage_i/exc_controller_i/mux_cause_int_135_9/in_32[4] 	 (fanout : 1)
hpin:lp_riscv_top/lp_riscv/i_riscv_core/id_stage_i/exc_controller_i/mux_cause_int_135_9/in_32[3] 	 (fanout : 1)
hpin:lp_riscv_top/lp_riscv/i_riscv_core/id_stage_i/exc_controller_i/mux_cause_int_135_9/in_32[2] 	 (fanout : 1)
hpin:lp_riscv_top/lp_riscv/i_riscv_core/id_stage_i/exc_controller_i/mux_cause_int_135_9/in_32[1] 	 (fanout : 1)
hpin:lp_riscv_top/lp_riscv/i_riscv_core/id_stage_i/exc_controller_i/mux_cause_int_135_9/in_32[0] 	 (fanout : 1)
hpin:lp_riscv_top/lp_riscv/i_riscv_core/id_stage_i/exc_controller_i/mux_cause_int_135_9/in_33[5] 	 (fanout : 1)
hpin:lp_riscv_top/lp_riscv/i_riscv_core/id_stage_i/exc_controller_i/mux_cause_int_135_9/in_33[4] 	 (fanout : 1)
hpin:lp_riscv_top/lp_riscv/i_riscv_core/id_stage_i/exc_controller_i/mux_cause_int_135_9/in_33[3] 	 (fanout : 1)
hpin:lp_riscv_top/lp_riscv/i_riscv_core/id_stage_i/exc_controller_i/mux_cause_int_135_9/in_33[2] 	 (fanout : 1)
hpin:lp_riscv_top/lp_riscv/i_riscv_core/id_stage_i/exc_controller_i/mux_cause_int_135_9/in_33[1] 	 (fanout : 1)
hpin:lp_riscv_top/lp_riscv/i_riscv_core/id_stage_i/exc_controller_i/mux_cause_int_135_9/in_33[0] 	 (fanout : 1)
hpin:lp_riscv_top/lp_riscv/i_riscv_core/id_stage_i/exc_controller_i/mux_cause_int_135_9/in_34[5] 	 (fanout : 1)
hpin:lp_riscv_top/lp_riscv/i_riscv_core/id_stage_i/exc_controller_i/mux_cause_int_135_9/in_34[4] 	 (fanout : 1)
hpin:lp_riscv_top/lp_riscv/i_riscv_core/id_stage_i/exc_controller_i/mux_cause_int_135_9/in_34[3] 	 (fanout : 1)
hpin:lp_riscv_top/lp_riscv/i_riscv_core/id_stage_i/exc_controller_i/mux_cause_int_135_9/in_34[2] 	 (fanout : 1)
hpin:lp_riscv_top/lp_riscv/i_riscv_core/id_stage_i/exc_controller_i/mux_cause_int_135_9/in_34[1] 	 (fanout : 1)
hpin:lp_riscv_top/lp_riscv/i_riscv_core/id_stage_i/exc_controller_i/mux_cause_int_135_9/in_34[0] 	 (fanout : 1)
hpin:lp_riscv_top/lp_riscv/i_riscv_core/id_stage_i/exc_controller_i/mux_cause_int_135_9/in_35[5] 	 (fanout : 1)
hpin:lp_riscv_top/lp_riscv/i_riscv_core/id_stage_i/exc_controller_i/mux_cause_int_135_9/in_35[4] 	 (fanout : 1)
hpin:lp_riscv_top/lp_riscv/i_riscv_core/id_stage_i/exc_controller_i/mux_cause_int_135_9/in_35[3] 	 (fanout : 1)
hpin:lp_riscv_top/lp_riscv/i_riscv_core/id_stage_i/exc_controller_i/mux_cause_int_135_9/in_35[2] 	 (fanout : 1)
hpin:lp_riscv_top/lp_riscv/i_riscv_core/id_stage_i/exc_controller_i/mux_cause_int_135_9/in_35[1] 	 (fanout : 1)
hpin:lp_riscv_top/lp_riscv/i_riscv_core/id_stage_i/exc_controller_i/mux_cause_int_135_9/in_35[0] 	 (fanout : 1)
hpin:lp_riscv_top/lp_riscv/i_riscv_core/id_stage_i/exc_controller_i/mux_cause_int_135_9/in_36[5] 	 (fanout : 1)
hpin:lp_riscv_top/lp_riscv/i_riscv_core/id_stage_i/exc_controller_i/mux_cause_int_135_9/in_36[4] 	 (fanout : 1)
hpin:lp_riscv_top/lp_riscv/i_riscv_core/id_stage_i/exc_controller_i/mux_cause_int_135_9/in_36[3] 	 (fanout : 1)
hpin:lp_riscv_top/lp_riscv/i_riscv_core/id_stage_i/exc_controller_i/mux_cause_int_135_9/in_36[2] 	 (fanout : 1)
hpin:lp_riscv_top/lp_riscv/i_riscv_core/id_stage_i/exc_controller_i/mux_cause_int_135_9/in_36[1] 	 (fanout : 1)
hpin:lp_riscv_top/lp_riscv/i_riscv_core/id_stage_i/exc_controller_i/mux_cause_int_135_9/in_36[0] 	 (fanout : 1)
hpin:lp_riscv_top/lp_riscv/i_riscv_core/id_stage_i/exc_controller_i/mux_cause_int_135_9/in_37[5] 	 (fanout : 1)
hpin:lp_riscv_top/lp_riscv/i_riscv_core/id_stage_i/exc_controller_i/mux_cause_int_135_9/in_37[4] 	 (fanout : 1)
hpin:lp_riscv_top/lp_riscv/i_riscv_core/id_stage_i/exc_controller_i/mux_cause_int_135_9/in_37[3] 	 (fanout : 1)
hpin:lp_riscv_top/lp_riscv/i_riscv_core/id_stage_i/exc_controller_i/mux_cause_int_135_9/in_37[2] 	 (fanout : 1)
hpin:lp_riscv_top/lp_riscv/i_riscv_core/id_stage_i/exc_controller_i/mux_cause_int_135_9/in_37[1] 	 (fanout : 1)
hpin:lp_riscv_top/lp_riscv/i_riscv_core/id_stage_i/exc_controller_i/mux_cause_int_135_9/in_37[0] 	 (fanout : 1)
hpin:lp_riscv_top/lp_riscv/i_riscv_core/id_stage_i/exc_controller_i/mux_cause_int_135_9/in_38[5] 	 (fanout : 1)
hpin:lp_riscv_top/lp_riscv/i_riscv_core/id_stage_i/exc_controller_i/mux_cause_int_135_9/in_38[4] 	 (fanout : 1)
hpin:lp_riscv_top/lp_riscv/i_riscv_core/id_stage_i/exc_controller_i/mux_cause_int_135_9/in_38[3] 	 (fanout : 1)
hpin:lp_riscv_top/lp_riscv/i_riscv_core/id_stage_i/exc_controller_i/mux_cause_int_135_9/in_38[2] 	 (fanout : 1)
hpin:lp_riscv_top/lp_riscv/i_riscv_core/id_stage_i/exc_controller_i/mux_cause_int_135_9/in_38[1] 	 (fanout : 1)
hpin:lp_riscv_top/lp_riscv/i_riscv_core/id_stage_i/exc_controller_i/mux_cause_int_135_9/in_38[0] 	 (fanout : 1)
hpin:lp_riscv_top/lp_riscv/i_riscv_core/id_stage_i/exc_controller_i/ctl_lsu_store_err_i_135_33/in_0 	 (fanout : 6)
hpin:lp_riscv_top/lp_riscv/i_riscv_core/id_stage_i/exc_controller_i/mux_pc_mux_int_135_9/in_0[1] 	 (fanout : 1)
hpin:lp_riscv_top/lp_riscv/i_riscv_core/id_stage_i/exc_controller_i/mux_pc_mux_int_135_9/in_0[0] 	 (fanout : 1)
hpin:lp_riscv_top/lp_riscv/i_riscv_core/id_stage_i/exc_controller_i/mux_pc_mux_int_135_9/in_1[1] 	 (fanout : 1)
hpin:lp_riscv_top/lp_riscv/i_riscv_core/id_stage_i/exc_controller_i/mux_pc_mux_int_135_9/in_1[0] 	 (fanout : 1)
hpin:lp_riscv_top/lp_riscv/i_riscv_core/id_stage_i/exc_controller_i/mux_pc_mux_int_135_9/in_2[1] 	 (fanout : 1)
hpin:lp_riscv_top/lp_riscv/i_riscv_core/id_stage_i/exc_controller_i/mux_pc_mux_int_135_9/in_2[0] 	 (fanout : 1)
hpin:lp_riscv_top/lp_riscv/i_riscv_core/id_stage_i/exc_controller_i/mux_pc_mux_int_135_9/in_3[1] 	 (fanout : 1)
hpin:lp_riscv_top/lp_riscv/i_riscv_core/id_stage_i/exc_controller_i/mux_pc_mux_int_135_9/in_3[0] 	 (fanout : 1)
hpin:lp_riscv_top/lp_riscv/i_riscv_core/id_stage_i/exc_controller_i/mux_pc_mux_int_135_9/in_5[1] 	 (fanout : 1)
hpin:lp_riscv_top/lp_riscv/i_riscv_core/id_stage_i/exc_controller_i/mux_pc_mux_int_135_9/in_5[0] 	 (fanout : 1)
hpin:lp_riscv_top/lp_riscv/i_riscv_core/id_stage_i/exc_controller_i/mux_save_cause_o_177_15/in_0 	 (fanout : 1)
hpin:lp_riscv_top/lp_riscv/i_riscv_core/id_stage_i/exc_controller_i/mux_save_cause_o_177_15/in_1 	 (fanout : 1)
hpin:lp_riscv_top/lp_riscv/i_riscv_core/id_stage_i/exc_controller_i/mux_save_cause_o_174_13/in_0 	 (fanout : 1)
hpin:lp_riscv_top/lp_riscv/i_riscv_core/id_stage_i/exc_controller_i/mux_save_cause_o_188_13/in_0 	 (fanout : 1)
hpin:lp_riscv_top/lp_riscv/i_riscv_core/id_stage_i/exc_controller_i/mux_save_cause_o_188_13/in_1 	 (fanout : 1)
hpin:lp_riscv_top/lp_riscv/i_riscv_core/id_stage_i/exc_controller_i/mux_req_o_169_18/in_1 	 (fanout : 1)
hpin:lp_riscv_top/lp_riscv/i_riscv_core/id_stage_i/hwloop_regs_i/sub_103_50_I1/B 	 (fanout : 2)
hpin:lp_riscv_top/lp_riscv/i_riscv_core/id_stage_i/hwloop_regs_i/sub_103_50_I2/B 	 (fanout : 2)
hpin:lp_riscv_top/lp_riscv/i_riscv_core/id_stage_i/sll_388_36/A 	 (fanout : 0)
hpin:lp_riscv_top/lp_riscv/i_riscv_core/id_stage_i/sub_388_53/B 	 (fanout : 2)
hpin:lp_riscv_top/lp_riscv/i_riscv_core/id_stage_i/add_499_38/B[0] 	 (fanout : 2)
hpin:lp_riscv_top/lp_riscv/i_riscv_core/id_stage_i/add_500_38/B[0] 	 (fanout : 2)
hpin:lp_riscv_top/lp_riscv/i_riscv_core/id_stage_i/add_455_37/B[31] 	 (fanout : 2)
hpin:lp_riscv_top/lp_riscv/i_riscv_core/id_stage_i/add_455_37/B[30] 	 (fanout : 2)
hpin:lp_riscv_top/lp_riscv/i_riscv_core/id_stage_i/add_455_37/B[29] 	 (fanout : 2)
hpin:lp_riscv_top/lp_riscv/i_riscv_core/id_stage_i/add_455_37/B[28] 	 (fanout : 2)
hpin:lp_riscv_top/lp_riscv/i_riscv_core/id_stage_i/add_455_37/B[27] 	 (fanout : 2)
hpin:lp_riscv_top/lp_riscv/i_riscv_core/id_stage_i/add_455_37/B[26] 	 (fanout : 2)
hpin:lp_riscv_top/lp_riscv/i_riscv_core/id_stage_i/add_455_37/B[25] 	 (fanout : 2)
hpin:lp_riscv_top/lp_riscv/i_riscv_core/id_stage_i/add_455_37/B[24] 	 (fanout : 2)
hpin:lp_riscv_top/lp_riscv/i_riscv_core/id_stage_i/add_455_37/B[23] 	 (fanout : 2)
hpin:lp_riscv_top/lp_riscv/i_riscv_core/id_stage_i/add_455_37/B[22] 	 (fanout : 2)
hpin:lp_riscv_top/lp_riscv/i_riscv_core/id_stage_i/add_455_37/B[21] 	 (fanout : 2)
hpin:lp_riscv_top/lp_riscv/i_riscv_core/id_stage_i/add_455_37/B[20] 	 (fanout : 2)
hpin:lp_riscv_top/lp_riscv/i_riscv_core/id_stage_i/add_455_37/B[19] 	 (fanout : 2)
hpin:lp_riscv_top/lp_riscv/i_riscv_core/id_stage_i/add_455_37/B[18] 	 (fanout : 2)
hpin:lp_riscv_top/lp_riscv/i_riscv_core/id_stage_i/add_455_37/B[17] 	 (fanout : 2)
hpin:lp_riscv_top/lp_riscv/i_riscv_core/id_stage_i/add_455_37/B[16] 	 (fanout : 2)
hpin:lp_riscv_top/lp_riscv/i_riscv_core/id_stage_i/add_455_37/B[15] 	 (fanout : 2)
hpin:lp_riscv_top/lp_riscv/i_riscv_core/id_stage_i/add_455_37/B[14] 	 (fanout : 2)
hpin:lp_riscv_top/lp_riscv/i_riscv_core/id_stage_i/add_455_37/B[13] 	 (fanout : 2)
hpin:lp_riscv_top/lp_riscv/i_riscv_core/id_stage_i/add_455_37/B[0] 	 (fanout : 2)
hpin:lp_riscv_top/lp_riscv/i_riscv_core/id_stage_i/add_456_37/B[31] 	 (fanout : 2)
hpin:lp_riscv_top/lp_riscv/i_riscv_core/id_stage_i/add_456_37/B[30] 	 (fanout : 2)
hpin:lp_riscv_top/lp_riscv/i_riscv_core/id_stage_i/add_456_37/B[29] 	 (fanout : 2)
hpin:lp_riscv_top/lp_riscv/i_riscv_core/id_stage_i/add_456_37/B[28] 	 (fanout : 2)
hpin:lp_riscv_top/lp_riscv/i_riscv_core/id_stage_i/add_456_37/B[27] 	 (fanout : 2)
hpin:lp_riscv_top/lp_riscv/i_riscv_core/id_stage_i/add_456_37/B[26] 	 (fanout : 2)
hpin:lp_riscv_top/lp_riscv/i_riscv_core/id_stage_i/add_456_37/B[25] 	 (fanout : 2)
hpin:lp_riscv_top/lp_riscv/i_riscv_core/id_stage_i/add_456_37/B[24] 	 (fanout : 2)
hpin:lp_riscv_top/lp_riscv/i_riscv_core/id_stage_i/add_456_37/B[23] 	 (fanout : 2)
hpin:lp_riscv_top/lp_riscv/i_riscv_core/id_stage_i/add_456_37/B[22] 	 (fanout : 2)
hpin:lp_riscv_top/lp_riscv/i_riscv_core/id_stage_i/add_456_37/B[21] 	 (fanout : 2)
hpin:lp_riscv_top/lp_riscv/i_riscv_core/id_stage_i/add_456_37/B[20] 	 (fanout : 2)
hpin:lp_riscv_top/lp_riscv/i_riscv_core/id_stage_i/add_456_37/B[19] 	 (fanout : 2)
hpin:lp_riscv_top/lp_riscv/i_riscv_core/id_stage_i/add_456_37/B[18] 	 (fanout : 2)
hpin:lp_riscv_top/lp_riscv/i_riscv_core/id_stage_i/add_456_37/B[17] 	 (fanout : 2)
hpin:lp_riscv_top/lp_riscv/i_riscv_core/id_stage_i/add_456_37/B[16] 	 (fanout : 2)
hpin:lp_riscv_top/lp_riscv/i_riscv_core/id_stage_i/add_456_37/B[15] 	 (fanout : 2)
hpin:lp_riscv_top/lp_riscv/i_riscv_core/id_stage_i/add_456_37/B[14] 	 (fanout : 2)
hpin:lp_riscv_top/lp_riscv/i_riscv_core/id_stage_i/add_456_37/B[13] 	 (fanout : 2)
hpin:lp_riscv_top/lp_riscv/i_riscv_core/id_stage_i/add_456_37/B[12] 	 (fanout : 2)
hpin:lp_riscv_top/lp_riscv/i_riscv_core/id_stage_i/add_456_37/B[11] 	 (fanout : 2)
hpin:lp_riscv_top/lp_riscv/i_riscv_core/id_stage_i/add_456_37/B[10] 	 (fanout : 2)
hpin:lp_riscv_top/lp_riscv/i_riscv_core/id_stage_i/add_456_37/B[9] 	 (fanout : 2)
hpin:lp_riscv_top/lp_riscv/i_riscv_core/id_stage_i/add_456_37/B[8] 	 (fanout : 2)
hpin:lp_riscv_top/lp_riscv/i_riscv_core/id_stage_i/add_456_37/B[7] 	 (fanout : 2)
hpin:lp_riscv_top/lp_riscv/i_riscv_core/id_stage_i/add_456_37/B[6] 	 (fanout : 2)
hpin:lp_riscv_top/lp_riscv/i_riscv_core/id_stage_i/add_456_37/B[0] 	 (fanout : 2)
hpin:lp_riscv_top/lp_riscv/i_riscv_core/id_stage_i/mux_data_req_ex_o_1100_11/in_0 	 (fanout : 1)
hpin:lp_riscv_top/lp_riscv/i_riscv_core/id_stage_i/mux_data_load_event_ex_o_1148_13/in_0 	 (fanout : 1)
hpin:lp_riscv_top/lp_riscv/i_riscv_core/id_stage_i/mux_data_load_event_ex_o_1100_11/in_0 	 (fanout : 1)
hpin:lp_riscv_top/lp_riscv/i_riscv_core/id_stage_i/mux_branch_in_ex_o_1100_11/in_0 	 (fanout : 1)
hpin:lp_riscv_top/lp_riscv/i_riscv_core/id_stage_i/mux_regfile_we_ex_o_1100_11/in_0 	 (fanout : 1)
hpin:lp_riscv_top/lp_riscv/i_riscv_core/id_stage_i/mux_regfile_addr_rc_id_399_18/in_0[4] 	 (fanout : 1)
hpin:lp_riscv_top/lp_riscv/i_riscv_core/id_stage_i/mux_regfile_addr_rc_id_399_18/in_0[3] 	 (fanout : 1)
hpin:lp_riscv_top/lp_riscv/i_riscv_core/id_stage_i/mux_regfile_addr_rc_id_399_18/in_0[2] 	 (fanout : 1)
hpin:lp_riscv_top/lp_riscv/i_riscv_core/id_stage_i/mux_regfile_addr_rc_id_399_18/in_0[1] 	 (fanout : 1)
hpin:lp_riscv_top/lp_riscv/i_riscv_core/id_stage_i/mux_regfile_addr_rc_id_399_18/in_0[0] 	 (fanout : 1)
hpin:lp_riscv_top/lp_riscv/i_riscv_core/id_stage_i/mux_regfile_addr_rc_id_399_18/in_3[4] 	 (fanout : 1)
hpin:lp_riscv_top/lp_riscv/i_riscv_core/id_stage_i/mux_regfile_addr_rc_id_399_18/in_3[3] 	 (fanout : 1)
hpin:lp_riscv_top/lp_riscv/i_riscv_core/id_stage_i/mux_regfile_addr_rc_id_399_18/in_3[2] 	 (fanout : 1)
hpin:lp_riscv_top/lp_riscv/i_riscv_core/id_stage_i/mux_regfile_addr_rc_id_399_18/in_3[1] 	 (fanout : 1)
hpin:lp_riscv_top/lp_riscv/i_riscv_core/id_stage_i/mux_regfile_addr_rc_id_399_18/in_3[0] 	 (fanout : 1)
hpin:lp_riscv_top/lp_riscv/i_riscv_core/id_stage_i/mux_data_misaligned_ex_o_1075_14/in_0 	 (fanout : 1)
hpin:lp_riscv_top/lp_riscv/i_riscv_core/id_stage_i/mux_data_misaligned_ex_o_1075_14/in_1 	 (fanout : 1)
hpin:lp_riscv_top/lp_riscv/i_riscv_core/id_stage_i/mux_csr_op_ex_o_1100_11/in_0[1] 	 (fanout : 1)
hpin:lp_riscv_top/lp_riscv/i_riscv_core/id_stage_i/mux_csr_op_ex_o_1100_11/in_0[0] 	 (fanout : 1)
hpin:lp_riscv_top/lp_riscv/i_riscv_core/id_stage_i/mux_729_37/in_0 	 (fanout : 1)
hpin:lp_riscv_top/lp_riscv/i_riscv_core/id_stage_i/mux_570_45/in_0[1] 	 (fanout : 1)
hpin:lp_riscv_top/lp_riscv/i_riscv_core/id_stage_i/mux_570_45/in_0[0] 	 (fanout : 1)
hpin:lp_riscv_top/lp_riscv/i_riscv_core/id_stage_i/mux_570_45/in_1[1] 	 (fanout : 1)
hpin:lp_riscv_top/lp_riscv/i_riscv_core/id_stage_i/mux_570_45/in_1[0] 	 (fanout : 1)
hpin:lp_riscv_top/lp_riscv/i_riscv_core/id_stage_i/mux_imm_shuffle_type_597_22/in_0[6] 	 (fanout : 1)
hpin:lp_riscv_top/lp_riscv/i_riscv_core/id_stage_i/mux_imm_shuffle_type_597_22/in_0[5] 	 (fanout : 1)
hpin:lp_riscv_top/lp_riscv/i_riscv_core/id_stage_i/mux_imm_shuffle_type_597_22/in_0[4] 	 (fanout : 1)
hpin:lp_riscv_top/lp_riscv/i_riscv_core/id_stage_i/mux_imm_shuffle_type_597_22/in_0[2] 	 (fanout : 1)
hpin:lp_riscv_top/lp_riscv/i_riscv_core/id_stage_i/mux_imm_shuffle_type_597_22/in_0[1] 	 (fanout : 1)
hpin:lp_riscv_top/lp_riscv/i_riscv_core/id_stage_i/mux_imm_shuffle_type_597_22/in_0[0] 	 (fanout : 1)
hpin:lp_riscv_top/lp_riscv/i_riscv_core/id_stage_i/mux_imm_b_566_18/in_2[11] 	 (fanout : 1)
hpin:lp_riscv_top/lp_riscv/i_riscv_core/id_stage_i/mux_imm_b_566_18/in_2[10] 	 (fanout : 1)
hpin:lp_riscv_top/lp_riscv/i_riscv_core/id_stage_i/mux_imm_b_566_18/in_2[9] 	 (fanout : 1)
hpin:lp_riscv_top/lp_riscv/i_riscv_core/id_stage_i/mux_imm_b_566_18/in_2[8] 	 (fanout : 1)
hpin:lp_riscv_top/lp_riscv/i_riscv_core/id_stage_i/mux_imm_b_566_18/in_2[7] 	 (fanout : 1)
hpin:lp_riscv_top/lp_riscv/i_riscv_core/id_stage_i/mux_imm_b_566_18/in_2[6] 	 (fanout : 1)
hpin:lp_riscv_top/lp_riscv/i_riscv_core/id_stage_i/mux_imm_b_566_18/in_2[5] 	 (fanout : 1)
hpin:lp_riscv_top/lp_riscv/i_riscv_core/id_stage_i/mux_imm_b_566_18/in_2[4] 	 (fanout : 1)
hpin:lp_riscv_top/lp_riscv/i_riscv_core/id_stage_i/mux_imm_b_566_18/in_2[3] 	 (fanout : 1)
hpin:lp_riscv_top/lp_riscv/i_riscv_core/id_stage_i/mux_imm_b_566_18/in_2[2] 	 (fanout : 1)
hpin:lp_riscv_top/lp_riscv/i_riscv_core/id_stage_i/mux_imm_b_566_18/in_2[1] 	 (fanout : 1)
hpin:lp_riscv_top/lp_riscv/i_riscv_core/id_stage_i/mux_imm_b_566_18/in_2[0] 	 (fanout : 1)
hpin:lp_riscv_top/lp_riscv/i_riscv_core/id_stage_i/mux_imm_b_566_18/in_3[31] 	 (fanout : 1)
hpin:lp_riscv_top/lp_riscv/i_riscv_core/id_stage_i/mux_imm_b_566_18/in_3[30] 	 (fanout : 1)
hpin:lp_riscv_top/lp_riscv/i_riscv_core/id_stage_i/mux_imm_b_566_18/in_3[29] 	 (fanout : 1)
hpin:lp_riscv_top/lp_riscv/i_riscv_core/id_stage_i/mux_imm_b_566_18/in_3[28] 	 (fanout : 1)
hpin:lp_riscv_top/lp_riscv/i_riscv_core/id_stage_i/mux_imm_b_566_18/in_3[27] 	 (fanout : 1)
hpin:lp_riscv_top/lp_riscv/i_riscv_core/id_stage_i/mux_imm_b_566_18/in_3[26] 	 (fanout : 1)
hpin:lp_riscv_top/lp_riscv/i_riscv_core/id_stage_i/mux_imm_b_566_18/in_3[25] 	 (fanout : 1)
hpin:lp_riscv_top/lp_riscv/i_riscv_core/id_stage_i/mux_imm_b_566_18/in_3[24] 	 (fanout : 1)
hpin:lp_riscv_top/lp_riscv/i_riscv_core/id_stage_i/mux_imm_b_566_18/in_3[23] 	 (fanout : 1)
hpin:lp_riscv_top/lp_riscv/i_riscv_core/id_stage_i/mux_imm_b_566_18/in_3[22] 	 (fanout : 1)
hpin:lp_riscv_top/lp_riscv/i_riscv_core/id_stage_i/mux_imm_b_566_18/in_3[21] 	 (fanout : 1)
hpin:lp_riscv_top/lp_riscv/i_riscv_core/id_stage_i/mux_imm_b_566_18/in_3[20] 	 (fanout : 1)
hpin:lp_riscv_top/lp_riscv/i_riscv_core/id_stage_i/mux_imm_b_566_18/in_3[19] 	 (fanout : 1)
hpin:lp_riscv_top/lp_riscv/i_riscv_core/id_stage_i/mux_imm_b_566_18/in_3[18] 	 (fanout : 1)
hpin:lp_riscv_top/lp_riscv/i_riscv_core/id_stage_i/mux_imm_b_566_18/in_3[17] 	 (fanout : 1)
hpin:lp_riscv_top/lp_riscv/i_riscv_core/id_stage_i/mux_imm_b_566_18/in_3[16] 	 (fanout : 1)
hpin:lp_riscv_top/lp_riscv/i_riscv_core/id_stage_i/mux_imm_b_566_18/in_3[15] 	 (fanout : 1)
hpin:lp_riscv_top/lp_riscv/i_riscv_core/id_stage_i/mux_imm_b_566_18/in_3[14] 	 (fanout : 1)
hpin:lp_riscv_top/lp_riscv/i_riscv_core/id_stage_i/mux_imm_b_566_18/in_3[13] 	 (fanout : 1)
hpin:lp_riscv_top/lp_riscv/i_riscv_core/id_stage_i/mux_imm_b_566_18/in_3[12] 	 (fanout : 1)
hpin:lp_riscv_top/lp_riscv/i_riscv_core/id_stage_i/mux_imm_b_566_18/in_3[11] 	 (fanout : 1)
hpin:lp_riscv_top/lp_riscv/i_riscv_core/id_stage_i/mux_imm_b_566_18/in_3[10] 	 (fanout : 1)
hpin:lp_riscv_top/lp_riscv/i_riscv_core/id_stage_i/mux_imm_b_566_18/in_3[9] 	 (fanout : 1)
hpin:lp_riscv_top/lp_riscv/i_riscv_core/id_stage_i/mux_imm_b_566_18/in_3[8] 	 (fanout : 1)
hpin:lp_riscv_top/lp_riscv/i_riscv_core/id_stage_i/mux_imm_b_566_18/in_3[7] 	 (fanout : 1)
hpin:lp_riscv_top/lp_riscv/i_riscv_core/id_stage_i/mux_imm_b_566_18/in_3[6] 	 (fanout : 1)
hpin:lp_riscv_top/lp_riscv/i_riscv_core/id_stage_i/mux_imm_b_566_18/in_3[5] 	 (fanout : 1)
hpin:lp_riscv_top/lp_riscv/i_riscv_core/id_stage_i/mux_imm_b_566_18/in_3[4] 	 (fanout : 1)
hpin:lp_riscv_top/lp_riscv/i_riscv_core/id_stage_i/mux_imm_b_566_18/in_3[3] 	 (fanout : 1)
hpin:lp_riscv_top/lp_riscv/i_riscv_core/id_stage_i/mux_imm_b_566_18/in_3[0] 	 (fanout : 1)
hpin:lp_riscv_top/lp_riscv/i_riscv_core/id_stage_i/mux_imm_b_566_18/in_4[31] 	 (fanout : 1)
hpin:lp_riscv_top/lp_riscv/i_riscv_core/id_stage_i/mux_imm_b_566_18/in_4[30] 	 (fanout : 1)
hpin:lp_riscv_top/lp_riscv/i_riscv_core/id_stage_i/mux_imm_b_566_18/in_4[29] 	 (fanout : 1)
hpin:lp_riscv_top/lp_riscv/i_riscv_core/id_stage_i/mux_imm_b_566_18/in_4[28] 	 (fanout : 1)
hpin:lp_riscv_top/lp_riscv/i_riscv_core/id_stage_i/mux_imm_b_566_18/in_4[27] 	 (fanout : 1)
hpin:lp_riscv_top/lp_riscv/i_riscv_core/id_stage_i/mux_imm_b_566_18/in_4[26] 	 (fanout : 1)
hpin:lp_riscv_top/lp_riscv/i_riscv_core/id_stage_i/mux_imm_b_566_18/in_4[25] 	 (fanout : 1)
hpin:lp_riscv_top/lp_riscv/i_riscv_core/id_stage_i/mux_imm_b_566_18/in_4[24] 	 (fanout : 1)
hpin:lp_riscv_top/lp_riscv/i_riscv_core/id_stage_i/mux_imm_b_566_18/in_4[23] 	 (fanout : 1)
hpin:lp_riscv_top/lp_riscv/i_riscv_core/id_stage_i/mux_imm_b_566_18/in_4[22] 	 (fanout : 1)
hpin:lp_riscv_top/lp_riscv/i_riscv_core/id_stage_i/mux_imm_b_566_18/in_4[21] 	 (fanout : 1)
hpin:lp_riscv_top/lp_riscv/i_riscv_core/id_stage_i/mux_imm_b_566_18/in_4[20] 	 (fanout : 1)
hpin:lp_riscv_top/lp_riscv/i_riscv_core/id_stage_i/mux_imm_b_566_18/in_4[19] 	 (fanout : 1)
hpin:lp_riscv_top/lp_riscv/i_riscv_core/id_stage_i/mux_imm_b_566_18/in_4[18] 	 (fanout : 1)
hpin:lp_riscv_top/lp_riscv/i_riscv_core/id_stage_i/mux_imm_b_566_18/in_4[17] 	 (fanout : 1)
hpin:lp_riscv_top/lp_riscv/i_riscv_core/id_stage_i/mux_imm_b_566_18/in_4[16] 	 (fanout : 1)
hpin:lp_riscv_top/lp_riscv/i_riscv_core/id_stage_i/mux_imm_b_566_18/in_4[15] 	 (fanout : 1)
hpin:lp_riscv_top/lp_riscv/i_riscv_core/id_stage_i/mux_imm_b_566_18/in_4[14] 	 (fanout : 1)
hpin:lp_riscv_top/lp_riscv/i_riscv_core/id_stage_i/mux_imm_b_566_18/in_4[13] 	 (fanout : 1)
hpin:lp_riscv_top/lp_riscv/i_riscv_core/id_stage_i/mux_imm_b_566_18/in_4[12] 	 (fanout : 1)
hpin:lp_riscv_top/lp_riscv/i_riscv_core/id_stage_i/mux_imm_b_566_18/in_4[11] 	 (fanout : 1)
hpin:lp_riscv_top/lp_riscv/i_riscv_core/id_stage_i/mux_imm_b_566_18/in_4[10] 	 (fanout : 1)
hpin:lp_riscv_top/lp_riscv/i_riscv_core/id_stage_i/mux_imm_b_566_18/in_4[9] 	 (fanout : 1)
hpin:lp_riscv_top/lp_riscv/i_riscv_core/id_stage_i/mux_imm_b_566_18/in_4[8] 	 (fanout : 1)
hpin:lp_riscv_top/lp_riscv/i_riscv_core/id_stage_i/mux_imm_b_566_18/in_4[7] 	 (fanout : 1)
hpin:lp_riscv_top/lp_riscv/i_riscv_core/id_stage_i/mux_imm_b_566_18/in_4[6] 	 (fanout : 1)
hpin:lp_riscv_top/lp_riscv/i_riscv_core/id_stage_i/mux_imm_b_566_18/in_4[5] 	 (fanout : 1)
hpin:lp_riscv_top/lp_riscv/i_riscv_core/id_stage_i/mux_imm_b_566_18/in_5[31] 	 (fanout : 1)
hpin:lp_riscv_top/lp_riscv/i_riscv_core/id_stage_i/mux_imm_b_566_18/in_5[30] 	 (fanout : 1)
hpin:lp_riscv_top/lp_riscv/i_riscv_core/id_stage_i/mux_imm_b_566_18/in_5[29] 	 (fanout : 1)
hpin:lp_riscv_top/lp_riscv/i_riscv_core/id_stage_i/mux_imm_b_566_18/in_5[28] 	 (fanout : 1)
hpin:lp_riscv_top/lp_riscv/i_riscv_core/id_stage_i/mux_imm_b_566_18/in_5[27] 	 (fanout : 1)
hpin:lp_riscv_top/lp_riscv/i_riscv_core/id_stage_i/mux_imm_b_566_18/in_5[26] 	 (fanout : 1)
hpin:lp_riscv_top/lp_riscv/i_riscv_core/id_stage_i/mux_imm_b_566_18/in_5[25] 	 (fanout : 1)
hpin:lp_riscv_top/lp_riscv/i_riscv_core/id_stage_i/mux_imm_b_566_18/in_5[24] 	 (fanout : 1)
hpin:lp_riscv_top/lp_riscv/i_riscv_core/id_stage_i/mux_imm_b_566_18/in_5[23] 	 (fanout : 1)
hpin:lp_riscv_top/lp_riscv/i_riscv_core/id_stage_i/mux_imm_b_566_18/in_5[22] 	 (fanout : 1)
hpin:lp_riscv_top/lp_riscv/i_riscv_core/id_stage_i/mux_imm_b_566_18/in_5[21] 	 (fanout : 1)
hpin:lp_riscv_top/lp_riscv/i_riscv_core/id_stage_i/mux_imm_b_566_18/in_5[20] 	 (fanout : 1)
hpin:lp_riscv_top/lp_riscv/i_riscv_core/id_stage_i/mux_imm_b_566_18/in_5[19] 	 (fanout : 1)
hpin:lp_riscv_top/lp_riscv/i_riscv_core/id_stage_i/mux_imm_b_566_18/in_5[18] 	 (fanout : 1)
hpin:lp_riscv_top/lp_riscv/i_riscv_core/id_stage_i/mux_imm_b_566_18/in_5[17] 	 (fanout : 1)
hpin:lp_riscv_top/lp_riscv/i_riscv_core/id_stage_i/mux_imm_b_566_18/in_5[16] 	 (fanout : 1)
hpin:lp_riscv_top/lp_riscv/i_riscv_core/id_stage_i/mux_imm_b_566_18/in_5[15] 	 (fanout : 1)
hpin:lp_riscv_top/lp_riscv/i_riscv_core/id_stage_i/mux_imm_b_566_18/in_5[14] 	 (fanout : 1)
hpin:lp_riscv_top/lp_riscv/i_riscv_core/id_stage_i/mux_imm_b_566_18/in_5[13] 	 (fanout : 1)
hpin:lp_riscv_top/lp_riscv/i_riscv_core/id_stage_i/mux_imm_b_566_18/in_5[12] 	 (fanout : 1)
hpin:lp_riscv_top/lp_riscv/i_riscv_core/id_stage_i/mux_imm_b_566_18/in_5[11] 	 (fanout : 1)
hpin:lp_riscv_top/lp_riscv/i_riscv_core/id_stage_i/mux_imm_b_566_18/in_5[10] 	 (fanout : 1)
hpin:lp_riscv_top/lp_riscv/i_riscv_core/id_stage_i/mux_imm_b_566_18/in_5[9] 	 (fanout : 1)
hpin:lp_riscv_top/lp_riscv/i_riscv_core/id_stage_i/mux_imm_b_566_18/in_5[8] 	 (fanout : 1)
hpin:lp_riscv_top/lp_riscv/i_riscv_core/id_stage_i/mux_imm_b_566_18/in_5[7] 	 (fanout : 1)
hpin:lp_riscv_top/lp_riscv/i_riscv_core/id_stage_i/mux_imm_b_566_18/in_5[6] 	 (fanout : 1)
hpin:lp_riscv_top/lp_riscv/i_riscv_core/id_stage_i/mux_imm_b_566_18/in_5[5] 	 (fanout : 1)
hpin:lp_riscv_top/lp_riscv/i_riscv_core/id_stage_i/mux_imm_b_566_18/in_7[31] 	 (fanout : 1)
hpin:lp_riscv_top/lp_riscv/i_riscv_core/id_stage_i/mux_imm_b_566_18/in_7[30] 	 (fanout : 1)
hpin:lp_riscv_top/lp_riscv/i_riscv_core/id_stage_i/mux_imm_b_566_18/in_7[29] 	 (fanout : 1)
hpin:lp_riscv_top/lp_riscv/i_riscv_core/id_stage_i/mux_imm_b_566_18/in_7[28] 	 (fanout : 1)
hpin:lp_riscv_top/lp_riscv/i_riscv_core/id_stage_i/mux_imm_b_566_18/in_7[27] 	 (fanout : 1)
hpin:lp_riscv_top/lp_riscv/i_riscv_core/id_stage_i/mux_imm_b_566_18/in_7[26] 	 (fanout : 1)
hpin:lp_riscv_top/lp_riscv/i_riscv_core/id_stage_i/mux_imm_b_566_18/in_7[25] 	 (fanout : 1)
hpin:lp_riscv_top/lp_riscv/i_riscv_core/id_stage_i/mux_imm_b_566_18/in_7[24] 	 (fanout : 1)
hpin:lp_riscv_top/lp_riscv/i_riscv_core/id_stage_i/mux_imm_b_566_18/in_7[23] 	 (fanout : 1)
hpin:lp_riscv_top/lp_riscv/i_riscv_core/id_stage_i/mux_imm_b_566_18/in_7[22] 	 (fanout : 1)
hpin:lp_riscv_top/lp_riscv/i_riscv_core/id_stage_i/mux_imm_b_566_18/in_7[21] 	 (fanout : 1)
hpin:lp_riscv_top/lp_riscv/i_riscv_core/id_stage_i/mux_imm_b_566_18/in_7[20] 	 (fanout : 1)
hpin:lp_riscv_top/lp_riscv/i_riscv_core/id_stage_i/mux_imm_b_566_18/in_7[19] 	 (fanout : 1)
hpin:lp_riscv_top/lp_riscv/i_riscv_core/id_stage_i/mux_imm_b_566_18/in_7[18] 	 (fanout : 1)
hpin:lp_riscv_top/lp_riscv/i_riscv_core/id_stage_i/mux_imm_b_566_18/in_7[17] 	 (fanout : 1)
hpin:lp_riscv_top/lp_riscv/i_riscv_core/id_stage_i/mux_imm_b_566_18/in_7[16] 	 (fanout : 1)
hpin:lp_riscv_top/lp_riscv/i_riscv_core/id_stage_i/mux_imm_b_566_18/in_7[15] 	 (fanout : 1)
hpin:lp_riscv_top/lp_riscv/i_riscv_core/id_stage_i/mux_imm_b_566_18/in_7[14] 	 (fanout : 1)
hpin:lp_riscv_top/lp_riscv/i_riscv_core/id_stage_i/mux_imm_b_566_18/in_7[13] 	 (fanout : 1)
hpin:lp_riscv_top/lp_riscv/i_riscv_core/id_stage_i/mux_imm_b_566_18/in_7[12] 	 (fanout : 1)
hpin:lp_riscv_top/lp_riscv/i_riscv_core/id_stage_i/mux_imm_b_566_18/in_7[11] 	 (fanout : 1)
hpin:lp_riscv_top/lp_riscv/i_riscv_core/id_stage_i/mux_imm_b_566_18/in_7[10] 	 (fanout : 1)
hpin:lp_riscv_top/lp_riscv/i_riscv_core/id_stage_i/mux_imm_b_566_18/in_7[9] 	 (fanout : 1)
hpin:lp_riscv_top/lp_riscv/i_riscv_core/id_stage_i/mux_imm_b_566_18/in_7[8] 	 (fanout : 1)
hpin:lp_riscv_top/lp_riscv/i_riscv_core/id_stage_i/mux_imm_b_566_18/in_7[7] 	 (fanout : 1)
hpin:lp_riscv_top/lp_riscv/i_riscv_core/id_stage_i/mux_imm_b_566_18/in_7[6] 	 (fanout : 1)
hpin:lp_riscv_top/lp_riscv/i_riscv_core/id_stage_i/mux_imm_b_566_18/in_8[31] 	 (fanout : 1)
hpin:lp_riscv_top/lp_riscv/i_riscv_core/id_stage_i/mux_imm_b_566_18/in_8[30] 	 (fanout : 1)
hpin:lp_riscv_top/lp_riscv/i_riscv_core/id_stage_i/mux_imm_b_566_18/in_8[29] 	 (fanout : 1)
hpin:lp_riscv_top/lp_riscv/i_riscv_core/id_stage_i/mux_imm_b_566_18/in_8[28] 	 (fanout : 1)
hpin:lp_riscv_top/lp_riscv/i_riscv_core/id_stage_i/mux_imm_b_566_18/in_8[27] 	 (fanout : 1)
hpin:lp_riscv_top/lp_riscv/i_riscv_core/id_stage_i/mux_imm_b_566_18/in_8[26] 	 (fanout : 1)
hpin:lp_riscv_top/lp_riscv/i_riscv_core/id_stage_i/mux_imm_b_566_18/in_8[23] 	 (fanout : 1)
hpin:lp_riscv_top/lp_riscv/i_riscv_core/id_stage_i/mux_imm_b_566_18/in_8[22] 	 (fanout : 1)
hpin:lp_riscv_top/lp_riscv/i_riscv_core/id_stage_i/mux_imm_b_566_18/in_8[21] 	 (fanout : 1)
hpin:lp_riscv_top/lp_riscv/i_riscv_core/id_stage_i/mux_imm_b_566_18/in_8[20] 	 (fanout : 1)
hpin:lp_riscv_top/lp_riscv/i_riscv_core/id_stage_i/mux_imm_b_566_18/in_8[19] 	 (fanout : 1)
hpin:lp_riscv_top/lp_riscv/i_riscv_core/id_stage_i/mux_imm_b_566_18/in_8[18] 	 (fanout : 1)
hpin:lp_riscv_top/lp_riscv/i_riscv_core/id_stage_i/mux_imm_b_566_18/in_8[15] 	 (fanout : 1)
hpin:lp_riscv_top/lp_riscv/i_riscv_core/id_stage_i/mux_imm_b_566_18/in_8[14] 	 (fanout : 1)
hpin:lp_riscv_top/lp_riscv/i_riscv_core/id_stage_i/mux_imm_b_566_18/in_8[13] 	 (fanout : 1)
hpin:lp_riscv_top/lp_riscv/i_riscv_core/id_stage_i/mux_imm_b_566_18/in_8[12] 	 (fanout : 1)
hpin:lp_riscv_top/lp_riscv/i_riscv_core/id_stage_i/mux_imm_b_566_18/in_8[11] 	 (fanout : 1)
hpin:lp_riscv_top/lp_riscv/i_riscv_core/id_stage_i/mux_imm_b_566_18/in_8[10] 	 (fanout : 1)
hpin:lp_riscv_top/lp_riscv/i_riscv_core/id_stage_i/mux_imm_b_566_18/in_8[7] 	 (fanout : 1)
hpin:lp_riscv_top/lp_riscv/i_riscv_core/id_stage_i/mux_imm_b_566_18/in_8[6] 	 (fanout : 1)
hpin:lp_riscv_top/lp_riscv/i_riscv_core/id_stage_i/mux_imm_b_566_18/in_8[5] 	 (fanout : 1)
hpin:lp_riscv_top/lp_riscv/i_riscv_core/id_stage_i/mux_imm_b_566_18/in_8[4] 	 (fanout : 1)
hpin:lp_riscv_top/lp_riscv/i_riscv_core/id_stage_i/mux_imm_b_566_18/in_8[3] 	 (fanout : 1)
hpin:lp_riscv_top/lp_riscv/i_riscv_core/id_stage_i/mux_imm_b_566_18/in_8[2] 	 (fanout : 1)
hpin:lp_riscv_top/lp_riscv/i_riscv_core/id_stage_i/mux_imm_b_566_18/in_9[31] 	 (fanout : 1)
hpin:lp_riscv_top/lp_riscv/i_riscv_core/id_stage_i/mux_imm_a_534_18/in_1[4] 	 (fanout : 1)
hpin:lp_riscv_top/lp_riscv/i_riscv_core/id_stage_i/mux_imm_a_534_18/in_1[3] 	 (fanout : 1)
hpin:lp_riscv_top/lp_riscv/i_riscv_core/id_stage_i/mux_imm_a_534_18/in_1[2] 	 (fanout : 1)
hpin:lp_riscv_top/lp_riscv/i_riscv_core/id_stage_i/mux_imm_a_534_18/in_1[1] 	 (fanout : 1)
hpin:lp_riscv_top/lp_riscv/i_riscv_core/id_stage_i/mux_imm_a_534_18/in_1[0] 	 (fanout : 1)
hpin:lp_riscv_top/lp_riscv/i_riscv_core/id_stage_i/mux_alu_operand_a_523_11/in_2[31] 	 (fanout : 1)
hpin:lp_riscv_top/lp_riscv/i_riscv_core/id_stage_i/mux_alu_operand_a_523_11/in_2[30] 	 (fanout : 1)
hpin:lp_riscv_top/lp_riscv/i_riscv_core/id_stage_i/mux_alu_operand_a_523_11/in_2[29] 	 (fanout : 1)
hpin:lp_riscv_top/lp_riscv/i_riscv_core/id_stage_i/mux_alu_operand_a_523_11/in_2[28] 	 (fanout : 1)
hpin:lp_riscv_top/lp_riscv/i_riscv_core/id_stage_i/mux_alu_operand_a_523_11/in_2[27] 	 (fanout : 1)
hpin:lp_riscv_top/lp_riscv/i_riscv_core/id_stage_i/mux_alu_operand_a_523_11/in_2[26] 	 (fanout : 1)
hpin:lp_riscv_top/lp_riscv/i_riscv_core/id_stage_i/mux_alu_operand_a_523_11/in_2[25] 	 (fanout : 1)
hpin:lp_riscv_top/lp_riscv/i_riscv_core/id_stage_i/mux_alu_operand_a_523_11/in_2[24] 	 (fanout : 1)
hpin:lp_riscv_top/lp_riscv/i_riscv_core/id_stage_i/mux_alu_operand_a_523_11/in_2[23] 	 (fanout : 1)
hpin:lp_riscv_top/lp_riscv/i_riscv_core/id_stage_i/mux_alu_operand_a_523_11/in_2[22] 	 (fanout : 1)
hpin:lp_riscv_top/lp_riscv/i_riscv_core/id_stage_i/mux_alu_operand_a_523_11/in_2[21] 	 (fanout : 1)
hpin:lp_riscv_top/lp_riscv/i_riscv_core/id_stage_i/mux_alu_operand_a_523_11/in_2[20] 	 (fanout : 1)
hpin:lp_riscv_top/lp_riscv/i_riscv_core/id_stage_i/mux_alu_operand_a_523_11/in_2[19] 	 (fanout : 1)
hpin:lp_riscv_top/lp_riscv/i_riscv_core/id_stage_i/mux_alu_operand_a_523_11/in_2[18] 	 (fanout : 1)
hpin:lp_riscv_top/lp_riscv/i_riscv_core/id_stage_i/mux_alu_operand_a_523_11/in_2[17] 	 (fanout : 1)
hpin:lp_riscv_top/lp_riscv/i_riscv_core/id_stage_i/mux_alu_operand_a_523_11/in_2[16] 	 (fanout : 1)
hpin:lp_riscv_top/lp_riscv/i_riscv_core/id_stage_i/mux_alu_operand_a_523_11/in_2[15] 	 (fanout : 1)
hpin:lp_riscv_top/lp_riscv/i_riscv_core/id_stage_i/mux_alu_operand_a_523_11/in_2[14] 	 (fanout : 1)
hpin:lp_riscv_top/lp_riscv/i_riscv_core/id_stage_i/mux_alu_operand_a_523_11/in_2[13] 	 (fanout : 1)
hpin:lp_riscv_top/lp_riscv/i_riscv_core/id_stage_i/mux_alu_operand_a_523_11/in_2[12] 	 (fanout : 1)
hpin:lp_riscv_top/lp_riscv/i_riscv_core/id_stage_i/mux_alu_operand_a_523_11/in_2[11] 	 (fanout : 1)
hpin:lp_riscv_top/lp_riscv/i_riscv_core/id_stage_i/mux_alu_operand_a_523_11/in_2[10] 	 (fanout : 1)
hpin:lp_riscv_top/lp_riscv/i_riscv_core/id_stage_i/mux_alu_operand_a_523_11/in_2[9] 	 (fanout : 1)
hpin:lp_riscv_top/lp_riscv/i_riscv_core/id_stage_i/mux_alu_operand_a_523_11/in_2[8] 	 (fanout : 1)
hpin:lp_riscv_top/lp_riscv/i_riscv_core/id_stage_i/mux_alu_operand_a_523_11/in_2[7] 	 (fanout : 1)
hpin:lp_riscv_top/lp_riscv/i_riscv_core/id_stage_i/mux_alu_operand_a_523_11/in_2[6] 	 (fanout : 1)
hpin:lp_riscv_top/lp_riscv/i_riscv_core/id_stage_i/mux_alu_operand_a_523_11/in_2[5] 	 (fanout : 1)
hpin:lp_riscv_top/lp_riscv/i_riscv_core/id_stage_i/mux_mult_imm_id_687_18/in_0[4] 	 (fanout : 1)
hpin:lp_riscv_top/lp_riscv/i_riscv_core/id_stage_i/mux_mult_imm_id_687_18/in_0[3] 	 (fanout : 1)
hpin:lp_riscv_top/lp_riscv/i_riscv_core/id_stage_i/mux_mult_imm_id_687_18/in_0[2] 	 (fanout : 1)
hpin:lp_riscv_top/lp_riscv/i_riscv_core/id_stage_i/mux_mult_imm_id_687_18/in_0[1] 	 (fanout : 1)
hpin:lp_riscv_top/lp_riscv/i_riscv_core/id_stage_i/mux_mult_imm_id_687_18/in_0[0] 	 (fanout : 1)
hpin:lp_riscv_top/lp_riscv/i_riscv_core/id_stage_i/mux_regfile_alu_we_ex_o_1100_11/in_0 	 (fanout : 1)
hpin:lp_riscv_top/lp_riscv/i_riscv_core/id_stage_i/mux_bmask_b_id_673_18/in_2[4] 	 (fanout : 1)
hpin:lp_riscv_top/lp_riscv/i_riscv_core/id_stage_i/mux_bmask_b_id_673_18/in_2[3] 	 (fanout : 1)
hpin:lp_riscv_top/lp_riscv/i_riscv_core/id_stage_i/mux_bmask_b_id_673_18/in_2[2] 	 (fanout : 1)
hpin:lp_riscv_top/lp_riscv/i_riscv_core/id_stage_i/mux_bmask_b_id_673_18/in_2[1] 	 (fanout : 1)
hpin:lp_riscv_top/lp_riscv/i_riscv_core/id_stage_i/mux_bmask_b_id_673_18/in_2[0] 	 (fanout : 1)
hpin:lp_riscv_top/lp_riscv/i_riscv_core/id_stage_i/mux_bmask_b_id_673_18/in_3[4] 	 (fanout : 1)
hpin:lp_riscv_top/lp_riscv/i_riscv_core/id_stage_i/mux_bmask_b_id_673_18/in_3[3] 	 (fanout : 1)
hpin:lp_riscv_top/lp_riscv/i_riscv_core/id_stage_i/mux_bmask_b_id_673_18/in_3[2] 	 (fanout : 1)
hpin:lp_riscv_top/lp_riscv/i_riscv_core/id_stage_i/mux_bmask_b_id_673_18/in_3[1] 	 (fanout : 1)
hpin:lp_riscv_top/lp_riscv/i_riscv_core/id_stage_i/mux_bmask_b_id_673_18/in_3[0] 	 (fanout : 1)
hpin:lp_riscv_top/lp_riscv/i_riscv_core/id_stage_i/mux_bmask_a_id_665_18/in_0[4] 	 (fanout : 1)
hpin:lp_riscv_top/lp_riscv/i_riscv_core/id_stage_i/mux_bmask_a_id_665_18/in_0[3] 	 (fanout : 1)
hpin:lp_riscv_top/lp_riscv/i_riscv_core/id_stage_i/mux_bmask_a_id_665_18/in_0[2] 	 (fanout : 1)
hpin:lp_riscv_top/lp_riscv/i_riscv_core/id_stage_i/mux_bmask_a_id_665_18/in_0[1] 	 (fanout : 1)
hpin:lp_riscv_top/lp_riscv/i_riscv_core/id_stage_i/mux_bmask_a_id_665_18/in_0[0] 	 (fanout : 1)
hpin:lp_riscv_top/lp_riscv/i_riscv_core/id_stage_i/mux_hwloop_cnt_int_473_11/in_0[31] 	 (fanout : 1)
hpin:lp_riscv_top/lp_riscv/i_riscv_core/id_stage_i/mux_hwloop_cnt_int_473_11/in_0[30] 	 (fanout : 1)
hpin:lp_riscv_top/lp_riscv/i_riscv_core/id_stage_i/mux_hwloop_cnt_int_473_11/in_0[29] 	 (fanout : 1)
hpin:lp_riscv_top/lp_riscv/i_riscv_core/id_stage_i/mux_hwloop_cnt_int_473_11/in_0[28] 	 (fanout : 1)
hpin:lp_riscv_top/lp_riscv/i_riscv_core/id_stage_i/mux_hwloop_cnt_int_473_11/in_0[27] 	 (fanout : 1)
hpin:lp_riscv_top/lp_riscv/i_riscv_core/id_stage_i/mux_hwloop_cnt_int_473_11/in_0[26] 	 (fanout : 1)
hpin:lp_riscv_top/lp_riscv/i_riscv_core/id_stage_i/mux_hwloop_cnt_int_473_11/in_0[25] 	 (fanout : 1)
hpin:lp_riscv_top/lp_riscv/i_riscv_core/id_stage_i/mux_hwloop_cnt_int_473_11/in_0[24] 	 (fanout : 1)
hpin:lp_riscv_top/lp_riscv/i_riscv_core/id_stage_i/mux_hwloop_cnt_int_473_11/in_0[23] 	 (fanout : 1)
hpin:lp_riscv_top/lp_riscv/i_riscv_core/id_stage_i/mux_hwloop_cnt_int_473_11/in_0[22] 	 (fanout : 1)
hpin:lp_riscv_top/lp_riscv/i_riscv_core/id_stage_i/mux_hwloop_cnt_int_473_11/in_0[21] 	 (fanout : 1)
hpin:lp_riscv_top/lp_riscv/i_riscv_core/id_stage_i/mux_hwloop_cnt_int_473_11/in_0[20] 	 (fanout : 1)
hpin:lp_riscv_top/lp_riscv/i_riscv_core/id_stage_i/mux_hwloop_cnt_int_473_11/in_0[19] 	 (fanout : 1)
hpin:lp_riscv_top/lp_riscv/i_riscv_core/id_stage_i/mux_hwloop_cnt_int_473_11/in_0[18] 	 (fanout : 1)
hpin:lp_riscv_top/lp_riscv/i_riscv_core/id_stage_i/mux_hwloop_cnt_int_473_11/in_0[17] 	 (fanout : 1)
hpin:lp_riscv_top/lp_riscv/i_riscv_core/id_stage_i/mux_hwloop_cnt_int_473_11/in_0[16] 	 (fanout : 1)
hpin:lp_riscv_top/lp_riscv/i_riscv_core/id_stage_i/mux_hwloop_cnt_int_473_11/in_0[15] 	 (fanout : 1)
hpin:lp_riscv_top/lp_riscv/i_riscv_core/id_stage_i/mux_hwloop_cnt_int_473_11/in_0[14] 	 (fanout : 1)
hpin:lp_riscv_top/lp_riscv/i_riscv_core/id_stage_i/mux_hwloop_cnt_int_473_11/in_0[13] 	 (fanout : 1)
hpin:lp_riscv_top/lp_riscv/i_riscv_core/id_stage_i/mux_hwloop_cnt_int_473_11/in_0[12] 	 (fanout : 1)
hpin:lp_riscv_top/lp_riscv/i_riscv_core/ex_stage_i/alu_i/alu_popcnt_i/add_1019_44_I1/A[1] 	 (fanout : 2)
hpin:lp_riscv_top/lp_riscv/i_riscv_core/ex_stage_i/alu_i/alu_popcnt_i/add_1019_44_I1/B[1] 	 (fanout : 2)
hpin:lp_riscv_top/lp_riscv/i_riscv_core/ex_stage_i/alu_i/alu_popcnt_i/add_1019_44_I2/A[1] 	 (fanout : 2)
hpin:lp_riscv_top/lp_riscv/i_riscv_core/ex_stage_i/alu_i/alu_popcnt_i/add_1019_44_I2/B[1] 	 (fanout : 2)
hpin:lp_riscv_top/lp_riscv/i_riscv_core/ex_stage_i/alu_i/alu_popcnt_i/add_1019_44_I3/A[1] 	 (fanout : 2)
hpin:lp_riscv_top/lp_riscv/i_riscv_core/ex_stage_i/alu_i/alu_popcnt_i/add_1019_44_I3/B[1] 	 (fanout : 2)
hpin:lp_riscv_top/lp_riscv/i_riscv_core/ex_stage_i/alu_i/alu_popcnt_i/add_1019_44_I4/A[1] 	 (fanout : 2)
hpin:lp_riscv_top/lp_riscv/i_riscv_core/ex_stage_i/alu_i/alu_popcnt_i/add_1019_44_I4/B[1] 	 (fanout : 2)
hpin:lp_riscv_top/lp_riscv/i_riscv_core/ex_stage_i/alu_i/alu_popcnt_i/add_1019_44_I5/A[1] 	 (fanout : 2)
hpin:lp_riscv_top/lp_riscv/i_riscv_core/ex_stage_i/alu_i/alu_popcnt_i/add_1019_44_I5/B[1] 	 (fanout : 2)
hpin:lp_riscv_top/lp_riscv/i_riscv_core/ex_stage_i/alu_i/alu_popcnt_i/add_1019_44_I6/A[1] 	 (fanout : 2)
hpin:lp_riscv_top/lp_riscv/i_riscv_core/ex_stage_i/alu_i/alu_popcnt_i/add_1019_44_I6/B[1] 	 (fanout : 2)
hpin:lp_riscv_top/lp_riscv/i_riscv_core/ex_stage_i/alu_i/alu_popcnt_i/add_1019_44_I7/A[1] 	 (fanout : 2)
hpin:lp_riscv_top/lp_riscv/i_riscv_core/ex_stage_i/alu_i/alu_popcnt_i/add_1019_44_I7/B[1] 	 (fanout : 2)
hpin:lp_riscv_top/lp_riscv/i_riscv_core/ex_stage_i/alu_i/alu_popcnt_i/add_1019_44_I8/A[1] 	 (fanout : 2)
hpin:lp_riscv_top/lp_riscv/i_riscv_core/ex_stage_i/alu_i/alu_popcnt_i/add_1019_44_I8/B[1] 	 (fanout : 2)
hpin:lp_riscv_top/lp_riscv/i_riscv_core/ex_stage_i/alu_i/alu_popcnt_i/add_1019_44_I9/A[1] 	 (fanout : 2)
hpin:lp_riscv_top/lp_riscv/i_riscv_core/ex_stage_i/alu_i/alu_popcnt_i/add_1019_44_I9/B[1] 	 (fanout : 2)
hpin:lp_riscv_top/lp_riscv/i_riscv_core/ex_stage_i/alu_i/alu_popcnt_i/add_1019_44_I10/A[1] 	 (fanout : 2)
hpin:lp_riscv_top/lp_riscv/i_riscv_core/ex_stage_i/alu_i/alu_popcnt_i/add_1019_44_I10/B[1] 	 (fanout : 2)
hpin:lp_riscv_top/lp_riscv/i_riscv_core/ex_stage_i/alu_i/alu_popcnt_i/add_1019_44_I11/A[1] 	 (fanout : 2)
hpin:lp_riscv_top/lp_riscv/i_riscv_core/ex_stage_i/alu_i/alu_popcnt_i/add_1019_44_I11/B[1] 	 (fanout : 2)
hpin:lp_riscv_top/lp_riscv/i_riscv_core/ex_stage_i/alu_i/alu_popcnt_i/add_1019_44_I12/A[1] 	 (fanout : 2)
hpin:lp_riscv_top/lp_riscv/i_riscv_core/ex_stage_i/alu_i/alu_popcnt_i/add_1019_44_I12/B[1] 	 (fanout : 2)
hpin:lp_riscv_top/lp_riscv/i_riscv_core/ex_stage_i/alu_i/alu_popcnt_i/add_1019_44_I13/A[1] 	 (fanout : 2)
hpin:lp_riscv_top/lp_riscv/i_riscv_core/ex_stage_i/alu_i/alu_popcnt_i/add_1019_44_I13/B[1] 	 (fanout : 2)
hpin:lp_riscv_top/lp_riscv/i_riscv_core/ex_stage_i/alu_i/alu_popcnt_i/add_1019_44_I14/A[1] 	 (fanout : 2)
hpin:lp_riscv_top/lp_riscv/i_riscv_core/ex_stage_i/alu_i/alu_popcnt_i/add_1019_44_I14/B[1] 	 (fanout : 2)
hpin:lp_riscv_top/lp_riscv/i_riscv_core/ex_stage_i/alu_i/alu_popcnt_i/add_1019_44_I15/A[1] 	 (fanout : 2)
hpin:lp_riscv_top/lp_riscv/i_riscv_core/ex_stage_i/alu_i/alu_popcnt_i/add_1019_44_I15/B[1] 	 (fanout : 2)
hpin:lp_riscv_top/lp_riscv/i_riscv_core/ex_stage_i/alu_i/alu_popcnt_i/add_1019_44_I16/A[1] 	 (fanout : 2)
hpin:lp_riscv_top/lp_riscv/i_riscv_core/ex_stage_i/alu_i/alu_popcnt_i/add_1019_44_I16/B[1] 	 (fanout : 2)
hpin:lp_riscv_top/lp_riscv/i_riscv_core/ex_stage_i/alu_i/alu_ff_i/mux_977_57/in_0 	 (fanout : 1)
hpin:lp_riscv_top/lp_riscv/i_riscv_core/ex_stage_i/alu_i/alu_ff_i/mux_977_57/in_1 	 (fanout : 1)
hpin:lp_riscv_top/lp_riscv/i_riscv_core/ex_stage_i/alu_i/alu_ff_i/mux_967_75/in_0[1] 	 (fanout : 1)
hpin:lp_riscv_top/lp_riscv/i_riscv_core/ex_stage_i/alu_i/alu_ff_i/mux_967_75/in_1[1] 	 (fanout : 1)
hpin:lp_riscv_top/lp_riscv/i_riscv_core/ex_stage_i/alu_i/alu_ff_i/mux_967_75/in_1[0] 	 (fanout : 1)
hpin:lp_riscv_top/lp_riscv/i_riscv_core/ex_stage_i/alu_i/alu_ff_i/mux_967_75/in_2[1] 	 (fanout : 1)
hpin:lp_riscv_top/lp_riscv/i_riscv_core/ex_stage_i/alu_i/alu_ff_i/mux_967_75/in_2[0] 	 (fanout : 1)
hpin:lp_riscv_top/lp_riscv/i_riscv_core/ex_stage_i/alu_i/alu_ff_i/mux_967_35/in_0[2] 	 (fanout : 1)
hpin:lp_riscv_top/lp_riscv/i_riscv_core/ex_stage_i/alu_i/alu_ff_i/mux_967_35/in_1[2] 	 (fanout : 1)
hpin:lp_riscv_top/lp_riscv/i_riscv_core/ex_stage_i/alu_i/alu_ff_i/mux_967_35/in_1[1] 	 (fanout : 1)
hpin:lp_riscv_top/lp_riscv/i_riscv_core/ex_stage_i/alu_i/alu_ff_i/mux_967_35/in_1[0] 	 (fanout : 1)
hpin:lp_riscv_top/lp_riscv/i_riscv_core/ex_stage_i/alu_i/alu_ff_i/mux_967_35/in_2[2] 	 (fanout : 1)
hpin:lp_riscv_top/lp_riscv/i_riscv_core/ex_stage_i/alu_i/alu_ff_i/mux_967_35/in_2[1] 	 (fanout : 1)
hpin:lp_riscv_top/lp_riscv/i_riscv_core/ex_stage_i/alu_i/alu_ff_i/mux_967_35/in_2[0] 	 (fanout : 1)
hpin:lp_riscv_top/lp_riscv/i_riscv_core/ex_stage_i/alu_i/alu_ff_i/mux_967_35/in_3[2] 	 (fanout : 1)
hpin:lp_riscv_top/lp_riscv/i_riscv_core/ex_stage_i/alu_i/alu_ff_i/mux_967_35/in_3[1] 	 (fanout : 1)
hpin:lp_riscv_top/lp_riscv/i_riscv_core/ex_stage_i/alu_i/alu_ff_i/mux_967_35/in_3[0] 	 (fanout : 1)
hpin:lp_riscv_top/lp_riscv/i_riscv_core/ex_stage_i/alu_i/alu_ff_i/mux_967_35/in_4[2] 	 (fanout : 1)
hpin:lp_riscv_top/lp_riscv/i_riscv_core/ex_stage_i/alu_i/alu_ff_i/mux_967_35/in_4[1] 	 (fanout : 1)
hpin:lp_riscv_top/lp_riscv/i_riscv_core/ex_stage_i/alu_i/alu_ff_i/mux_967_35/in_4[0] 	 (fanout : 1)
hpin:lp_riscv_top/lp_riscv/i_riscv_core/ex_stage_i/alu_i/alu_ff_i/mux_977_36/in_0 	 (fanout : 1)
hpin:lp_riscv_top/lp_riscv/i_riscv_core/ex_stage_i/alu_i/alu_ff_i/mux_977_36/in_1 	 (fanout : 1)
hpin:lp_riscv_top/lp_riscv/i_riscv_core/ex_stage_i/alu_i/alu_ff_i/mux_967_38/in_0[1] 	 (fanout : 1)
hpin:lp_riscv_top/lp_riscv/i_riscv_core/ex_stage_i/alu_i/alu_ff_i/mux_967_38/in_1[1] 	 (fanout : 1)
hpin:lp_riscv_top/lp_riscv/i_riscv_core/ex_stage_i/alu_i/alu_ff_i/mux_967_38/in_1[0] 	 (fanout : 1)
hpin:lp_riscv_top/lp_riscv/i_riscv_core/ex_stage_i/alu_i/alu_ff_i/mux_967_38/in_2[1] 	 (fanout : 1)
hpin:lp_riscv_top/lp_riscv/i_riscv_core/ex_stage_i/alu_i/alu_ff_i/mux_967_38/in_2[0] 	 (fanout : 1)
hpin:lp_riscv_top/lp_riscv/i_riscv_core/ex_stage_i/alu_i/alu_ff_i/mux_967_40/in_0[3] 	 (fanout : 1)
hpin:lp_riscv_top/lp_riscv/i_riscv_core/ex_stage_i/alu_i/alu_ff_i/mux_967_40/in_1[3] 	 (fanout : 1)
hpin:lp_riscv_top/lp_riscv/i_riscv_core/ex_stage_i/alu_i/alu_ff_i/mux_967_40/in_1[2] 	 (fanout : 1)
hpin:lp_riscv_top/lp_riscv/i_riscv_core/ex_stage_i/alu_i/alu_ff_i/mux_967_40/in_2[3] 	 (fanout : 1)
hpin:lp_riscv_top/lp_riscv/i_riscv_core/ex_stage_i/alu_i/alu_ff_i/mux_967_40/in_2[2] 	 (fanout : 1)
hpin:lp_riscv_top/lp_riscv/i_riscv_core/ex_stage_i/alu_i/alu_ff_i/mux_967_40/in_2[1] 	 (fanout : 1)
hpin:lp_riscv_top/lp_riscv/i_riscv_core/ex_stage_i/alu_i/alu_ff_i/mux_967_40/in_2[0] 	 (fanout : 1)
hpin:lp_riscv_top/lp_riscv/i_riscv_core/ex_stage_i/alu_i/alu_ff_i/mux_967_40/in_3[3] 	 (fanout : 1)
hpin:lp_riscv_top/lp_riscv/i_riscv_core/ex_stage_i/alu_i/alu_ff_i/mux_967_40/in_3[2] 	 (fanout : 1)
hpin:lp_riscv_top/lp_riscv/i_riscv_core/ex_stage_i/alu_i/alu_ff_i/mux_967_40/in_3[1] 	 (fanout : 1)
hpin:lp_riscv_top/lp_riscv/i_riscv_core/ex_stage_i/alu_i/alu_ff_i/mux_967_40/in_3[0] 	 (fanout : 1)
hpin:lp_riscv_top/lp_riscv/i_riscv_core/ex_stage_i/alu_i/alu_ff_i/mux_967_40/in_4[3] 	 (fanout : 1)
hpin:lp_riscv_top/lp_riscv/i_riscv_core/ex_stage_i/alu_i/alu_ff_i/mux_967_40/in_4[2] 	 (fanout : 1)
hpin:lp_riscv_top/lp_riscv/i_riscv_core/ex_stage_i/alu_i/alu_ff_i/mux_967_40/in_4[1] 	 (fanout : 1)
hpin:lp_riscv_top/lp_riscv/i_riscv_core/ex_stage_i/alu_i/alu_ff_i/mux_967_40/in_4[0] 	 (fanout : 1)
hpin:lp_riscv_top/lp_riscv/i_riscv_core/ex_stage_i/alu_i/alu_ff_i/mux_967_40/in_5[3] 	 (fanout : 1)
hpin:lp_riscv_top/lp_riscv/i_riscv_core/ex_stage_i/alu_i/alu_ff_i/mux_967_40/in_5[2] 	 (fanout : 1)
hpin:lp_riscv_top/lp_riscv/i_riscv_core/ex_stage_i/alu_i/alu_ff_i/mux_967_40/in_5[1] 	 (fanout : 1)
hpin:lp_riscv_top/lp_riscv/i_riscv_core/ex_stage_i/alu_i/alu_ff_i/mux_967_40/in_5[0] 	 (fanout : 1)
hpin:lp_riscv_top/lp_riscv/i_riscv_core/ex_stage_i/alu_i/alu_ff_i/mux_977_42/in_0 	 (fanout : 1)
hpin:lp_riscv_top/lp_riscv/i_riscv_core/ex_stage_i/alu_i/alu_ff_i/mux_977_42/in_1 	 (fanout : 1)
hpin:lp_riscv_top/lp_riscv/i_riscv_core/ex_stage_i/alu_i/alu_ff_i/mux_967_44/in_0[1] 	 (fanout : 1)
hpin:lp_riscv_top/lp_riscv/i_riscv_core/ex_stage_i/alu_i/alu_ff_i/mux_967_44/in_1[1] 	 (fanout : 1)
hpin:lp_riscv_top/lp_riscv/i_riscv_core/ex_stage_i/alu_i/alu_ff_i/mux_967_44/in_1[0] 	 (fanout : 1)
hpin:lp_riscv_top/lp_riscv/i_riscv_core/ex_stage_i/alu_i/alu_ff_i/mux_967_44/in_2[1] 	 (fanout : 1)
hpin:lp_riscv_top/lp_riscv/i_riscv_core/ex_stage_i/alu_i/alu_ff_i/mux_967_44/in_2[0] 	 (fanout : 1)
hpin:lp_riscv_top/lp_riscv/i_riscv_core/ex_stage_i/alu_i/alu_ff_i/mux_967_46/in_0[2] 	 (fanout : 1)
hpin:lp_riscv_top/lp_riscv/i_riscv_core/ex_stage_i/alu_i/alu_ff_i/mux_967_46/in_1[2] 	 (fanout : 1)
hpin:lp_riscv_top/lp_riscv/i_riscv_core/ex_stage_i/alu_i/alu_ff_i/mux_967_46/in_1[1] 	 (fanout : 1)
hpin:lp_riscv_top/lp_riscv/i_riscv_core/ex_stage_i/alu_i/alu_ff_i/mux_967_46/in_1[0] 	 (fanout : 1)
hpin:lp_riscv_top/lp_riscv/i_riscv_core/ex_stage_i/alu_i/alu_ff_i/mux_967_46/in_2[2] 	 (fanout : 1)
hpin:lp_riscv_top/lp_riscv/i_riscv_core/ex_stage_i/alu_i/alu_ff_i/mux_967_46/in_2[1] 	 (fanout : 1)
hpin:lp_riscv_top/lp_riscv/i_riscv_core/ex_stage_i/alu_i/alu_ff_i/mux_967_46/in_2[0] 	 (fanout : 1)
hpin:lp_riscv_top/lp_riscv/i_riscv_core/ex_stage_i/alu_i/alu_ff_i/mux_967_46/in_3[2] 	 (fanout : 1)
hpin:lp_riscv_top/lp_riscv/i_riscv_core/ex_stage_i/alu_i/alu_ff_i/mux_967_46/in_3[1] 	 (fanout : 1)
hpin:lp_riscv_top/lp_riscv/i_riscv_core/ex_stage_i/alu_i/alu_ff_i/mux_967_46/in_3[0] 	 (fanout : 1)
hpin:lp_riscv_top/lp_riscv/i_riscv_core/ex_stage_i/alu_i/alu_ff_i/mux_967_46/in_4[2] 	 (fanout : 1)
hpin:lp_riscv_top/lp_riscv/i_riscv_core/ex_stage_i/alu_i/alu_ff_i/mux_967_46/in_4[1] 	 (fanout : 1)
hpin:lp_riscv_top/lp_riscv/i_riscv_core/ex_stage_i/alu_i/alu_ff_i/mux_967_46/in_4[0] 	 (fanout : 1)
hpin:lp_riscv_top/lp_riscv/i_riscv_core/ex_stage_i/alu_i/alu_ff_i/mux_977_48/in_0 	 (fanout : 1)
hpin:lp_riscv_top/lp_riscv/i_riscv_core/ex_stage_i/alu_i/alu_ff_i/mux_977_48/in_1 	 (fanout : 1)
hpin:lp_riscv_top/lp_riscv/i_riscv_core/ex_stage_i/alu_i/alu_ff_i/mux_967_50/in_0[1] 	 (fanout : 1)
hpin:lp_riscv_top/lp_riscv/i_riscv_core/ex_stage_i/alu_i/alu_ff_i/mux_967_50/in_1[1] 	 (fanout : 1)
hpin:lp_riscv_top/lp_riscv/i_riscv_core/ex_stage_i/alu_i/alu_ff_i/mux_967_50/in_1[0] 	 (fanout : 1)
hpin:lp_riscv_top/lp_riscv/i_riscv_core/ex_stage_i/alu_i/alu_ff_i/mux_967_50/in_2[1] 	 (fanout : 1)
hpin:lp_riscv_top/lp_riscv/i_riscv_core/ex_stage_i/alu_i/alu_ff_i/mux_967_50/in_2[0] 	 (fanout : 1)
hpin:lp_riscv_top/lp_riscv/i_riscv_core/ex_stage_i/alu_i/alu_ff_i/mux_967_52/in_0[4] 	 (fanout : 1)
hpin:lp_riscv_top/lp_riscv/i_riscv_core/ex_stage_i/alu_i/alu_ff_i/mux_967_52/in_1[4] 	 (fanout : 1)
hpin:lp_riscv_top/lp_riscv/i_riscv_core/ex_stage_i/alu_i/alu_ff_i/mux_967_52/in_1[3] 	 (fanout : 1)
hpin:lp_riscv_top/lp_riscv/i_riscv_core/ex_stage_i/alu_i/alu_ff_i/mux_967_52/in_2[4] 	 (fanout : 1)
hpin:lp_riscv_top/lp_riscv/i_riscv_core/ex_stage_i/alu_i/alu_ff_i/mux_967_52/in_2[3] 	 (fanout : 1)
hpin:lp_riscv_top/lp_riscv/i_riscv_core/ex_stage_i/alu_i/alu_ff_i/mux_967_52/in_2[2] 	 (fanout : 1)
hpin:lp_riscv_top/lp_riscv/i_riscv_core/ex_stage_i/alu_i/alu_ff_i/mux_967_52/in_3[4] 	 (fanout : 1)
hpin:lp_riscv_top/lp_riscv/i_riscv_core/ex_stage_i/alu_i/alu_ff_i/mux_967_52/in_3[3] 	 (fanout : 1)
hpin:lp_riscv_top/lp_riscv/i_riscv_core/ex_stage_i/alu_i/alu_ff_i/mux_967_52/in_3[2] 	 (fanout : 1)
hpin:lp_riscv_top/lp_riscv/i_riscv_core/ex_stage_i/alu_i/alu_ff_i/mux_967_52/in_3[1] 	 (fanout : 1)
hpin:lp_riscv_top/lp_riscv/i_riscv_core/ex_stage_i/alu_i/alu_ff_i/mux_967_52/in_3[0] 	 (fanout : 1)
hpin:lp_riscv_top/lp_riscv/i_riscv_core/ex_stage_i/alu_i/alu_ff_i/mux_967_52/in_4[4] 	 (fanout : 1)
hpin:lp_riscv_top/lp_riscv/i_riscv_core/ex_stage_i/alu_i/alu_ff_i/mux_967_52/in_4[3] 	 (fanout : 1)
hpin:lp_riscv_top/lp_riscv/i_riscv_core/ex_stage_i/alu_i/alu_ff_i/mux_967_52/in_4[2] 	 (fanout : 1)
hpin:lp_riscv_top/lp_riscv/i_riscv_core/ex_stage_i/alu_i/alu_ff_i/mux_967_52/in_4[1] 	 (fanout : 1)
hpin:lp_riscv_top/lp_riscv/i_riscv_core/ex_stage_i/alu_i/alu_ff_i/mux_967_52/in_4[0] 	 (fanout : 1)
hpin:lp_riscv_top/lp_riscv/i_riscv_core/ex_stage_i/alu_i/alu_ff_i/mux_967_52/in_5[4] 	 (fanout : 1)
hpin:lp_riscv_top/lp_riscv/i_riscv_core/ex_stage_i/alu_i/alu_ff_i/mux_967_52/in_5[3] 	 (fanout : 1)
hpin:lp_riscv_top/lp_riscv/i_riscv_core/ex_stage_i/alu_i/alu_ff_i/mux_967_52/in_5[2] 	 (fanout : 1)
hpin:lp_riscv_top/lp_riscv/i_riscv_core/ex_stage_i/alu_i/alu_ff_i/mux_967_52/in_5[1] 	 (fanout : 1)
hpin:lp_riscv_top/lp_riscv/i_riscv_core/ex_stage_i/alu_i/alu_ff_i/mux_967_52/in_5[0] 	 (fanout : 1)
hpin:lp_riscv_top/lp_riscv/i_riscv_core/ex_stage_i/alu_i/alu_ff_i/mux_967_52/in_6[4] 	 (fanout : 1)
hpin:lp_riscv_top/lp_riscv/i_riscv_core/ex_stage_i/alu_i/alu_ff_i/mux_967_52/in_6[3] 	 (fanout : 1)
hpin:lp_riscv_top/lp_riscv/i_riscv_core/ex_stage_i/alu_i/alu_ff_i/mux_967_52/in_6[2] 	 (fanout : 1)
hpin:lp_riscv_top/lp_riscv/i_riscv_core/ex_stage_i/alu_i/alu_ff_i/mux_967_52/in_6[1] 	 (fanout : 1)
hpin:lp_riscv_top/lp_riscv/i_riscv_core/ex_stage_i/alu_i/alu_ff_i/mux_967_52/in_6[0] 	 (fanout : 1)
hpin:lp_riscv_top/lp_riscv/i_riscv_core/ex_stage_i/alu_i/div_i/sub_107_46/B 	 (fanout : 2)
hpin:lp_riscv_top/lp_riscv/i_riscv_core/ex_stage_i/alu_i/div_i/minus_93_38/A 	 (fanout : 2)
hpin:lp_riscv_top/lp_riscv/i_riscv_core/ex_stage_i/alu_i/div_i/mux_State_SN_133_12/in_1[1] 	 (fanout : 1)
hpin:lp_riscv_top/lp_riscv/i_riscv_core/ex_stage_i/alu_i/div_i/mux_State_SN_133_12/in_1[0] 	 (fanout : 1)
hpin:lp_riscv_top/lp_riscv/i_riscv_core/ex_stage_i/alu_i/div_i/mux_LoadEn_S_133_12/in_0 	 (fanout : 1)
hpin:lp_riscv_top/lp_riscv/i_riscv_core/ex_stage_i/alu_i/div_i/mux_LoadEn_S_133_12/in_1 	 (fanout : 1)
hpin:lp_riscv_top/lp_riscv/i_riscv_core/ex_stage_i/alu_i/div_i/mux_LoadEn_S_128_11/in_1 	 (fanout : 1)
hpin:lp_riscv_top/lp_riscv/i_riscv_core/ex_stage_i/alu_i/div_i/mux_State_SN_150_13/in_1[1] 	 (fanout : 1)
hpin:lp_riscv_top/lp_riscv/i_riscv_core/ex_stage_i/alu_i/div_i/mux_State_SN_150_13/in_1[0] 	 (fanout : 1)
hpin:lp_riscv_top/lp_riscv/i_riscv_core/ex_stage_i/alu_i/div_i/mux_State_SN_158_12/in_1[1] 	 (fanout : 1)
hpin:lp_riscv_top/lp_riscv/i_riscv_core/ex_stage_i/alu_i/div_i/mux_State_SN_158_12/in_1[0] 	 (fanout : 1)
hpin:lp_riscv_top/lp_riscv/i_riscv_core/ex_stage_i/alu_i/div_i/mux_BRegEn_S_133_12/in_0 	 (fanout : 1)
hpin:lp_riscv_top/lp_riscv/i_riscv_core/ex_stage_i/alu_i/div_i/mux_BRegEn_S_133_12/in_1 	 (fanout : 1)
hpin:lp_riscv_top/lp_riscv/i_riscv_core/ex_stage_i/alu_i/div_i/mux_BRegEn_S_128_11/in_1 	 (fanout : 1)
hpin:lp_riscv_top/lp_riscv/i_riscv_core/ex_stage_i/alu_i/div_i/mux_BRegEn_S_128_11/in_2 	 (fanout : 1)
hpin:lp_riscv_top/lp_riscv/i_riscv_core/ex_stage_i/alu_i/div_i/mux_ARegEn_S_133_12/in_0 	 (fanout : 1)
hpin:lp_riscv_top/lp_riscv/i_riscv_core/ex_stage_i/alu_i/div_i/mux_ARegEn_S_133_12/in_1 	 (fanout : 1)
hpin:lp_riscv_top/lp_riscv/i_riscv_core/ex_stage_i/alu_i/div_i/mux_ARegEn_S_128_11/in_2 	 (fanout : 1)
hpin:lp_riscv_top/lp_riscv/i_riscv_core/ex_stage_i/alu_i/div_i/mux_99_25/in_1[31] 	 (fanout : 1)
hpin:lp_riscv_top/lp_riscv/i_riscv_core/ex_stage_i/alu_i/div_i/mux_99_25/in_1[30] 	 (fanout : 1)
hpin:lp_riscv_top/lp_riscv/i_riscv_core/ex_stage_i/alu_i/div_i/mux_99_25/in_1[29] 	 (fanout : 1)
hpin:lp_riscv_top/lp_riscv/i_riscv_core/ex_stage_i/alu_i/div_i/mux_99_25/in_1[28] 	 (fanout : 1)
hpin:lp_riscv_top/lp_riscv/i_riscv_core/ex_stage_i/alu_i/div_i/mux_99_25/in_1[27] 	 (fanout : 1)
hpin:lp_riscv_top/lp_riscv/i_riscv_core/ex_stage_i/alu_i/div_i/mux_99_25/in_1[26] 	 (fanout : 1)
hpin:lp_riscv_top/lp_riscv/i_riscv_core/ex_stage_i/alu_i/div_i/mux_99_25/in_1[25] 	 (fanout : 1)
hpin:lp_riscv_top/lp_riscv/i_riscv_core/ex_stage_i/alu_i/div_i/mux_99_25/in_1[24] 	 (fanout : 1)
hpin:lp_riscv_top/lp_riscv/i_riscv_core/ex_stage_i/alu_i/div_i/mux_99_25/in_1[23] 	 (fanout : 1)
hpin:lp_riscv_top/lp_riscv/i_riscv_core/ex_stage_i/alu_i/div_i/mux_99_25/in_1[22] 	 (fanout : 1)
hpin:lp_riscv_top/lp_riscv/i_riscv_core/ex_stage_i/alu_i/div_i/mux_99_25/in_1[21] 	 (fanout : 1)
hpin:lp_riscv_top/lp_riscv/i_riscv_core/ex_stage_i/alu_i/div_i/mux_99_25/in_1[20] 	 (fanout : 1)
hpin:lp_riscv_top/lp_riscv/i_riscv_core/ex_stage_i/alu_i/div_i/mux_99_25/in_1[19] 	 (fanout : 1)
hpin:lp_riscv_top/lp_riscv/i_riscv_core/ex_stage_i/alu_i/div_i/mux_99_25/in_1[18] 	 (fanout : 1)
hpin:lp_riscv_top/lp_riscv/i_riscv_core/ex_stage_i/alu_i/div_i/mux_99_25/in_1[17] 	 (fanout : 1)
hpin:lp_riscv_top/lp_riscv/i_riscv_core/ex_stage_i/alu_i/div_i/mux_99_25/in_1[16] 	 (fanout : 1)
hpin:lp_riscv_top/lp_riscv/i_riscv_core/ex_stage_i/alu_i/div_i/mux_99_25/in_1[15] 	 (fanout : 1)
hpin:lp_riscv_top/lp_riscv/i_riscv_core/ex_stage_i/alu_i/div_i/mux_99_25/in_1[14] 	 (fanout : 1)
hpin:lp_riscv_top/lp_riscv/i_riscv_core/ex_stage_i/alu_i/div_i/mux_99_25/in_1[13] 	 (fanout : 1)
hpin:lp_riscv_top/lp_riscv/i_riscv_core/ex_stage_i/alu_i/div_i/mux_99_25/in_1[12] 	 (fanout : 1)
hpin:lp_riscv_top/lp_riscv/i_riscv_core/ex_stage_i/alu_i/div_i/mux_99_25/in_1[11] 	 (fanout : 1)
hpin:lp_riscv_top/lp_riscv/i_riscv_core/ex_stage_i/alu_i/div_i/mux_99_25/in_1[10] 	 (fanout : 1)
hpin:lp_riscv_top/lp_riscv/i_riscv_core/ex_stage_i/alu_i/div_i/mux_99_25/in_1[9] 	 (fanout : 1)
hpin:lp_riscv_top/lp_riscv/i_riscv_core/ex_stage_i/alu_i/div_i/mux_99_25/in_1[8] 	 (fanout : 1)
hpin:lp_riscv_top/lp_riscv/i_riscv_core/ex_stage_i/alu_i/div_i/mux_99_25/in_1[7] 	 (fanout : 1)
hpin:lp_riscv_top/lp_riscv/i_riscv_core/ex_stage_i/alu_i/div_i/mux_99_25/in_1[6] 	 (fanout : 1)
hpin:lp_riscv_top/lp_riscv/i_riscv_core/ex_stage_i/alu_i/div_i/mux_99_25/in_1[5] 	 (fanout : 1)
hpin:lp_riscv_top/lp_riscv/i_riscv_core/ex_stage_i/alu_i/div_i/mux_99_25/in_1[4] 	 (fanout : 1)
hpin:lp_riscv_top/lp_riscv/i_riscv_core/ex_stage_i/alu_i/div_i/mux_99_25/in_1[3] 	 (fanout : 1)
hpin:lp_riscv_top/lp_riscv/i_riscv_core/ex_stage_i/alu_i/div_i/mux_99_25/in_1[2] 	 (fanout : 1)
hpin:lp_riscv_top/lp_riscv/i_riscv_core/ex_stage_i/alu_i/div_i/mux_99_25/in_1[1] 	 (fanout : 1)
hpin:lp_riscv_top/lp_riscv/i_riscv_core/ex_stage_i/alu_i/div_i/mux_99_25/in_1[0] 	 (fanout : 1)
hpin:lp_riscv_top/lp_riscv/i_riscv_core/ex_stage_i/alu_i/div_i/mux_ResRegEn_S_128_11/in_0 	 (fanout : 1)
hpin:lp_riscv_top/lp_riscv/i_riscv_core/ex_stage_i/alu_i/div_i/mux_ResRegEn_S_128_11/in_1 	 (fanout : 1)
hpin:lp_riscv_top/lp_riscv/i_riscv_core/ex_stage_i/alu_i/div_i/mux_OutVld_SO_133_12/in_0 	 (fanout : 1)
hpin:lp_riscv_top/lp_riscv/i_riscv_core/ex_stage_i/alu_i/div_i/mux_OutVld_SO_133_12/in_1 	 (fanout : 1)
hpin:lp_riscv_top/lp_riscv/i_riscv_core/ex_stage_i/alu_i/div_i/mux_OutVld_SO_128_11/in_1 	 (fanout : 1)
hpin:lp_riscv_top/lp_riscv/i_riscv_core/ex_stage_i/alu_i/div_i/mux_OutVld_SO_128_11/in_2 	 (fanout : 1)
hpin:lp_riscv_top/lp_riscv/i_riscv_core/ex_stage_i/alu_i/add_162_45/A[0] 	 (fanout : 2)
hpin:lp_riscv_top/lp_riscv/i_riscv_core/ex_stage_i/alu_i/sub_745_30/A[4] 	 (fanout : 2)
hpin:lp_riscv_top/lp_riscv/i_riscv_core/ex_stage_i/alu_i/sub_745_30/A[3] 	 (fanout : 2)
hpin:lp_riscv_top/lp_riscv/i_riscv_core/ex_stage_i/alu_i/sub_745_30/A[2] 	 (fanout : 2)
hpin:lp_riscv_top/lp_riscv/i_riscv_core/ex_stage_i/alu_i/sub_745_30/A[1] 	 (fanout : 2)
hpin:lp_riscv_top/lp_riscv/i_riscv_core/ex_stage_i/alu_i/sub_745_30/A[0] 	 (fanout : 2)
hpin:lp_riscv_top/lp_riscv/i_riscv_core/ex_stage_i/alu_i/sub_746_35/B 	 (fanout : 2)
hpin:lp_riscv_top/lp_riscv/i_riscv_core/ex_stage_i/alu_i/add_825_36/B[5] 	 (fanout : 2)
hpin:lp_riscv_top/lp_riscv/i_riscv_core/ex_stage_i/alu_i/add_825_36/B[4] 	 (fanout : 2)
hpin:lp_riscv_top/lp_riscv/i_riscv_core/ex_stage_i/alu_i/add_825_36/B[3] 	 (fanout : 2)
hpin:lp_riscv_top/lp_riscv/i_riscv_core/ex_stage_i/alu_i/add_825_36/B[2] 	 (fanout : 2)
hpin:lp_riscv_top/lp_riscv/i_riscv_core/ex_stage_i/alu_i/add_825_36/B[1] 	 (fanout : 2)
hpin:lp_riscv_top/lp_riscv/i_riscv_core/ex_stage_i/alu_i/add_176_44/B[31] 	 (fanout : 2)
hpin:lp_riscv_top/lp_riscv/i_riscv_core/ex_stage_i/alu_i/sll_788_39/A[31] 	 (fanout : 1)
hpin:lp_riscv_top/lp_riscv/i_riscv_core/ex_stage_i/alu_i/sll_788_39/A[30] 	 (fanout : 2)
hpin:lp_riscv_top/lp_riscv/i_riscv_core/ex_stage_i/alu_i/sll_788_39/A[29] 	 (fanout : 2)
hpin:lp_riscv_top/lp_riscv/i_riscv_core/ex_stage_i/alu_i/sll_788_39/A[28] 	 (fanout : 2)
hpin:lp_riscv_top/lp_riscv/i_riscv_core/ex_stage_i/alu_i/sll_788_39/A[27] 	 (fanout : 2)
hpin:lp_riscv_top/lp_riscv/i_riscv_core/ex_stage_i/alu_i/sll_788_39/A[26] 	 (fanout : 2)
hpin:lp_riscv_top/lp_riscv/i_riscv_core/ex_stage_i/alu_i/sll_788_39/A[25] 	 (fanout : 2)
hpin:lp_riscv_top/lp_riscv/i_riscv_core/ex_stage_i/alu_i/sll_788_39/A[24] 	 (fanout : 2)
hpin:lp_riscv_top/lp_riscv/i_riscv_core/ex_stage_i/alu_i/sll_788_39/A[23] 	 (fanout : 2)
hpin:lp_riscv_top/lp_riscv/i_riscv_core/ex_stage_i/alu_i/sll_788_39/A[22] 	 (fanout : 2)
hpin:lp_riscv_top/lp_riscv/i_riscv_core/ex_stage_i/alu_i/sll_788_39/A[21] 	 (fanout : 2)
hpin:lp_riscv_top/lp_riscv/i_riscv_core/ex_stage_i/alu_i/sll_788_39/A[20] 	 (fanout : 2)
hpin:lp_riscv_top/lp_riscv/i_riscv_core/ex_stage_i/alu_i/sll_788_39/A[19] 	 (fanout : 2)
hpin:lp_riscv_top/lp_riscv/i_riscv_core/ex_stage_i/alu_i/sll_788_39/A[18] 	 (fanout : 2)
hpin:lp_riscv_top/lp_riscv/i_riscv_core/ex_stage_i/alu_i/sll_788_39/A[17] 	 (fanout : 2)
hpin:lp_riscv_top/lp_riscv/i_riscv_core/ex_stage_i/alu_i/sll_788_39/A[16] 	 (fanout : 2)
hpin:lp_riscv_top/lp_riscv/i_riscv_core/ex_stage_i/alu_i/sll_788_39/A[15] 	 (fanout : 2)
hpin:lp_riscv_top/lp_riscv/i_riscv_core/ex_stage_i/alu_i/sll_788_39/A[14] 	 (fanout : 2)
hpin:lp_riscv_top/lp_riscv/i_riscv_core/ex_stage_i/alu_i/sll_788_39/A[13] 	 (fanout : 2)
hpin:lp_riscv_top/lp_riscv/i_riscv_core/ex_stage_i/alu_i/sll_788_39/A[12] 	 (fanout : 2)
hpin:lp_riscv_top/lp_riscv/i_riscv_core/ex_stage_i/alu_i/sll_788_39/A[11] 	 (fanout : 2)
hpin:lp_riscv_top/lp_riscv/i_riscv_core/ex_stage_i/alu_i/sll_788_39/A[10] 	 (fanout : 2)
hpin:lp_riscv_top/lp_riscv/i_riscv_core/ex_stage_i/alu_i/sll_788_39/A[9] 	 (fanout : 2)
hpin:lp_riscv_top/lp_riscv/i_riscv_core/ex_stage_i/alu_i/sll_788_39/A[8] 	 (fanout : 2)
hpin:lp_riscv_top/lp_riscv/i_riscv_core/ex_stage_i/alu_i/sll_788_39/A[7] 	 (fanout : 2)
hpin:lp_riscv_top/lp_riscv/i_riscv_core/ex_stage_i/alu_i/sll_788_39/A[6] 	 (fanout : 2)
hpin:lp_riscv_top/lp_riscv/i_riscv_core/ex_stage_i/alu_i/sll_788_39/A[5] 	 (fanout : 2)
hpin:lp_riscv_top/lp_riscv/i_riscv_core/ex_stage_i/alu_i/sll_788_39/A[4] 	 (fanout : 2)
hpin:lp_riscv_top/lp_riscv/i_riscv_core/ex_stage_i/alu_i/sll_788_39/A[3] 	 (fanout : 2)
hpin:lp_riscv_top/lp_riscv/i_riscv_core/ex_stage_i/alu_i/sll_788_39/A[2] 	 (fanout : 2)
hpin:lp_riscv_top/lp_riscv/i_riscv_core/ex_stage_i/alu_i/sll_788_39/A[1] 	 (fanout : 2)
hpin:lp_riscv_top/lp_riscv/i_riscv_core/ex_stage_i/alu_i/sll_788_39/A[0] 	 (fanout : 2)
hpin:lp_riscv_top/lp_riscv/i_riscv_core/ex_stage_i/alu_i/mux_adder_in_a_147_13/in_0[2] 	 (fanout : 1)
hpin:lp_riscv_top/lp_riscv/i_riscv_core/ex_stage_i/alu_i/mux_adder_in_a_147_13/in_0[1] 	 (fanout : 1)
hpin:lp_riscv_top/lp_riscv/i_riscv_core/ex_stage_i/alu_i/mux_adder_in_a_147_13/in_0[0] 	 (fanout : 1)
hpin:lp_riscv_top/lp_riscv/i_riscv_core/ex_stage_i/alu_i/mux_adder_in_a_147_13/in_1[2] 	 (fanout : 1)
hpin:lp_riscv_top/lp_riscv/i_riscv_core/ex_stage_i/alu_i/mux_adder_in_a_147_13/in_1[1] 	 (fanout : 1)
hpin:lp_riscv_top/lp_riscv/i_riscv_core/ex_stage_i/alu_i/mux_adder_in_a_147_13/in_1[0] 	 (fanout : 1)
hpin:lp_riscv_top/lp_riscv/i_riscv_core/ex_stage_i/alu_i/mux_adder_in_a_147_13/in_2[2] 	 (fanout : 1)
hpin:lp_riscv_top/lp_riscv/i_riscv_core/ex_stage_i/alu_i/mux_adder_in_a_147_13/in_2[1] 	 (fanout : 1)
hpin:lp_riscv_top/lp_riscv/i_riscv_core/ex_stage_i/alu_i/mux_adder_in_a_147_13/in_2[0] 	 (fanout : 1)
hpin:lp_riscv_top/lp_riscv/i_riscv_core/ex_stage_i/alu_i/mux_adder_in_a_129_27/in_1[2] 	 (fanout : 1)
hpin:lp_riscv_top/lp_riscv/i_riscv_core/ex_stage_i/alu_i/mux_adder_in_a_129_27/in_1[1] 	 (fanout : 1)
hpin:lp_riscv_top/lp_riscv/i_riscv_core/ex_stage_i/alu_i/mux_adder_in_a_129_27/in_1[0] 	 (fanout : 1)
hpin:lp_riscv_top/lp_riscv/i_riscv_core/ex_stage_i/alu_i/mux_adder_in_b_133_13/in_0[2] 	 (fanout : 1)
hpin:lp_riscv_top/lp_riscv/i_riscv_core/ex_stage_i/alu_i/mux_adder_in_b_133_13/in_0[1] 	 (fanout : 1)
hpin:lp_riscv_top/lp_riscv/i_riscv_core/ex_stage_i/alu_i/mux_adder_in_b_133_13/in_0[0] 	 (fanout : 1)
hpin:lp_riscv_top/lp_riscv/i_riscv_core/ex_stage_i/alu_i/mux_adder_in_b_133_13/in_1[2] 	 (fanout : 1)
hpin:lp_riscv_top/lp_riscv/i_riscv_core/ex_stage_i/alu_i/mux_adder_in_b_133_13/in_1[1] 	 (fanout : 1)
hpin:lp_riscv_top/lp_riscv/i_riscv_core/ex_stage_i/alu_i/mux_adder_in_b_133_13/in_1[0] 	 (fanout : 1)
hpin:lp_riscv_top/lp_riscv/i_riscv_core/ex_stage_i/alu_i/mux_adder_in_b_133_13/in_2[2] 	 (fanout : 1)
hpin:lp_riscv_top/lp_riscv/i_riscv_core/ex_stage_i/alu_i/mux_adder_in_b_133_13/in_2[1] 	 (fanout : 1)
hpin:lp_riscv_top/lp_riscv/i_riscv_core/ex_stage_i/alu_i/mux_adder_in_b_133_13/in_2[0] 	 (fanout : 1)
hpin:lp_riscv_top/lp_riscv/i_riscv_core/ex_stage_i/alu_i/mux_adder_in_b_129_27/in_0[3] 	 (fanout : 1)
hpin:lp_riscv_top/lp_riscv/i_riscv_core/ex_stage_i/alu_i/mux_adder_in_b_129_27/in_0[2] 	 (fanout : 1)
hpin:lp_riscv_top/lp_riscv/i_riscv_core/ex_stage_i/alu_i/mux_adder_in_b_129_27/in_0[1] 	 (fanout : 1)
hpin:lp_riscv_top/lp_riscv/i_riscv_core/ex_stage_i/alu_i/mux_adder_in_b_129_27/in_0[0] 	 (fanout : 1)
hpin:lp_riscv_top/lp_riscv/i_riscv_core/ex_stage_i/alu_i/mux_adder_in_b_129_27/in_1[0] 	 (fanout : 1)
hpin:lp_riscv_top/lp_riscv/i_riscv_core/ex_stage_i/alu_i/mux_174_58/in_0[30] 	 (fanout : 1)
hpin:lp_riscv_top/lp_riscv/i_riscv_core/ex_stage_i/alu_i/mux_174_58/in_0[29] 	 (fanout : 1)
hpin:lp_riscv_top/lp_riscv/i_riscv_core/ex_stage_i/alu_i/mux_174_58/in_0[28] 	 (fanout : 1)
hpin:lp_riscv_top/lp_riscv/i_riscv_core/ex_stage_i/alu_i/mux_174_58/in_0[27] 	 (fanout : 1)
hpin:lp_riscv_top/lp_riscv/i_riscv_core/ex_stage_i/alu_i/mux_174_58/in_0[26] 	 (fanout : 1)
hpin:lp_riscv_top/lp_riscv/i_riscv_core/ex_stage_i/alu_i/mux_174_58/in_0[25] 	 (fanout : 1)
hpin:lp_riscv_top/lp_riscv/i_riscv_core/ex_stage_i/alu_i/mux_174_58/in_0[24] 	 (fanout : 1)
hpin:lp_riscv_top/lp_riscv/i_riscv_core/ex_stage_i/alu_i/mux_174_58/in_0[23] 	 (fanout : 1)
hpin:lp_riscv_top/lp_riscv/i_riscv_core/ex_stage_i/alu_i/mux_174_58/in_0[22] 	 (fanout : 1)
hpin:lp_riscv_top/lp_riscv/i_riscv_core/ex_stage_i/alu_i/mux_174_58/in_0[21] 	 (fanout : 1)
hpin:lp_riscv_top/lp_riscv/i_riscv_core/ex_stage_i/alu_i/mux_174_58/in_0[20] 	 (fanout : 1)
hpin:lp_riscv_top/lp_riscv/i_riscv_core/ex_stage_i/alu_i/mux_174_58/in_0[19] 	 (fanout : 1)
hpin:lp_riscv_top/lp_riscv/i_riscv_core/ex_stage_i/alu_i/mux_174_58/in_0[18] 	 (fanout : 1)
hpin:lp_riscv_top/lp_riscv/i_riscv_core/ex_stage_i/alu_i/mux_174_58/in_0[17] 	 (fanout : 1)
hpin:lp_riscv_top/lp_riscv/i_riscv_core/ex_stage_i/alu_i/mux_174_58/in_0[16] 	 (fanout : 1)
hpin:lp_riscv_top/lp_riscv/i_riscv_core/ex_stage_i/alu_i/mux_174_58/in_0[15] 	 (fanout : 1)
hpin:lp_riscv_top/lp_riscv/i_riscv_core/ex_stage_i/alu_i/mux_174_58/in_0[14] 	 (fanout : 1)
hpin:lp_riscv_top/lp_riscv/i_riscv_core/ex_stage_i/alu_i/mux_174_58/in_0[13] 	 (fanout : 1)
hpin:lp_riscv_top/lp_riscv/i_riscv_core/ex_stage_i/alu_i/mux_174_58/in_0[12] 	 (fanout : 1)
hpin:lp_riscv_top/lp_riscv/i_riscv_core/ex_stage_i/alu_i/mux_174_58/in_0[11] 	 (fanout : 1)
hpin:lp_riscv_top/lp_riscv/i_riscv_core/ex_stage_i/alu_i/mux_174_58/in_0[10] 	 (fanout : 1)
hpin:lp_riscv_top/lp_riscv/i_riscv_core/ex_stage_i/alu_i/mux_174_58/in_0[9] 	 (fanout : 1)
hpin:lp_riscv_top/lp_riscv/i_riscv_core/ex_stage_i/alu_i/mux_174_58/in_0[8] 	 (fanout : 1)
hpin:lp_riscv_top/lp_riscv/i_riscv_core/ex_stage_i/alu_i/mux_174_58/in_0[7] 	 (fanout : 1)
hpin:lp_riscv_top/lp_riscv/i_riscv_core/ex_stage_i/alu_i/mux_174_58/in_0[6] 	 (fanout : 1)
hpin:lp_riscv_top/lp_riscv/i_riscv_core/ex_stage_i/alu_i/mux_174_58/in_0[5] 	 (fanout : 1)
hpin:lp_riscv_top/lp_riscv/i_riscv_core/ex_stage_i/alu_i/mux_174_58/in_0[4] 	 (fanout : 1)
hpin:lp_riscv_top/lp_riscv/i_riscv_core/ex_stage_i/alu_i/mux_174_58/in_0[3] 	 (fanout : 1)
hpin:lp_riscv_top/lp_riscv/i_riscv_core/ex_stage_i/alu_i/mux_174_58/in_0[2] 	 (fanout : 1)
hpin:lp_riscv_top/lp_riscv/i_riscv_core/ex_stage_i/alu_i/mux_174_58/in_0[1] 	 (fanout : 1)
hpin:lp_riscv_top/lp_riscv/i_riscv_core/ex_stage_i/alu_i/mux_174_58/in_0[0] 	 (fanout : 1)
hpin:lp_riscv_top/lp_riscv/i_riscv_core/ex_stage_i/alu_i/mux_824_26/in_1[5] 	 (fanout : 1)
hpin:lp_riscv_top/lp_riscv/i_riscv_core/ex_stage_i/alu_i/mux_824_26/in_1[4] 	 (fanout : 1)
hpin:lp_riscv_top/lp_riscv/i_riscv_core/ex_stage_i/alu_i/mux_824_26/in_1[3] 	 (fanout : 1)
hpin:lp_riscv_top/lp_riscv/i_riscv_core/ex_stage_i/alu_i/mux_824_26/in_1[2] 	 (fanout : 1)
hpin:lp_riscv_top/lp_riscv/i_riscv_core/ex_stage_i/alu_i/mux_824_26/in_1[1] 	 (fanout : 1)
hpin:lp_riscv_top/lp_riscv/i_riscv_core/ex_stage_i/alu_i/mux_824_26/in_1[0] 	 (fanout : 1)
hpin:lp_riscv_top/lp_riscv/i_riscv_core/ex_stage_i/alu_i/mux_825_39/in_0 	 (fanout : 1)
hpin:lp_riscv_top/lp_riscv/i_riscv_core/ex_stage_i/alu_i/mux_825_39/in_1 	 (fanout : 1)
hpin:lp_riscv_top/lp_riscv/i_riscv_core/ex_stage_i/alu_i/mux_202_22/in_1[31] 	 (fanout : 1)
hpin:lp_riscv_top/lp_riscv/i_riscv_core/ex_stage_i/alu_i/mux_202_22/in_1[30] 	 (fanout : 1)
hpin:lp_riscv_top/lp_riscv/i_riscv_core/ex_stage_i/alu_i/mux_202_22/in_1[29] 	 (fanout : 1)
hpin:lp_riscv_top/lp_riscv/i_riscv_core/ex_stage_i/alu_i/mux_202_22/in_1[28] 	 (fanout : 1)
hpin:lp_riscv_top/lp_riscv/i_riscv_core/ex_stage_i/alu_i/mux_202_22/in_1[27] 	 (fanout : 1)
hpin:lp_riscv_top/lp_riscv/i_riscv_core/ex_stage_i/alu_i/mux_202_22/in_1[26] 	 (fanout : 1)
hpin:lp_riscv_top/lp_riscv/i_riscv_core/ex_stage_i/alu_i/mux_202_22/in_1[25] 	 (fanout : 1)
hpin:lp_riscv_top/lp_riscv/i_riscv_core/ex_stage_i/alu_i/mux_202_22/in_1[24] 	 (fanout : 1)
hpin:lp_riscv_top/lp_riscv/i_riscv_core/ex_stage_i/alu_i/mux_202_22/in_1[23] 	 (fanout : 1)
hpin:lp_riscv_top/lp_riscv/i_riscv_core/ex_stage_i/alu_i/mux_202_22/in_1[22] 	 (fanout : 1)
hpin:lp_riscv_top/lp_riscv/i_riscv_core/ex_stage_i/alu_i/mux_202_22/in_1[21] 	 (fanout : 1)
hpin:lp_riscv_top/lp_riscv/i_riscv_core/ex_stage_i/alu_i/mux_202_22/in_1[20] 	 (fanout : 1)
hpin:lp_riscv_top/lp_riscv/i_riscv_core/ex_stage_i/alu_i/mux_202_22/in_1[19] 	 (fanout : 1)
hpin:lp_riscv_top/lp_riscv/i_riscv_core/ex_stage_i/alu_i/mux_202_22/in_1[18] 	 (fanout : 1)
hpin:lp_riscv_top/lp_riscv/i_riscv_core/ex_stage_i/alu_i/mux_202_22/in_1[17] 	 (fanout : 1)
hpin:lp_riscv_top/lp_riscv/i_riscv_core/ex_stage_i/alu_i/mux_202_22/in_1[16] 	 (fanout : 1)
hpin:lp_riscv_top/lp_riscv/i_riscv_core/ex_stage_i/alu_i/mux_202_22/in_1[15] 	 (fanout : 1)
hpin:lp_riscv_top/lp_riscv/i_riscv_core/ex_stage_i/alu_i/mux_202_22/in_1[14] 	 (fanout : 1)
hpin:lp_riscv_top/lp_riscv/i_riscv_core/ex_stage_i/alu_i/mux_202_22/in_1[13] 	 (fanout : 1)
hpin:lp_riscv_top/lp_riscv/i_riscv_core/ex_stage_i/alu_i/mux_202_22/in_1[12] 	 (fanout : 1)
hpin:lp_riscv_top/lp_riscv/i_riscv_core/ex_stage_i/alu_i/mux_202_22/in_1[11] 	 (fanout : 1)
hpin:lp_riscv_top/lp_riscv/i_riscv_core/ex_stage_i/alu_i/mux_202_22/in_1[10] 	 (fanout : 1)
hpin:lp_riscv_top/lp_riscv/i_riscv_core/ex_stage_i/alu_i/mux_202_22/in_1[9] 	 (fanout : 1)
hpin:lp_riscv_top/lp_riscv/i_riscv_core/ex_stage_i/alu_i/mux_202_22/in_1[8] 	 (fanout : 1)
hpin:lp_riscv_top/lp_riscv/i_riscv_core/ex_stage_i/alu_i/mux_202_22/in_1[7] 	 (fanout : 1)
hpin:lp_riscv_top/lp_riscv/i_riscv_core/ex_stage_i/alu_i/mux_202_22/in_1[6] 	 (fanout : 1)
hpin:lp_riscv_top/lp_riscv/i_riscv_core/ex_stage_i/alu_i/mux_247_26/in_1[31] 	 (fanout : 1)
hpin:lp_riscv_top/lp_riscv/i_riscv_core/ex_stage_i/alu_i/mux_247_26/in_1[30] 	 (fanout : 1)
hpin:lp_riscv_top/lp_riscv/i_riscv_core/ex_stage_i/alu_i/mux_247_26/in_1[29] 	 (fanout : 1)
hpin:lp_riscv_top/lp_riscv/i_riscv_core/ex_stage_i/alu_i/mux_247_26/in_1[23] 	 (fanout : 1)
hpin:lp_riscv_top/lp_riscv/i_riscv_core/ex_stage_i/alu_i/mux_247_26/in_1[22] 	 (fanout : 1)
hpin:lp_riscv_top/lp_riscv/i_riscv_core/ex_stage_i/alu_i/mux_247_26/in_1[21] 	 (fanout : 1)
hpin:lp_riscv_top/lp_riscv/i_riscv_core/ex_stage_i/alu_i/mux_247_26/in_1[15] 	 (fanout : 1)
hpin:lp_riscv_top/lp_riscv/i_riscv_core/ex_stage_i/alu_i/mux_247_26/in_1[14] 	 (fanout : 1)
hpin:lp_riscv_top/lp_riscv/i_riscv_core/ex_stage_i/alu_i/mux_247_26/in_1[13] 	 (fanout : 1)
hpin:lp_riscv_top/lp_riscv/i_riscv_core/ex_stage_i/alu_i/mux_247_26/in_1[7] 	 (fanout : 1)
hpin:lp_riscv_top/lp_riscv/i_riscv_core/ex_stage_i/alu_i/mux_247_26/in_1[6] 	 (fanout : 1)
hpin:lp_riscv_top/lp_riscv/i_riscv_core/ex_stage_i/alu_i/mux_247_26/in_1[5] 	 (fanout : 1)
hpin:lp_riscv_top/lp_riscv/i_riscv_core/ex_stage_i/alu_i/mux_cmp_signed_346_15/in_0[2] 	 (fanout : 1)
hpin:lp_riscv_top/lp_riscv/i_riscv_core/ex_stage_i/alu_i/mux_cmp_signed_346_15/in_0[1] 	 (fanout : 1)
hpin:lp_riscv_top/lp_riscv/i_riscv_core/ex_stage_i/alu_i/mux_cmp_signed_346_15/in_0[0] 	 (fanout : 1)
hpin:lp_riscv_top/lp_riscv/i_riscv_core/ex_stage_i/alu_i/mux_cmp_signed_346_15/in_1[2] 	 (fanout : 1)
hpin:lp_riscv_top/lp_riscv/i_riscv_core/ex_stage_i/alu_i/mux_cmp_signed_346_15/in_1[1] 	 (fanout : 1)
hpin:lp_riscv_top/lp_riscv/i_riscv_core/ex_stage_i/alu_i/mux_cmp_signed_346_15/in_1[0] 	 (fanout : 1)
hpin:lp_riscv_top/lp_riscv/i_riscv_core/ex_stage_i/alu_i/mux_cmp_signed_346_15/in_2[2] 	 (fanout : 1)
hpin:lp_riscv_top/lp_riscv/i_riscv_core/ex_stage_i/alu_i/mux_cmp_signed_346_15/in_2[1] 	 (fanout : 1)
hpin:lp_riscv_top/lp_riscv/i_riscv_core/ex_stage_i/alu_i/mux_cmp_signed_346_15/in_2[0] 	 (fanout : 1)
hpin:lp_riscv_top/lp_riscv/i_riscv_core/ex_stage_i/alu_i/mux_cmp_signed_334_18/in_0[3] 	 (fanout : 1)
hpin:lp_riscv_top/lp_riscv/i_riscv_core/ex_stage_i/alu_i/mux_cmp_signed_334_18/in_1[3] 	 (fanout : 1)
hpin:lp_riscv_top/lp_riscv/i_riscv_core/ex_stage_i/alu_i/mux_cmp_signed_334_18/in_1[2] 	 (fanout : 1)
hpin:lp_riscv_top/lp_riscv/i_riscv_core/ex_stage_i/alu_i/mux_cmp_signed_334_18/in_1[1] 	 (fanout : 1)
hpin:lp_riscv_top/lp_riscv/i_riscv_core/ex_stage_i/alu_i/mux_cmp_signed_334_18/in_1[0] 	 (fanout : 1)
hpin:lp_riscv_top/lp_riscv/i_riscv_core/ex_stage_i/alu_i/mux_shuffle_through_498_27/in_0[1] 	 (fanout : 1)
hpin:lp_riscv_top/lp_riscv/i_riscv_core/ex_stage_i/alu_i/mux_shuffle_through_498_27/in_0[0] 	 (fanout : 1)
hpin:lp_riscv_top/lp_riscv/i_riscv_core/ex_stage_i/alu_i/mux_shuffle_through_498_27/in_1[1] 	 (fanout : 1)
hpin:lp_riscv_top/lp_riscv/i_riscv_core/ex_stage_i/alu_i/mux_shuffle_through_498_27/in_1[0] 	 (fanout : 1)
hpin:lp_riscv_top/lp_riscv/i_riscv_core/ex_stage_i/alu_i/mux_shuffle_through_481_17/in_0[1] 	 (fanout : 1)
hpin:lp_riscv_top/lp_riscv/i_riscv_core/ex_stage_i/alu_i/mux_shuffle_through_481_17/in_0[0] 	 (fanout : 1)
hpin:lp_riscv_top/lp_riscv/i_riscv_core/ex_stage_i/alu_i/mux_shuffle_through_481_17/in_1[3] 	 (fanout : 1)
hpin:lp_riscv_top/lp_riscv/i_riscv_core/ex_stage_i/alu_i/mux_shuffle_through_481_17/in_1[2] 	 (fanout : 1)
hpin:lp_riscv_top/lp_riscv/i_riscv_core/ex_stage_i/alu_i/mux_shuffle_through_481_17/in_1[1] 	 (fanout : 1)
hpin:lp_riscv_top/lp_riscv/i_riscv_core/ex_stage_i/alu_i/mux_shuffle_through_481_17/in_1[0] 	 (fanout : 1)
hpin:lp_riscv_top/lp_riscv/i_riscv_core/ex_stage_i/alu_i/mux_shuffle_through_481_17/in_2[3] 	 (fanout : 1)
hpin:lp_riscv_top/lp_riscv/i_riscv_core/ex_stage_i/alu_i/mux_shuffle_through_481_17/in_2[2] 	 (fanout : 1)
hpin:lp_riscv_top/lp_riscv/i_riscv_core/ex_stage_i/alu_i/mux_shuffle_through_481_17/in_2[1] 	 (fanout : 1)
hpin:lp_riscv_top/lp_riscv/i_riscv_core/ex_stage_i/alu_i/mux_shuffle_through_481_17/in_2[0] 	 (fanout : 1)
hpin:lp_riscv_top/lp_riscv/i_riscv_core/ex_stage_i/alu_i/mux_shuffle_reg_sel_486_27/in_0 	 (fanout : 1)
hpin:lp_riscv_top/lp_riscv/i_riscv_core/ex_stage_i/alu_i/mux_shuffle_reg_sel_486_27/in_1 	 (fanout : 1)
hpin:lp_riscv_top/lp_riscv/i_riscv_core/ex_stage_i/alu_i/mux_shuffle_reg_sel_498_27/in_0 	 (fanout : 1)
hpin:lp_riscv_top/lp_riscv/i_riscv_core/ex_stage_i/alu_i/mux_shuffle_reg_sel_498_27/in_1 	 (fanout : 1)
hpin:lp_riscv_top/lp_riscv/i_riscv_core/ex_stage_i/alu_i/mux_shuffle_reg_sel_514_22/in_0[3] 	 (fanout : 1)
hpin:lp_riscv_top/lp_riscv/i_riscv_core/ex_stage_i/alu_i/mux_shuffle_reg_sel_514_22/in_0[2] 	 (fanout : 1)
hpin:lp_riscv_top/lp_riscv/i_riscv_core/ex_stage_i/alu_i/mux_shuffle_reg_sel_514_22/in_0[1] 	 (fanout : 1)
hpin:lp_riscv_top/lp_riscv/i_riscv_core/ex_stage_i/alu_i/mux_shuffle_reg_sel_514_22/in_0[0] 	 (fanout : 1)
hpin:lp_riscv_top/lp_riscv/i_riscv_core/ex_stage_i/alu_i/mux_shuffle_reg_sel_514_22/in_1[3] 	 (fanout : 1)
hpin:lp_riscv_top/lp_riscv/i_riscv_core/ex_stage_i/alu_i/mux_shuffle_reg_sel_514_22/in_1[2] 	 (fanout : 1)
hpin:lp_riscv_top/lp_riscv/i_riscv_core/ex_stage_i/alu_i/mux_shuffle_reg_sel_514_22/in_1[1] 	 (fanout : 1)
hpin:lp_riscv_top/lp_riscv/i_riscv_core/ex_stage_i/alu_i/mux_shuffle_reg_sel_514_22/in_1[0] 	 (fanout : 1)
hpin:lp_riscv_top/lp_riscv/i_riscv_core/ex_stage_i/alu_i/mux_shuffle_reg_sel_536_26/in_0[3] 	 (fanout : 1)
hpin:lp_riscv_top/lp_riscv/i_riscv_core/ex_stage_i/alu_i/mux_shuffle_reg_sel_536_26/in_0[2] 	 (fanout : 1)
hpin:lp_riscv_top/lp_riscv/i_riscv_core/ex_stage_i/alu_i/mux_shuffle_reg_sel_536_26/in_0[1] 	 (fanout : 1)
hpin:lp_riscv_top/lp_riscv/i_riscv_core/ex_stage_i/alu_i/mux_shuffle_reg_sel_536_26/in_0[0] 	 (fanout : 1)
hpin:lp_riscv_top/lp_riscv/i_riscv_core/ex_stage_i/alu_i/mux_shuffle_reg_sel_536_26/in_1[3] 	 (fanout : 1)
hpin:lp_riscv_top/lp_riscv/i_riscv_core/ex_stage_i/alu_i/mux_shuffle_reg_sel_536_26/in_1[2] 	 (fanout : 1)
hpin:lp_riscv_top/lp_riscv/i_riscv_core/ex_stage_i/alu_i/mux_shuffle_reg_sel_536_26/in_1[1] 	 (fanout : 1)
hpin:lp_riscv_top/lp_riscv/i_riscv_core/ex_stage_i/alu_i/mux_shuffle_reg_sel_536_26/in_1[0] 	 (fanout : 1)
hpin:lp_riscv_top/lp_riscv/i_riscv_core/ex_stage_i/alu_i/mux_shuffle_reg_sel_536_26/in_2[3] 	 (fanout : 1)
hpin:lp_riscv_top/lp_riscv/i_riscv_core/ex_stage_i/alu_i/mux_shuffle_reg_sel_536_26/in_2[2] 	 (fanout : 1)
hpin:lp_riscv_top/lp_riscv/i_riscv_core/ex_stage_i/alu_i/mux_shuffle_reg_sel_536_26/in_2[1] 	 (fanout : 1)
hpin:lp_riscv_top/lp_riscv/i_riscv_core/ex_stage_i/alu_i/mux_shuffle_reg_sel_536_26/in_2[0] 	 (fanout : 1)
hpin:lp_riscv_top/lp_riscv/i_riscv_core/ex_stage_i/alu_i/mux_shuffle_reg_sel_536_26/in_3[3] 	 (fanout : 1)
hpin:lp_riscv_top/lp_riscv/i_riscv_core/ex_stage_i/alu_i/mux_shuffle_reg_sel_536_26/in_3[2] 	 (fanout : 1)
hpin:lp_riscv_top/lp_riscv/i_riscv_core/ex_stage_i/alu_i/mux_shuffle_reg_sel_536_26/in_3[1] 	 (fanout : 1)
hpin:lp_riscv_top/lp_riscv/i_riscv_core/ex_stage_i/alu_i/mux_shuffle_reg_sel_536_26/in_3[0] 	 (fanout : 1)
hpin:lp_riscv_top/lp_riscv/i_riscv_core/ex_stage_i/alu_i/mux_shuffle_reg_sel_533_22/in_2[3] 	 (fanout : 1)
hpin:lp_riscv_top/lp_riscv/i_riscv_core/ex_stage_i/alu_i/mux_shuffle_reg_sel_533_22/in_2[2] 	 (fanout : 1)
hpin:lp_riscv_top/lp_riscv/i_riscv_core/ex_stage_i/alu_i/mux_shuffle_reg_sel_533_22/in_2[1] 	 (fanout : 1)
hpin:lp_riscv_top/lp_riscv/i_riscv_core/ex_stage_i/alu_i/mux_shuffle_reg_sel_533_22/in_2[0] 	 (fanout : 1)
hpin:lp_riscv_top/lp_riscv/i_riscv_core/ex_stage_i/alu_i/mux_shuffle_reg_sel_481_17/in_0[3] 	 (fanout : 1)
hpin:lp_riscv_top/lp_riscv/i_riscv_core/ex_stage_i/alu_i/mux_shuffle_reg_sel_481_17/in_0[2] 	 (fanout : 1)
hpin:lp_riscv_top/lp_riscv/i_riscv_core/ex_stage_i/alu_i/mux_shuffle_reg_sel_481_17/in_0[0] 	 (fanout : 1)
hpin:lp_riscv_top/lp_riscv/i_riscv_core/ex_stage_i/alu_i/mux_shuffle_reg_sel_481_17/in_1[3] 	 (fanout : 1)
hpin:lp_riscv_top/lp_riscv/i_riscv_core/ex_stage_i/alu_i/mux_shuffle_reg_sel_481_17/in_1[2] 	 (fanout : 1)
hpin:lp_riscv_top/lp_riscv/i_riscv_core/ex_stage_i/alu_i/mux_shuffle_reg_sel_481_17/in_1[0] 	 (fanout : 1)
hpin:lp_riscv_top/lp_riscv/i_riscv_core/ex_stage_i/alu_i/mux_shuffle_reg_sel_481_17/in_2[3] 	 (fanout : 1)
hpin:lp_riscv_top/lp_riscv/i_riscv_core/ex_stage_i/alu_i/mux_shuffle_reg_sel_481_17/in_2[2] 	 (fanout : 1)
hpin:lp_riscv_top/lp_riscv/i_riscv_core/ex_stage_i/alu_i/mux_shuffle_reg_sel_481_17/in_2[1] 	 (fanout : 1)
hpin:lp_riscv_top/lp_riscv/i_riscv_core/ex_stage_i/alu_i/mux_shuffle_reg_sel_481_17/in_2[0] 	 (fanout : 1)
hpin:lp_riscv_top/lp_riscv/i_riscv_core/ex_stage_i/alu_i/mux_shuffle_reg_sel_481_17/in_5[3] 	 (fanout : 1)
hpin:lp_riscv_top/lp_riscv/i_riscv_core/ex_stage_i/alu_i/mux_shuffle_reg_sel_481_17/in_5[2] 	 (fanout : 1)
hpin:lp_riscv_top/lp_riscv/i_riscv_core/ex_stage_i/alu_i/mux_shuffle_reg_sel_481_17/in_5[1] 	 (fanout : 1)
hpin:lp_riscv_top/lp_riscv/i_riscv_core/ex_stage_i/alu_i/mux_shuffle_reg_sel_481_17/in_5[0] 	 (fanout : 1)
hpin:lp_riscv_top/lp_riscv/i_riscv_core/ex_stage_i/alu_i/mux_shuffle_byte_sel[3]_575_22/in_1[0] 	 (fanout : 1)
hpin:lp_riscv_top/lp_riscv/i_riscv_core/ex_stage_i/alu_i/mux_cmbsop_shuffle_byte_sel[3]_596_22/in_0[1] 	 (fanout : 1)
hpin:lp_riscv_top/lp_riscv/i_riscv_core/ex_stage_i/alu_i/mux_cmbsop_shuffle_byte_sel[3]_596_22/in_0[0] 	 (fanout : 1)
hpin:lp_riscv_top/lp_riscv/i_riscv_core/ex_stage_i/alu_i/mux_cmbsop_shuffle_byte_sel[3]_596_22/in_1[1] 	 (fanout : 1)
hpin:lp_riscv_top/lp_riscv/i_riscv_core/ex_stage_i/alu_i/mux_cmbsop_shuffle_byte_sel[3]_596_22/in_1[0] 	 (fanout : 1)
hpin:lp_riscv_top/lp_riscv/i_riscv_core/ex_stage_i/alu_i/mux_shuffle_byte_sel[3]_617_22/in_1[0] 	 (fanout : 1)
hpin:lp_riscv_top/lp_riscv/i_riscv_core/ex_stage_i/alu_i/mux_shuffle_byte_sel[3]_572_18/in_1[1] 	 (fanout : 1)
hpin:lp_riscv_top/lp_riscv/i_riscv_core/ex_stage_i/alu_i/mux_shuffle_byte_sel[3]_572_18/in_3[1] 	 (fanout : 1)
hpin:lp_riscv_top/lp_riscv/i_riscv_core/ex_stage_i/alu_i/mux_shuffle_byte_sel[3]_572_18/in_3[0] 	 (fanout : 1)
hpin:lp_riscv_top/lp_riscv/i_riscv_core/ex_stage_i/alu_i/mux_shuffle_reg1_sel_483_24/in_0 	 (fanout : 1)
hpin:lp_riscv_top/lp_riscv/i_riscv_core/ex_stage_i/alu_i/mux_shuffle_reg1_sel_483_24/in_1 	 (fanout : 1)
hpin:lp_riscv_top/lp_riscv/i_riscv_core/ex_stage_i/alu_i/mux_shuffle_reg1_sel_481_17/in_0[0] 	 (fanout : 1)
hpin:lp_riscv_top/lp_riscv/i_riscv_core/ex_stage_i/alu_i/mux_shuffle_reg1_sel_481_17/in_1[1] 	 (fanout : 1)
hpin:lp_riscv_top/lp_riscv/i_riscv_core/ex_stage_i/alu_i/mux_shuffle_reg1_sel_481_17/in_1[0] 	 (fanout : 1)
hpin:lp_riscv_top/lp_riscv/i_riscv_core/ex_stage_i/alu_i/mux_shuffle_reg1_sel_481_17/in_2[1] 	 (fanout : 1)
hpin:lp_riscv_top/lp_riscv/i_riscv_core/ex_stage_i/alu_i/mux_shuffle_reg1_sel_481_17/in_2[0] 	 (fanout : 1)
hpin:lp_riscv_top/lp_riscv/i_riscv_core/ex_stage_i/alu_i/mux_shuffle_reg1_sel_481_17/in_3[1] 	 (fanout : 1)
hpin:lp_riscv_top/lp_riscv/i_riscv_core/ex_stage_i/alu_i/mux_shuffle_reg1_sel_481_17/in_3[0] 	 (fanout : 1)
hpin:lp_riscv_top/lp_riscv/i_riscv_core/ex_stage_i/alu_i/mux_shuffle_byte_sel[2]_575_22/in_1[0] 	 (fanout : 1)
hpin:lp_riscv_top/lp_riscv/i_riscv_core/ex_stage_i/alu_i/mux_shuffle_byte_sel[2]_617_22/in_1[0] 	 (fanout : 1)
hpin:lp_riscv_top/lp_riscv/i_riscv_core/ex_stage_i/alu_i/mux_shuffle_byte_sel[2]_572_18/in_1[1] 	 (fanout : 1)
hpin:lp_riscv_top/lp_riscv/i_riscv_core/ex_stage_i/alu_i/mux_shuffle_byte_sel[2]_572_18/in_1[0] 	 (fanout : 1)
hpin:lp_riscv_top/lp_riscv/i_riscv_core/ex_stage_i/alu_i/mux_shuffle_byte_sel[2]_572_18/in_3[1] 	 (fanout : 1)
hpin:lp_riscv_top/lp_riscv/i_riscv_core/ex_stage_i/alu_i/mux_shuffle_byte_sel[2]_572_18/in_3[0] 	 (fanout : 1)
hpin:lp_riscv_top/lp_riscv/i_riscv_core/ex_stage_i/alu_i/mux_shuffle_byte_sel[1]_575_22/in_1[0] 	 (fanout : 1)
hpin:lp_riscv_top/lp_riscv/i_riscv_core/ex_stage_i/alu_i/mux_shuffle_byte_sel[1]_617_22/in_1[0] 	 (fanout : 1)
hpin:lp_riscv_top/lp_riscv/i_riscv_core/ex_stage_i/alu_i/mux_shuffle_byte_sel[1]_572_18/in_1[1] 	 (fanout : 1)
hpin:lp_riscv_top/lp_riscv/i_riscv_core/ex_stage_i/alu_i/mux_shuffle_byte_sel[1]_572_18/in_3[1] 	 (fanout : 1)
hpin:lp_riscv_top/lp_riscv/i_riscv_core/ex_stage_i/alu_i/mux_shuffle_byte_sel[1]_572_18/in_3[0] 	 (fanout : 1)
hpin:lp_riscv_top/lp_riscv/i_riscv_core/ex_stage_i/alu_i/mux_shuffle_byte_sel[0]_575_22/in_1[0] 	 (fanout : 1)
hpin:lp_riscv_top/lp_riscv/i_riscv_core/ex_stage_i/alu_i/mux_shuffle_byte_sel[0]_617_22/in_1[0] 	 (fanout : 1)
hpin:lp_riscv_top/lp_riscv/i_riscv_core/ex_stage_i/alu_i/mux_shuffle_byte_sel[0]_572_18/in_1[1] 	 (fanout : 1)
hpin:lp_riscv_top/lp_riscv/i_riscv_core/ex_stage_i/alu_i/mux_shuffle_byte_sel[0]_572_18/in_1[0] 	 (fanout : 1)
hpin:lp_riscv_top/lp_riscv/i_riscv_core/ex_stage_i/alu_i/mux_shuffle_byte_sel[0]_572_18/in_3[1] 	 (fanout : 1)
hpin:lp_riscv_top/lp_riscv/i_riscv_core/ex_stage_i/alu_i/mux_shuffle_byte_sel[0]_572_18/in_3[0] 	 (fanout : 1)
hpin:lp_riscv_top/lp_riscv/i_riscv_core/ex_stage_i/alu_i/mux_shuffle_reg0_sel_533_22/in_0[1] 	 (fanout : 1)
hpin:lp_riscv_top/lp_riscv/i_riscv_core/ex_stage_i/alu_i/mux_shuffle_reg0_sel_533_22/in_0[0] 	 (fanout : 1)
hpin:lp_riscv_top/lp_riscv/i_riscv_core/ex_stage_i/alu_i/mux_shuffle_reg0_sel_533_22/in_1[1] 	 (fanout : 1)
hpin:lp_riscv_top/lp_riscv/i_riscv_core/ex_stage_i/alu_i/mux_shuffle_reg0_sel_533_22/in_1[0] 	 (fanout : 1)
hpin:lp_riscv_top/lp_riscv/i_riscv_core/ex_stage_i/alu_i/mux_shuffle_reg0_sel_533_22/in_2[1] 	 (fanout : 1)
hpin:lp_riscv_top/lp_riscv/i_riscv_core/ex_stage_i/alu_i/mux_shuffle_reg0_sel_533_22/in_2[0] 	 (fanout : 1)
hpin:lp_riscv_top/lp_riscv/i_riscv_core/ex_stage_i/alu_i/mux_shuffle_reg0_sel_481_17/in_1[1] 	 (fanout : 1)
hpin:lp_riscv_top/lp_riscv/i_riscv_core/ex_stage_i/alu_i/mux_shuffle_reg0_sel_481_17/in_1[0] 	 (fanout : 1)
hpin:lp_riscv_top/lp_riscv/i_riscv_core/ex_stage_i/alu_i/mux_451_30/in_1[31] 	 (fanout : 1)
hpin:lp_riscv_top/lp_riscv/i_riscv_core/ex_stage_i/alu_i/mux_451_30/in_1[30] 	 (fanout : 1)
hpin:lp_riscv_top/lp_riscv/i_riscv_core/ex_stage_i/alu_i/mux_451_30/in_1[29] 	 (fanout : 1)
hpin:lp_riscv_top/lp_riscv/i_riscv_core/ex_stage_i/alu_i/mux_451_30/in_1[28] 	 (fanout : 1)
hpin:lp_riscv_top/lp_riscv/i_riscv_core/ex_stage_i/alu_i/mux_451_30/in_1[27] 	 (fanout : 1)
hpin:lp_riscv_top/lp_riscv/i_riscv_core/ex_stage_i/alu_i/mux_451_30/in_1[26] 	 (fanout : 1)
hpin:lp_riscv_top/lp_riscv/i_riscv_core/ex_stage_i/alu_i/mux_451_30/in_1[25] 	 (fanout : 1)
hpin:lp_riscv_top/lp_riscv/i_riscv_core/ex_stage_i/alu_i/mux_451_30/in_1[24] 	 (fanout : 1)
hpin:lp_riscv_top/lp_riscv/i_riscv_core/ex_stage_i/alu_i/mux_451_30/in_1[23] 	 (fanout : 1)
hpin:lp_riscv_top/lp_riscv/i_riscv_core/ex_stage_i/alu_i/mux_451_30/in_1[22] 	 (fanout : 1)
hpin:lp_riscv_top/lp_riscv/i_riscv_core/ex_stage_i/alu_i/mux_451_30/in_1[21] 	 (fanout : 1)
hpin:lp_riscv_top/lp_riscv/i_riscv_core/ex_stage_i/alu_i/mux_451_30/in_1[20] 	 (fanout : 1)
hpin:lp_riscv_top/lp_riscv/i_riscv_core/ex_stage_i/alu_i/mux_451_30/in_1[19] 	 (fanout : 1)
hpin:lp_riscv_top/lp_riscv/i_riscv_core/ex_stage_i/alu_i/mux_451_30/in_1[18] 	 (fanout : 1)
hpin:lp_riscv_top/lp_riscv/i_riscv_core/ex_stage_i/alu_i/mux_451_30/in_1[17] 	 (fanout : 1)
hpin:lp_riscv_top/lp_riscv/i_riscv_core/ex_stage_i/alu_i/mux_451_30/in_1[16] 	 (fanout : 1)
hpin:lp_riscv_top/lp_riscv/i_riscv_core/ex_stage_i/alu_i/mux_451_30/in_1[15] 	 (fanout : 1)
hpin:lp_riscv_top/lp_riscv/i_riscv_core/ex_stage_i/alu_i/mux_451_30/in_1[14] 	 (fanout : 1)
hpin:lp_riscv_top/lp_riscv/i_riscv_core/ex_stage_i/alu_i/mux_451_30/in_1[13] 	 (fanout : 1)
hpin:lp_riscv_top/lp_riscv/i_riscv_core/ex_stage_i/alu_i/mux_451_30/in_1[12] 	 (fanout : 1)
hpin:lp_riscv_top/lp_riscv/i_riscv_core/ex_stage_i/alu_i/mux_451_30/in_1[11] 	 (fanout : 1)
hpin:lp_riscv_top/lp_riscv/i_riscv_core/ex_stage_i/alu_i/mux_451_30/in_1[10] 	 (fanout : 1)
hpin:lp_riscv_top/lp_riscv/i_riscv_core/ex_stage_i/alu_i/mux_451_30/in_1[9] 	 (fanout : 1)
hpin:lp_riscv_top/lp_riscv/i_riscv_core/ex_stage_i/alu_i/mux_451_30/in_1[8] 	 (fanout : 1)
hpin:lp_riscv_top/lp_riscv/i_riscv_core/ex_stage_i/alu_i/mux_451_30/in_1[7] 	 (fanout : 1)
hpin:lp_riscv_top/lp_riscv/i_riscv_core/ex_stage_i/alu_i/mux_451_30/in_1[6] 	 (fanout : 1)
hpin:lp_riscv_top/lp_riscv/i_riscv_core/ex_stage_i/alu_i/mux_451_30/in_1[5] 	 (fanout : 1)
hpin:lp_riscv_top/lp_riscv/i_riscv_core/ex_stage_i/alu_i/mux_451_30/in_1[4] 	 (fanout : 1)
hpin:lp_riscv_top/lp_riscv/i_riscv_core/ex_stage_i/alu_i/mux_451_30/in_1[3] 	 (fanout : 1)
hpin:lp_riscv_top/lp_riscv/i_riscv_core/ex_stage_i/alu_i/mux_451_30/in_1[2] 	 (fanout : 1)
hpin:lp_riscv_top/lp_riscv/i_riscv_core/ex_stage_i/alu_i/mux_451_30/in_1[1] 	 (fanout : 1)
hpin:lp_riscv_top/lp_riscv/i_riscv_core/ex_stage_i/alu_i/mux_451_30/in_1[0] 	 (fanout : 1)
hpin:lp_riscv_top/lp_riscv/i_riscv_core/ex_stage_i/alu_i/mux_752_31/in_0[5] 	 (fanout : 1)
hpin:lp_riscv_top/lp_riscv/i_riscv_core/ex_stage_i/alu_i/mux_752_31/in_1[5] 	 (fanout : 1)
hpin:lp_riscv_top/lp_riscv/i_riscv_core/ex_stage_i/alu_i/mux_752_31/in_1[4] 	 (fanout : 1)
hpin:lp_riscv_top/lp_riscv/i_riscv_core/ex_stage_i/alu_i/mux_752_31/in_1[3] 	 (fanout : 1)
hpin:lp_riscv_top/lp_riscv/i_riscv_core/ex_stage_i/alu_i/mux_752_31/in_1[2] 	 (fanout : 1)
hpin:lp_riscv_top/lp_riscv/i_riscv_core/ex_stage_i/alu_i/mux_752_31/in_1[1] 	 (fanout : 1)
hpin:lp_riscv_top/lp_riscv/i_riscv_core/ex_stage_i/alu_i/mux_752_31/in_1[0] 	 (fanout : 1)
hpin:lp_riscv_top/lp_riscv/i_riscv_core/ex_stage_i/alu_i/mux_753_31/in_0[5] 	 (fanout : 1)
hpin:lp_riscv_top/lp_riscv/i_riscv_core/ex_stage_i/alu_i/mux_753_31/in_1[5] 	 (fanout : 1)
hpin:lp_riscv_top/lp_riscv/i_riscv_core/ex_stage_i/alu_i/mux_753_31/in_1[4] 	 (fanout : 1)
hpin:lp_riscv_top/lp_riscv/i_riscv_core/ex_stage_i/alu_i/mux_753_31/in_1[3] 	 (fanout : 1)
hpin:lp_riscv_top/lp_riscv/i_riscv_core/ex_stage_i/alu_i/mux_753_31/in_1[2] 	 (fanout : 1)
hpin:lp_riscv_top/lp_riscv/i_riscv_core/ex_stage_i/alu_i/mux_753_31/in_1[1] 	 (fanout : 1)
hpin:lp_riscv_top/lp_riscv/i_riscv_core/ex_stage_i/alu_i/mux_753_31/in_1[0] 	 (fanout : 1)
hpin:lp_riscv_top/lp_riscv/i_riscv_core/ex_stage_i/alu_i/mux_bitop_result_757_15/in_0[4] 	 (fanout : 1)
hpin:lp_riscv_top/lp_riscv/i_riscv_core/ex_stage_i/alu_i/mux_bitop_result_757_15/in_0[3] 	 (fanout : 1)
hpin:lp_riscv_top/lp_riscv/i_riscv_core/ex_stage_i/alu_i/mux_bitop_result_757_15/in_0[2] 	 (fanout : 1)
hpin:lp_riscv_top/lp_riscv/i_riscv_core/ex_stage_i/alu_i/mux_bitop_result_757_15/in_0[1] 	 (fanout : 1)
hpin:lp_riscv_top/lp_riscv/i_riscv_core/ex_stage_i/alu_i/mux_bitop_result_757_15/in_0[0] 	 (fanout : 1)
hpin:lp_riscv_top/lp_riscv/i_riscv_core/ex_stage_i/alu_i/mux_bitop_result_757_15/in_1[4] 	 (fanout : 1)
hpin:lp_riscv_top/lp_riscv/i_riscv_core/ex_stage_i/alu_i/mux_bitop_result_757_15/in_1[3] 	 (fanout : 1)
hpin:lp_riscv_top/lp_riscv/i_riscv_core/ex_stage_i/alu_i/mux_bitop_result_757_15/in_1[2] 	 (fanout : 1)
hpin:lp_riscv_top/lp_riscv/i_riscv_core/ex_stage_i/alu_i/mux_bitop_result_757_15/in_1[1] 	 (fanout : 1)
hpin:lp_riscv_top/lp_riscv/i_riscv_core/ex_stage_i/alu_i/mux_bitop_result_757_15/in_1[0] 	 (fanout : 1)
hpin:lp_riscv_top/lp_riscv/i_riscv_core/ex_stage_i/alu_i/mux_bitop_result_756_13/in_1[5] 	 (fanout : 1)
hpin:lp_riscv_top/lp_riscv/i_riscv_core/ex_stage_i/alu_i/mux_result_o_867_18/in_11[31] 	 (fanout : 1)
hpin:lp_riscv_top/lp_riscv/i_riscv_core/ex_stage_i/alu_i/mux_result_o_867_18/in_11[30] 	 (fanout : 1)
hpin:lp_riscv_top/lp_riscv/i_riscv_core/ex_stage_i/alu_i/mux_result_o_867_18/in_11[29] 	 (fanout : 1)
hpin:lp_riscv_top/lp_riscv/i_riscv_core/ex_stage_i/alu_i/mux_result_o_867_18/in_11[28] 	 (fanout : 1)
hpin:lp_riscv_top/lp_riscv/i_riscv_core/ex_stage_i/alu_i/mux_result_o_867_18/in_11[27] 	 (fanout : 1)
hpin:lp_riscv_top/lp_riscv/i_riscv_core/ex_stage_i/alu_i/mux_result_o_867_18/in_11[26] 	 (fanout : 1)
hpin:lp_riscv_top/lp_riscv/i_riscv_core/ex_stage_i/alu_i/mux_result_o_867_18/in_11[25] 	 (fanout : 1)
hpin:lp_riscv_top/lp_riscv/i_riscv_core/ex_stage_i/alu_i/mux_result_o_867_18/in_11[24] 	 (fanout : 1)
hpin:lp_riscv_top/lp_riscv/i_riscv_core/ex_stage_i/alu_i/mux_result_o_867_18/in_11[23] 	 (fanout : 1)
hpin:lp_riscv_top/lp_riscv/i_riscv_core/ex_stage_i/alu_i/mux_result_o_867_18/in_11[22] 	 (fanout : 1)
hpin:lp_riscv_top/lp_riscv/i_riscv_core/ex_stage_i/alu_i/mux_result_o_867_18/in_11[21] 	 (fanout : 1)
hpin:lp_riscv_top/lp_riscv/i_riscv_core/ex_stage_i/alu_i/mux_result_o_867_18/in_11[20] 	 (fanout : 1)
hpin:lp_riscv_top/lp_riscv/i_riscv_core/ex_stage_i/alu_i/mux_result_o_867_18/in_11[19] 	 (fanout : 1)
hpin:lp_riscv_top/lp_riscv/i_riscv_core/ex_stage_i/alu_i/mux_result_o_867_18/in_11[18] 	 (fanout : 1)
hpin:lp_riscv_top/lp_riscv/i_riscv_core/ex_stage_i/alu_i/mux_result_o_867_18/in_11[17] 	 (fanout : 1)
hpin:lp_riscv_top/lp_riscv/i_riscv_core/ex_stage_i/alu_i/mux_result_o_867_18/in_11[16] 	 (fanout : 1)
hpin:lp_riscv_top/lp_riscv/i_riscv_core/ex_stage_i/alu_i/mux_result_o_867_18/in_11[15] 	 (fanout : 1)
hpin:lp_riscv_top/lp_riscv/i_riscv_core/ex_stage_i/alu_i/mux_result_o_867_18/in_11[14] 	 (fanout : 1)
hpin:lp_riscv_top/lp_riscv/i_riscv_core/ex_stage_i/alu_i/mux_result_o_867_18/in_11[13] 	 (fanout : 1)
hpin:lp_riscv_top/lp_riscv/i_riscv_core/ex_stage_i/alu_i/mux_result_o_867_18/in_11[12] 	 (fanout : 1)
hpin:lp_riscv_top/lp_riscv/i_riscv_core/ex_stage_i/alu_i/mux_result_o_867_18/in_11[11] 	 (fanout : 1)
hpin:lp_riscv_top/lp_riscv/i_riscv_core/ex_stage_i/alu_i/mux_result_o_867_18/in_11[10] 	 (fanout : 1)
hpin:lp_riscv_top/lp_riscv/i_riscv_core/ex_stage_i/alu_i/mux_result_o_867_18/in_11[9] 	 (fanout : 1)
hpin:lp_riscv_top/lp_riscv/i_riscv_core/ex_stage_i/alu_i/mux_result_o_867_18/in_11[8] 	 (fanout : 1)
hpin:lp_riscv_top/lp_riscv/i_riscv_core/ex_stage_i/alu_i/mux_result_o_867_18/in_11[7] 	 (fanout : 1)
hpin:lp_riscv_top/lp_riscv/i_riscv_core/ex_stage_i/alu_i/mux_result_o_867_18/in_11[6] 	 (fanout : 1)
hpin:lp_riscv_top/lp_riscv/i_riscv_core/ex_stage_i/alu_i/mux_result_o_867_18/in_11[5] 	 (fanout : 1)
hpin:lp_riscv_top/lp_riscv/i_riscv_core/ex_stage_i/alu_i/mux_result_o_867_18/in_11[4] 	 (fanout : 1)
hpin:lp_riscv_top/lp_riscv/i_riscv_core/ex_stage_i/alu_i/mux_result_o_867_18/in_11[3] 	 (fanout : 1)
hpin:lp_riscv_top/lp_riscv/i_riscv_core/ex_stage_i/alu_i/mux_result_o_867_18/in_11[2] 	 (fanout : 1)
hpin:lp_riscv_top/lp_riscv/i_riscv_core/ex_stage_i/alu_i/mux_result_o_867_18/in_11[1] 	 (fanout : 1)
hpin:lp_riscv_top/lp_riscv/i_riscv_core/ex_stage_i/alu_i/mux_result_o_867_18/in_12[31] 	 (fanout : 1)
hpin:lp_riscv_top/lp_riscv/i_riscv_core/ex_stage_i/alu_i/mux_result_o_867_18/in_12[30] 	 (fanout : 1)
hpin:lp_riscv_top/lp_riscv/i_riscv_core/ex_stage_i/alu_i/mux_result_o_867_18/in_12[29] 	 (fanout : 1)
hpin:lp_riscv_top/lp_riscv/i_riscv_core/ex_stage_i/alu_i/mux_result_o_867_18/in_12[28] 	 (fanout : 1)
hpin:lp_riscv_top/lp_riscv/i_riscv_core/ex_stage_i/alu_i/mux_result_o_867_18/in_12[27] 	 (fanout : 1)
hpin:lp_riscv_top/lp_riscv/i_riscv_core/ex_stage_i/alu_i/mux_result_o_867_18/in_12[26] 	 (fanout : 1)
hpin:lp_riscv_top/lp_riscv/i_riscv_core/ex_stage_i/alu_i/mux_result_o_867_18/in_12[25] 	 (fanout : 1)
hpin:lp_riscv_top/lp_riscv/i_riscv_core/ex_stage_i/alu_i/mux_result_o_867_18/in_12[24] 	 (fanout : 1)
hpin:lp_riscv_top/lp_riscv/i_riscv_core/ex_stage_i/alu_i/mux_result_o_867_18/in_12[23] 	 (fanout : 1)
hpin:lp_riscv_top/lp_riscv/i_riscv_core/ex_stage_i/alu_i/mux_result_o_867_18/in_12[22] 	 (fanout : 1)
hpin:lp_riscv_top/lp_riscv/i_riscv_core/ex_stage_i/alu_i/mux_result_o_867_18/in_12[21] 	 (fanout : 1)
hpin:lp_riscv_top/lp_riscv/i_riscv_core/ex_stage_i/alu_i/mux_result_o_867_18/in_12[20] 	 (fanout : 1)
hpin:lp_riscv_top/lp_riscv/i_riscv_core/ex_stage_i/alu_i/mux_result_o_867_18/in_12[19] 	 (fanout : 1)
hpin:lp_riscv_top/lp_riscv/i_riscv_core/ex_stage_i/alu_i/mux_result_o_867_18/in_12[18] 	 (fanout : 1)
hpin:lp_riscv_top/lp_riscv/i_riscv_core/ex_stage_i/alu_i/mux_result_o_867_18/in_12[17] 	 (fanout : 1)
hpin:lp_riscv_top/lp_riscv/i_riscv_core/ex_stage_i/alu_i/mux_result_o_867_18/in_12[16] 	 (fanout : 1)
hpin:lp_riscv_top/lp_riscv/i_riscv_core/ex_stage_i/alu_i/mux_result_o_867_18/in_12[15] 	 (fanout : 1)
hpin:lp_riscv_top/lp_riscv/i_riscv_core/ex_stage_i/alu_i/mux_result_o_867_18/in_12[14] 	 (fanout : 1)
hpin:lp_riscv_top/lp_riscv/i_riscv_core/ex_stage_i/alu_i/mux_result_o_867_18/in_12[13] 	 (fanout : 1)
hpin:lp_riscv_top/lp_riscv/i_riscv_core/ex_stage_i/alu_i/mux_result_o_867_18/in_12[12] 	 (fanout : 1)
hpin:lp_riscv_top/lp_riscv/i_riscv_core/ex_stage_i/alu_i/mux_result_o_867_18/in_12[11] 	 (fanout : 1)
hpin:lp_riscv_top/lp_riscv/i_riscv_core/ex_stage_i/alu_i/mux_result_o_867_18/in_12[10] 	 (fanout : 1)
hpin:lp_riscv_top/lp_riscv/i_riscv_core/ex_stage_i/alu_i/mux_result_o_867_18/in_12[9] 	 (fanout : 1)
hpin:lp_riscv_top/lp_riscv/i_riscv_core/ex_stage_i/alu_i/mux_result_o_867_18/in_12[8] 	 (fanout : 1)
hpin:lp_riscv_top/lp_riscv/i_riscv_core/ex_stage_i/alu_i/mux_result_o_867_18/in_12[7] 	 (fanout : 1)
hpin:lp_riscv_top/lp_riscv/i_riscv_core/ex_stage_i/alu_i/mux_result_o_867_18/in_12[6] 	 (fanout : 1)
hpin:lp_riscv_top/lp_riscv/i_riscv_core/ex_stage_i/mult_i/add_104_86/B[31] 	 (fanout : 5)
hpin:lp_riscv_top/lp_riscv/i_riscv_core/ex_stage_i/mult_i/sll_92_43/A 	 (fanout : 0)
hpin:lp_riscv_top/lp_riscv/i_riscv_core/ex_stage_i/mult_i/mux_mulh_NS_132_35/in_1[2] 	 (fanout : 1)
hpin:lp_riscv_top/lp_riscv/i_riscv_core/ex_stage_i/mult_i/mux_mulh_NS_132_35/in_1[1] 	 (fanout : 1)
hpin:lp_riscv_top/lp_riscv/i_riscv_core/ex_stage_i/mult_i/mux_mulh_NS_132_35/in_1[0] 	 (fanout : 1)
hpin:lp_riscv_top/lp_riscv/i_riscv_core/ex_stage_i/mult_i/mux_mulh_NS_170_13/in_1[2] 	 (fanout : 1)
hpin:lp_riscv_top/lp_riscv/i_riscv_core/ex_stage_i/mult_i/mux_mulh_NS_170_13/in_1[1] 	 (fanout : 1)
hpin:lp_riscv_top/lp_riscv/i_riscv_core/ex_stage_i/mult_i/mux_mulh_NS_170_13/in_1[0] 	 (fanout : 1)
hpin:lp_riscv_top/lp_riscv/i_riscv_core/ex_stage_i/mult_i/mux_mulh_NS_127_11/in_1[2] 	 (fanout : 1)
hpin:lp_riscv_top/lp_riscv/i_riscv_core/ex_stage_i/mult_i/mux_mulh_NS_127_11/in_1[1] 	 (fanout : 1)
hpin:lp_riscv_top/lp_riscv/i_riscv_core/ex_stage_i/mult_i/mux_mulh_NS_127_11/in_1[0] 	 (fanout : 1)
hpin:lp_riscv_top/lp_riscv/i_riscv_core/ex_stage_i/mult_i/mux_mulh_NS_127_11/in_2[2] 	 (fanout : 1)
hpin:lp_riscv_top/lp_riscv/i_riscv_core/ex_stage_i/mult_i/mux_mulh_NS_127_11/in_2[1] 	 (fanout : 1)
hpin:lp_riscv_top/lp_riscv/i_riscv_core/ex_stage_i/mult_i/mux_mulh_NS_127_11/in_2[0] 	 (fanout : 1)
hpin:lp_riscv_top/lp_riscv/i_riscv_core/ex_stage_i/mult_i/mux_mulh_NS_127_11/in_3[2] 	 (fanout : 1)
hpin:lp_riscv_top/lp_riscv/i_riscv_core/ex_stage_i/mult_i/mux_mulh_NS_127_11/in_3[1] 	 (fanout : 1)
hpin:lp_riscv_top/lp_riscv/i_riscv_core/ex_stage_i/mult_i/mux_mulh_NS_127_11/in_3[0] 	 (fanout : 1)
hpin:lp_riscv_top/lp_riscv/i_riscv_core/ex_stage_i/mult_i/mux_cmbsop_mulh_active_127_11/in_0[4] 	 (fanout : 1)
hpin:lp_riscv_top/lp_riscv/i_riscv_core/ex_stage_i/mult_i/mux_cmbsop_mulh_active_127_11/in_0[3] 	 (fanout : 1)
hpin:lp_riscv_top/lp_riscv/i_riscv_core/ex_stage_i/mult_i/mux_cmbsop_mulh_active_127_11/in_0[2] 	 (fanout : 1)
hpin:lp_riscv_top/lp_riscv/i_riscv_core/ex_stage_i/mult_i/mux_cmbsop_mulh_active_127_11/in_0[1] 	 (fanout : 1)
hpin:lp_riscv_top/lp_riscv/i_riscv_core/ex_stage_i/mult_i/mux_cmbsop_mulh_active_127_11/in_0[0] 	 (fanout : 1)
hpin:lp_riscv_top/lp_riscv/i_riscv_core/ex_stage_i/mult_i/mux_cmbsop_mulh_active_127_11/in_1[4] 	 (fanout : 1)
hpin:lp_riscv_top/lp_riscv/i_riscv_core/ex_stage_i/mult_i/mux_cmbsop_mulh_active_127_11/in_1[3] 	 (fanout : 1)
hpin:lp_riscv_top/lp_riscv/i_riscv_core/ex_stage_i/mult_i/mux_cmbsop_mulh_active_127_11/in_1[2] 	 (fanout : 1)
hpin:lp_riscv_top/lp_riscv/i_riscv_core/ex_stage_i/mult_i/mux_cmbsop_mulh_active_127_11/in_1[1] 	 (fanout : 1)
hpin:lp_riscv_top/lp_riscv/i_riscv_core/ex_stage_i/mult_i/mux_cmbsop_mulh_active_127_11/in_1[0] 	 (fanout : 1)
hpin:lp_riscv_top/lp_riscv/i_riscv_core/ex_stage_i/mult_i/mux_cmbsop_mulh_active_127_11/in_2[4] 	 (fanout : 1)
hpin:lp_riscv_top/lp_riscv/i_riscv_core/ex_stage_i/mult_i/mux_cmbsop_mulh_active_127_11/in_2[3] 	 (fanout : 1)
hpin:lp_riscv_top/lp_riscv/i_riscv_core/ex_stage_i/mult_i/mux_cmbsop_mulh_active_127_11/in_2[2] 	 (fanout : 1)
hpin:lp_riscv_top/lp_riscv/i_riscv_core/ex_stage_i/mult_i/mux_cmbsop_mulh_active_127_11/in_2[1] 	 (fanout : 1)
hpin:lp_riscv_top/lp_riscv/i_riscv_core/ex_stage_i/mult_i/mux_cmbsop_mulh_active_127_11/in_2[0] 	 (fanout : 1)
hpin:lp_riscv_top/lp_riscv/i_riscv_core/ex_stage_i/mult_i/mux_cmbsop_mulh_active_127_11/in_3[4] 	 (fanout : 1)
hpin:lp_riscv_top/lp_riscv/i_riscv_core/ex_stage_i/mult_i/mux_cmbsop_mulh_active_127_11/in_3[3] 	 (fanout : 1)
hpin:lp_riscv_top/lp_riscv/i_riscv_core/ex_stage_i/mult_i/mux_cmbsop_mulh_active_127_11/in_3[2] 	 (fanout : 1)
hpin:lp_riscv_top/lp_riscv/i_riscv_core/ex_stage_i/mult_i/mux_cmbsop_mulh_active_127_11/in_3[1] 	 (fanout : 1)
hpin:lp_riscv_top/lp_riscv/i_riscv_core/ex_stage_i/mult_i/mux_cmbsop_mulh_active_127_11/in_3[0] 	 (fanout : 1)
hpin:lp_riscv_top/lp_riscv/i_riscv_core/ex_stage_i/mult_i/mux_cmbsop_mulh_active_127_11/in_4[4] 	 (fanout : 1)
hpin:lp_riscv_top/lp_riscv/i_riscv_core/ex_stage_i/mult_i/mux_cmbsop_mulh_active_127_11/in_4[3] 	 (fanout : 1)
hpin:lp_riscv_top/lp_riscv/i_riscv_core/ex_stage_i/mult_i/mux_cmbsop_mulh_active_127_11/in_4[2] 	 (fanout : 1)
hpin:lp_riscv_top/lp_riscv/i_riscv_core/ex_stage_i/mult_i/mux_cmbsop_mulh_active_127_11/in_4[1] 	 (fanout : 1)
hpin:lp_riscv_top/lp_riscv/i_riscv_core/ex_stage_i/mult_i/mux_cmbsop_mulh_active_127_11/in_4[0] 	 (fanout : 1)
hpin:lp_riscv_top/lp_riscv/i_riscv_core/ex_stage_i/mult_i/mux_cmbsop_mulh_active_127_11/in_5[4] 	 (fanout : 1)
hpin:lp_riscv_top/lp_riscv/i_riscv_core/ex_stage_i/mult_i/mux_cmbsop_mulh_active_127_11/in_5[3] 	 (fanout : 1)
hpin:lp_riscv_top/lp_riscv/i_riscv_core/ex_stage_i/mult_i/mux_cmbsop_mulh_active_127_11/in_5[2] 	 (fanout : 1)
hpin:lp_riscv_top/lp_riscv/i_riscv_core/ex_stage_i/mult_i/mux_cmbsop_mulh_active_127_11/in_5[1] 	 (fanout : 1)
hpin:lp_riscv_top/lp_riscv/i_riscv_core/ex_stage_i/mult_i/mux_cmbsop_mulh_active_127_11/in_5[0] 	 (fanout : 1)
hpin:lp_riscv_top/lp_riscv/i_riscv_core/ex_stage_i/mult_i/mux_102_27/in_0 	 (fanout : 1)
hpin:lp_riscv_top/lp_riscv/i_riscv_core/ex_stage_i/mult_i/mux_mulh_signed_127_11/in_0[1] 	 (fanout : 1)
hpin:lp_riscv_top/lp_riscv/i_riscv_core/ex_stage_i/mult_i/mux_mulh_signed_127_11/in_1[0] 	 (fanout : 1)
hpin:lp_riscv_top/lp_riscv/i_riscv_core/ex_stage_i/mult_i/mux_mulh_signed_127_11/in_3[1] 	 (fanout : 1)
hpin:lp_riscv_top/lp_riscv/i_riscv_core/ex_stage_i/mult_i/mux_mulh_signed_127_11/in_3[0] 	 (fanout : 1)
hpin:lp_riscv_top/lp_riscv/i_riscv_core/ex_stage_i/mult_i/mux_93_36/in_0[30] 	 (fanout : 1)
hpin:lp_riscv_top/lp_riscv/i_riscv_core/ex_stage_i/mult_i/mux_93_36/in_0[29] 	 (fanout : 1)
hpin:lp_riscv_top/lp_riscv/i_riscv_core/ex_stage_i/mult_i/mux_93_36/in_0[28] 	 (fanout : 1)
hpin:lp_riscv_top/lp_riscv/i_riscv_core/ex_stage_i/mult_i/mux_93_36/in_0[27] 	 (fanout : 1)
hpin:lp_riscv_top/lp_riscv/i_riscv_core/ex_stage_i/mult_i/mux_93_36/in_0[26] 	 (fanout : 1)
hpin:lp_riscv_top/lp_riscv/i_riscv_core/ex_stage_i/mult_i/mux_93_36/in_0[25] 	 (fanout : 1)
hpin:lp_riscv_top/lp_riscv/i_riscv_core/ex_stage_i/mult_i/mux_93_36/in_0[24] 	 (fanout : 1)
hpin:lp_riscv_top/lp_riscv/i_riscv_core/ex_stage_i/mult_i/mux_93_36/in_0[23] 	 (fanout : 1)
hpin:lp_riscv_top/lp_riscv/i_riscv_core/ex_stage_i/mult_i/mux_93_36/in_0[22] 	 (fanout : 1)
hpin:lp_riscv_top/lp_riscv/i_riscv_core/ex_stage_i/mult_i/mux_93_36/in_0[21] 	 (fanout : 1)
hpin:lp_riscv_top/lp_riscv/i_riscv_core/ex_stage_i/mult_i/mux_93_36/in_0[20] 	 (fanout : 1)
hpin:lp_riscv_top/lp_riscv/i_riscv_core/ex_stage_i/mult_i/mux_93_36/in_0[19] 	 (fanout : 1)
hpin:lp_riscv_top/lp_riscv/i_riscv_core/ex_stage_i/mult_i/mux_93_36/in_0[18] 	 (fanout : 1)
hpin:lp_riscv_top/lp_riscv/i_riscv_core/ex_stage_i/mult_i/mux_93_36/in_0[17] 	 (fanout : 1)
hpin:lp_riscv_top/lp_riscv/i_riscv_core/ex_stage_i/mult_i/mux_93_36/in_0[16] 	 (fanout : 1)
hpin:lp_riscv_top/lp_riscv/i_riscv_core/ex_stage_i/mult_i/mux_93_36/in_0[15] 	 (fanout : 1)
hpin:lp_riscv_top/lp_riscv/i_riscv_core/ex_stage_i/mult_i/mux_93_36/in_0[14] 	 (fanout : 1)
hpin:lp_riscv_top/lp_riscv/i_riscv_core/ex_stage_i/mult_i/mux_93_36/in_0[13] 	 (fanout : 1)
hpin:lp_riscv_top/lp_riscv/i_riscv_core/ex_stage_i/mult_i/mux_93_36/in_0[12] 	 (fanout : 1)
hpin:lp_riscv_top/lp_riscv/i_riscv_core/ex_stage_i/mult_i/mux_93_36/in_0[11] 	 (fanout : 1)
hpin:lp_riscv_top/lp_riscv/i_riscv_core/ex_stage_i/mult_i/mux_93_36/in_0[10] 	 (fanout : 1)
hpin:lp_riscv_top/lp_riscv/i_riscv_core/ex_stage_i/mult_i/mux_93_36/in_0[9] 	 (fanout : 1)
hpin:lp_riscv_top/lp_riscv/i_riscv_core/ex_stage_i/mult_i/mux_93_36/in_0[8] 	 (fanout : 1)
hpin:lp_riscv_top/lp_riscv/i_riscv_core/ex_stage_i/mult_i/mux_93_36/in_0[7] 	 (fanout : 1)
hpin:lp_riscv_top/lp_riscv/i_riscv_core/ex_stage_i/mult_i/mux_93_36/in_0[6] 	 (fanout : 1)
hpin:lp_riscv_top/lp_riscv/i_riscv_core/ex_stage_i/mult_i/mux_93_36/in_0[5] 	 (fanout : 1)
hpin:lp_riscv_top/lp_riscv/i_riscv_core/ex_stage_i/mult_i/mux_93_36/in_0[4] 	 (fanout : 1)
hpin:lp_riscv_top/lp_riscv/i_riscv_core/ex_stage_i/mult_i/mux_93_36/in_0[3] 	 (fanout : 1)
hpin:lp_riscv_top/lp_riscv/i_riscv_core/ex_stage_i/mult_i/mux_93_36/in_0[2] 	 (fanout : 1)
hpin:lp_riscv_top/lp_riscv/i_riscv_core/ex_stage_i/mult_i/mux_93_36/in_0[1] 	 (fanout : 1)
hpin:lp_riscv_top/lp_riscv/i_riscv_core/ex_stage_i/mult_i/mux_93_36/in_0[0] 	 (fanout : 1)
hpin:lp_riscv_top/lp_riscv/i_riscv_core/ex_stage_i/mult_i/mux_114_30/in_1 	 (fanout : 1)
hpin:lp_riscv_top/lp_riscv/i_riscv_core/ex_stage_i/mult_i/mux_mulh_shift_arith_127_11/in_0 	 (fanout : 1)
hpin:lp_riscv_top/lp_riscv/i_riscv_core/ex_stage_i/mult_i/mux_mulh_shift_arith_127_11/in_2 	 (fanout : 1)
hpin:lp_riscv_top/lp_riscv/i_riscv_core/ex_stage_i/mult_i/mux_110_30/in_1[3] 	 (fanout : 1)
hpin:lp_riscv_top/lp_riscv/i_riscv_core/ex_stage_i/mult_i/mux_110_30/in_1[2] 	 (fanout : 1)
hpin:lp_riscv_top/lp_riscv/i_riscv_core/ex_stage_i/mult_i/mux_110_30/in_1[1] 	 (fanout : 1)
hpin:lp_riscv_top/lp_riscv/i_riscv_core/ex_stage_i/mult_i/mux_110_30/in_1[0] 	 (fanout : 1)
hpin:lp_riscv_top/lp_riscv/i_riscv_core/ex_stage_i/mult_i/mux_mulh_carry_q_185_11/in_0 	 (fanout : 1)
hpin:lp_riscv_top/lp_riscv/i_riscv_core/ex_stage_i/mult_i/mux_mulh_ready_132_35/in_0 	 (fanout : 1)
hpin:lp_riscv_top/lp_riscv/i_riscv_core/ex_stage_i/mult_i/mux_mulh_ready_132_35/in_1 	 (fanout : 1)
hpin:lp_riscv_top/lp_riscv/i_riscv_core/ex_stage_i/mult_i/mux_mulh_ready_127_11/in_1 	 (fanout : 1)
hpin:lp_riscv_top/lp_riscv/i_riscv_core/ex_stage_i/mult_i/mux_mulh_ready_127_11/in_2 	 (fanout : 1)
hpin:lp_riscv_top/lp_riscv/i_riscv_core/ex_stage_i/mux_regfile_we_wb_o_205_11/in_0 	 (fanout : 1)
hpin:lp_riscv_top/lp_riscv/i_riscv_core/load_store_unit_i/mux_data_misaligned_o_450_33/in_0 	 (fanout : 1)
hpin:lp_riscv_top/lp_riscv/i_riscv_core/load_store_unit_i/mux_data_misaligned_o_450_33/in_1 	 (fanout : 1)
hpin:lp_riscv_top/lp_riscv/i_riscv_core/load_store_unit_i/mux_data_misaligned_o_455_33/in_0 	 (fanout : 1)
hpin:lp_riscv_top/lp_riscv/i_riscv_core/load_store_unit_i/mux_data_misaligned_o_455_33/in_1 	 (fanout : 1)
hpin:lp_riscv_top/lp_riscv/i_riscv_core/load_store_unit_i/mux_data_misaligned_o_447_13/in_2 	 (fanout : 1)
hpin:lp_riscv_top/lp_riscv/i_riscv_core/load_store_unit_i/mux_data_misaligned_o_447_13/in_3 	 (fanout : 1)
hpin:lp_riscv_top/lp_riscv/i_riscv_core/load_store_unit_i/mux_data_misaligned_o_445_32/in_0 	 (fanout : 1)
hpin:lp_riscv_top/lp_riscv/i_riscv_core/load_store_unit_i/mux_rdata_h_ext_214_29/in_1[15] 	 (fanout : 1)
hpin:lp_riscv_top/lp_riscv/i_riscv_core/load_store_unit_i/mux_rdata_h_ext_214_29/in_1[14] 	 (fanout : 1)
hpin:lp_riscv_top/lp_riscv/i_riscv_core/load_store_unit_i/mux_rdata_h_ext_214_29/in_1[13] 	 (fanout : 1)
hpin:lp_riscv_top/lp_riscv/i_riscv_core/load_store_unit_i/mux_rdata_h_ext_214_29/in_1[12] 	 (fanout : 1)
hpin:lp_riscv_top/lp_riscv/i_riscv_core/load_store_unit_i/mux_rdata_h_ext_214_29/in_1[11] 	 (fanout : 1)
hpin:lp_riscv_top/lp_riscv/i_riscv_core/load_store_unit_i/mux_rdata_h_ext_214_29/in_1[10] 	 (fanout : 1)
hpin:lp_riscv_top/lp_riscv/i_riscv_core/load_store_unit_i/mux_rdata_h_ext_214_29/in_1[9] 	 (fanout : 1)
hpin:lp_riscv_top/lp_riscv/i_riscv_core/load_store_unit_i/mux_rdata_h_ext_214_29/in_1[8] 	 (fanout : 1)
hpin:lp_riscv_top/lp_riscv/i_riscv_core/load_store_unit_i/mux_rdata_h_ext_214_29/in_1[7] 	 (fanout : 1)
hpin:lp_riscv_top/lp_riscv/i_riscv_core/load_store_unit_i/mux_rdata_h_ext_214_29/in_1[6] 	 (fanout : 1)
hpin:lp_riscv_top/lp_riscv/i_riscv_core/load_store_unit_i/mux_rdata_h_ext_214_29/in_1[5] 	 (fanout : 1)
hpin:lp_riscv_top/lp_riscv/i_riscv_core/load_store_unit_i/mux_rdata_h_ext_214_29/in_1[4] 	 (fanout : 1)
hpin:lp_riscv_top/lp_riscv/i_riscv_core/load_store_unit_i/mux_rdata_h_ext_214_29/in_1[3] 	 (fanout : 1)
hpin:lp_riscv_top/lp_riscv/i_riscv_core/load_store_unit_i/mux_rdata_h_ext_214_29/in_1[2] 	 (fanout : 1)
hpin:lp_riscv_top/lp_riscv/i_riscv_core/load_store_unit_i/mux_rdata_h_ext_214_29/in_1[1] 	 (fanout : 1)
hpin:lp_riscv_top/lp_riscv/i_riscv_core/load_store_unit_i/mux_rdata_h_ext_214_29/in_1[0] 	 (fanout : 1)
hpin:lp_riscv_top/lp_riscv/i_riscv_core/load_store_unit_i/mux_rdata_h_ext_222_29/in_1[15] 	 (fanout : 1)
hpin:lp_riscv_top/lp_riscv/i_riscv_core/load_store_unit_i/mux_rdata_h_ext_222_29/in_1[14] 	 (fanout : 1)
hpin:lp_riscv_top/lp_riscv/i_riscv_core/load_store_unit_i/mux_rdata_h_ext_222_29/in_1[13] 	 (fanout : 1)
hpin:lp_riscv_top/lp_riscv/i_riscv_core/load_store_unit_i/mux_rdata_h_ext_222_29/in_1[12] 	 (fanout : 1)
hpin:lp_riscv_top/lp_riscv/i_riscv_core/load_store_unit_i/mux_rdata_h_ext_222_29/in_1[11] 	 (fanout : 1)
hpin:lp_riscv_top/lp_riscv/i_riscv_core/load_store_unit_i/mux_rdata_h_ext_222_29/in_1[10] 	 (fanout : 1)
hpin:lp_riscv_top/lp_riscv/i_riscv_core/load_store_unit_i/mux_rdata_h_ext_222_29/in_1[9] 	 (fanout : 1)
hpin:lp_riscv_top/lp_riscv/i_riscv_core/load_store_unit_i/mux_rdata_h_ext_222_29/in_1[8] 	 (fanout : 1)
hpin:lp_riscv_top/lp_riscv/i_riscv_core/load_store_unit_i/mux_rdata_h_ext_222_29/in_1[7] 	 (fanout : 1)
hpin:lp_riscv_top/lp_riscv/i_riscv_core/load_store_unit_i/mux_rdata_h_ext_222_29/in_1[6] 	 (fanout : 1)
hpin:lp_riscv_top/lp_riscv/i_riscv_core/load_store_unit_i/mux_rdata_h_ext_222_29/in_1[5] 	 (fanout : 1)
hpin:lp_riscv_top/lp_riscv/i_riscv_core/load_store_unit_i/mux_rdata_h_ext_222_29/in_1[4] 	 (fanout : 1)
hpin:lp_riscv_top/lp_riscv/i_riscv_core/load_store_unit_i/mux_rdata_h_ext_222_29/in_1[3] 	 (fanout : 1)
hpin:lp_riscv_top/lp_riscv/i_riscv_core/load_store_unit_i/mux_rdata_h_ext_222_29/in_1[2] 	 (fanout : 1)
hpin:lp_riscv_top/lp_riscv/i_riscv_core/load_store_unit_i/mux_rdata_h_ext_222_29/in_1[1] 	 (fanout : 1)
hpin:lp_riscv_top/lp_riscv/i_riscv_core/load_store_unit_i/mux_rdata_h_ext_222_29/in_1[0] 	 (fanout : 1)
hpin:lp_riscv_top/lp_riscv/i_riscv_core/load_store_unit_i/mux_rdata_h_ext_230_29/in_1[15] 	 (fanout : 1)
hpin:lp_riscv_top/lp_riscv/i_riscv_core/load_store_unit_i/mux_rdata_h_ext_230_29/in_1[14] 	 (fanout : 1)
hpin:lp_riscv_top/lp_riscv/i_riscv_core/load_store_unit_i/mux_rdata_h_ext_230_29/in_1[13] 	 (fanout : 1)
hpin:lp_riscv_top/lp_riscv/i_riscv_core/load_store_unit_i/mux_rdata_h_ext_230_29/in_1[12] 	 (fanout : 1)
hpin:lp_riscv_top/lp_riscv/i_riscv_core/load_store_unit_i/mux_rdata_h_ext_230_29/in_1[11] 	 (fanout : 1)
hpin:lp_riscv_top/lp_riscv/i_riscv_core/load_store_unit_i/mux_rdata_h_ext_230_29/in_1[10] 	 (fanout : 1)
hpin:lp_riscv_top/lp_riscv/i_riscv_core/load_store_unit_i/mux_rdata_h_ext_230_29/in_1[9] 	 (fanout : 1)
hpin:lp_riscv_top/lp_riscv/i_riscv_core/load_store_unit_i/mux_rdata_h_ext_230_29/in_1[8] 	 (fanout : 1)
hpin:lp_riscv_top/lp_riscv/i_riscv_core/load_store_unit_i/mux_rdata_h_ext_230_29/in_1[7] 	 (fanout : 1)
hpin:lp_riscv_top/lp_riscv/i_riscv_core/load_store_unit_i/mux_rdata_h_ext_230_29/in_1[6] 	 (fanout : 1)
hpin:lp_riscv_top/lp_riscv/i_riscv_core/load_store_unit_i/mux_rdata_h_ext_230_29/in_1[5] 	 (fanout : 1)
hpin:lp_riscv_top/lp_riscv/i_riscv_core/load_store_unit_i/mux_rdata_h_ext_230_29/in_1[4] 	 (fanout : 1)
hpin:lp_riscv_top/lp_riscv/i_riscv_core/load_store_unit_i/mux_rdata_h_ext_230_29/in_1[3] 	 (fanout : 1)
hpin:lp_riscv_top/lp_riscv/i_riscv_core/load_store_unit_i/mux_rdata_h_ext_230_29/in_1[2] 	 (fanout : 1)
hpin:lp_riscv_top/lp_riscv/i_riscv_core/load_store_unit_i/mux_rdata_h_ext_230_29/in_1[1] 	 (fanout : 1)
hpin:lp_riscv_top/lp_riscv/i_riscv_core/load_store_unit_i/mux_rdata_h_ext_230_29/in_1[0] 	 (fanout : 1)
hpin:lp_riscv_top/lp_riscv/i_riscv_core/load_store_unit_i/mux_rdata_h_ext_238_29/in_1[15] 	 (fanout : 1)
hpin:lp_riscv_top/lp_riscv/i_riscv_core/load_store_unit_i/mux_rdata_h_ext_238_29/in_1[14] 	 (fanout : 1)
hpin:lp_riscv_top/lp_riscv/i_riscv_core/load_store_unit_i/mux_rdata_h_ext_238_29/in_1[13] 	 (fanout : 1)
hpin:lp_riscv_top/lp_riscv/i_riscv_core/load_store_unit_i/mux_rdata_h_ext_238_29/in_1[12] 	 (fanout : 1)
hpin:lp_riscv_top/lp_riscv/i_riscv_core/load_store_unit_i/mux_rdata_h_ext_238_29/in_1[11] 	 (fanout : 1)
hpin:lp_riscv_top/lp_riscv/i_riscv_core/load_store_unit_i/mux_rdata_h_ext_238_29/in_1[10] 	 (fanout : 1)
hpin:lp_riscv_top/lp_riscv/i_riscv_core/load_store_unit_i/mux_rdata_h_ext_238_29/in_1[9] 	 (fanout : 1)
hpin:lp_riscv_top/lp_riscv/i_riscv_core/load_store_unit_i/mux_rdata_h_ext_238_29/in_1[8] 	 (fanout : 1)
hpin:lp_riscv_top/lp_riscv/i_riscv_core/load_store_unit_i/mux_rdata_h_ext_238_29/in_1[7] 	 (fanout : 1)
hpin:lp_riscv_top/lp_riscv/i_riscv_core/load_store_unit_i/mux_rdata_h_ext_238_29/in_1[6] 	 (fanout : 1)
hpin:lp_riscv_top/lp_riscv/i_riscv_core/load_store_unit_i/mux_rdata_h_ext_238_29/in_1[5] 	 (fanout : 1)
hpin:lp_riscv_top/lp_riscv/i_riscv_core/load_store_unit_i/mux_rdata_h_ext_238_29/in_1[4] 	 (fanout : 1)
hpin:lp_riscv_top/lp_riscv/i_riscv_core/load_store_unit_i/mux_rdata_h_ext_238_29/in_1[3] 	 (fanout : 1)
hpin:lp_riscv_top/lp_riscv/i_riscv_core/load_store_unit_i/mux_rdata_h_ext_238_29/in_1[2] 	 (fanout : 1)
hpin:lp_riscv_top/lp_riscv/i_riscv_core/load_store_unit_i/mux_rdata_h_ext_238_29/in_1[1] 	 (fanout : 1)
hpin:lp_riscv_top/lp_riscv/i_riscv_core/load_store_unit_i/mux_rdata_h_ext_238_29/in_1[0] 	 (fanout : 1)
hpin:lp_riscv_top/lp_riscv/i_riscv_core/load_store_unit_i/mux_rdata_b_ext_252_29/in_1[23] 	 (fanout : 1)
hpin:lp_riscv_top/lp_riscv/i_riscv_core/load_store_unit_i/mux_rdata_b_ext_252_29/in_1[22] 	 (fanout : 1)
hpin:lp_riscv_top/lp_riscv/i_riscv_core/load_store_unit_i/mux_rdata_b_ext_252_29/in_1[21] 	 (fanout : 1)
hpin:lp_riscv_top/lp_riscv/i_riscv_core/load_store_unit_i/mux_rdata_b_ext_252_29/in_1[20] 	 (fanout : 1)
hpin:lp_riscv_top/lp_riscv/i_riscv_core/load_store_unit_i/mux_rdata_b_ext_252_29/in_1[19] 	 (fanout : 1)
hpin:lp_riscv_top/lp_riscv/i_riscv_core/load_store_unit_i/mux_rdata_b_ext_252_29/in_1[18] 	 (fanout : 1)
hpin:lp_riscv_top/lp_riscv/i_riscv_core/load_store_unit_i/mux_rdata_b_ext_252_29/in_1[17] 	 (fanout : 1)
hpin:lp_riscv_top/lp_riscv/i_riscv_core/load_store_unit_i/mux_rdata_b_ext_252_29/in_1[16] 	 (fanout : 1)
hpin:lp_riscv_top/lp_riscv/i_riscv_core/load_store_unit_i/mux_rdata_b_ext_252_29/in_1[15] 	 (fanout : 1)
hpin:lp_riscv_top/lp_riscv/i_riscv_core/load_store_unit_i/mux_rdata_b_ext_252_29/in_1[14] 	 (fanout : 1)
hpin:lp_riscv_top/lp_riscv/i_riscv_core/load_store_unit_i/mux_rdata_b_ext_252_29/in_1[13] 	 (fanout : 1)
hpin:lp_riscv_top/lp_riscv/i_riscv_core/load_store_unit_i/mux_rdata_b_ext_252_29/in_1[12] 	 (fanout : 1)
hpin:lp_riscv_top/lp_riscv/i_riscv_core/load_store_unit_i/mux_rdata_b_ext_252_29/in_1[11] 	 (fanout : 1)
hpin:lp_riscv_top/lp_riscv/i_riscv_core/load_store_unit_i/mux_rdata_b_ext_252_29/in_1[10] 	 (fanout : 1)
hpin:lp_riscv_top/lp_riscv/i_riscv_core/load_store_unit_i/mux_rdata_b_ext_252_29/in_1[9] 	 (fanout : 1)
hpin:lp_riscv_top/lp_riscv/i_riscv_core/load_store_unit_i/mux_rdata_b_ext_252_29/in_1[8] 	 (fanout : 1)
hpin:lp_riscv_top/lp_riscv/i_riscv_core/load_store_unit_i/mux_rdata_b_ext_252_29/in_1[7] 	 (fanout : 1)
hpin:lp_riscv_top/lp_riscv/i_riscv_core/load_store_unit_i/mux_rdata_b_ext_252_29/in_1[6] 	 (fanout : 1)
hpin:lp_riscv_top/lp_riscv/i_riscv_core/load_store_unit_i/mux_rdata_b_ext_252_29/in_1[5] 	 (fanout : 1)
hpin:lp_riscv_top/lp_riscv/i_riscv_core/load_store_unit_i/mux_rdata_b_ext_252_29/in_1[4] 	 (fanout : 1)
hpin:lp_riscv_top/lp_riscv/i_riscv_core/load_store_unit_i/mux_rdata_b_ext_252_29/in_1[3] 	 (fanout : 1)
hpin:lp_riscv_top/lp_riscv/i_riscv_core/load_store_unit_i/mux_rdata_b_ext_252_29/in_1[2] 	 (fanout : 1)
hpin:lp_riscv_top/lp_riscv/i_riscv_core/load_store_unit_i/mux_rdata_b_ext_252_29/in_1[1] 	 (fanout : 1)
hpin:lp_riscv_top/lp_riscv/i_riscv_core/load_store_unit_i/mux_rdata_b_ext_252_29/in_1[0] 	 (fanout : 1)
hpin:lp_riscv_top/lp_riscv/i_riscv_core/load_store_unit_i/mux_rdata_b_ext_259_29/in_1[23] 	 (fanout : 1)
hpin:lp_riscv_top/lp_riscv/i_riscv_core/load_store_unit_i/mux_rdata_b_ext_259_29/in_1[22] 	 (fanout : 1)
hpin:lp_riscv_top/lp_riscv/i_riscv_core/load_store_unit_i/mux_rdata_b_ext_259_29/in_1[21] 	 (fanout : 1)
hpin:lp_riscv_top/lp_riscv/i_riscv_core/load_store_unit_i/mux_rdata_b_ext_259_29/in_1[20] 	 (fanout : 1)
hpin:lp_riscv_top/lp_riscv/i_riscv_core/load_store_unit_i/mux_rdata_b_ext_259_29/in_1[19] 	 (fanout : 1)
hpin:lp_riscv_top/lp_riscv/i_riscv_core/load_store_unit_i/mux_rdata_b_ext_259_29/in_1[18] 	 (fanout : 1)
hpin:lp_riscv_top/lp_riscv/i_riscv_core/load_store_unit_i/mux_rdata_b_ext_259_29/in_1[17] 	 (fanout : 1)
hpin:lp_riscv_top/lp_riscv/i_riscv_core/load_store_unit_i/mux_rdata_b_ext_259_29/in_1[16] 	 (fanout : 1)
hpin:lp_riscv_top/lp_riscv/i_riscv_core/load_store_unit_i/mux_rdata_b_ext_259_29/in_1[15] 	 (fanout : 1)
hpin:lp_riscv_top/lp_riscv/i_riscv_core/load_store_unit_i/mux_rdata_b_ext_259_29/in_1[14] 	 (fanout : 1)
hpin:lp_riscv_top/lp_riscv/i_riscv_core/load_store_unit_i/mux_rdata_b_ext_259_29/in_1[13] 	 (fanout : 1)
hpin:lp_riscv_top/lp_riscv/i_riscv_core/load_store_unit_i/mux_rdata_b_ext_259_29/in_1[12] 	 (fanout : 1)
hpin:lp_riscv_top/lp_riscv/i_riscv_core/load_store_unit_i/mux_rdata_b_ext_259_29/in_1[11] 	 (fanout : 1)
hpin:lp_riscv_top/lp_riscv/i_riscv_core/load_store_unit_i/mux_rdata_b_ext_259_29/in_1[10] 	 (fanout : 1)
hpin:lp_riscv_top/lp_riscv/i_riscv_core/load_store_unit_i/mux_rdata_b_ext_259_29/in_1[9] 	 (fanout : 1)
hpin:lp_riscv_top/lp_riscv/i_riscv_core/load_store_unit_i/mux_rdata_b_ext_259_29/in_1[8] 	 (fanout : 1)
hpin:lp_riscv_top/lp_riscv/i_riscv_core/load_store_unit_i/mux_rdata_b_ext_259_29/in_1[7] 	 (fanout : 1)
hpin:lp_riscv_top/lp_riscv/i_riscv_core/load_store_unit_i/mux_rdata_b_ext_259_29/in_1[6] 	 (fanout : 1)
hpin:lp_riscv_top/lp_riscv/i_riscv_core/load_store_unit_i/mux_rdata_b_ext_259_29/in_1[5] 	 (fanout : 1)
hpin:lp_riscv_top/lp_riscv/i_riscv_core/load_store_unit_i/mux_rdata_b_ext_259_29/in_1[4] 	 (fanout : 1)
hpin:lp_riscv_top/lp_riscv/i_riscv_core/load_store_unit_i/mux_rdata_b_ext_259_29/in_1[3] 	 (fanout : 1)
hpin:lp_riscv_top/lp_riscv/i_riscv_core/load_store_unit_i/mux_rdata_b_ext_259_29/in_1[2] 	 (fanout : 1)
hpin:lp_riscv_top/lp_riscv/i_riscv_core/load_store_unit_i/mux_rdata_b_ext_259_29/in_1[1] 	 (fanout : 1)
hpin:lp_riscv_top/lp_riscv/i_riscv_core/load_store_unit_i/mux_rdata_b_ext_259_29/in_1[0] 	 (fanout : 1)
hpin:lp_riscv_top/lp_riscv/i_riscv_core/load_store_unit_i/mux_rdata_b_ext_267_29/in_1[23] 	 (fanout : 1)
hpin:lp_riscv_top/lp_riscv/i_riscv_core/load_store_unit_i/mux_rdata_b_ext_267_29/in_1[22] 	 (fanout : 1)
hpin:lp_riscv_top/lp_riscv/i_riscv_core/load_store_unit_i/mux_rdata_b_ext_267_29/in_1[21] 	 (fanout : 1)
hpin:lp_riscv_top/lp_riscv/i_riscv_core/load_store_unit_i/mux_rdata_b_ext_267_29/in_1[20] 	 (fanout : 1)
hpin:lp_riscv_top/lp_riscv/i_riscv_core/load_store_unit_i/mux_rdata_b_ext_267_29/in_1[19] 	 (fanout : 1)
hpin:lp_riscv_top/lp_riscv/i_riscv_core/load_store_unit_i/mux_rdata_b_ext_267_29/in_1[18] 	 (fanout : 1)
hpin:lp_riscv_top/lp_riscv/i_riscv_core/load_store_unit_i/mux_rdata_b_ext_267_29/in_1[17] 	 (fanout : 1)
hpin:lp_riscv_top/lp_riscv/i_riscv_core/load_store_unit_i/mux_rdata_b_ext_267_29/in_1[16] 	 (fanout : 1)
hpin:lp_riscv_top/lp_riscv/i_riscv_core/load_store_unit_i/mux_rdata_b_ext_267_29/in_1[15] 	 (fanout : 1)
hpin:lp_riscv_top/lp_riscv/i_riscv_core/load_store_unit_i/mux_rdata_b_ext_267_29/in_1[14] 	 (fanout : 1)
hpin:lp_riscv_top/lp_riscv/i_riscv_core/load_store_unit_i/mux_rdata_b_ext_267_29/in_1[13] 	 (fanout : 1)
hpin:lp_riscv_top/lp_riscv/i_riscv_core/load_store_unit_i/mux_rdata_b_ext_267_29/in_1[12] 	 (fanout : 1)
hpin:lp_riscv_top/lp_riscv/i_riscv_core/load_store_unit_i/mux_rdata_b_ext_267_29/in_1[11] 	 (fanout : 1)
hpin:lp_riscv_top/lp_riscv/i_riscv_core/load_store_unit_i/mux_rdata_b_ext_267_29/in_1[10] 	 (fanout : 1)
hpin:lp_riscv_top/lp_riscv/i_riscv_core/load_store_unit_i/mux_rdata_b_ext_267_29/in_1[9] 	 (fanout : 1)
hpin:lp_riscv_top/lp_riscv/i_riscv_core/load_store_unit_i/mux_rdata_b_ext_267_29/in_1[8] 	 (fanout : 1)
hpin:lp_riscv_top/lp_riscv/i_riscv_core/load_store_unit_i/mux_rdata_b_ext_267_29/in_1[7] 	 (fanout : 1)
hpin:lp_riscv_top/lp_riscv/i_riscv_core/load_store_unit_i/mux_rdata_b_ext_267_29/in_1[6] 	 (fanout : 1)
hpin:lp_riscv_top/lp_riscv/i_riscv_core/load_store_unit_i/mux_rdata_b_ext_267_29/in_1[5] 	 (fanout : 1)
hpin:lp_riscv_top/lp_riscv/i_riscv_core/load_store_unit_i/mux_rdata_b_ext_267_29/in_1[4] 	 (fanout : 1)
hpin:lp_riscv_top/lp_riscv/i_riscv_core/load_store_unit_i/mux_rdata_b_ext_267_29/in_1[3] 	 (fanout : 1)
hpin:lp_riscv_top/lp_riscv/i_riscv_core/load_store_unit_i/mux_rdata_b_ext_267_29/in_1[2] 	 (fanout : 1)
hpin:lp_riscv_top/lp_riscv/i_riscv_core/load_store_unit_i/mux_rdata_b_ext_267_29/in_1[1] 	 (fanout : 1)
hpin:lp_riscv_top/lp_riscv/i_riscv_core/load_store_unit_i/mux_rdata_b_ext_267_29/in_1[0] 	 (fanout : 1)
hpin:lp_riscv_top/lp_riscv/i_riscv_core/load_store_unit_i/mux_rdata_b_ext_275_29/in_1[23] 	 (fanout : 1)
hpin:lp_riscv_top/lp_riscv/i_riscv_core/load_store_unit_i/mux_rdata_b_ext_275_29/in_1[22] 	 (fanout : 1)
hpin:lp_riscv_top/lp_riscv/i_riscv_core/load_store_unit_i/mux_rdata_b_ext_275_29/in_1[21] 	 (fanout : 1)
hpin:lp_riscv_top/lp_riscv/i_riscv_core/load_store_unit_i/mux_rdata_b_ext_275_29/in_1[20] 	 (fanout : 1)
hpin:lp_riscv_top/lp_riscv/i_riscv_core/load_store_unit_i/mux_rdata_b_ext_275_29/in_1[19] 	 (fanout : 1)
hpin:lp_riscv_top/lp_riscv/i_riscv_core/load_store_unit_i/mux_rdata_b_ext_275_29/in_1[18] 	 (fanout : 1)
hpin:lp_riscv_top/lp_riscv/i_riscv_core/load_store_unit_i/mux_rdata_b_ext_275_29/in_1[17] 	 (fanout : 1)
hpin:lp_riscv_top/lp_riscv/i_riscv_core/load_store_unit_i/mux_rdata_b_ext_275_29/in_1[16] 	 (fanout : 1)
hpin:lp_riscv_top/lp_riscv/i_riscv_core/load_store_unit_i/mux_rdata_b_ext_275_29/in_1[15] 	 (fanout : 1)
hpin:lp_riscv_top/lp_riscv/i_riscv_core/load_store_unit_i/mux_rdata_b_ext_275_29/in_1[14] 	 (fanout : 1)
hpin:lp_riscv_top/lp_riscv/i_riscv_core/load_store_unit_i/mux_rdata_b_ext_275_29/in_1[13] 	 (fanout : 1)
hpin:lp_riscv_top/lp_riscv/i_riscv_core/load_store_unit_i/mux_rdata_b_ext_275_29/in_1[12] 	 (fanout : 1)
hpin:lp_riscv_top/lp_riscv/i_riscv_core/load_store_unit_i/mux_rdata_b_ext_275_29/in_1[11] 	 (fanout : 1)
hpin:lp_riscv_top/lp_riscv/i_riscv_core/load_store_unit_i/mux_rdata_b_ext_275_29/in_1[10] 	 (fanout : 1)
hpin:lp_riscv_top/lp_riscv/i_riscv_core/load_store_unit_i/mux_rdata_b_ext_275_29/in_1[9] 	 (fanout : 1)
hpin:lp_riscv_top/lp_riscv/i_riscv_core/load_store_unit_i/mux_rdata_b_ext_275_29/in_1[8] 	 (fanout : 1)
hpin:lp_riscv_top/lp_riscv/i_riscv_core/load_store_unit_i/mux_rdata_b_ext_275_29/in_1[7] 	 (fanout : 1)
hpin:lp_riscv_top/lp_riscv/i_riscv_core/load_store_unit_i/mux_rdata_b_ext_275_29/in_1[6] 	 (fanout : 1)
hpin:lp_riscv_top/lp_riscv/i_riscv_core/load_store_unit_i/mux_rdata_b_ext_275_29/in_1[5] 	 (fanout : 1)
hpin:lp_riscv_top/lp_riscv/i_riscv_core/load_store_unit_i/mux_rdata_b_ext_275_29/in_1[4] 	 (fanout : 1)
hpin:lp_riscv_top/lp_riscv/i_riscv_core/load_store_unit_i/mux_rdata_b_ext_275_29/in_1[3] 	 (fanout : 1)
hpin:lp_riscv_top/lp_riscv/i_riscv_core/load_store_unit_i/mux_rdata_b_ext_275_29/in_1[2] 	 (fanout : 1)
hpin:lp_riscv_top/lp_riscv/i_riscv_core/load_store_unit_i/mux_rdata_b_ext_275_29/in_1[1] 	 (fanout : 1)
hpin:lp_riscv_top/lp_riscv/i_riscv_core/load_store_unit_i/mux_rdata_b_ext_275_29/in_1[0] 	 (fanout : 1)
hpin:lp_riscv_top/lp_riscv/i_riscv_core/load_store_unit_i/mux_NS_357_17/in_0[1] 	 (fanout : 1)
hpin:lp_riscv_top/lp_riscv/i_riscv_core/load_store_unit_i/mux_NS_357_17/in_0[0] 	 (fanout : 1)
hpin:lp_riscv_top/lp_riscv/i_riscv_core/load_store_unit_i/mux_NS_357_17/in_1[1] 	 (fanout : 1)
hpin:lp_riscv_top/lp_riscv/i_riscv_core/load_store_unit_i/mux_NS_357_17/in_1[0] 	 (fanout : 1)
hpin:lp_riscv_top/lp_riscv/i_riscv_core/load_store_unit_i/mux_NS_383_18/in_0[1] 	 (fanout : 1)
hpin:lp_riscv_top/lp_riscv/i_riscv_core/load_store_unit_i/mux_NS_383_18/in_0[0] 	 (fanout : 1)
hpin:lp_riscv_top/lp_riscv/i_riscv_core/load_store_unit_i/mux_NS_383_18/in_1[1] 	 (fanout : 1)
hpin:lp_riscv_top/lp_riscv/i_riscv_core/load_store_unit_i/mux_NS_383_18/in_1[0] 	 (fanout : 1)
hpin:lp_riscv_top/lp_riscv/i_riscv_core/load_store_unit_i/mux_NS_380_17/in_0[1] 	 (fanout : 1)
hpin:lp_riscv_top/lp_riscv/i_riscv_core/load_store_unit_i/mux_NS_380_17/in_0[0] 	 (fanout : 1)
hpin:lp_riscv_top/lp_riscv/i_riscv_core/load_store_unit_i/mux_NS_377_15/in_0[1] 	 (fanout : 1)
hpin:lp_riscv_top/lp_riscv/i_riscv_core/load_store_unit_i/mux_NS_377_15/in_0[0] 	 (fanout : 1)
hpin:lp_riscv_top/lp_riscv/i_riscv_core/load_store_unit_i/mux_NS_407_15/in_0[1] 	 (fanout : 1)
hpin:lp_riscv_top/lp_riscv/i_riscv_core/load_store_unit_i/mux_NS_407_15/in_0[0] 	 (fanout : 1)
hpin:lp_riscv_top/lp_riscv/i_riscv_core/load_store_unit_i/mux_NS_407_15/in_1[1] 	 (fanout : 1)
hpin:lp_riscv_top/lp_riscv/i_riscv_core/load_store_unit_i/mux_NS_407_15/in_1[0] 	 (fanout : 1)
hpin:lp_riscv_top/lp_riscv/i_riscv_core/load_store_unit_i/mux_NS_419_15/in_1[1] 	 (fanout : 1)
hpin:lp_riscv_top/lp_riscv/i_riscv_core/load_store_unit_i/mux_NS_419_15/in_1[0] 	 (fanout : 1)
hpin:lp_riscv_top/lp_riscv/i_riscv_core/load_store_unit_i/mux_NS_427_13/in_1[1] 	 (fanout : 1)
hpin:lp_riscv_top/lp_riscv/i_riscv_core/load_store_unit_i/mux_NS_427_13/in_1[0] 	 (fanout : 1)
hpin:lp_riscv_top/lp_riscv/i_riscv_core/load_store_unit_i/mux_data_req_o_370_13/in_0 	 (fanout : 1)
hpin:lp_riscv_top/lp_riscv/i_riscv_core/load_store_unit_i/mux_data_req_o_345_10/in_2 	 (fanout : 1)
hpin:lp_riscv_top/lp_riscv/i_riscv_core/load_store_unit_i/mux_data_req_o_345_10/in_3 	 (fanout : 1)
hpin:lp_riscv_top/lp_riscv/i_riscv_core/load_store_unit_i/mux_lsu_ready_wb_o_370_13/in_0 	 (fanout : 1)
hpin:lp_riscv_top/lp_riscv/i_riscv_core/load_store_unit_i/mux_lsu_ready_wb_o_370_13/in_1 	 (fanout : 1)
hpin:lp_riscv_top/lp_riscv/i_riscv_core/load_store_unit_i/mux_lsu_ready_wb_o_345_10/in_0 	 (fanout : 1)
hpin:lp_riscv_top/lp_riscv/i_riscv_core/load_store_unit_i/mux_lsu_ready_ex_o_354_14/in_0 	 (fanout : 1)
hpin:lp_riscv_top/lp_riscv/i_riscv_core/load_store_unit_i/mux_lsu_ready_ex_o_354_14/in_1 	 (fanout : 1)
hpin:lp_riscv_top/lp_riscv/i_riscv_core/load_store_unit_i/mux_lsu_ready_ex_o_351_12/in_0 	 (fanout : 1)
hpin:lp_riscv_top/lp_riscv/i_riscv_core/load_store_unit_i/mux_lsu_ready_ex_o_380_17/in_0 	 (fanout : 1)
hpin:lp_riscv_top/lp_riscv/i_riscv_core/load_store_unit_i/mux_lsu_ready_ex_o_380_17/in_1 	 (fanout : 1)
hpin:lp_riscv_top/lp_riscv/i_riscv_core/load_store_unit_i/mux_lsu_ready_ex_o_377_15/in_0 	 (fanout : 1)
hpin:lp_riscv_top/lp_riscv/i_riscv_core/load_store_unit_i/mux_lsu_ready_ex_o_370_13/in_0 	 (fanout : 1)
hpin:lp_riscv_top/lp_riscv/i_riscv_core/load_store_unit_i/mux_lsu_ready_ex_o_345_10/in_2 	 (fanout : 1)
hpin:lp_riscv_top/lp_riscv/i_riscv_core/load_store_unit_i/mux_lsu_ready_ex_o_345_10/in_3 	 (fanout : 1)
hpin:lp_riscv_top/lp_riscv/i_riscv_core/load_store_unit_i/mux_data_be_100_17/in_0[2] 	 (fanout : 1)
hpin:lp_riscv_top/lp_riscv/i_riscv_core/load_store_unit_i/mux_data_be_100_17/in_0[1] 	 (fanout : 1)
hpin:lp_riscv_top/lp_riscv/i_riscv_core/load_store_unit_i/mux_data_be_100_17/in_0[0] 	 (fanout : 1)
hpin:lp_riscv_top/lp_riscv/i_riscv_core/load_store_unit_i/mux_data_be_100_17/in_1[2] 	 (fanout : 1)
hpin:lp_riscv_top/lp_riscv/i_riscv_core/load_store_unit_i/mux_data_be_100_17/in_1[1] 	 (fanout : 1)
hpin:lp_riscv_top/lp_riscv/i_riscv_core/load_store_unit_i/mux_data_be_100_17/in_1[0] 	 (fanout : 1)
hpin:lp_riscv_top/lp_riscv/i_riscv_core/load_store_unit_i/mux_data_be_100_17/in_2[2] 	 (fanout : 1)
hpin:lp_riscv_top/lp_riscv/i_riscv_core/load_store_unit_i/mux_data_be_100_17/in_2[1] 	 (fanout : 1)
hpin:lp_riscv_top/lp_riscv/i_riscv_core/load_store_unit_i/mux_data_be_100_17/in_2[0] 	 (fanout : 1)
hpin:lp_riscv_top/lp_riscv/i_riscv_core/load_store_unit_i/mux_data_be_100_17/in_3[2] 	 (fanout : 1)
hpin:lp_riscv_top/lp_riscv/i_riscv_core/load_store_unit_i/mux_data_be_100_17/in_3[1] 	 (fanout : 1)
hpin:lp_riscv_top/lp_riscv/i_riscv_core/load_store_unit_i/mux_data_be_100_17/in_3[0] 	 (fanout : 1)
hpin:lp_riscv_top/lp_riscv/i_riscv_core/load_store_unit_i/mux_data_be_109_17/in_0[2] 	 (fanout : 1)
hpin:lp_riscv_top/lp_riscv/i_riscv_core/load_store_unit_i/mux_data_be_109_17/in_0[1] 	 (fanout : 1)
hpin:lp_riscv_top/lp_riscv/i_riscv_core/load_store_unit_i/mux_data_be_109_17/in_0[0] 	 (fanout : 1)
hpin:lp_riscv_top/lp_riscv/i_riscv_core/load_store_unit_i/mux_data_be_109_17/in_1[2] 	 (fanout : 1)
hpin:lp_riscv_top/lp_riscv/i_riscv_core/load_store_unit_i/mux_data_be_109_17/in_1[1] 	 (fanout : 1)
hpin:lp_riscv_top/lp_riscv/i_riscv_core/load_store_unit_i/mux_data_be_109_17/in_1[0] 	 (fanout : 1)
hpin:lp_riscv_top/lp_riscv/i_riscv_core/load_store_unit_i/mux_data_be_109_17/in_2[2] 	 (fanout : 1)
hpin:lp_riscv_top/lp_riscv/i_riscv_core/load_store_unit_i/mux_data_be_109_17/in_2[1] 	 (fanout : 1)
hpin:lp_riscv_top/lp_riscv/i_riscv_core/load_store_unit_i/mux_data_be_109_17/in_2[0] 	 (fanout : 1)
hpin:lp_riscv_top/lp_riscv/i_riscv_core/load_store_unit_i/mux_data_be_109_17/in_3[2] 	 (fanout : 1)
hpin:lp_riscv_top/lp_riscv/i_riscv_core/load_store_unit_i/mux_data_be_109_17/in_3[1] 	 (fanout : 1)
hpin:lp_riscv_top/lp_riscv/i_riscv_core/load_store_unit_i/mux_data_be_109_17/in_3[0] 	 (fanout : 1)
hpin:lp_riscv_top/lp_riscv/i_riscv_core/load_store_unit_i/mux_data_be_98_27/in_0[3] 	 (fanout : 1)
hpin:lp_riscv_top/lp_riscv/i_riscv_core/load_store_unit_i/mux_data_be_98_27/in_1[3] 	 (fanout : 1)
hpin:lp_riscv_top/lp_riscv/i_riscv_core/load_store_unit_i/mux_data_be_122_17/in_0[3] 	 (fanout : 1)
hpin:lp_riscv_top/lp_riscv/i_riscv_core/load_store_unit_i/mux_data_be_122_17/in_0[2] 	 (fanout : 1)
hpin:lp_riscv_top/lp_riscv/i_riscv_core/load_store_unit_i/mux_data_be_122_17/in_0[1] 	 (fanout : 1)
hpin:lp_riscv_top/lp_riscv/i_riscv_core/load_store_unit_i/mux_data_be_122_17/in_0[0] 	 (fanout : 1)
hpin:lp_riscv_top/lp_riscv/i_riscv_core/load_store_unit_i/mux_data_be_122_17/in_1[3] 	 (fanout : 1)
hpin:lp_riscv_top/lp_riscv/i_riscv_core/load_store_unit_i/mux_data_be_122_17/in_1[2] 	 (fanout : 1)
hpin:lp_riscv_top/lp_riscv/i_riscv_core/load_store_unit_i/mux_data_be_122_17/in_1[1] 	 (fanout : 1)
hpin:lp_riscv_top/lp_riscv/i_riscv_core/load_store_unit_i/mux_data_be_122_17/in_1[0] 	 (fanout : 1)
hpin:lp_riscv_top/lp_riscv/i_riscv_core/load_store_unit_i/mux_data_be_122_17/in_2[3] 	 (fanout : 1)
hpin:lp_riscv_top/lp_riscv/i_riscv_core/load_store_unit_i/mux_data_be_122_17/in_2[2] 	 (fanout : 1)
hpin:lp_riscv_top/lp_riscv/i_riscv_core/load_store_unit_i/mux_data_be_122_17/in_2[1] 	 (fanout : 1)
hpin:lp_riscv_top/lp_riscv/i_riscv_core/load_store_unit_i/mux_data_be_122_17/in_2[0] 	 (fanout : 1)
hpin:lp_riscv_top/lp_riscv/i_riscv_core/load_store_unit_i/mux_data_be_122_17/in_3[3] 	 (fanout : 1)
hpin:lp_riscv_top/lp_riscv/i_riscv_core/load_store_unit_i/mux_data_be_122_17/in_3[2] 	 (fanout : 1)
hpin:lp_riscv_top/lp_riscv/i_riscv_core/load_store_unit_i/mux_data_be_122_17/in_3[1] 	 (fanout : 1)
hpin:lp_riscv_top/lp_riscv/i_riscv_core/load_store_unit_i/mux_data_be_122_17/in_3[0] 	 (fanout : 1)
hpin:lp_riscv_top/lp_riscv/i_riscv_core/load_store_unit_i/mux_data_be_120_27/in_0[3] 	 (fanout : 1)
hpin:lp_riscv_top/lp_riscv/i_riscv_core/load_store_unit_i/mux_data_be_120_27/in_0[2] 	 (fanout : 1)
hpin:lp_riscv_top/lp_riscv/i_riscv_core/load_store_unit_i/mux_data_be_120_27/in_0[1] 	 (fanout : 1)
hpin:lp_riscv_top/lp_riscv/i_riscv_core/load_store_unit_i/mux_data_be_120_27/in_0[0] 	 (fanout : 1)
hpin:lp_riscv_top/lp_riscv/i_riscv_core/load_store_unit_i/mux_data_be_137_15/in_0[3] 	 (fanout : 1)
hpin:lp_riscv_top/lp_riscv/i_riscv_core/load_store_unit_i/mux_data_be_137_15/in_0[2] 	 (fanout : 1)
hpin:lp_riscv_top/lp_riscv/i_riscv_core/load_store_unit_i/mux_data_be_137_15/in_0[1] 	 (fanout : 1)
hpin:lp_riscv_top/lp_riscv/i_riscv_core/load_store_unit_i/mux_data_be_137_15/in_0[0] 	 (fanout : 1)
hpin:lp_riscv_top/lp_riscv/i_riscv_core/load_store_unit_i/mux_data_be_137_15/in_1[3] 	 (fanout : 1)
hpin:lp_riscv_top/lp_riscv/i_riscv_core/load_store_unit_i/mux_data_be_137_15/in_1[2] 	 (fanout : 1)
hpin:lp_riscv_top/lp_riscv/i_riscv_core/load_store_unit_i/mux_data_be_137_15/in_1[1] 	 (fanout : 1)
hpin:lp_riscv_top/lp_riscv/i_riscv_core/load_store_unit_i/mux_data_be_137_15/in_1[0] 	 (fanout : 1)
hpin:lp_riscv_top/lp_riscv/i_riscv_core/load_store_unit_i/mux_data_be_137_15/in_2[3] 	 (fanout : 1)
hpin:lp_riscv_top/lp_riscv/i_riscv_core/load_store_unit_i/mux_data_be_137_15/in_2[2] 	 (fanout : 1)
hpin:lp_riscv_top/lp_riscv/i_riscv_core/load_store_unit_i/mux_data_be_137_15/in_2[1] 	 (fanout : 1)
hpin:lp_riscv_top/lp_riscv/i_riscv_core/load_store_unit_i/mux_data_be_137_15/in_2[0] 	 (fanout : 1)
hpin:lp_riscv_top/lp_riscv/i_riscv_core/load_store_unit_i/mux_data_be_137_15/in_3[3] 	 (fanout : 1)
hpin:lp_riscv_top/lp_riscv/i_riscv_core/load_store_unit_i/mux_data_be_137_15/in_3[2] 	 (fanout : 1)
hpin:lp_riscv_top/lp_riscv/i_riscv_core/load_store_unit_i/mux_data_be_137_15/in_3[1] 	 (fanout : 1)
hpin:lp_riscv_top/lp_riscv/i_riscv_core/load_store_unit_i/mux_data_be_137_15/in_3[0] 	 (fanout : 1)
hpin:lp_riscv_top/lp_riscv/i_riscv_core/cs_registers_i/neq_376_48/B[31] 	 (fanout : 1)
hpin:lp_riscv_top/lp_riscv/i_riscv_core/cs_registers_i/neq_376_48/B[30] 	 (fanout : 1)
hpin:lp_riscv_top/lp_riscv/i_riscv_core/cs_registers_i/neq_376_48/B[29] 	 (fanout : 1)
hpin:lp_riscv_top/lp_riscv/i_riscv_core/cs_registers_i/neq_376_48/B[28] 	 (fanout : 1)
hpin:lp_riscv_top/lp_riscv/i_riscv_core/cs_registers_i/neq_376_48/B[27] 	 (fanout : 1)
hpin:lp_riscv_top/lp_riscv/i_riscv_core/cs_registers_i/neq_376_48/B[26] 	 (fanout : 1)
hpin:lp_riscv_top/lp_riscv/i_riscv_core/cs_registers_i/neq_376_48/B[25] 	 (fanout : 1)
hpin:lp_riscv_top/lp_riscv/i_riscv_core/cs_registers_i/neq_376_48/B[24] 	 (fanout : 1)
hpin:lp_riscv_top/lp_riscv/i_riscv_core/cs_registers_i/neq_376_48/B[23] 	 (fanout : 1)
hpin:lp_riscv_top/lp_riscv/i_riscv_core/cs_registers_i/neq_376_48/B[22] 	 (fanout : 1)
hpin:lp_riscv_top/lp_riscv/i_riscv_core/cs_registers_i/neq_376_48/B[21] 	 (fanout : 1)
hpin:lp_riscv_top/lp_riscv/i_riscv_core/cs_registers_i/neq_376_48/B[20] 	 (fanout : 1)
hpin:lp_riscv_top/lp_riscv/i_riscv_core/cs_registers_i/neq_376_48/B[19] 	 (fanout : 1)
hpin:lp_riscv_top/lp_riscv/i_riscv_core/cs_registers_i/neq_376_48/B[18] 	 (fanout : 1)
hpin:lp_riscv_top/lp_riscv/i_riscv_core/cs_registers_i/neq_376_48/B[17] 	 (fanout : 1)
hpin:lp_riscv_top/lp_riscv/i_riscv_core/cs_registers_i/neq_376_48/B[16] 	 (fanout : 1)
hpin:lp_riscv_top/lp_riscv/i_riscv_core/cs_registers_i/neq_376_48/B[15] 	 (fanout : 1)
hpin:lp_riscv_top/lp_riscv/i_riscv_core/cs_registers_i/neq_376_48/B[14] 	 (fanout : 1)
hpin:lp_riscv_top/lp_riscv/i_riscv_core/cs_registers_i/neq_376_48/B[13] 	 (fanout : 1)
hpin:lp_riscv_top/lp_riscv/i_riscv_core/cs_registers_i/neq_376_48/B[12] 	 (fanout : 1)
hpin:lp_riscv_top/lp_riscv/i_riscv_core/cs_registers_i/neq_376_48/B[11] 	 (fanout : 1)
hpin:lp_riscv_top/lp_riscv/i_riscv_core/cs_registers_i/neq_376_48/B[10] 	 (fanout : 1)
hpin:lp_riscv_top/lp_riscv/i_riscv_core/cs_registers_i/neq_376_48/B[9] 	 (fanout : 1)
hpin:lp_riscv_top/lp_riscv/i_riscv_core/cs_registers_i/neq_376_48/B[8] 	 (fanout : 1)
hpin:lp_riscv_top/lp_riscv/i_riscv_core/cs_registers_i/neq_376_48/B[7] 	 (fanout : 1)
hpin:lp_riscv_top/lp_riscv/i_riscv_core/cs_registers_i/neq_376_48/B[6] 	 (fanout : 1)
hpin:lp_riscv_top/lp_riscv/i_riscv_core/cs_registers_i/neq_376_48/B[5] 	 (fanout : 1)
hpin:lp_riscv_top/lp_riscv/i_riscv_core/cs_registers_i/neq_376_48/B[4] 	 (fanout : 1)
hpin:lp_riscv_top/lp_riscv/i_riscv_core/cs_registers_i/neq_376_48/B[3] 	 (fanout : 1)
hpin:lp_riscv_top/lp_riscv/i_riscv_core/cs_registers_i/neq_376_48/B[2] 	 (fanout : 1)
hpin:lp_riscv_top/lp_riscv/i_riscv_core/cs_registers_i/neq_376_48/B[1] 	 (fanout : 1)
hpin:lp_riscv_top/lp_riscv/i_riscv_core/cs_registers_i/neq_376_48/B[0] 	 (fanout : 1)
hpin:lp_riscv_top/lp_riscv/i_riscv_core/cs_registers_i/add_377_29/B 	 (fanout : 2)
hpin:lp_riscv_top/lp_riscv/i_riscv_core/cs_registers_i/mux_cmbsop_is_pcer_336_20/in_0[2] 	 (fanout : 1)
hpin:lp_riscv_top/lp_riscv/i_riscv_core/cs_registers_i/mux_cmbsop_is_pcer_336_20/in_0[1] 	 (fanout : 1)
hpin:lp_riscv_top/lp_riscv/i_riscv_core/cs_registers_i/mux_cmbsop_is_pcer_336_20/in_0[0] 	 (fanout : 1)
hpin:lp_riscv_top/lp_riscv/i_riscv_core/cs_registers_i/mux_cmbsop_is_pcer_336_20/in_1[2] 	 (fanout : 1)
hpin:lp_riscv_top/lp_riscv/i_riscv_core/cs_registers_i/mux_cmbsop_is_pcer_336_20/in_1[1] 	 (fanout : 1)
hpin:lp_riscv_top/lp_riscv/i_riscv_core/cs_registers_i/mux_cmbsop_is_pcer_336_20/in_1[0] 	 (fanout : 1)
hpin:lp_riscv_top/lp_riscv/i_riscv_core/cs_registers_i/mux_cmbsop_is_pcer_336_20/in_2[2] 	 (fanout : 1)
hpin:lp_riscv_top/lp_riscv/i_riscv_core/cs_registers_i/mux_cmbsop_is_pcer_336_20/in_2[1] 	 (fanout : 1)
hpin:lp_riscv_top/lp_riscv/i_riscv_core/cs_registers_i/mux_cmbsop_is_pcer_336_20/in_2[0] 	 (fanout : 1)
hpin:lp_riscv_top/lp_riscv/i_riscv_core/cs_registers_i/mux_cmbsop_is_pcer_336_20/in_3[2] 	 (fanout : 1)
hpin:lp_riscv_top/lp_riscv/i_riscv_core/cs_registers_i/mux_cmbsop_is_pcer_336_20/in_3[1] 	 (fanout : 1)
hpin:lp_riscv_top/lp_riscv/i_riscv_core/cs_registers_i/mux_cmbsop_is_pcer_336_20/in_3[0] 	 (fanout : 1)
hpin:lp_riscv_top/lp_riscv/i_riscv_core/cs_registers_i/mux_is_pcer_335_9/in_0 	 (fanout : 1)
hpin:lp_riscv_top/lp_riscv/i_riscv_core/cs_registers_i/mux_is_pcmr_335_9/in_0 	 (fanout : 1)
hpin:lp_riscv_top/lp_riscv/i_riscv_core/cs_registers_i/mux_is_pccr_353_28/in_1 	 (fanout : 1)
hpin:lp_riscv_top/lp_riscv/i_riscv_core/cs_registers_i/mux_is_pccr_335_9/in_0 	 (fanout : 1)
hpin:lp_riscv_top/lp_riscv/i_riscv_core/cs_registers_i/mux_csr_we_int_241_18/in_0 	 (fanout : 1)
hpin:lp_riscv_top/lp_riscv/i_riscv_core/cs_registers_i/mux_csr_we_int_241_18/in_1 	 (fanout : 1)
hpin:lp_riscv_top/lp_riscv/i_riscv_core/cs_registers_i/mux_perf_rdata_336_20/in_1[26] 	 (fanout : 1)
hpin:lp_riscv_top/lp_riscv/i_riscv_core/cs_registers_i/mux_perf_rdata_336_20/in_1[25] 	 (fanout : 1)
hpin:lp_riscv_top/lp_riscv/i_riscv_core/cs_registers_i/mux_perf_rdata_336_20/in_1[24] 	 (fanout : 1)
hpin:lp_riscv_top/lp_riscv/i_riscv_core/cs_registers_i/mux_perf_rdata_336_20/in_1[23] 	 (fanout : 1)
hpin:lp_riscv_top/lp_riscv/i_riscv_core/cs_registers_i/mux_perf_rdata_336_20/in_1[22] 	 (fanout : 1)
hpin:lp_riscv_top/lp_riscv/i_riscv_core/cs_registers_i/mux_perf_rdata_336_20/in_1[21] 	 (fanout : 1)
hpin:lp_riscv_top/lp_riscv/i_riscv_core/cs_registers_i/mux_perf_rdata_336_20/in_1[20] 	 (fanout : 1)
hpin:lp_riscv_top/lp_riscv/i_riscv_core/cs_registers_i/mux_perf_rdata_336_20/in_1[19] 	 (fanout : 1)
hpin:lp_riscv_top/lp_riscv/i_riscv_core/cs_registers_i/mux_perf_rdata_336_20/in_1[18] 	 (fanout : 1)
hpin:lp_riscv_top/lp_riscv/i_riscv_core/cs_registers_i/mux_perf_rdata_336_20/in_1[17] 	 (fanout : 1)
hpin:lp_riscv_top/lp_riscv/i_riscv_core/cs_registers_i/mux_perf_rdata_336_20/in_1[16] 	 (fanout : 1)
hpin:lp_riscv_top/lp_riscv/i_riscv_core/cs_registers_i/mux_perf_rdata_336_20/in_1[15] 	 (fanout : 1)
hpin:lp_riscv_top/lp_riscv/i_riscv_core/cs_registers_i/mux_perf_rdata_336_20/in_1[14] 	 (fanout : 1)
hpin:lp_riscv_top/lp_riscv/i_riscv_core/cs_registers_i/mux_perf_rdata_336_20/in_1[13] 	 (fanout : 1)
hpin:lp_riscv_top/lp_riscv/i_riscv_core/cs_registers_i/mux_perf_rdata_336_20/in_1[12] 	 (fanout : 1)
hpin:lp_riscv_top/lp_riscv/i_riscv_core/cs_registers_i/mux_perf_rdata_336_20/in_1[11] 	 (fanout : 1)
hpin:lp_riscv_top/lp_riscv/i_riscv_core/cs_registers_i/mux_perf_rdata_336_20/in_1[10] 	 (fanout : 1)
hpin:lp_riscv_top/lp_riscv/i_riscv_core/cs_registers_i/mux_perf_rdata_336_20/in_1[9] 	 (fanout : 1)
hpin:lp_riscv_top/lp_riscv/i_riscv_core/cs_registers_i/mux_perf_rdata_336_20/in_1[8] 	 (fanout : 1)
hpin:lp_riscv_top/lp_riscv/i_riscv_core/cs_registers_i/mux_perf_rdata_336_20/in_1[7] 	 (fanout : 1)
hpin:lp_riscv_top/lp_riscv/i_riscv_core/cs_registers_i/mux_perf_rdata_336_20/in_1[6] 	 (fanout : 1)
hpin:lp_riscv_top/lp_riscv/i_riscv_core/cs_registers_i/mux_perf_rdata_336_20/in_1[5] 	 (fanout : 1)
hpin:lp_riscv_top/lp_riscv/i_riscv_core/cs_registers_i/mux_perf_rdata_336_20/in_1[4] 	 (fanout : 1)
hpin:lp_riscv_top/lp_riscv/i_riscv_core/cs_registers_i/mux_perf_rdata_336_20/in_1[3] 	 (fanout : 1)
hpin:lp_riscv_top/lp_riscv/i_riscv_core/cs_registers_i/mux_perf_rdata_336_20/in_1[2] 	 (fanout : 1)
hpin:lp_riscv_top/lp_riscv/i_riscv_core/cs_registers_i/mux_perf_rdata_336_20/in_2[26] 	 (fanout : 1)
hpin:lp_riscv_top/lp_riscv/i_riscv_core/cs_registers_i/mux_perf_rdata_336_20/in_2[25] 	 (fanout : 1)
hpin:lp_riscv_top/lp_riscv/i_riscv_core/cs_registers_i/mux_perf_rdata_336_20/in_2[24] 	 (fanout : 1)
hpin:lp_riscv_top/lp_riscv/i_riscv_core/cs_registers_i/mux_perf_rdata_336_20/in_2[23] 	 (fanout : 1)
hpin:lp_riscv_top/lp_riscv/i_riscv_core/cs_registers_i/mux_perf_rdata_336_20/in_2[22] 	 (fanout : 1)
hpin:lp_riscv_top/lp_riscv/i_riscv_core/cs_registers_i/mux_perf_rdata_336_20/in_2[21] 	 (fanout : 1)
hpin:lp_riscv_top/lp_riscv/i_riscv_core/cs_registers_i/mux_perf_rdata_336_20/in_2[20] 	 (fanout : 1)
hpin:lp_riscv_top/lp_riscv/i_riscv_core/cs_registers_i/mux_perf_rdata_336_20/in_2[19] 	 (fanout : 1)
hpin:lp_riscv_top/lp_riscv/i_riscv_core/cs_registers_i/mux_perf_rdata_336_20/in_2[18] 	 (fanout : 1)
hpin:lp_riscv_top/lp_riscv/i_riscv_core/cs_registers_i/mux_perf_rdata_336_20/in_2[17] 	 (fanout : 1)
hpin:lp_riscv_top/lp_riscv/i_riscv_core/cs_registers_i/mux_perf_rdata_336_20/in_2[16] 	 (fanout : 1)
hpin:lp_riscv_top/lp_riscv/i_riscv_core/cs_registers_i/mux_perf_rdata_336_20/in_2[15] 	 (fanout : 1)
hpin:lp_riscv_top/lp_riscv/i_riscv_core/cs_registers_i/mux_perf_rdata_336_20/in_2[14] 	 (fanout : 1)
hpin:lp_riscv_top/lp_riscv/i_riscv_core/cs_registers_i/mux_perf_rdata_336_20/in_2[13] 	 (fanout : 1)
hpin:lp_riscv_top/lp_riscv/i_riscv_core/cs_registers_i/mux_perf_rdata_336_20/in_2[12] 	 (fanout : 1)
hpin:lp_riscv_top/lp_riscv/i_riscv_core/cs_registers_i/mux_perf_rdata_336_20/in_2[11] 	 (fanout : 1)
hpin:lp_riscv_top/lp_riscv/i_riscv_core/cs_registers_i/mux_perf_rdata_336_20/in_2[10] 	 (fanout : 1)
hpin:lp_riscv_top/lp_riscv/i_riscv_core/cs_registers_i/mux_perf_rdata_336_20/in_2[9] 	 (fanout : 1)
hpin:lp_riscv_top/lp_riscv/i_riscv_core/cs_registers_i/mux_perf_rdata_336_20/in_2[8] 	 (fanout : 1)
hpin:lp_riscv_top/lp_riscv/i_riscv_core/cs_registers_i/mux_perf_rdata_336_20/in_2[7] 	 (fanout : 1)
hpin:lp_riscv_top/lp_riscv/i_riscv_core/cs_registers_i/mux_perf_rdata_336_20/in_2[6] 	 (fanout : 1)
hpin:lp_riscv_top/lp_riscv/i_riscv_core/cs_registers_i/mux_perf_rdata_336_20/in_2[5] 	 (fanout : 1)
hpin:lp_riscv_top/lp_riscv/i_riscv_core/cs_registers_i/mux_perf_rdata_336_20/in_2[4] 	 (fanout : 1)
hpin:lp_riscv_top/lp_riscv/i_riscv_core/cs_registers_i/mux_perf_rdata_336_20/in_2[3] 	 (fanout : 1)
hpin:lp_riscv_top/lp_riscv/i_riscv_core/cs_registers_i/mux_perf_rdata_336_20/in_2[2] 	 (fanout : 1)
hpin:lp_riscv_top/lp_riscv/i_riscv_core/cs_registers_i/mux_perf_rdata_336_20/in_2[1] 	 (fanout : 1)
hpin:lp_riscv_top/lp_riscv/i_riscv_core/cs_registers_i/mux_perf_rdata_336_20/in_2[0] 	 (fanout : 1)
hpin:lp_riscv_top/lp_riscv/i_riscv_core/cs_registers_i/mux_perf_rdata_353_28/in_0[31] 	 (fanout : 1)
hpin:lp_riscv_top/lp_riscv/i_riscv_core/cs_registers_i/mux_perf_rdata_353_28/in_0[30] 	 (fanout : 1)
hpin:lp_riscv_top/lp_riscv/i_riscv_core/cs_registers_i/mux_perf_rdata_353_28/in_0[29] 	 (fanout : 1)
hpin:lp_riscv_top/lp_riscv/i_riscv_core/cs_registers_i/mux_perf_rdata_353_28/in_0[28] 	 (fanout : 1)
hpin:lp_riscv_top/lp_riscv/i_riscv_core/cs_registers_i/mux_perf_rdata_353_28/in_0[27] 	 (fanout : 1)
hpin:lp_riscv_top/lp_riscv/i_riscv_core/cs_registers_i/mux_perf_rdata_335_9/in_0[31] 	 (fanout : 1)
hpin:lp_riscv_top/lp_riscv/i_riscv_core/cs_registers_i/mux_perf_rdata_335_9/in_0[30] 	 (fanout : 1)
hpin:lp_riscv_top/lp_riscv/i_riscv_core/cs_registers_i/mux_perf_rdata_335_9/in_0[29] 	 (fanout : 1)
hpin:lp_riscv_top/lp_riscv/i_riscv_core/cs_registers_i/mux_perf_rdata_335_9/in_0[28] 	 (fanout : 1)
hpin:lp_riscv_top/lp_riscv/i_riscv_core/cs_registers_i/mux_perf_rdata_335_9/in_0[27] 	 (fanout : 1)
hpin:lp_riscv_top/lp_riscv/i_riscv_core/cs_registers_i/mux_perf_rdata_335_9/in_0[26] 	 (fanout : 1)
hpin:lp_riscv_top/lp_riscv/i_riscv_core/cs_registers_i/mux_perf_rdata_335_9/in_0[25] 	 (fanout : 1)
hpin:lp_riscv_top/lp_riscv/i_riscv_core/cs_registers_i/mux_perf_rdata_335_9/in_0[24] 	 (fanout : 1)
hpin:lp_riscv_top/lp_riscv/i_riscv_core/cs_registers_i/mux_perf_rdata_335_9/in_0[23] 	 (fanout : 1)
hpin:lp_riscv_top/lp_riscv/i_riscv_core/cs_registers_i/mux_perf_rdata_335_9/in_0[22] 	 (fanout : 1)
hpin:lp_riscv_top/lp_riscv/i_riscv_core/cs_registers_i/mux_perf_rdata_335_9/in_0[21] 	 (fanout : 1)
hpin:lp_riscv_top/lp_riscv/i_riscv_core/cs_registers_i/mux_perf_rdata_335_9/in_0[20] 	 (fanout : 1)
hpin:lp_riscv_top/lp_riscv/i_riscv_core/cs_registers_i/mux_perf_rdata_335_9/in_0[19] 	 (fanout : 1)
hpin:lp_riscv_top/lp_riscv/i_riscv_core/cs_registers_i/mux_perf_rdata_335_9/in_0[18] 	 (fanout : 1)
hpin:lp_riscv_top/lp_riscv/i_riscv_core/cs_registers_i/mux_perf_rdata_335_9/in_0[17] 	 (fanout : 1)
hpin:lp_riscv_top/lp_riscv/i_riscv_core/cs_registers_i/mux_perf_rdata_335_9/in_0[16] 	 (fanout : 1)
hpin:lp_riscv_top/lp_riscv/i_riscv_core/cs_registers_i/mux_perf_rdata_335_9/in_0[15] 	 (fanout : 1)
hpin:lp_riscv_top/lp_riscv/i_riscv_core/cs_registers_i/mux_perf_rdata_335_9/in_0[14] 	 (fanout : 1)
hpin:lp_riscv_top/lp_riscv/i_riscv_core/cs_registers_i/mux_perf_rdata_335_9/in_0[13] 	 (fanout : 1)
hpin:lp_riscv_top/lp_riscv/i_riscv_core/cs_registers_i/mux_perf_rdata_335_9/in_0[12] 	 (fanout : 1)
hpin:lp_riscv_top/lp_riscv/i_riscv_core/cs_registers_i/mux_perf_rdata_335_9/in_0[11] 	 (fanout : 1)
hpin:lp_riscv_top/lp_riscv/i_riscv_core/cs_registers_i/mux_perf_rdata_335_9/in_0[10] 	 (fanout : 1)
hpin:lp_riscv_top/lp_riscv/i_riscv_core/cs_registers_i/mux_perf_rdata_335_9/in_0[9] 	 (fanout : 1)
hpin:lp_riscv_top/lp_riscv/i_riscv_core/cs_registers_i/mux_perf_rdata_335_9/in_0[8] 	 (fanout : 1)
hpin:lp_riscv_top/lp_riscv/i_riscv_core/cs_registers_i/mux_perf_rdata_335_9/in_0[7] 	 (fanout : 1)
hpin:lp_riscv_top/lp_riscv/i_riscv_core/cs_registers_i/mux_perf_rdata_335_9/in_0[6] 	 (fanout : 1)
hpin:lp_riscv_top/lp_riscv/i_riscv_core/cs_registers_i/mux_perf_rdata_335_9/in_0[5] 	 (fanout : 1)
hpin:lp_riscv_top/lp_riscv/i_riscv_core/cs_registers_i/mux_perf_rdata_335_9/in_0[4] 	 (fanout : 1)
hpin:lp_riscv_top/lp_riscv/i_riscv_core/cs_registers_i/mux_perf_rdata_335_9/in_0[3] 	 (fanout : 1)
hpin:lp_riscv_top/lp_riscv/i_riscv_core/cs_registers_i/mux_perf_rdata_335_9/in_0[2] 	 (fanout : 1)
hpin:lp_riscv_top/lp_riscv/i_riscv_core/cs_registers_i/mux_perf_rdata_335_9/in_0[1] 	 (fanout : 1)
hpin:lp_riscv_top/lp_riscv/i_riscv_core/cs_registers_i/mux_perf_rdata_335_9/in_0[0] 	 (fanout : 1)
hpin:lp_riscv_top/lp_riscv/i_riscv_core/cs_registers_i/mux_csr_rdata_int_149_11/in_0[31] 	 (fanout : 1)
hpin:lp_riscv_top/lp_riscv/i_riscv_core/cs_registers_i/mux_csr_rdata_int_149_11/in_0[30] 	 (fanout : 1)
hpin:lp_riscv_top/lp_riscv/i_riscv_core/cs_registers_i/mux_csr_rdata_int_149_11/in_0[29] 	 (fanout : 1)
hpin:lp_riscv_top/lp_riscv/i_riscv_core/cs_registers_i/mux_csr_rdata_int_149_11/in_0[28] 	 (fanout : 1)
hpin:lp_riscv_top/lp_riscv/i_riscv_core/cs_registers_i/mux_csr_rdata_int_149_11/in_0[27] 	 (fanout : 1)
hpin:lp_riscv_top/lp_riscv/i_riscv_core/cs_registers_i/mux_csr_rdata_int_149_11/in_0[26] 	 (fanout : 1)
hpin:lp_riscv_top/lp_riscv/i_riscv_core/cs_registers_i/mux_csr_rdata_int_149_11/in_0[25] 	 (fanout : 1)
hpin:lp_riscv_top/lp_riscv/i_riscv_core/cs_registers_i/mux_csr_rdata_int_149_11/in_0[24] 	 (fanout : 1)
hpin:lp_riscv_top/lp_riscv/i_riscv_core/cs_registers_i/mux_csr_rdata_int_149_11/in_0[23] 	 (fanout : 1)
hpin:lp_riscv_top/lp_riscv/i_riscv_core/cs_registers_i/mux_csr_rdata_int_149_11/in_0[22] 	 (fanout : 1)
hpin:lp_riscv_top/lp_riscv/i_riscv_core/cs_registers_i/mux_csr_rdata_int_149_11/in_0[21] 	 (fanout : 1)
hpin:lp_riscv_top/lp_riscv/i_riscv_core/cs_registers_i/mux_csr_rdata_int_149_11/in_0[20] 	 (fanout : 1)
hpin:lp_riscv_top/lp_riscv/i_riscv_core/cs_registers_i/mux_csr_rdata_int_149_11/in_0[19] 	 (fanout : 1)
hpin:lp_riscv_top/lp_riscv/i_riscv_core/cs_registers_i/mux_csr_rdata_int_149_11/in_0[18] 	 (fanout : 1)
hpin:lp_riscv_top/lp_riscv/i_riscv_core/cs_registers_i/mux_csr_rdata_int_149_11/in_0[17] 	 (fanout : 1)
hpin:lp_riscv_top/lp_riscv/i_riscv_core/cs_registers_i/mux_csr_rdata_int_149_11/in_0[16] 	 (fanout : 1)
hpin:lp_riscv_top/lp_riscv/i_riscv_core/cs_registers_i/mux_csr_rdata_int_149_11/in_0[15] 	 (fanout : 1)
hpin:lp_riscv_top/lp_riscv/i_riscv_core/cs_registers_i/mux_csr_rdata_int_149_11/in_0[14] 	 (fanout : 1)
hpin:lp_riscv_top/lp_riscv/i_riscv_core/cs_registers_i/mux_csr_rdata_int_149_11/in_0[13] 	 (fanout : 1)
hpin:lp_riscv_top/lp_riscv/i_riscv_core/cs_registers_i/mux_csr_rdata_int_149_11/in_0[12] 	 (fanout : 1)
hpin:lp_riscv_top/lp_riscv/i_riscv_core/cs_registers_i/mux_csr_rdata_int_149_11/in_0[11] 	 (fanout : 1)
hpin:lp_riscv_top/lp_riscv/i_riscv_core/cs_registers_i/mux_csr_rdata_int_149_11/in_0[10] 	 (fanout : 1)
hpin:lp_riscv_top/lp_riscv/i_riscv_core/cs_registers_i/mux_csr_rdata_int_149_11/in_0[9] 	 (fanout : 1)
hpin:lp_riscv_top/lp_riscv/i_riscv_core/cs_registers_i/mux_csr_rdata_int_149_11/in_0[8] 	 (fanout : 1)
hpin:lp_riscv_top/lp_riscv/i_riscv_core/cs_registers_i/mux_csr_rdata_int_149_11/in_0[7] 	 (fanout : 1)
hpin:lp_riscv_top/lp_riscv/i_riscv_core/cs_registers_i/mux_csr_rdata_int_149_11/in_0[6] 	 (fanout : 1)
hpin:lp_riscv_top/lp_riscv/i_riscv_core/cs_registers_i/mux_csr_rdata_int_149_11/in_0[5] 	 (fanout : 1)
hpin:lp_riscv_top/lp_riscv/i_riscv_core/cs_registers_i/mux_csr_rdata_int_149_11/in_0[4] 	 (fanout : 1)
hpin:lp_riscv_top/lp_riscv/i_riscv_core/cs_registers_i/mux_csr_rdata_int_149_11/in_0[3] 	 (fanout : 1)
hpin:lp_riscv_top/lp_riscv/i_riscv_core/cs_registers_i/mux_csr_rdata_int_149_11/in_0[2] 	 (fanout : 1)
hpin:lp_riscv_top/lp_riscv/i_riscv_core/cs_registers_i/mux_csr_rdata_int_149_11/in_0[1] 	 (fanout : 1)
hpin:lp_riscv_top/lp_riscv/i_riscv_core/cs_registers_i/mux_csr_rdata_int_149_11/in_2[30] 	 (fanout : 1)
hpin:lp_riscv_top/lp_riscv/i_riscv_core/cs_registers_i/mux_csr_rdata_int_149_11/in_2[29] 	 (fanout : 1)
hpin:lp_riscv_top/lp_riscv/i_riscv_core/cs_registers_i/mux_csr_rdata_int_149_11/in_2[28] 	 (fanout : 1)
hpin:lp_riscv_top/lp_riscv/i_riscv_core/cs_registers_i/mux_csr_rdata_int_149_11/in_2[27] 	 (fanout : 1)
hpin:lp_riscv_top/lp_riscv/i_riscv_core/cs_registers_i/mux_csr_rdata_int_149_11/in_2[26] 	 (fanout : 1)
hpin:lp_riscv_top/lp_riscv/i_riscv_core/cs_registers_i/mux_csr_rdata_int_149_11/in_2[25] 	 (fanout : 1)
hpin:lp_riscv_top/lp_riscv/i_riscv_core/cs_registers_i/mux_csr_rdata_int_149_11/in_2[24] 	 (fanout : 1)
hpin:lp_riscv_top/lp_riscv/i_riscv_core/cs_registers_i/mux_csr_rdata_int_149_11/in_2[23] 	 (fanout : 1)
hpin:lp_riscv_top/lp_riscv/i_riscv_core/cs_registers_i/mux_csr_rdata_int_149_11/in_2[22] 	 (fanout : 1)
hpin:lp_riscv_top/lp_riscv/i_riscv_core/cs_registers_i/mux_csr_rdata_int_149_11/in_2[21] 	 (fanout : 1)
hpin:lp_riscv_top/lp_riscv/i_riscv_core/cs_registers_i/mux_csr_rdata_int_149_11/in_2[20] 	 (fanout : 1)
hpin:lp_riscv_top/lp_riscv/i_riscv_core/cs_registers_i/mux_csr_rdata_int_149_11/in_2[19] 	 (fanout : 1)
hpin:lp_riscv_top/lp_riscv/i_riscv_core/cs_registers_i/mux_csr_rdata_int_149_11/in_2[18] 	 (fanout : 1)
hpin:lp_riscv_top/lp_riscv/i_riscv_core/cs_registers_i/mux_csr_rdata_int_149_11/in_2[17] 	 (fanout : 1)
hpin:lp_riscv_top/lp_riscv/i_riscv_core/cs_registers_i/mux_csr_rdata_int_149_11/in_2[16] 	 (fanout : 1)
hpin:lp_riscv_top/lp_riscv/i_riscv_core/cs_registers_i/mux_csr_rdata_int_149_11/in_2[15] 	 (fanout : 1)
hpin:lp_riscv_top/lp_riscv/i_riscv_core/cs_registers_i/mux_csr_rdata_int_149_11/in_2[14] 	 (fanout : 1)
hpin:lp_riscv_top/lp_riscv/i_riscv_core/cs_registers_i/mux_csr_rdata_int_149_11/in_2[13] 	 (fanout : 1)
hpin:lp_riscv_top/lp_riscv/i_riscv_core/cs_registers_i/mux_csr_rdata_int_149_11/in_2[12] 	 (fanout : 1)
hpin:lp_riscv_top/lp_riscv/i_riscv_core/cs_registers_i/mux_csr_rdata_int_149_11/in_2[11] 	 (fanout : 1)
hpin:lp_riscv_top/lp_riscv/i_riscv_core/cs_registers_i/mux_csr_rdata_int_149_11/in_2[10] 	 (fanout : 1)
hpin:lp_riscv_top/lp_riscv/i_riscv_core/cs_registers_i/mux_csr_rdata_int_149_11/in_2[9] 	 (fanout : 1)
hpin:lp_riscv_top/lp_riscv/i_riscv_core/cs_registers_i/mux_csr_rdata_int_149_11/in_2[8] 	 (fanout : 1)
hpin:lp_riscv_top/lp_riscv/i_riscv_core/cs_registers_i/mux_csr_rdata_int_149_11/in_2[7] 	 (fanout : 1)
hpin:lp_riscv_top/lp_riscv/i_riscv_core/cs_registers_i/mux_csr_rdata_int_149_11/in_2[6] 	 (fanout : 1)
hpin:lp_riscv_top/lp_riscv/i_riscv_core/cs_registers_i/mux_csr_rdata_int_149_11/in_2[5] 	 (fanout : 1)
hpin:lp_riscv_top/lp_riscv/i_riscv_core/cs_registers_i/mux_csr_rdata_int_149_11/in_3[31] 	 (fanout : 1)
hpin:lp_riscv_top/lp_riscv/i_riscv_core/cs_registers_i/mux_csr_rdata_int_149_11/in_3[30] 	 (fanout : 1)
hpin:lp_riscv_top/lp_riscv/i_riscv_core/cs_registers_i/mux_csr_rdata_int_149_11/in_3[29] 	 (fanout : 1)
hpin:lp_riscv_top/lp_riscv/i_riscv_core/cs_registers_i/mux_csr_rdata_int_149_11/in_3[28] 	 (fanout : 1)
hpin:lp_riscv_top/lp_riscv/i_riscv_core/cs_registers_i/mux_csr_rdata_int_149_11/in_3[27] 	 (fanout : 1)
hpin:lp_riscv_top/lp_riscv/i_riscv_core/cs_registers_i/mux_csr_rdata_int_149_11/in_3[26] 	 (fanout : 1)
hpin:lp_riscv_top/lp_riscv/i_riscv_core/cs_registers_i/mux_csr_rdata_int_149_11/in_3[25] 	 (fanout : 1)
hpin:lp_riscv_top/lp_riscv/i_riscv_core/cs_registers_i/mux_csr_rdata_int_149_11/in_3[24] 	 (fanout : 1)
hpin:lp_riscv_top/lp_riscv/i_riscv_core/cs_registers_i/mux_csr_rdata_int_149_11/in_3[23] 	 (fanout : 1)
hpin:lp_riscv_top/lp_riscv/i_riscv_core/cs_registers_i/mux_csr_rdata_int_149_11/in_3[22] 	 (fanout : 1)
hpin:lp_riscv_top/lp_riscv/i_riscv_core/cs_registers_i/mux_csr_rdata_int_149_11/in_3[21] 	 (fanout : 1)
hpin:lp_riscv_top/lp_riscv/i_riscv_core/cs_registers_i/mux_csr_rdata_int_149_11/in_3[20] 	 (fanout : 1)
hpin:lp_riscv_top/lp_riscv/i_riscv_core/cs_registers_i/mux_csr_rdata_int_149_11/in_3[19] 	 (fanout : 1)
hpin:lp_riscv_top/lp_riscv/i_riscv_core/cs_registers_i/mux_csr_rdata_int_149_11/in_3[18] 	 (fanout : 1)
hpin:lp_riscv_top/lp_riscv/i_riscv_core/cs_registers_i/mux_csr_rdata_int_149_11/in_3[17] 	 (fanout : 1)
hpin:lp_riscv_top/lp_riscv/i_riscv_core/cs_registers_i/mux_csr_rdata_int_149_11/in_3[16] 	 (fanout : 1)
hpin:lp_riscv_top/lp_riscv/i_riscv_core/cs_registers_i/mux_csr_rdata_int_149_11/in_3[15] 	 (fanout : 1)
hpin:lp_riscv_top/lp_riscv/i_riscv_core/cs_registers_i/mux_csr_rdata_int_149_11/in_3[14] 	 (fanout : 1)
hpin:lp_riscv_top/lp_riscv/i_riscv_core/cs_registers_i/mux_csr_rdata_int_149_11/in_3[13] 	 (fanout : 1)
hpin:lp_riscv_top/lp_riscv/i_riscv_core/cs_registers_i/mux_csr_rdata_int_149_11/in_3[12] 	 (fanout : 1)
hpin:lp_riscv_top/lp_riscv/i_riscv_core/cs_registers_i/mux_csr_rdata_int_149_11/in_3[11] 	 (fanout : 1)
hpin:lp_riscv_top/lp_riscv/i_riscv_core/cs_registers_i/mux_csr_rdata_int_149_11/in_3[10] 	 (fanout : 1)
hpin:lp_riscv_top/lp_riscv/i_riscv_core/cs_registers_i/mux_csr_rdata_int_149_11/in_3[9] 	 (fanout : 1)
hpin:lp_riscv_top/lp_riscv/i_riscv_core/cs_registers_i/mux_csr_rdata_int_149_11/in_3[8] 	 (fanout : 1)
hpin:lp_riscv_top/lp_riscv/i_riscv_core/cs_registers_i/mux_csr_rdata_int_149_11/in_3[7] 	 (fanout : 1)
hpin:lp_riscv_top/lp_riscv/i_riscv_core/cs_registers_i/mux_csr_rdata_int_149_11/in_3[6] 	 (fanout : 1)
hpin:lp_riscv_top/lp_riscv/i_riscv_core/cs_registers_i/mux_csr_rdata_int_149_11/in_3[5] 	 (fanout : 1)
hpin:lp_riscv_top/lp_riscv/i_riscv_core/cs_registers_i/mux_csr_rdata_int_149_11/in_3[4] 	 (fanout : 1)
hpin:lp_riscv_top/lp_riscv/i_riscv_core/cs_registers_i/mux_csr_rdata_int_149_11/in_3[3] 	 (fanout : 1)
hpin:lp_riscv_top/lp_riscv/i_riscv_core/cs_registers_i/mux_csr_rdata_int_149_11/in_3[2] 	 (fanout : 1)
hpin:lp_riscv_top/lp_riscv/i_riscv_core/cs_registers_i/mux_csr_rdata_int_149_11/in_3[1] 	 (fanout : 1)
hpin:lp_riscv_top/lp_riscv/i_riscv_core/cs_registers_i/mux_csr_rdata_int_149_11/in_3[0] 	 (fanout : 1)
hpin:lp_riscv_top/lp_riscv/i_riscv_core/cs_registers_i/mux_csr_rdata_int_149_11/in_4[31] 	 (fanout : 1)
hpin:lp_riscv_top/lp_riscv/i_riscv_core/cs_registers_i/mux_csr_rdata_int_149_11/in_4[30] 	 (fanout : 1)
hpin:lp_riscv_top/lp_riscv/i_riscv_core/cs_registers_i/mux_csr_rdata_int_149_11/in_4[29] 	 (fanout : 1)
hpin:lp_riscv_top/lp_riscv/i_riscv_core/cs_registers_i/mux_csr_rdata_int_149_11/in_4[28] 	 (fanout : 1)
hpin:lp_riscv_top/lp_riscv/i_riscv_core/cs_registers_i/mux_csr_rdata_int_149_11/in_4[27] 	 (fanout : 1)
hpin:lp_riscv_top/lp_riscv/i_riscv_core/cs_registers_i/mux_csr_rdata_int_149_11/in_4[26] 	 (fanout : 1)
hpin:lp_riscv_top/lp_riscv/i_riscv_core/cs_registers_i/mux_csr_rdata_int_149_11/in_4[25] 	 (fanout : 1)
hpin:lp_riscv_top/lp_riscv/i_riscv_core/cs_registers_i/mux_csr_rdata_int_149_11/in_4[24] 	 (fanout : 1)
hpin:lp_riscv_top/lp_riscv/i_riscv_core/cs_registers_i/mux_csr_rdata_int_149_11/in_4[23] 	 (fanout : 1)
hpin:lp_riscv_top/lp_riscv/i_riscv_core/cs_registers_i/mux_csr_rdata_int_149_11/in_4[22] 	 (fanout : 1)
hpin:lp_riscv_top/lp_riscv/i_riscv_core/cs_registers_i/mux_csr_rdata_int_149_11/in_4[21] 	 (fanout : 1)
hpin:lp_riscv_top/lp_riscv/i_riscv_core/cs_registers_i/mux_csr_rdata_int_149_11/in_4[20] 	 (fanout : 1)
hpin:lp_riscv_top/lp_riscv/i_riscv_core/cs_registers_i/mux_csr_rdata_int_149_11/in_4[19] 	 (fanout : 1)
hpin:lp_riscv_top/lp_riscv/i_riscv_core/cs_registers_i/mux_csr_rdata_int_149_11/in_4[18] 	 (fanout : 1)
hpin:lp_riscv_top/lp_riscv/i_riscv_core/cs_registers_i/mux_csr_rdata_int_149_11/in_4[17] 	 (fanout : 1)
hpin:lp_riscv_top/lp_riscv/i_riscv_core/cs_registers_i/mux_csr_rdata_int_149_11/in_4[16] 	 (fanout : 1)
hpin:lp_riscv_top/lp_riscv/i_riscv_core/cs_registers_i/mux_csr_rdata_int_149_11/in_4[15] 	 (fanout : 1)
hpin:lp_riscv_top/lp_riscv/i_riscv_core/cs_registers_i/mux_csr_rdata_int_149_11/in_4[14] 	 (fanout : 1)
hpin:lp_riscv_top/lp_riscv/i_riscv_core/cs_registers_i/mux_csr_rdata_int_149_11/in_4[13] 	 (fanout : 1)
hpin:lp_riscv_top/lp_riscv/i_riscv_core/cs_registers_i/mux_csr_rdata_int_149_11/in_4[12] 	 (fanout : 1)
hpin:lp_riscv_top/lp_riscv/i_riscv_core/cs_registers_i/mux_csr_rdata_int_149_11/in_4[11] 	 (fanout : 1)
hpin:lp_riscv_top/lp_riscv/i_riscv_core/cs_registers_i/mux_csr_rdata_int_149_11/in_4[10] 	 (fanout : 1)
hpin:lp_riscv_top/lp_riscv/i_riscv_core/cs_registers_i/mux_csr_rdata_int_149_11/in_4[9] 	 (fanout : 1)
hpin:lp_riscv_top/lp_riscv/i_riscv_core/cs_registers_i/mux_csr_rdata_int_149_11/in_4[8] 	 (fanout : 1)
hpin:lp_riscv_top/lp_riscv/i_riscv_core/cs_registers_i/mux_csr_rdata_int_149_11/in_4[7] 	 (fanout : 1)
hpin:lp_riscv_top/lp_riscv/i_riscv_core/cs_registers_i/mux_csr_rdata_int_149_11/in_4[6] 	 (fanout : 1)
hpin:lp_riscv_top/lp_riscv/i_riscv_core/cs_registers_i/mux_csr_rdata_int_149_11/in_4[5] 	 (fanout : 1)
hpin:lp_riscv_top/lp_riscv/i_riscv_core/cs_registers_i/mux_csr_rdata_int_149_11/in_4[4] 	 (fanout : 1)
hpin:lp_riscv_top/lp_riscv/i_riscv_core/cs_registers_i/mux_csr_rdata_int_149_11/in_4[3] 	 (fanout : 1)
hpin:lp_riscv_top/lp_riscv/i_riscv_core/cs_registers_i/mux_csr_rdata_int_149_11/in_4[2] 	 (fanout : 1)
hpin:lp_riscv_top/lp_riscv/i_riscv_core/cs_registers_i/mux_csr_rdata_int_149_11/in_4[1] 	 (fanout : 1)
hpin:lp_riscv_top/lp_riscv/i_riscv_core/cs_registers_i/mux_csr_rdata_int_149_11/in_4[0] 	 (fanout : 1)
hpin:lp_riscv_top/lp_riscv/i_riscv_core/cs_registers_i/mux_csr_rdata_int_149_11/in_5[31] 	 (fanout : 1)
hpin:lp_riscv_top/lp_riscv/i_riscv_core/cs_registers_i/mux_csr_rdata_int_149_11/in_5[30] 	 (fanout : 1)
hpin:lp_riscv_top/lp_riscv/i_riscv_core/cs_registers_i/mux_csr_rdata_int_149_11/in_5[29] 	 (fanout : 1)
hpin:lp_riscv_top/lp_riscv/i_riscv_core/cs_registers_i/mux_csr_rdata_int_149_11/in_5[28] 	 (fanout : 1)
hpin:lp_riscv_top/lp_riscv/i_riscv_core/cs_registers_i/mux_csr_rdata_int_149_11/in_5[27] 	 (fanout : 1)
hpin:lp_riscv_top/lp_riscv/i_riscv_core/cs_registers_i/mux_csr_rdata_int_149_11/in_5[26] 	 (fanout : 1)
hpin:lp_riscv_top/lp_riscv/i_riscv_core/cs_registers_i/mux_csr_rdata_int_149_11/in_5[25] 	 (fanout : 1)
hpin:lp_riscv_top/lp_riscv/i_riscv_core/cs_registers_i/mux_csr_rdata_int_149_11/in_5[24] 	 (fanout : 1)
hpin:lp_riscv_top/lp_riscv/i_riscv_core/cs_registers_i/mux_csr_rdata_int_149_11/in_5[23] 	 (fanout : 1)
hpin:lp_riscv_top/lp_riscv/i_riscv_core/cs_registers_i/mux_csr_rdata_int_149_11/in_5[22] 	 (fanout : 1)
hpin:lp_riscv_top/lp_riscv/i_riscv_core/cs_registers_i/mux_csr_rdata_int_149_11/in_5[21] 	 (fanout : 1)
hpin:lp_riscv_top/lp_riscv/i_riscv_core/cs_registers_i/mux_csr_rdata_int_149_11/in_5[20] 	 (fanout : 1)
hpin:lp_riscv_top/lp_riscv/i_riscv_core/cs_registers_i/mux_csr_rdata_int_149_11/in_5[19] 	 (fanout : 1)
hpin:lp_riscv_top/lp_riscv/i_riscv_core/cs_registers_i/mux_csr_rdata_int_149_11/in_5[18] 	 (fanout : 1)
hpin:lp_riscv_top/lp_riscv/i_riscv_core/cs_registers_i/mux_csr_rdata_int_149_11/in_5[17] 	 (fanout : 1)
hpin:lp_riscv_top/lp_riscv/i_riscv_core/cs_registers_i/mux_csr_rdata_int_149_11/in_5[16] 	 (fanout : 1)
hpin:lp_riscv_top/lp_riscv/i_riscv_core/cs_registers_i/mux_csr_rdata_int_149_11/in_5[15] 	 (fanout : 1)
hpin:lp_riscv_top/lp_riscv/i_riscv_core/cs_registers_i/mux_csr_rdata_int_149_11/in_5[14] 	 (fanout : 1)
hpin:lp_riscv_top/lp_riscv/i_riscv_core/cs_registers_i/mux_csr_rdata_int_149_11/in_5[13] 	 (fanout : 1)
hpin:lp_riscv_top/lp_riscv/i_riscv_core/cs_registers_i/mux_csr_rdata_int_149_11/in_5[12] 	 (fanout : 1)
hpin:lp_riscv_top/lp_riscv/i_riscv_core/cs_registers_i/mux_csr_rdata_int_149_11/in_5[11] 	 (fanout : 1)
hpin:lp_riscv_top/lp_riscv/i_riscv_core/cs_registers_i/mux_csr_rdata_int_149_11/in_5[4] 	 (fanout : 1)
hpin:lp_riscv_top/lp_riscv/i_riscv_core/cs_registers_i/mux_csr_rdata_int_149_11/in_12[31] 	 (fanout : 1)
hpin:lp_riscv_top/lp_riscv/i_riscv_core/cs_registers_i/mux_csr_rdata_int_149_11/in_12[30] 	 (fanout : 1)
hpin:lp_riscv_top/lp_riscv/i_riscv_core/cs_registers_i/mux_csr_rdata_int_149_11/in_12[29] 	 (fanout : 1)
hpin:lp_riscv_top/lp_riscv/i_riscv_core/cs_registers_i/mux_csr_rdata_int_149_11/in_12[28] 	 (fanout : 1)
hpin:lp_riscv_top/lp_riscv/i_riscv_core/cs_registers_i/mux_csr_rdata_int_149_11/in_12[27] 	 (fanout : 1)
hpin:lp_riscv_top/lp_riscv/i_riscv_core/cs_registers_i/mux_csr_rdata_int_149_11/in_12[26] 	 (fanout : 1)
hpin:lp_riscv_top/lp_riscv/i_riscv_core/cs_registers_i/mux_csr_rdata_int_149_11/in_12[25] 	 (fanout : 1)
hpin:lp_riscv_top/lp_riscv/i_riscv_core/cs_registers_i/mux_csr_rdata_int_149_11/in_12[24] 	 (fanout : 1)
hpin:lp_riscv_top/lp_riscv/i_riscv_core/cs_registers_i/mux_csr_rdata_int_149_11/in_12[23] 	 (fanout : 1)
hpin:lp_riscv_top/lp_riscv/i_riscv_core/cs_registers_i/mux_csr_rdata_int_149_11/in_12[22] 	 (fanout : 1)
hpin:lp_riscv_top/lp_riscv/i_riscv_core/cs_registers_i/mux_csr_rdata_int_149_11/in_12[21] 	 (fanout : 1)
hpin:lp_riscv_top/lp_riscv/i_riscv_core/cs_registers_i/mux_csr_rdata_int_149_11/in_12[20] 	 (fanout : 1)
hpin:lp_riscv_top/lp_riscv/i_riscv_core/cs_registers_i/mux_csr_rdata_int_149_11/in_12[19] 	 (fanout : 1)
hpin:lp_riscv_top/lp_riscv/i_riscv_core/cs_registers_i/mux_csr_rdata_int_149_11/in_12[18] 	 (fanout : 1)
hpin:lp_riscv_top/lp_riscv/i_riscv_core/cs_registers_i/mux_csr_rdata_int_149_11/in_12[17] 	 (fanout : 1)
hpin:lp_riscv_top/lp_riscv/i_riscv_core/cs_registers_i/mux_csr_rdata_int_149_11/in_12[16] 	 (fanout : 1)
hpin:lp_riscv_top/lp_riscv/i_riscv_core/cs_registers_i/mux_csr_rdata_int_149_11/in_12[15] 	 (fanout : 1)
hpin:lp_riscv_top/lp_riscv/i_riscv_core/cs_registers_i/mux_csr_rdata_int_149_11/in_12[14] 	 (fanout : 1)
hpin:lp_riscv_top/lp_riscv/i_riscv_core/cs_registers_i/mux_csr_rdata_int_149_11/in_12[13] 	 (fanout : 1)
hpin:lp_riscv_top/lp_riscv/i_riscv_core/cs_registers_i/mux_csr_rdata_int_149_11/in_12[12] 	 (fanout : 1)
hpin:lp_riscv_top/lp_riscv/i_riscv_core/cs_registers_i/mux_csr_rdata_int_149_11/in_12[11] 	 (fanout : 1)
hpin:lp_riscv_top/lp_riscv/i_riscv_core/cs_registers_i/mux_csr_rdata_int_149_11/in_12[10] 	 (fanout : 1)
hpin:lp_riscv_top/lp_riscv/i_riscv_core/cs_registers_i/mux_csr_rdata_int_149_11/in_12[9] 	 (fanout : 1)
hpin:lp_riscv_top/lp_riscv/i_riscv_core/cs_registers_i/mux_csr_rdata_int_149_11/in_12[8] 	 (fanout : 1)
hpin:lp_riscv_top/lp_riscv/i_riscv_core/cs_registers_i/mux_csr_rdata_int_149_11/in_12[7] 	 (fanout : 1)
hpin:lp_riscv_top/lp_riscv/i_riscv_core/cs_registers_i/mux_csr_rdata_int_149_11/in_12[6] 	 (fanout : 1)
hpin:lp_riscv_top/lp_riscv/i_riscv_core/cs_registers_i/mux_csr_rdata_int_149_11/in_12[5] 	 (fanout : 1)
hpin:lp_riscv_top/lp_riscv/i_riscv_core/cs_registers_i/mux_csr_rdata_int_149_11/in_12[4] 	 (fanout : 1)
hpin:lp_riscv_top/lp_riscv/i_riscv_core/cs_registers_i/mux_csr_rdata_int_149_11/in_12[3] 	 (fanout : 1)
hpin:lp_riscv_top/lp_riscv/i_riscv_core/cs_registers_i/mux_csr_rdata_int_149_11/in_12[2] 	 (fanout : 1)
hpin:lp_riscv_top/lp_riscv/i_riscv_core/cs_registers_i/mux_csr_rdata_int_149_11/in_12[1] 	 (fanout : 1)
hpin:lp_riscv_top/lp_riscv/i_riscv_core/cs_registers_i/mux_hwlp_we_o_198_20/in_0 	 (fanout : 1)
hpin:lp_riscv_top/lp_riscv/i_riscv_core/cs_registers_i/mux_hwlp_we_o_198_20/in_1 	 (fanout : 1)
hpin:lp_riscv_top/lp_riscv/i_riscv_core/cs_registers_i/mux_hwlp_we_o_199_20/in_0 	 (fanout : 1)
hpin:lp_riscv_top/lp_riscv/i_riscv_core/cs_registers_i/mux_hwlp_we_o_199_20/in_1 	 (fanout : 1)
hpin:lp_riscv_top/lp_riscv/i_riscv_core/cs_registers_i/mux_hwlp_we_o_200_20/in_0 	 (fanout : 1)
hpin:lp_riscv_top/lp_riscv/i_riscv_core/cs_registers_i/mux_hwlp_we_o_200_20/in_1 	 (fanout : 1)
hpin:lp_riscv_top/lp_riscv/i_riscv_core/cs_registers_i/mux_hwlp_we_o_201_20/in_0 	 (fanout : 1)
hpin:lp_riscv_top/lp_riscv/i_riscv_core/cs_registers_i/mux_hwlp_we_o_201_20/in_1 	 (fanout : 1)
hpin:lp_riscv_top/lp_riscv/i_riscv_core/cs_registers_i/mux_hwlp_we_o_202_20/in_0 	 (fanout : 1)
hpin:lp_riscv_top/lp_riscv/i_riscv_core/cs_registers_i/mux_hwlp_we_o_202_20/in_1 	 (fanout : 1)
hpin:lp_riscv_top/lp_riscv/i_riscv_core/cs_registers_i/mux_hwlp_we_o_203_20/in_0 	 (fanout : 1)
hpin:lp_riscv_top/lp_riscv/i_riscv_core/cs_registers_i/mux_hwlp_we_o_203_20/in_1 	 (fanout : 1)
hpin:lp_riscv_top/lp_riscv/i_riscv_core/cs_registers_i/mux_hwlp_we_o_188_11/in_0[2] 	 (fanout : 1)
hpin:lp_riscv_top/lp_riscv/i_riscv_core/cs_registers_i/mux_hwlp_we_o_188_11/in_0[1] 	 (fanout : 1)
hpin:lp_riscv_top/lp_riscv/i_riscv_core/cs_registers_i/mux_hwlp_we_o_188_11/in_1[2] 	 (fanout : 1)
hpin:lp_riscv_top/lp_riscv/i_riscv_core/cs_registers_i/mux_hwlp_we_o_188_11/in_1[0] 	 (fanout : 1)
hpin:lp_riscv_top/lp_riscv/i_riscv_core/cs_registers_i/mux_hwlp_we_o_188_11/in_2[1] 	 (fanout : 1)
hpin:lp_riscv_top/lp_riscv/i_riscv_core/cs_registers_i/mux_hwlp_we_o_188_11/in_2[0] 	 (fanout : 1)
hpin:lp_riscv_top/lp_riscv/i_riscv_core/cs_registers_i/mux_hwlp_we_o_188_11/in_3[2] 	 (fanout : 1)
hpin:lp_riscv_top/lp_riscv/i_riscv_core/cs_registers_i/mux_hwlp_we_o_188_11/in_3[1] 	 (fanout : 1)
hpin:lp_riscv_top/lp_riscv/i_riscv_core/cs_registers_i/mux_hwlp_we_o_188_11/in_4[2] 	 (fanout : 1)
hpin:lp_riscv_top/lp_riscv/i_riscv_core/cs_registers_i/mux_hwlp_we_o_188_11/in_4[0] 	 (fanout : 1)
hpin:lp_riscv_top/lp_riscv/i_riscv_core/cs_registers_i/mux_hwlp_we_o_188_11/in_5[1] 	 (fanout : 1)
hpin:lp_riscv_top/lp_riscv/i_riscv_core/cs_registers_i/mux_hwlp_we_o_188_11/in_5[0] 	 (fanout : 1)
hpin:lp_riscv_top/lp_riscv/i_riscv_core/cs_registers_i/mux_hwlp_we_o_188_11/in_6[2] 	 (fanout : 1)
hpin:lp_riscv_top/lp_riscv/i_riscv_core/cs_registers_i/mux_hwlp_we_o_188_11/in_6[1] 	 (fanout : 1)
hpin:lp_riscv_top/lp_riscv/i_riscv_core/cs_registers_i/mux_hwlp_we_o_188_11/in_6[0] 	 (fanout : 1)
hpin:lp_riscv_top/lp_riscv/i_riscv_core/cs_registers_i/mux_hwlp_regid_o_201_20/in_0 	 (fanout : 1)
hpin:lp_riscv_top/lp_riscv/i_riscv_core/cs_registers_i/mux_hwlp_regid_o_201_20/in_1 	 (fanout : 1)
hpin:lp_riscv_top/lp_riscv/i_riscv_core/cs_registers_i/mux_hwlp_regid_o_202_20/in_0 	 (fanout : 1)
hpin:lp_riscv_top/lp_riscv/i_riscv_core/cs_registers_i/mux_hwlp_regid_o_202_20/in_1 	 (fanout : 1)
hpin:lp_riscv_top/lp_riscv/i_riscv_core/cs_registers_i/mux_hwlp_regid_o_203_20/in_0 	 (fanout : 1)
hpin:lp_riscv_top/lp_riscv/i_riscv_core/cs_registers_i/mux_hwlp_regid_o_203_20/in_1 	 (fanout : 1)
hpin:lp_riscv_top/lp_riscv/i_riscv_core/cs_registers_i/mux_hwlp_regid_o_188_11/in_0 	 (fanout : 1)
hpin:lp_riscv_top/lp_riscv/i_riscv_core/cs_registers_i/mux_hwlp_regid_o_188_11/in_1 	 (fanout : 1)
hpin:lp_riscv_top/lp_riscv/i_riscv_core/cs_registers_i/mux_hwlp_regid_o_188_11/in_2 	 (fanout : 1)
hpin:lp_riscv_top/lp_riscv/i_riscv_core/cs_registers_i/mux_hwlp_regid_o_188_11/in_6 	 (fanout : 1)
hpin:lp_riscv_top/lp_riscv/i_riscv_core/cs_registers_i/mux_mstatus_n_210_23/in_1 	 (fanout : 1)
hpin:lp_riscv_top/lp_riscv/i_riscv_core/debug_unit_i/mux_pc_tracking_fsm_ns_450_13/in_0[1] 	 (fanout : 1)
hpin:lp_riscv_top/lp_riscv/i_riscv_core/debug_unit_i/mux_pc_tracking_fsm_ns_450_13/in_0[0] 	 (fanout : 1)
hpin:lp_riscv_top/lp_riscv/i_riscv_core/debug_unit_i/mux_pc_tracking_fsm_ns_450_13/in_1[1] 	 (fanout : 1)
hpin:lp_riscv_top/lp_riscv/i_riscv_core/debug_unit_i/mux_pc_tracking_fsm_ns_450_13/in_1[0] 	 (fanout : 1)
hpin:lp_riscv_top/lp_riscv/i_riscv_core/debug_unit_i/mux_pc_tracking_fsm_ns_456_13/in_0[1] 	 (fanout : 1)
hpin:lp_riscv_top/lp_riscv/i_riscv_core/debug_unit_i/mux_pc_tracking_fsm_ns_456_13/in_0[0] 	 (fanout : 1)
hpin:lp_riscv_top/lp_riscv/i_riscv_core/debug_unit_i/mux_pc_tracking_fsm_ns_456_13/in_1[1] 	 (fanout : 1)
hpin:lp_riscv_top/lp_riscv/i_riscv_core/debug_unit_i/mux_pc_tracking_fsm_ns_456_13/in_1[0] 	 (fanout : 1)
hpin:lp_riscv_top/lp_riscv/i_riscv_core/debug_unit_i/mux_pc_tracking_fsm_ns_454_20/in_0[1] 	 (fanout : 1)
hpin:lp_riscv_top/lp_riscv/i_riscv_core/debug_unit_i/mux_pc_tracking_fsm_ns_454_20/in_0[0] 	 (fanout : 1)
hpin:lp_riscv_top/lp_riscv/i_riscv_core/debug_unit_i/mux_debug_gnt_o_138_9/in_0 	 (fanout : 1)
hpin:lp_riscv_top/lp_riscv/i_riscv_core/debug_unit_i/mux_debug_gnt_o_138_9/in_1 	 (fanout : 1)
hpin:lp_riscv_top/lp_riscv/i_riscv_core/debug_unit_i/mux_debug_gnt_o_138_9/in_2 	 (fanout : 1)
hpin:lp_riscv_top/lp_riscv/i_riscv_core/debug_unit_i/mux_debug_gnt_o_138_9/in_3 	 (fanout : 1)
hpin:lp_riscv_top/lp_riscv/i_riscv_core/debug_unit_i/mux_debug_gnt_o_138_9/in_4 	 (fanout : 1)
hpin:lp_riscv_top/lp_riscv/i_riscv_core/debug_unit_i/mux_dbg_halt_169_25/in_0 	 (fanout : 1)
hpin:lp_riscv_top/lp_riscv/i_riscv_core/debug_unit_i/mux_dbg_halt_169_25/in_1 	 (fanout : 1)
hpin:lp_riscv_top/lp_riscv/i_riscv_core/debug_unit_i/mux_dbg_halt_167_23/in_0 	 (fanout : 1)
hpin:lp_riscv_top/lp_riscv/i_riscv_core/debug_unit_i/mux_dbg_halt_165_28/in_1 	 (fanout : 1)
hpin:lp_riscv_top/lp_riscv/i_riscv_core/debug_unit_i/mux_dbg_halt_161_24/in_1 	 (fanout : 1)
hpin:lp_riscv_top/lp_riscv/i_riscv_core/debug_unit_i/mux_dbg_halt_143_13/in_1 	 (fanout : 1)
hpin:lp_riscv_top/lp_riscv/i_riscv_core/debug_unit_i/mux_dbg_halt_139_11/in_0 	 (fanout : 1)
hpin:lp_riscv_top/lp_riscv/i_riscv_core/debug_unit_i/mux_dbg_halt_138_9/in_0 	 (fanout : 1)
hpin:lp_riscv_top/lp_riscv/i_riscv_core/debug_unit_i/mux_stall_ns_357_37/in_1[1] 	 (fanout : 1)
hpin:lp_riscv_top/lp_riscv/i_riscv_core/debug_unit_i/mux_stall_ns_357_37/in_1[0] 	 (fanout : 1)
hpin:lp_riscv_top/lp_riscv/i_riscv_core/debug_unit_i/mux_stall_ns_375_13/in_1[1] 	 (fanout : 1)
hpin:lp_riscv_top/lp_riscv/i_riscv_core/debug_unit_i/mux_stall_ns_375_13/in_1[0] 	 (fanout : 1)
hpin:lp_riscv_top/lp_riscv/i_riscv_core/debug_unit_i/mux_stall_ns_378_24/in_1[1] 	 (fanout : 1)
hpin:lp_riscv_top/lp_riscv/i_riscv_core/debug_unit_i/mux_stall_ns_378_24/in_1[0] 	 (fanout : 1)
hpin:lp_riscv_top/lp_riscv/i_riscv_core/debug_unit_i/mux_stall_ns_386_24/in_1[1] 	 (fanout : 1)
hpin:lp_riscv_top/lp_riscv/i_riscv_core/debug_unit_i/mux_stall_ns_386_24/in_1[0] 	 (fanout : 1)
hpin:lp_riscv_top/lp_riscv/i_riscv_core/debug_unit_i/mux_debug_halted_o_353_11/in_0 	 (fanout : 1)
hpin:lp_riscv_top/lp_riscv/i_riscv_core/debug_unit_i/mux_debug_halted_o_353_11/in_1 	 (fanout : 1)
hpin:lp_riscv_top/lp_riscv/i_riscv_core/debug_unit_i/mux_jump_req_n_199_30/in_0 	 (fanout : 1)
hpin:lp_riscv_top/lp_riscv/i_riscv_core/debug_unit_i/mux_jump_req_n_199_30/in_1 	 (fanout : 1)
hpin:lp_riscv_top/lp_riscv/i_riscv_core/debug_unit_i/mux_jump_req_n_198_19/in_0 	 (fanout : 1)
hpin:lp_riscv_top/lp_riscv/i_riscv_core/debug_unit_i/mux_jump_req_n_161_24/in_1 	 (fanout : 1)
hpin:lp_riscv_top/lp_riscv/i_riscv_core/debug_unit_i/mux_jump_req_n_143_13/in_1 	 (fanout : 1)
hpin:lp_riscv_top/lp_riscv/i_riscv_core/debug_unit_i/mux_jump_req_n_139_11/in_0 	 (fanout : 1)
hpin:lp_riscv_top/lp_riscv/i_riscv_core/debug_unit_i/mux_jump_req_n_138_9/in_0 	 (fanout : 1)
hpin:lp_riscv_top/lp_riscv/i_riscv_core/debug_unit_i/mux_pc_tracking_fsm_ns_436_13/in_1[1] 	 (fanout : 1)
hpin:lp_riscv_top/lp_riscv/i_riscv_core/debug_unit_i/mux_pc_tracking_fsm_ns_436_13/in_1[0] 	 (fanout : 1)
hpin:lp_riscv_top/lp_riscv/i_riscv_core/debug_unit_i/mux_pc_tracking_fsm_ns_421_18/in_3[1] 	 (fanout : 1)
hpin:lp_riscv_top/lp_riscv/i_riscv_core/debug_unit_i/mux_pc_tracking_fsm_ns_421_18/in_3[0] 	 (fanout : 1)
hpin:lp_riscv_top/lp_riscv/i_riscv_core/debug_unit_i/mux_csr_req_n_150_17/in_0 	 (fanout : 1)
hpin:lp_riscv_top/lp_riscv/i_riscv_core/debug_unit_i/mux_csr_req_n_150_17/in_1 	 (fanout : 1)
hpin:lp_riscv_top/lp_riscv/i_riscv_core/debug_unit_i/mux_csr_req_n_145_23/in_0 	 (fanout : 1)
hpin:lp_riscv_top/lp_riscv/i_riscv_core/debug_unit_i/mux_csr_req_n_143_13/in_0 	 (fanout : 1)
hpin:lp_riscv_top/lp_riscv/i_riscv_core/debug_unit_i/ctl_debug_req_i_138_47/in_0 	 (fanout : 4)
hpin:lp_riscv_top/lp_riscv/i_riscv_core/debug_unit_i/mux_csr_req_n_138_9/in_0 	 (fanout : 1)
hpin:lp_riscv_top/lp_riscv/i_riscv_core/debug_unit_i/mux_csr_req_n_138_9/in_2 	 (fanout : 1)
hpin:lp_riscv_top/lp_riscv/i_riscv_core/debug_unit_i/mux_csr_req_n_138_9/in_3 	 (fanout : 1)
hpin:lp_riscv_top/lp_riscv/i_riscv_core/debug_unit_i/mux_csr_req_n_138_9/in_4 	 (fanout : 1)
hpin:lp_riscv_top/lp_riscv/i_riscv_core/debug_unit_i/mux_regfile_rreq_n_248_19/in_0 	 (fanout : 1)
hpin:lp_riscv_top/lp_riscv/i_riscv_core/debug_unit_i/mux_regfile_rreq_n_248_19/in_1 	 (fanout : 1)
hpin:lp_riscv_top/lp_riscv/i_riscv_core/debug_unit_i/mux_regfile_rreq_n_232_24/in_1 	 (fanout : 1)
hpin:lp_riscv_top/lp_riscv/i_riscv_core/debug_unit_i/mux_regfile_rreq_n_221_13/in_1 	 (fanout : 1)
hpin:lp_riscv_top/lp_riscv/i_riscv_core/debug_unit_i/mux_regfile_rreq_n_139_11/in_1 	 (fanout : 1)
hpin:lp_riscv_top/lp_riscv/i_riscv_core/debug_unit_i/mux_regfile_rreq_n_138_9/in_0 	 (fanout : 1)
hpin:lp_riscv_top/lp_riscv/i_riscv_core/debug_unit_i/mux_rdata_sel_n_225_15/in_0 	 (fanout : 1)
hpin:lp_riscv_top/lp_riscv/i_riscv_core/debug_unit_i/mux_rdata_sel_n_225_15/in_1 	 (fanout : 1)
hpin:lp_riscv_top/lp_riscv/i_riscv_core/debug_unit_i/mux_rdata_sel_n_248_19/in_0 	 (fanout : 1)
hpin:lp_riscv_top/lp_riscv/i_riscv_core/debug_unit_i/mux_rdata_sel_n_248_19/in_1 	 (fanout : 1)
hpin:lp_riscv_top/lp_riscv/i_riscv_core/debug_unit_i/mux_rdata_sel_n_232_24/in_0[2] 	 (fanout : 1)
hpin:lp_riscv_top/lp_riscv/i_riscv_core/debug_unit_i/mux_rdata_sel_n_232_24/in_0[1] 	 (fanout : 1)
hpin:lp_riscv_top/lp_riscv/i_riscv_core/debug_unit_i/mux_rdata_sel_n_232_24/in_0[0] 	 (fanout : 1)
hpin:lp_riscv_top/lp_riscv/i_riscv_core/debug_unit_i/mux_rdata_sel_n_232_24/in_1[2] 	 (fanout : 1)
hpin:lp_riscv_top/lp_riscv/i_riscv_core/debug_unit_i/mux_rdata_sel_n_232_24/in_1[1] 	 (fanout : 1)
hpin:lp_riscv_top/lp_riscv/i_riscv_core/debug_unit_i/mux_rdata_sel_n_232_24/in_1[0] 	 (fanout : 1)
hpin:lp_riscv_top/lp_riscv/i_riscv_core/debug_unit_i/mux_rdata_sel_n_232_24/in_2[2] 	 (fanout : 1)
hpin:lp_riscv_top/lp_riscv/i_riscv_core/debug_unit_i/mux_rdata_sel_n_232_24/in_2[0] 	 (fanout : 1)
hpin:lp_riscv_top/lp_riscv/i_riscv_core/debug_unit_i/mux_rdata_sel_n_232_24/in_3[2] 	 (fanout : 1)
hpin:lp_riscv_top/lp_riscv/i_riscv_core/debug_unit_i/mux_rdata_sel_n_232_24/in_3[1] 	 (fanout : 1)
hpin:lp_riscv_top/lp_riscv/i_riscv_core/debug_unit_i/mux_rdata_sel_n_232_24/in_3[0] 	 (fanout : 1)
hpin:lp_riscv_top/lp_riscv/i_riscv_core/debug_unit_i/mux_rdata_sel_n_221_13/in_1[2] 	 (fanout : 1)
hpin:lp_riscv_top/lp_riscv/i_riscv_core/debug_unit_i/mux_rdata_sel_n_221_13/in_1[1] 	 (fanout : 1)
hpin:lp_riscv_top/lp_riscv/i_riscv_core/debug_unit_i/mux_rdata_sel_n_139_11/in_1[2] 	 (fanout : 1)
hpin:lp_riscv_top/lp_riscv/i_riscv_core/debug_unit_i/mux_rdata_sel_n_139_11/in_1[1] 	 (fanout : 1)
hpin:lp_riscv_top/lp_riscv/i_riscv_core/debug_unit_i/mux_rdata_sel_n_139_11/in_1[0] 	 (fanout : 1)
hpin:lp_riscv_top/lp_riscv/i_riscv_core/debug_unit_i/mux_rdata_sel_n_138_9/in_0[2] 	 (fanout : 1)
hpin:lp_riscv_top/lp_riscv/i_riscv_core/debug_unit_i/mux_rdata_sel_n_138_9/in_0[1] 	 (fanout : 1)
hpin:lp_riscv_top/lp_riscv/i_riscv_core/debug_unit_i/mux_rdata_sel_n_138_9/in_0[0] 	 (fanout : 1)
hpin:lp_riscv_top/lp_riscv/i_riscv_core/debug_unit_i/mux_ssth_clear_165_28/in_1 	 (fanout : 1)
hpin:lp_riscv_top/lp_riscv/i_riscv_core/debug_unit_i/mux_ssth_clear_161_24/in_1 	 (fanout : 1)
hpin:lp_riscv_top/lp_riscv/i_riscv_core/debug_unit_i/mux_ssth_clear_143_13/in_1 	 (fanout : 1)
hpin:lp_riscv_top/lp_riscv/i_riscv_core/debug_unit_i/mux_ssth_clear_139_11/in_0 	 (fanout : 1)
hpin:lp_riscv_top/lp_riscv/i_riscv_core/debug_unit_i/mux_ssth_clear_138_9/in_0 	 (fanout : 1)
hpin:lp_riscv_top/lp_riscv/i_riscv_core/debug_unit_i/mux_dbg_ssth_n_362_17/in_0 	 (fanout : 1)
hpin:lp_riscv_top/lp_riscv/i_riscv_core/debug_unit_i/mux_dbg_ssth_n_362_17/in_1 	 (fanout : 1)
hpin:lp_riscv_top/lp_riscv/i_riscv_core/debug_unit_i/mux_dbg_ssth_n_361_15/in_0 	 (fanout : 1)
hpin:lp_riscv_top/lp_riscv/i_riscv_core/debug_unit_i/mux_dbg_ssth_n_357_37/in_0 	 (fanout : 1)
hpin:lp_riscv_top/lp_riscv/i_riscv_core/debug_unit_i/mux_dbg_cause_n_361_15/in_0[5] 	 (fanout : 1)
hpin:lp_riscv_top/lp_riscv/i_riscv_core/debug_unit_i/mux_dbg_cause_n_361_15/in_0[4] 	 (fanout : 1)
hpin:lp_riscv_top/lp_riscv/i_riscv_core/debug_unit_i/mux_dbg_cause_n_361_15/in_0[3] 	 (fanout : 1)
hpin:lp_riscv_top/lp_riscv/i_riscv_core/debug_unit_i/mux_dbg_cause_n_361_15/in_0[2] 	 (fanout : 1)
hpin:lp_riscv_top/lp_riscv/i_riscv_core/debug_unit_i/mux_dbg_cause_n_361_15/in_0[1] 	 (fanout : 1)
hpin:lp_riscv_top/lp_riscv/i_riscv_core/debug_unit_i/mux_dbg_cause_n_361_15/in_0[0] 	 (fanout : 1)
hpin:lp_riscv_top/lp_riscv/i_riscv_core/debug_unit_i/mux_csr_we_o_138_9/in_0 	 (fanout : 1)
hpin:lp_riscv_top/lp_riscv/i_riscv_core/debug_unit_i/mux_csr_we_o_138_9/in_1 	 (fanout : 1)
hpin:lp_riscv_top/lp_riscv/i_riscv_core/debug_unit_i/mux_csr_we_o_138_9/in_2 	 (fanout : 1)
hpin:lp_riscv_top/lp_riscv/i_riscv_core/debug_unit_i/mux_csr_we_o_138_9/in_3 	 (fanout : 1)
hpin:lp_riscv_top/lp_riscv/i_riscv_core/debug_unit_i/mux_csr_we_o_138_9/in_4 	 (fanout : 1)
hpin:lp_riscv_top/lp_riscv/i_riscv_core/debug_unit_i/mux_regfile_wreq_209_19/in_0 	 (fanout : 1)
hpin:lp_riscv_top/lp_riscv/i_riscv_core/debug_unit_i/mux_regfile_wreq_209_19/in_1 	 (fanout : 1)
hpin:lp_riscv_top/lp_riscv/i_riscv_core/debug_unit_i/mux_regfile_wreq_161_24/in_1 	 (fanout : 1)
hpin:lp_riscv_top/lp_riscv/i_riscv_core/debug_unit_i/mux_regfile_wreq_143_13/in_1 	 (fanout : 1)
hpin:lp_riscv_top/lp_riscv/i_riscv_core/debug_unit_i/mux_regfile_wreq_139_11/in_0 	 (fanout : 1)
hpin:lp_riscv_top/lp_riscv/i_riscv_core/debug_unit_i/mux_regfile_wreq_138_9/in_0 	 (fanout : 1)
hpin:lp_riscv_top/lp_riscv/i_riscv_core/debug_unit_i/mux_dbg_req_o_357_37/in_0 	 (fanout : 1)
hpin:lp_riscv_top/lp_riscv/i_riscv_core/debug_unit_i/mux_dbg_req_o_357_37/in_1 	 (fanout : 1)
hpin:lp_riscv_top/lp_riscv/i_riscv_core/debug_unit_i/mux_dbg_req_o_353_11/in_1 	 (fanout : 1)
hpin:lp_riscv_top/lp_riscv/i_riscv_core/debug_unit_i/mux_dbg_req_o_353_11/in_2 	 (fanout : 1)
hpin:lp_riscv_top/lp_riscv/i_riscv_core/debug_unit_i/mux_stall_o_386_24/in_0 	 (fanout : 1)
hpin:lp_riscv_top/lp_riscv/i_riscv_core/debug_unit_i/mux_stall_o_386_24/in_1 	 (fanout : 1)
hpin:lp_riscv_top/lp_riscv/i_riscv_core/debug_unit_i/mux_stall_o_353_11/in_1 	 (fanout : 1)
hpin:lp_riscv_top/lp_riscv/i_riscv_core/debug_unit_i/mux_dbg_rdata_273_22/in_0[2] 	 (fanout : 1)
hpin:lp_riscv_top/lp_riscv/i_riscv_core/debug_unit_i/mux_dbg_rdata_273_22/in_0[1] 	 (fanout : 1)
hpin:lp_riscv_top/lp_riscv/i_riscv_core/debug_unit_i/mux_dbg_rdata_273_22/in_0[0] 	 (fanout : 1)
hpin:lp_riscv_top/lp_riscv/i_riscv_core/debug_unit_i/mux_dbg_rdata_273_22/in_1[2] 	 (fanout : 1)
hpin:lp_riscv_top/lp_riscv/i_riscv_core/debug_unit_i/mux_dbg_rdata_273_22/in_1[1] 	 (fanout : 1)
hpin:lp_riscv_top/lp_riscv/i_riscv_core/debug_unit_i/mux_dbg_rdata_273_22/in_1[0] 	 (fanout : 1)
hpin:lp_riscv_top/lp_riscv/i_riscv_core/debug_unit_i/mux_dbg_rdata_273_22/in_2[2] 	 (fanout : 1)
hpin:lp_riscv_top/lp_riscv/i_riscv_core/debug_unit_i/mux_dbg_rdata_273_22/in_2[1] 	 (fanout : 1)
hpin:lp_riscv_top/lp_riscv/i_riscv_core/debug_unit_i/mux_dbg_rdata_273_22/in_2[0] 	 (fanout : 1)
hpin:lp_riscv_top/lp_riscv/i_riscv_core/debug_unit_i/mux_dbg_rdata_273_22/in_3[2] 	 (fanout : 1)
hpin:lp_riscv_top/lp_riscv/i_riscv_core/debug_unit_i/mux_dbg_rdata_273_22/in_3[1] 	 (fanout : 1)
hpin:lp_riscv_top/lp_riscv/i_riscv_core/debug_unit_i/mux_dbg_rdata_273_22/in_3[0] 	 (fanout : 1)
hpin:lp_riscv_top/lp_riscv/i_riscv_core/debug_unit_i/mux_dbg_rdata_273_22/in_4[2] 	 (fanout : 1)
hpin:lp_riscv_top/lp_riscv/i_riscv_core/debug_unit_i/mux_dbg_rdata_273_22/in_4[1] 	 (fanout : 1)
hpin:lp_riscv_top/lp_riscv/i_riscv_core/debug_unit_i/mux_dbg_rdata_273_22/in_4[0] 	 (fanout : 1)
hpin:lp_riscv_top/lp_riscv/i_riscv_core/debug_unit_i/mux_dbg_rdata_273_22/in_5[2] 	 (fanout : 1)
hpin:lp_riscv_top/lp_riscv/i_riscv_core/debug_unit_i/mux_dbg_rdata_273_22/in_5[1] 	 (fanout : 1)
hpin:lp_riscv_top/lp_riscv/i_riscv_core/debug_unit_i/mux_dbg_rdata_273_22/in_5[0] 	 (fanout : 1)
hpin:lp_riscv_top/lp_riscv/i_riscv_core/debug_unit_i/mux_dbg_rdata_273_22/in_6[2] 	 (fanout : 1)
hpin:lp_riscv_top/lp_riscv/i_riscv_core/debug_unit_i/mux_dbg_rdata_273_22/in_6[1] 	 (fanout : 1)
hpin:lp_riscv_top/lp_riscv/i_riscv_core/debug_unit_i/mux_dbg_rdata_273_22/in_6[0] 	 (fanout : 1)
hpin:lp_riscv_top/lp_riscv/i_riscv_core/debug_unit_i/mux_dbg_rdata_273_22/in_7[2] 	 (fanout : 1)
hpin:lp_riscv_top/lp_riscv/i_riscv_core/debug_unit_i/mux_dbg_rdata_273_22/in_7[1] 	 (fanout : 1)
hpin:lp_riscv_top/lp_riscv/i_riscv_core/debug_unit_i/mux_dbg_rdata_273_22/in_7[0] 	 (fanout : 1)
hpin:lp_riscv_top/lp_riscv/i_riscv_core/debug_unit_i/mux_dbg_rdata_273_22/in_8[2] 	 (fanout : 1)
hpin:lp_riscv_top/lp_riscv/i_riscv_core/debug_unit_i/mux_dbg_rdata_273_22/in_8[1] 	 (fanout : 1)
hpin:lp_riscv_top/lp_riscv/i_riscv_core/debug_unit_i/mux_dbg_rdata_273_22/in_8[0] 	 (fanout : 1)
hpin:lp_riscv_top/lp_riscv/i_riscv_core/debug_unit_i/mux_dbg_rdata_273_22/in_9[2] 	 (fanout : 1)
hpin:lp_riscv_top/lp_riscv/i_riscv_core/debug_unit_i/mux_dbg_rdata_273_22/in_9[1] 	 (fanout : 1)
hpin:lp_riscv_top/lp_riscv/i_riscv_core/debug_unit_i/mux_dbg_rdata_273_22/in_9[0] 	 (fanout : 1)
hpin:lp_riscv_top/lp_riscv/i_riscv_core/debug_unit_i/mux_dbg_rdata_273_22/in_10[2] 	 (fanout : 1)
hpin:lp_riscv_top/lp_riscv/i_riscv_core/debug_unit_i/mux_dbg_rdata_273_22/in_10[1] 	 (fanout : 1)
hpin:lp_riscv_top/lp_riscv/i_riscv_core/debug_unit_i/mux_dbg_rdata_273_22/in_10[0] 	 (fanout : 1)
hpin:lp_riscv_top/lp_riscv/i_riscv_core/debug_unit_i/mux_dbg_rdata_273_22/in_11[2] 	 (fanout : 1)
hpin:lp_riscv_top/lp_riscv/i_riscv_core/debug_unit_i/mux_dbg_rdata_273_22/in_11[1] 	 (fanout : 1)
hpin:lp_riscv_top/lp_riscv/i_riscv_core/debug_unit_i/mux_dbg_rdata_273_22/in_11[0] 	 (fanout : 1)
hpin:lp_riscv_top/lp_riscv/i_riscv_core/debug_unit_i/mux_dbg_rdata_273_22/in_12[2] 	 (fanout : 1)
hpin:lp_riscv_top/lp_riscv/i_riscv_core/debug_unit_i/mux_dbg_rdata_273_22/in_12[1] 	 (fanout : 1)
hpin:lp_riscv_top/lp_riscv/i_riscv_core/debug_unit_i/mux_dbg_rdata_273_22/in_12[0] 	 (fanout : 1)
hpin:lp_riscv_top/lp_riscv/i_riscv_core/debug_unit_i/mux_dbg_rdata_273_64/in_0[9] 	 (fanout : 1)
hpin:lp_riscv_top/lp_riscv/i_riscv_core/debug_unit_i/mux_dbg_rdata_273_64/in_0[7] 	 (fanout : 1)
hpin:lp_riscv_top/lp_riscv/i_riscv_core/debug_unit_i/mux_dbg_rdata_273_64/in_0[6] 	 (fanout : 1)
hpin:lp_riscv_top/lp_riscv/i_riscv_core/debug_unit_i/mux_dbg_rdata_273_64/in_0[5] 	 (fanout : 1)
hpin:lp_riscv_top/lp_riscv/i_riscv_core/debug_unit_i/mux_dbg_rdata_273_64/in_0[4] 	 (fanout : 1)
hpin:lp_riscv_top/lp_riscv/i_riscv_core/debug_unit_i/mux_dbg_rdata_273_64/in_0[3] 	 (fanout : 1)
hpin:lp_riscv_top/lp_riscv/i_riscv_core/debug_unit_i/mux_dbg_rdata_273_64/in_0[2] 	 (fanout : 1)
hpin:lp_riscv_top/lp_riscv/i_riscv_core/debug_unit_i/mux_dbg_rdata_273_64/in_0[1] 	 (fanout : 1)
hpin:lp_riscv_top/lp_riscv/i_riscv_core/debug_unit_i/mux_dbg_rdata_273_64/in_1[9] 	 (fanout : 1)
hpin:lp_riscv_top/lp_riscv/i_riscv_core/debug_unit_i/mux_dbg_rdata_273_64/in_1[7] 	 (fanout : 1)
hpin:lp_riscv_top/lp_riscv/i_riscv_core/debug_unit_i/mux_dbg_rdata_273_64/in_1[6] 	 (fanout : 1)
hpin:lp_riscv_top/lp_riscv/i_riscv_core/debug_unit_i/mux_dbg_rdata_273_64/in_1[5] 	 (fanout : 1)
hpin:lp_riscv_top/lp_riscv/i_riscv_core/debug_unit_i/mux_dbg_rdata_273_64/in_1[4] 	 (fanout : 1)
hpin:lp_riscv_top/lp_riscv/i_riscv_core/debug_unit_i/mux_dbg_rdata_273_64/in_1[3] 	 (fanout : 1)
hpin:lp_riscv_top/lp_riscv/i_riscv_core/debug_unit_i/mux_dbg_rdata_273_64/in_1[2] 	 (fanout : 1)
hpin:lp_riscv_top/lp_riscv/i_riscv_core/debug_unit_i/mux_dbg_rdata_273_64/in_1[1] 	 (fanout : 1)
hpin:lp_riscv_top/lp_riscv/i_riscv_core/debug_unit_i/mux_dbg_rdata_273_64/in_2[9] 	 (fanout : 1)
hpin:lp_riscv_top/lp_riscv/i_riscv_core/debug_unit_i/mux_dbg_rdata_273_64/in_2[8] 	 (fanout : 1)
hpin:lp_riscv_top/lp_riscv/i_riscv_core/debug_unit_i/mux_dbg_rdata_273_64/in_2[4] 	 (fanout : 1)
hpin:lp_riscv_top/lp_riscv/i_riscv_core/debug_unit_i/mux_dbg_rdata_273_64/in_2[1] 	 (fanout : 1)
hpin:lp_riscv_top/lp_riscv/i_riscv_core/debug_unit_i/mux_dbg_rdata_273_64/in_2[0] 	 (fanout : 1)
hpin:lp_riscv_top/lp_riscv/i_riscv_core/debug_unit_i/mux_dbg_rdata_273_64/in_3[8] 	 (fanout : 1)
hpin:lp_riscv_top/lp_riscv/i_riscv_core/debug_unit_i/mux_dbg_rdata_273_64/in_3[7] 	 (fanout : 1)
hpin:lp_riscv_top/lp_riscv/i_riscv_core/debug_unit_i/mux_dbg_rdata_273_64/in_3[6] 	 (fanout : 1)
hpin:lp_riscv_top/lp_riscv/i_riscv_core/debug_unit_i/mux_dbg_rdata_273_64/in_3[5] 	 (fanout : 1)
hpin:lp_riscv_top/lp_riscv/i_riscv_core/debug_unit_i/mux_dbg_rdata_273_64/in_4[9] 	 (fanout : 1)
hpin:lp_riscv_top/lp_riscv/i_riscv_core/debug_unit_i/mux_dbg_rdata_273_64/in_4[8] 	 (fanout : 1)
hpin:lp_riscv_top/lp_riscv/i_riscv_core/debug_unit_i/mux_dbg_rdata_273_64/in_4[7] 	 (fanout : 1)
hpin:lp_riscv_top/lp_riscv/i_riscv_core/debug_unit_i/mux_dbg_rdata_273_64/in_4[6] 	 (fanout : 1)
hpin:lp_riscv_top/lp_riscv/i_riscv_core/debug_unit_i/mux_dbg_rdata_273_64/in_4[5] 	 (fanout : 1)
hpin:lp_riscv_top/lp_riscv/i_riscv_core/debug_unit_i/mux_dbg_rdata_273_64/in_4[4] 	 (fanout : 1)
hpin:lp_riscv_top/lp_riscv/i_riscv_core/debug_unit_i/mux_dbg_rdata_273_64/in_4[3] 	 (fanout : 1)
hpin:lp_riscv_top/lp_riscv/i_riscv_core/debug_unit_i/mux_dbg_rdata_273_64/in_4[2] 	 (fanout : 1)
hpin:lp_riscv_top/lp_riscv/i_riscv_core/debug_unit_i/mux_dbg_rdata_273_64/in_4[1] 	 (fanout : 1)
hpin:lp_riscv_top/lp_riscv/i_riscv_core/debug_unit_i/mux_dbg_rdata_273_64/in_4[0] 	 (fanout : 1)
hpin:lp_riscv_top/lp_riscv/i_riscv_core/debug_unit_i/mux_dbg_rdata_271_11/in_0[30] 	 (fanout : 1)
hpin:lp_riscv_top/lp_riscv/i_riscv_core/debug_unit_i/mux_dbg_rdata_271_11/in_0[29] 	 (fanout : 1)
hpin:lp_riscv_top/lp_riscv/i_riscv_core/debug_unit_i/mux_dbg_rdata_271_11/in_0[28] 	 (fanout : 1)
hpin:lp_riscv_top/lp_riscv/i_riscv_core/debug_unit_i/mux_dbg_rdata_271_11/in_0[27] 	 (fanout : 1)
hpin:lp_riscv_top/lp_riscv/i_riscv_core/debug_unit_i/mux_dbg_rdata_271_11/in_0[26] 	 (fanout : 1)
hpin:lp_riscv_top/lp_riscv/i_riscv_core/debug_unit_i/mux_dbg_rdata_271_11/in_0[25] 	 (fanout : 1)
hpin:lp_riscv_top/lp_riscv/i_riscv_core/debug_unit_i/mux_dbg_rdata_271_11/in_0[24] 	 (fanout : 1)
hpin:lp_riscv_top/lp_riscv/i_riscv_core/debug_unit_i/mux_dbg_rdata_271_11/in_0[23] 	 (fanout : 1)
hpin:lp_riscv_top/lp_riscv/i_riscv_core/debug_unit_i/mux_dbg_rdata_271_11/in_0[22] 	 (fanout : 1)
hpin:lp_riscv_top/lp_riscv/i_riscv_core/debug_unit_i/mux_dbg_rdata_271_11/in_0[21] 	 (fanout : 1)
hpin:lp_riscv_top/lp_riscv/i_riscv_core/debug_unit_i/mux_dbg_rdata_271_11/in_0[20] 	 (fanout : 1)
hpin:lp_riscv_top/lp_riscv/i_riscv_core/debug_unit_i/mux_dbg_rdata_271_11/in_0[19] 	 (fanout : 1)
hpin:lp_riscv_top/lp_riscv/i_riscv_core/debug_unit_i/mux_dbg_rdata_271_11/in_0[18] 	 (fanout : 1)
hpin:lp_riscv_top/lp_riscv/i_riscv_core/debug_unit_i/mux_dbg_rdata_271_11/in_0[17] 	 (fanout : 1)
hpin:lp_riscv_top/lp_riscv/i_riscv_core/debug_unit_i/mux_dbg_rdata_271_11/in_0[15] 	 (fanout : 1)
hpin:lp_riscv_top/lp_riscv/i_riscv_core/debug_unit_i/mux_dbg_rdata_271_11/in_0[14] 	 (fanout : 1)
hpin:lp_riscv_top/lp_riscv/i_riscv_core/debug_unit_i/mux_dbg_rdata_271_11/in_0[13] 	 (fanout : 1)
hpin:lp_riscv_top/lp_riscv/i_riscv_core/debug_unit_i/mux_dbg_rdata_271_11/in_0[12] 	 (fanout : 1)
hpin:lp_riscv_top/lp_riscv/i_riscv_core/debug_unit_i/mux_dbg_rdata_271_11/in_0[10] 	 (fanout : 1)
hpin:lp_riscv_top/lp_riscv/i_riscv_core/debug_unit_i/mux_dbg_rdata_271_11/in_0[9] 	 (fanout : 1)
hpin:lp_riscv_top/lp_riscv/i_riscv_core/debug_unit_i/mux_dbg_rdata_271_11/in_0[8] 	 (fanout : 1)
hpin:lp_riscv_top/lp_riscv/i_riscv_core/debug_unit_i/mux_dbg_rdata_271_11/in_0[6] 	 (fanout : 1)
hpin:lp_riscv_top/lp_riscv/i_riscv_core/debug_unit_i/mux_dbg_rdata_271_11/in_2[31] 	 (fanout : 1)
hpin:lp_riscv_top/lp_riscv/i_riscv_core/debug_unit_i/mux_dbg_rdata_271_11/in_2[30] 	 (fanout : 1)
hpin:lp_riscv_top/lp_riscv/i_riscv_core/debug_unit_i/mux_dbg_rdata_271_11/in_2[29] 	 (fanout : 1)
hpin:lp_riscv_top/lp_riscv/i_riscv_core/debug_unit_i/mux_dbg_rdata_271_11/in_2[28] 	 (fanout : 1)
hpin:lp_riscv_top/lp_riscv/i_riscv_core/debug_unit_i/mux_dbg_rdata_271_11/in_2[27] 	 (fanout : 1)
hpin:lp_riscv_top/lp_riscv/i_riscv_core/debug_unit_i/mux_dbg_rdata_271_11/in_2[26] 	 (fanout : 1)
hpin:lp_riscv_top/lp_riscv/i_riscv_core/debug_unit_i/mux_dbg_rdata_271_11/in_2[25] 	 (fanout : 1)
hpin:lp_riscv_top/lp_riscv/i_riscv_core/debug_unit_i/mux_dbg_rdata_271_11/in_2[24] 	 (fanout : 1)
hpin:lp_riscv_top/lp_riscv/i_riscv_core/debug_unit_i/mux_dbg_rdata_271_11/in_2[23] 	 (fanout : 1)
hpin:lp_riscv_top/lp_riscv/i_riscv_core/debug_unit_i/mux_dbg_rdata_271_11/in_2[22] 	 (fanout : 1)
hpin:lp_riscv_top/lp_riscv/i_riscv_core/debug_unit_i/mux_dbg_rdata_271_11/in_2[21] 	 (fanout : 1)
hpin:lp_riscv_top/lp_riscv/i_riscv_core/debug_unit_i/mux_dbg_rdata_271_11/in_2[20] 	 (fanout : 1)
hpin:lp_riscv_top/lp_riscv/i_riscv_core/debug_unit_i/mux_dbg_rdata_271_11/in_2[19] 	 (fanout : 1)
hpin:lp_riscv_top/lp_riscv/i_riscv_core/debug_unit_i/mux_dbg_rdata_271_11/in_2[18] 	 (fanout : 1)
hpin:lp_riscv_top/lp_riscv/i_riscv_core/debug_unit_i/mux_dbg_rdata_271_11/in_2[17] 	 (fanout : 1)
hpin:lp_riscv_top/lp_riscv/i_riscv_core/debug_unit_i/mux_dbg_rdata_271_11/in_2[16] 	 (fanout : 1)
hpin:lp_riscv_top/lp_riscv/i_riscv_core/debug_unit_i/mux_dbg_rdata_271_11/in_2[15] 	 (fanout : 1)
hpin:lp_riscv_top/lp_riscv/i_riscv_core/debug_unit_i/mux_dbg_rdata_271_11/in_2[14] 	 (fanout : 1)
hpin:lp_riscv_top/lp_riscv/i_riscv_core/debug_unit_i/mux_dbg_rdata_271_11/in_2[13] 	 (fanout : 1)
hpin:lp_riscv_top/lp_riscv/i_riscv_core/debug_unit_i/mux_dbg_rdata_271_11/in_2[12] 	 (fanout : 1)
hpin:lp_riscv_top/lp_riscv/i_riscv_core/debug_unit_i/mux_dbg_rdata_271_11/in_2[11] 	 (fanout : 1)
hpin:lp_riscv_top/lp_riscv/i_riscv_core/debug_unit_i/mux_dbg_rdata_271_11/in_2[10] 	 (fanout : 1)
hpin:lp_riscv_top/lp_riscv/i_riscv_core/debug_unit_i/mux_dbg_rdata_271_11/in_2[9] 	 (fanout : 1)
hpin:lp_riscv_top/lp_riscv/i_riscv_core/debug_unit_i/mux_dbg_rdata_271_11/in_2[8] 	 (fanout : 1)
hpin:lp_riscv_top/lp_riscv/i_riscv_core/debug_unit_i/mux_dbg_rdata_271_11/in_2[7] 	 (fanout : 1)
hpin:lp_riscv_top/lp_riscv/i_riscv_core/debug_unit_i/mux_dbg_rdata_271_11/in_2[6] 	 (fanout : 1)
hpin:lp_riscv_top/lp_riscv/i_riscv_core/debug_unit_i/mux_dbg_rdata_271_11/in_2[5] 	 (fanout : 1)
hpin:lp_riscv_top/lp_riscv/i_riscv_core/debug_unit_i/mux_dbg_rdata_271_11/in_2[4] 	 (fanout : 1)
hpin:lp_riscv_top/lp_riscv/i_riscv_core/debug_unit_i/mux_dbg_rdata_271_11/in_2[3] 	 (fanout : 1)
hpin:lp_riscv_top/lp_riscv/i_riscv_core/debug_unit_i/mux_dbg_rdata_271_11/in_2[2] 	 (fanout : 1)
hpin:lp_riscv_top/lp_riscv/i_riscv_core/debug_unit_i/mux_dbg_rdata_271_11/in_2[1] 	 (fanout : 1)
hpin:lp_riscv_top/lp_riscv/i_riscv_core/debug_unit_i/mux_dbg_rdata_271_11/in_2[0] 	 (fanout : 1)
hpin:lp_riscv_top/lp_riscv/i_riscv_core/debug_unit_i/mux_debug_rdata_o_321_11/in_0[31] 	 (fanout : 1)
hpin:lp_riscv_top/lp_riscv/i_riscv_core/debug_unit_i/mux_debug_rdata_o_321_11/in_0[30] 	 (fanout : 1)
hpin:lp_riscv_top/lp_riscv/i_riscv_core/debug_unit_i/mux_debug_rdata_o_321_11/in_0[29] 	 (fanout : 1)
hpin:lp_riscv_top/lp_riscv/i_riscv_core/debug_unit_i/mux_debug_rdata_o_321_11/in_0[28] 	 (fanout : 1)
hpin:lp_riscv_top/lp_riscv/i_riscv_core/debug_unit_i/mux_debug_rdata_o_321_11/in_0[27] 	 (fanout : 1)
hpin:lp_riscv_top/lp_riscv/i_riscv_core/debug_unit_i/mux_debug_rdata_o_321_11/in_0[26] 	 (fanout : 1)
hpin:lp_riscv_top/lp_riscv/i_riscv_core/debug_unit_i/mux_debug_rdata_o_321_11/in_0[25] 	 (fanout : 1)
hpin:lp_riscv_top/lp_riscv/i_riscv_core/debug_unit_i/mux_debug_rdata_o_321_11/in_0[24] 	 (fanout : 1)
hpin:lp_riscv_top/lp_riscv/i_riscv_core/debug_unit_i/mux_debug_rdata_o_321_11/in_0[23] 	 (fanout : 1)
hpin:lp_riscv_top/lp_riscv/i_riscv_core/debug_unit_i/mux_debug_rdata_o_321_11/in_0[22] 	 (fanout : 1)
hpin:lp_riscv_top/lp_riscv/i_riscv_core/debug_unit_i/mux_debug_rdata_o_321_11/in_0[21] 	 (fanout : 1)
hpin:lp_riscv_top/lp_riscv/i_riscv_core/debug_unit_i/mux_debug_rdata_o_321_11/in_0[20] 	 (fanout : 1)
hpin:lp_riscv_top/lp_riscv/i_riscv_core/debug_unit_i/mux_debug_rdata_o_321_11/in_0[19] 	 (fanout : 1)
hpin:lp_riscv_top/lp_riscv/i_riscv_core/debug_unit_i/mux_debug_rdata_o_321_11/in_0[18] 	 (fanout : 1)
hpin:lp_riscv_top/lp_riscv/i_riscv_core/debug_unit_i/mux_debug_rdata_o_321_11/in_0[17] 	 (fanout : 1)
hpin:lp_riscv_top/lp_riscv/i_riscv_core/debug_unit_i/mux_debug_rdata_o_321_11/in_0[16] 	 (fanout : 1)
hpin:lp_riscv_top/lp_riscv/i_riscv_core/debug_unit_i/mux_debug_rdata_o_321_11/in_0[15] 	 (fanout : 1)
hpin:lp_riscv_top/lp_riscv/i_riscv_core/debug_unit_i/mux_debug_rdata_o_321_11/in_0[14] 	 (fanout : 1)
hpin:lp_riscv_top/lp_riscv/i_riscv_core/debug_unit_i/mux_debug_rdata_o_321_11/in_0[13] 	 (fanout : 1)
hpin:lp_riscv_top/lp_riscv/i_riscv_core/debug_unit_i/mux_debug_rdata_o_321_11/in_0[12] 	 (fanout : 1)
hpin:lp_riscv_top/lp_riscv/i_riscv_core/debug_unit_i/mux_debug_rdata_o_321_11/in_0[11] 	 (fanout : 1)
hpin:lp_riscv_top/lp_riscv/i_riscv_core/debug_unit_i/mux_debug_rdata_o_321_11/in_0[10] 	 (fanout : 1)
hpin:lp_riscv_top/lp_riscv/i_riscv_core/debug_unit_i/mux_debug_rdata_o_321_11/in_0[9] 	 (fanout : 1)
hpin:lp_riscv_top/lp_riscv/i_riscv_core/debug_unit_i/mux_debug_rdata_o_321_11/in_0[8] 	 (fanout : 1)
hpin:lp_riscv_top/lp_riscv/i_riscv_core/debug_unit_i/mux_debug_rdata_o_321_11/in_0[7] 	 (fanout : 1)
hpin:lp_riscv_top/lp_riscv/i_riscv_core/debug_unit_i/mux_debug_rdata_o_321_11/in_0[6] 	 (fanout : 1)
hpin:lp_riscv_top/lp_riscv/i_riscv_core/debug_unit_i/mux_debug_rdata_o_321_11/in_0[5] 	 (fanout : 1)
hpin:lp_riscv_top/lp_riscv/i_riscv_core/debug_unit_i/mux_debug_rdata_o_321_11/in_0[4] 	 (fanout : 1)
hpin:lp_riscv_top/lp_riscv/i_riscv_core/debug_unit_i/mux_debug_rdata_o_321_11/in_0[3] 	 (fanout : 1)
hpin:lp_riscv_top/lp_riscv/i_riscv_core/debug_unit_i/mux_debug_rdata_o_321_11/in_0[2] 	 (fanout : 1)
hpin:lp_riscv_top/lp_riscv/i_riscv_core/debug_unit_i/mux_debug_rdata_o_321_11/in_0[1] 	 (fanout : 1)
hpin:lp_riscv_top/lp_riscv/i_riscv_core/debug_unit_i/mux_debug_rdata_o_321_11/in_0[0] 	 (fanout : 1)
hpin:lp_riscv_top/lp_riscv/i_riscv_core/debug_unit_i/mux_debug_rdata_o_321_11/in_5[31] 	 (fanout : 1)
hpin:lp_riscv_top/lp_riscv/i_riscv_core/debug_unit_i/mux_debug_rdata_o_321_11/in_5[30] 	 (fanout : 1)
hpin:lp_riscv_top/lp_riscv/i_riscv_core/debug_unit_i/mux_debug_rdata_o_321_11/in_5[29] 	 (fanout : 1)
hpin:lp_riscv_top/lp_riscv/i_riscv_core/debug_unit_i/mux_debug_rdata_o_321_11/in_5[28] 	 (fanout : 1)
hpin:lp_riscv_top/lp_riscv/i_riscv_core/debug_unit_i/mux_debug_rdata_o_321_11/in_5[27] 	 (fanout : 1)
hpin:lp_riscv_top/lp_riscv/i_riscv_core/debug_unit_i/mux_debug_rdata_o_321_11/in_5[26] 	 (fanout : 1)
hpin:lp_riscv_top/lp_riscv/i_riscv_core/debug_unit_i/mux_debug_rdata_o_321_11/in_5[25] 	 (fanout : 1)
hpin:lp_riscv_top/lp_riscv/i_riscv_core/debug_unit_i/mux_debug_rdata_o_321_11/in_5[24] 	 (fanout : 1)
hpin:lp_riscv_top/lp_riscv/i_riscv_core/debug_unit_i/mux_debug_rdata_o_321_11/in_5[23] 	 (fanout : 1)
hpin:lp_riscv_top/lp_riscv/i_riscv_core/debug_unit_i/mux_debug_rdata_o_321_11/in_5[22] 	 (fanout : 1)
hpin:lp_riscv_top/lp_riscv/i_riscv_core/debug_unit_i/mux_debug_rdata_o_321_11/in_5[21] 	 (fanout : 1)
hpin:lp_riscv_top/lp_riscv/i_riscv_core/debug_unit_i/mux_debug_rdata_o_321_11/in_5[20] 	 (fanout : 1)
hpin:lp_riscv_top/lp_riscv/i_riscv_core/debug_unit_i/mux_debug_rdata_o_321_11/in_5[19] 	 (fanout : 1)
hpin:lp_riscv_top/lp_riscv/i_riscv_core/debug_unit_i/mux_debug_rdata_o_321_11/in_5[18] 	 (fanout : 1)
hpin:lp_riscv_top/lp_riscv/i_riscv_core/debug_unit_i/mux_debug_rdata_o_321_11/in_5[17] 	 (fanout : 1)
hpin:lp_riscv_top/lp_riscv/i_riscv_core/debug_unit_i/mux_debug_rdata_o_321_11/in_5[16] 	 (fanout : 1)
hpin:lp_riscv_top/lp_riscv/i_riscv_core/debug_unit_i/mux_debug_rdata_o_321_11/in_5[15] 	 (fanout : 1)
hpin:lp_riscv_top/lp_riscv/i_riscv_core/debug_unit_i/mux_debug_rdata_o_321_11/in_5[14] 	 (fanout : 1)
hpin:lp_riscv_top/lp_riscv/i_riscv_core/debug_unit_i/mux_debug_rdata_o_321_11/in_5[13] 	 (fanout : 1)
hpin:lp_riscv_top/lp_riscv/i_riscv_core/debug_unit_i/mux_debug_rdata_o_321_11/in_5[12] 	 (fanout : 1)
hpin:lp_riscv_top/lp_riscv/i_riscv_core/debug_unit_i/mux_debug_rdata_o_321_11/in_5[11] 	 (fanout : 1)
hpin:lp_riscv_top/lp_riscv/i_riscv_core/debug_unit_i/mux_debug_rdata_o_321_11/in_5[10] 	 (fanout : 1)
hpin:lp_riscv_top/lp_riscv/i_riscv_core/debug_unit_i/mux_debug_rdata_o_321_11/in_5[9] 	 (fanout : 1)
hpin:lp_riscv_top/lp_riscv/i_riscv_core/debug_unit_i/mux_debug_rdata_o_321_11/in_5[8] 	 (fanout : 1)
hpin:lp_riscv_top/lp_riscv/i_riscv_core/debug_unit_i/mux_debug_rdata_o_321_11/in_5[7] 	 (fanout : 1)
hpin:lp_riscv_top/lp_riscv/i_riscv_core/debug_unit_i/mux_debug_rdata_o_321_11/in_5[6] 	 (fanout : 1)
hpin:lp_riscv_top/lp_riscv/i_riscv_core/debug_unit_i/mux_debug_rdata_o_321_11/in_5[5] 	 (fanout : 1)
hpin:lp_riscv_top/lp_riscv/i_riscv_core/debug_unit_i/mux_debug_rdata_o_321_11/in_5[4] 	 (fanout : 1)
hpin:lp_riscv_top/lp_riscv/i_riscv_core/debug_unit_i/mux_debug_rdata_o_321_11/in_5[3] 	 (fanout : 1)
hpin:lp_riscv_top/lp_riscv/i_riscv_core/debug_unit_i/mux_debug_rdata_o_321_11/in_5[2] 	 (fanout : 1)
hpin:lp_riscv_top/lp_riscv/i_riscv_core/debug_unit_i/mux_debug_rdata_o_321_11/in_5[1] 	 (fanout : 1)
hpin:lp_riscv_top/lp_riscv/i_riscv_core/debug_unit_i/mux_debug_rdata_o_321_11/in_5[0] 	 (fanout : 1)
hpin:lp_riscv_top/lp_riscv/i_riscv_core/debug_unit_i/mux_debug_rdata_o_321_11/in_6[31] 	 (fanout : 1)
hpin:lp_riscv_top/lp_riscv/i_riscv_core/debug_unit_i/mux_debug_rdata_o_321_11/in_6[30] 	 (fanout : 1)
hpin:lp_riscv_top/lp_riscv/i_riscv_core/debug_unit_i/mux_debug_rdata_o_321_11/in_6[29] 	 (fanout : 1)
hpin:lp_riscv_top/lp_riscv/i_riscv_core/debug_unit_i/mux_debug_rdata_o_321_11/in_6[28] 	 (fanout : 1)
hpin:lp_riscv_top/lp_riscv/i_riscv_core/debug_unit_i/mux_debug_rdata_o_321_11/in_6[27] 	 (fanout : 1)
hpin:lp_riscv_top/lp_riscv/i_riscv_core/debug_unit_i/mux_debug_rdata_o_321_11/in_6[26] 	 (fanout : 1)
hpin:lp_riscv_top/lp_riscv/i_riscv_core/debug_unit_i/mux_debug_rdata_o_321_11/in_6[25] 	 (fanout : 1)
hpin:lp_riscv_top/lp_riscv/i_riscv_core/debug_unit_i/mux_debug_rdata_o_321_11/in_6[24] 	 (fanout : 1)
hpin:lp_riscv_top/lp_riscv/i_riscv_core/debug_unit_i/mux_debug_rdata_o_321_11/in_6[23] 	 (fanout : 1)
hpin:lp_riscv_top/lp_riscv/i_riscv_core/debug_unit_i/mux_debug_rdata_o_321_11/in_6[22] 	 (fanout : 1)
hpin:lp_riscv_top/lp_riscv/i_riscv_core/debug_unit_i/mux_debug_rdata_o_321_11/in_6[21] 	 (fanout : 1)
hpin:lp_riscv_top/lp_riscv/i_riscv_core/debug_unit_i/mux_debug_rdata_o_321_11/in_6[20] 	 (fanout : 1)
hpin:lp_riscv_top/lp_riscv/i_riscv_core/debug_unit_i/mux_debug_rdata_o_321_11/in_6[19] 	 (fanout : 1)
hpin:lp_riscv_top/lp_riscv/i_riscv_core/debug_unit_i/mux_debug_rdata_o_321_11/in_6[18] 	 (fanout : 1)
hpin:lp_riscv_top/lp_riscv/i_riscv_core/debug_unit_i/mux_debug_rdata_o_321_11/in_6[17] 	 (fanout : 1)
hpin:lp_riscv_top/lp_riscv/i_riscv_core/debug_unit_i/mux_debug_rdata_o_321_11/in_6[16] 	 (fanout : 1)
hpin:lp_riscv_top/lp_riscv/i_riscv_core/debug_unit_i/mux_debug_rdata_o_321_11/in_6[15] 	 (fanout : 1)
hpin:lp_riscv_top/lp_riscv/i_riscv_core/debug_unit_i/mux_debug_rdata_o_321_11/in_6[14] 	 (fanout : 1)
hpin:lp_riscv_top/lp_riscv/i_riscv_core/debug_unit_i/mux_debug_rdata_o_321_11/in_6[13] 	 (fanout : 1)
hpin:lp_riscv_top/lp_riscv/i_riscv_core/debug_unit_i/mux_debug_rdata_o_321_11/in_6[12] 	 (fanout : 1)
hpin:lp_riscv_top/lp_riscv/i_riscv_core/debug_unit_i/mux_debug_rdata_o_321_11/in_6[11] 	 (fanout : 1)
hpin:lp_riscv_top/lp_riscv/i_riscv_core/debug_unit_i/mux_debug_rdata_o_321_11/in_6[10] 	 (fanout : 1)
hpin:lp_riscv_top/lp_riscv/i_riscv_core/debug_unit_i/mux_debug_rdata_o_321_11/in_6[9] 	 (fanout : 1)
hpin:lp_riscv_top/lp_riscv/i_riscv_core/debug_unit_i/mux_debug_rdata_o_321_11/in_6[8] 	 (fanout : 1)
hpin:lp_riscv_top/lp_riscv/i_riscv_core/debug_unit_i/mux_debug_rdata_o_321_11/in_6[7] 	 (fanout : 1)
hpin:lp_riscv_top/lp_riscv/i_riscv_core/debug_unit_i/mux_debug_rdata_o_321_11/in_6[6] 	 (fanout : 1)
hpin:lp_riscv_top/lp_riscv/i_riscv_core/debug_unit_i/mux_debug_rdata_o_321_11/in_6[5] 	 (fanout : 1)
hpin:lp_riscv_top/lp_riscv/i_riscv_core/debug_unit_i/mux_debug_rdata_o_321_11/in_6[4] 	 (fanout : 1)
hpin:lp_riscv_top/lp_riscv/i_riscv_core/debug_unit_i/mux_debug_rdata_o_321_11/in_6[3] 	 (fanout : 1)
hpin:lp_riscv_top/lp_riscv/i_riscv_core/debug_unit_i/mux_debug_rdata_o_321_11/in_6[2] 	 (fanout : 1)
hpin:lp_riscv_top/lp_riscv/i_riscv_core/debug_unit_i/mux_debug_rdata_o_321_11/in_6[1] 	 (fanout : 1)
hpin:lp_riscv_top/lp_riscv/i_riscv_core/debug_unit_i/mux_debug_rdata_o_321_11/in_6[0] 	 (fanout : 1)
hpin:lp_riscv_top/lp_riscv/i_riscv_core/debug_unit_i/mux_debug_rdata_o_321_11/in_7[31] 	 (fanout : 1)
hpin:lp_riscv_top/lp_riscv/i_riscv_core/debug_unit_i/mux_debug_rdata_o_321_11/in_7[30] 	 (fanout : 1)
hpin:lp_riscv_top/lp_riscv/i_riscv_core/debug_unit_i/mux_debug_rdata_o_321_11/in_7[29] 	 (fanout : 1)
hpin:lp_riscv_top/lp_riscv/i_riscv_core/debug_unit_i/mux_debug_rdata_o_321_11/in_7[28] 	 (fanout : 1)
hpin:lp_riscv_top/lp_riscv/i_riscv_core/debug_unit_i/mux_debug_rdata_o_321_11/in_7[27] 	 (fanout : 1)
hpin:lp_riscv_top/lp_riscv/i_riscv_core/debug_unit_i/mux_debug_rdata_o_321_11/in_7[26] 	 (fanout : 1)
hpin:lp_riscv_top/lp_riscv/i_riscv_core/debug_unit_i/mux_debug_rdata_o_321_11/in_7[25] 	 (fanout : 1)
hpin:lp_riscv_top/lp_riscv/i_riscv_core/debug_unit_i/mux_debug_rdata_o_321_11/in_7[24] 	 (fanout : 1)
hpin:lp_riscv_top/lp_riscv/i_riscv_core/debug_unit_i/mux_debug_rdata_o_321_11/in_7[23] 	 (fanout : 1)
hpin:lp_riscv_top/lp_riscv/i_riscv_core/debug_unit_i/mux_debug_rdata_o_321_11/in_7[22] 	 (fanout : 1)
hpin:lp_riscv_top/lp_riscv/i_riscv_core/debug_unit_i/mux_debug_rdata_o_321_11/in_7[21] 	 (fanout : 1)
hpin:lp_riscv_top/lp_riscv/i_riscv_core/debug_unit_i/mux_debug_rdata_o_321_11/in_7[20] 	 (fanout : 1)
hpin:lp_riscv_top/lp_riscv/i_riscv_core/debug_unit_i/mux_debug_rdata_o_321_11/in_7[19] 	 (fanout : 1)
hpin:lp_riscv_top/lp_riscv/i_riscv_core/debug_unit_i/mux_debug_rdata_o_321_11/in_7[18] 	 (fanout : 1)
hpin:lp_riscv_top/lp_riscv/i_riscv_core/debug_unit_i/mux_debug_rdata_o_321_11/in_7[17] 	 (fanout : 1)
hpin:lp_riscv_top/lp_riscv/i_riscv_core/debug_unit_i/mux_debug_rdata_o_321_11/in_7[16] 	 (fanout : 1)
hpin:lp_riscv_top/lp_riscv/i_riscv_core/debug_unit_i/mux_debug_rdata_o_321_11/in_7[15] 	 (fanout : 1)
hpin:lp_riscv_top/lp_riscv/i_riscv_core/debug_unit_i/mux_debug_rdata_o_321_11/in_7[14] 	 (fanout : 1)
hpin:lp_riscv_top/lp_riscv/i_riscv_core/debug_unit_i/mux_debug_rdata_o_321_11/in_7[13] 	 (fanout : 1)
hpin:lp_riscv_top/lp_riscv/i_riscv_core/debug_unit_i/mux_debug_rdata_o_321_11/in_7[12] 	 (fanout : 1)
hpin:lp_riscv_top/lp_riscv/i_riscv_core/debug_unit_i/mux_debug_rdata_o_321_11/in_7[11] 	 (fanout : 1)
hpin:lp_riscv_top/lp_riscv/i_riscv_core/debug_unit_i/mux_debug_rdata_o_321_11/in_7[10] 	 (fanout : 1)
hpin:lp_riscv_top/lp_riscv/i_riscv_core/debug_unit_i/mux_debug_rdata_o_321_11/in_7[9] 	 (fanout : 1)
hpin:lp_riscv_top/lp_riscv/i_riscv_core/debug_unit_i/mux_debug_rdata_o_321_11/in_7[8] 	 (fanout : 1)
hpin:lp_riscv_top/lp_riscv/i_riscv_core/debug_unit_i/mux_debug_rdata_o_321_11/in_7[7] 	 (fanout : 1)
hpin:lp_riscv_top/lp_riscv/i_riscv_core/debug_unit_i/mux_debug_rdata_o_321_11/in_7[6] 	 (fanout : 1)
hpin:lp_riscv_top/lp_riscv/i_riscv_core/debug_unit_i/mux_debug_rdata_o_321_11/in_7[5] 	 (fanout : 1)
hpin:lp_riscv_top/lp_riscv/i_riscv_core/debug_unit_i/mux_debug_rdata_o_321_11/in_7[4] 	 (fanout : 1)
hpin:lp_riscv_top/lp_riscv/i_riscv_core/debug_unit_i/mux_debug_rdata_o_321_11/in_7[3] 	 (fanout : 1)
hpin:lp_riscv_top/lp_riscv/i_riscv_core/debug_unit_i/mux_debug_rdata_o_321_11/in_7[2] 	 (fanout : 1)
hpin:lp_riscv_top/lp_riscv/i_riscv_core/debug_unit_i/mux_debug_rdata_o_321_11/in_7[1] 	 (fanout : 1)
hpin:lp_riscv_top/lp_riscv/i_riscv_core/debug_unit_i/mux_debug_rdata_o_321_11/in_7[0] 	 (fanout : 1)
hpin:lp_riscv_top/lp_riscv/i_riscv_core/debug_unit_i/mux_state_n_138_9/in_0 	 (fanout : 1)
hpin:lp_riscv_top/lp_riscv/i_riscv_core/debug_unit_i/mux_state_n_138_9/in_1 	 (fanout : 1)
hpin:lp_riscv_top/lp_riscv/i_riscv_core/debug_unit_i/mux_state_n_138_9/in_2 	 (fanout : 1)
hpin:lp_riscv_top/lp_riscv/i_riscv_core/debug_unit_i/mux_state_n_138_9/in_3 	 (fanout : 1)
hpin:lp_riscv_top/lp_riscv/i_riscv_core/debug_unit_i/mux_state_n_138_9/in_4 	 (fanout : 1)
hpin:lp_riscv_top/lp_riscv/i_riscv_core/debug_unit_i/mux_dbg_resume_175_25/in_0 	 (fanout : 1)
hpin:lp_riscv_top/lp_riscv/i_riscv_core/debug_unit_i/mux_dbg_resume_175_25/in_1 	 (fanout : 1)
hpin:lp_riscv_top/lp_riscv/i_riscv_core/debug_unit_i/mux_dbg_resume_167_23/in_1 	 (fanout : 1)
hpin:lp_riscv_top/lp_riscv/i_riscv_core/debug_unit_i/mux_dbg_resume_165_28/in_1 	 (fanout : 1)
hpin:lp_riscv_top/lp_riscv/i_riscv_core/debug_unit_i/mux_dbg_resume_161_24/in_1 	 (fanout : 1)
hpin:lp_riscv_top/lp_riscv/i_riscv_core/debug_unit_i/mux_dbg_resume_143_13/in_1 	 (fanout : 1)
hpin:lp_riscv_top/lp_riscv/i_riscv_core/debug_unit_i/mux_dbg_resume_139_11/in_0 	 (fanout : 1)
hpin:lp_riscv_top/lp_riscv/i_riscv_core/debug_unit_i/mux_dbg_resume_138_9/in_0 	 (fanout : 1)
hpin:lp_riscv_top/lp_riscv/i_riscv_core/mux_748_38/in_0 	 (fanout : 1)
hpin:lp_riscv_top/lp_riscv/i_riscv_core/mux_754_25/in_0[11] 	 (fanout : 1)
hpin:lp_riscv_top/lp_riscv/i_riscv_core/mux_754_25/in_0[10] 	 (fanout : 1)
hpin:lp_riscv_top/lp_riscv/i_riscv_core/mux_754_25/in_0[9] 	 (fanout : 1)
hpin:lp_riscv_top/lp_riscv/i_riscv_core/mux_754_25/in_0[8] 	 (fanout : 1)
hpin:lp_riscv_top/lp_riscv/i_riscv_core/mux_754_25/in_0[7] 	 (fanout : 1)
hpin:lp_riscv_top/lp_riscv/i_riscv_core/mux_754_25/in_0[6] 	 (fanout : 1)
hpin:lp_riscv_top/lp_riscv/i_riscv_core/mux_754_25/in_0[5] 	 (fanout : 1)
hpin:lp_riscv_top/lp_riscv/i_riscv_core/mux_754_25/in_0[4] 	 (fanout : 1)
hpin:lp_riscv_top/lp_riscv/i_riscv_core/mux_754_25/in_0[3] 	 (fanout : 1)
hpin:lp_riscv_top/lp_riscv/i_riscv_core/mux_754_25/in_0[2] 	 (fanout : 1)
hpin:lp_riscv_top/lp_riscv/i_riscv_core/mux_754_25/in_0[1] 	 (fanout : 1)
hpin:lp_riscv_top/lp_riscv/i_riscv_core/mux_754_25/in_0[0] 	 (fanout : 1)
hpin:lp_riscv_top/lp_riscv/i_riscv_core/mux_752_61/in_0 	 (fanout : 1)
hpin:lp_riscv_top/lp_riscv/i_riscv_core/mux_752_61/in_1 	 (fanout : 1)
hpin:lp_riscv_top/lp_riscv/i_riscv_core/mux_751_38/in_0[1] 	 (fanout : 1)
hpin:lp_riscv_top/lp_riscv/iccm_ram_wrapper/iccm_ram_0/BEN[3] 	 (fanout : 8)
hpin:lp_riscv_top/lp_riscv/iccm_ram_wrapper/iccm_ram_0/BEN[2] 	 (fanout : 8)
hpin:lp_riscv_top/lp_riscv/iccm_ram_wrapper/iccm_ram_0/BEN[1] 	 (fanout : 8)
hpin:lp_riscv_top/lp_riscv/iccm_ram_wrapper/iccm_ram_0/BEN[0] 	 (fanout : 8)
hpin:lp_riscv_top/lp_riscv/iccm_ram_wrapper/iccm_ram_1/BEN[3] 	 (fanout : 8)
hpin:lp_riscv_top/lp_riscv/iccm_ram_wrapper/iccm_ram_1/BEN[2] 	 (fanout : 8)
hpin:lp_riscv_top/lp_riscv/iccm_ram_wrapper/iccm_ram_1/BEN[1] 	 (fanout : 8)
hpin:lp_riscv_top/lp_riscv/iccm_ram_wrapper/iccm_ram_1/BEN[0] 	 (fanout : 8)
hpin:lp_riscv_top/lp_riscv/iccm_ram_wrapper/iccm_ram_1/D[31] 	 (fanout : 1)
hpin:lp_riscv_top/lp_riscv/iccm_ram_wrapper/iccm_ram_1/D[30] 	 (fanout : 1)
hpin:lp_riscv_top/lp_riscv/iccm_ram_wrapper/iccm_ram_1/D[29] 	 (fanout : 1)
hpin:lp_riscv_top/lp_riscv/iccm_ram_wrapper/iccm_ram_1/D[28] 	 (fanout : 1)
hpin:lp_riscv_top/lp_riscv/iccm_ram_wrapper/iccm_ram_1/D[27] 	 (fanout : 1)
hpin:lp_riscv_top/lp_riscv/iccm_ram_wrapper/iccm_ram_1/D[26] 	 (fanout : 1)
hpin:lp_riscv_top/lp_riscv/iccm_ram_wrapper/iccm_ram_1/D[25] 	 (fanout : 1)
hpin:lp_riscv_top/lp_riscv/iccm_ram_wrapper/iccm_ram_1/D[24] 	 (fanout : 1)
hpin:lp_riscv_top/lp_riscv/iccm_ram_wrapper/iccm_ram_1/D[23] 	 (fanout : 1)
hpin:lp_riscv_top/lp_riscv/iccm_ram_wrapper/iccm_ram_1/D[22] 	 (fanout : 1)
hpin:lp_riscv_top/lp_riscv/iccm_ram_wrapper/iccm_ram_1/D[21] 	 (fanout : 1)
hpin:lp_riscv_top/lp_riscv/iccm_ram_wrapper/iccm_ram_1/D[20] 	 (fanout : 1)
hpin:lp_riscv_top/lp_riscv/iccm_ram_wrapper/iccm_ram_1/D[19] 	 (fanout : 1)
hpin:lp_riscv_top/lp_riscv/iccm_ram_wrapper/iccm_ram_1/D[18] 	 (fanout : 1)
hpin:lp_riscv_top/lp_riscv/iccm_ram_wrapper/iccm_ram_1/D[17] 	 (fanout : 1)
hpin:lp_riscv_top/lp_riscv/iccm_ram_wrapper/iccm_ram_1/D[16] 	 (fanout : 1)
hpin:lp_riscv_top/lp_riscv/iccm_ram_wrapper/iccm_ram_1/D[15] 	 (fanout : 1)
hpin:lp_riscv_top/lp_riscv/iccm_ram_wrapper/iccm_ram_1/D[14] 	 (fanout : 1)
hpin:lp_riscv_top/lp_riscv/iccm_ram_wrapper/iccm_ram_1/D[13] 	 (fanout : 1)
hpin:lp_riscv_top/lp_riscv/iccm_ram_wrapper/iccm_ram_1/D[12] 	 (fanout : 1)
hpin:lp_riscv_top/lp_riscv/iccm_ram_wrapper/iccm_ram_1/D[11] 	 (fanout : 1)
hpin:lp_riscv_top/lp_riscv/iccm_ram_wrapper/iccm_ram_1/D[10] 	 (fanout : 1)
hpin:lp_riscv_top/lp_riscv/iccm_ram_wrapper/iccm_ram_1/D[9] 	 (fanout : 1)
hpin:lp_riscv_top/lp_riscv/iccm_ram_wrapper/iccm_ram_1/D[8] 	 (fanout : 1)
hpin:lp_riscv_top/lp_riscv/iccm_ram_wrapper/iccm_ram_1/D[7] 	 (fanout : 1)
hpin:lp_riscv_top/lp_riscv/iccm_ram_wrapper/iccm_ram_1/D[6] 	 (fanout : 1)
hpin:lp_riscv_top/lp_riscv/iccm_ram_wrapper/iccm_ram_1/D[5] 	 (fanout : 1)
hpin:lp_riscv_top/lp_riscv/iccm_ram_wrapper/iccm_ram_1/D[4] 	 (fanout : 1)
hpin:lp_riscv_top/lp_riscv/iccm_ram_wrapper/iccm_ram_1/D[3] 	 (fanout : 1)
hpin:lp_riscv_top/lp_riscv/iccm_ram_wrapper/iccm_ram_1/D[2] 	 (fanout : 1)
hpin:lp_riscv_top/lp_riscv/iccm_ram_wrapper/iccm_ram_1/D[1] 	 (fanout : 1)
hpin:lp_riscv_top/lp_riscv/iccm_ram_wrapper/iccm_ram_1/D[0] 	 (fanout : 1)
hpin:lp_riscv_top/lp_riscv/dccm_ram_wrapper/dccm_ram_0/sram_sp_8192x32/EMA[2] 	 (fanout : 0)
hpin:lp_riscv_top/lp_riscv/dccm_ram_wrapper/dccm_ram_0/sram_sp_8192x32/EMA[1] 	 (fanout : 0)
hpin:lp_riscv_top/lp_riscv/dccm_ram_wrapper/dccm_ram_0/sram_sp_8192x32/EMA[0] 	 (fanout : 0)
hpin:lp_riscv_top/lp_riscv/dccm_ram_wrapper/dccm_ram_0/sram_sp_8192x32/EMAW[1] 	 (fanout : 0)
hpin:lp_riscv_top/lp_riscv/dccm_ram_wrapper/dccm_ram_0/sram_sp_8192x32/EMAW[0] 	 (fanout : 0)
hpin:lp_riscv_top/lp_riscv/dccm_ram_wrapper/dccm_ram_0/sram_sp_8192x32/TEN 	 (fanout : 0)
hpin:lp_riscv_top/lp_riscv/dccm_ram_wrapper/dccm_ram_0/sram_sp_8192x32/TCEN 	 (fanout : 0)
hpin:lp_riscv_top/lp_riscv/dccm_ram_wrapper/dccm_ram_0/sram_sp_8192x32/TWEN[31] 	 (fanout : 0)
hpin:lp_riscv_top/lp_riscv/dccm_ram_wrapper/dccm_ram_0/sram_sp_8192x32/TWEN[30] 	 (fanout : 0)
hpin:lp_riscv_top/lp_riscv/dccm_ram_wrapper/dccm_ram_0/sram_sp_8192x32/TWEN[29] 	 (fanout : 0)
hpin:lp_riscv_top/lp_riscv/dccm_ram_wrapper/dccm_ram_0/sram_sp_8192x32/TWEN[28] 	 (fanout : 0)
hpin:lp_riscv_top/lp_riscv/dccm_ram_wrapper/dccm_ram_0/sram_sp_8192x32/TWEN[27] 	 (fanout : 0)
hpin:lp_riscv_top/lp_riscv/dccm_ram_wrapper/dccm_ram_0/sram_sp_8192x32/TWEN[26] 	 (fanout : 0)
hpin:lp_riscv_top/lp_riscv/dccm_ram_wrapper/dccm_ram_0/sram_sp_8192x32/TWEN[25] 	 (fanout : 0)
hpin:lp_riscv_top/lp_riscv/dccm_ram_wrapper/dccm_ram_0/sram_sp_8192x32/TWEN[24] 	 (fanout : 0)
hpin:lp_riscv_top/lp_riscv/dccm_ram_wrapper/dccm_ram_0/sram_sp_8192x32/TWEN[23] 	 (fanout : 0)
hpin:lp_riscv_top/lp_riscv/dccm_ram_wrapper/dccm_ram_0/sram_sp_8192x32/TWEN[22] 	 (fanout : 0)
hpin:lp_riscv_top/lp_riscv/dccm_ram_wrapper/dccm_ram_0/sram_sp_8192x32/TWEN[21] 	 (fanout : 0)
hpin:lp_riscv_top/lp_riscv/dccm_ram_wrapper/dccm_ram_0/sram_sp_8192x32/TWEN[20] 	 (fanout : 0)
hpin:lp_riscv_top/lp_riscv/dccm_ram_wrapper/dccm_ram_0/sram_sp_8192x32/TWEN[19] 	 (fanout : 0)
hpin:lp_riscv_top/lp_riscv/dccm_ram_wrapper/dccm_ram_0/sram_sp_8192x32/TWEN[18] 	 (fanout : 0)
hpin:lp_riscv_top/lp_riscv/dccm_ram_wrapper/dccm_ram_0/sram_sp_8192x32/TWEN[17] 	 (fanout : 0)
hpin:lp_riscv_top/lp_riscv/dccm_ram_wrapper/dccm_ram_0/sram_sp_8192x32/TWEN[16] 	 (fanout : 0)
hpin:lp_riscv_top/lp_riscv/dccm_ram_wrapper/dccm_ram_0/sram_sp_8192x32/TWEN[15] 	 (fanout : 0)
hpin:lp_riscv_top/lp_riscv/dccm_ram_wrapper/dccm_ram_0/sram_sp_8192x32/TWEN[14] 	 (fanout : 0)
hpin:lp_riscv_top/lp_riscv/dccm_ram_wrapper/dccm_ram_0/sram_sp_8192x32/TWEN[13] 	 (fanout : 0)
hpin:lp_riscv_top/lp_riscv/dccm_ram_wrapper/dccm_ram_0/sram_sp_8192x32/TWEN[12] 	 (fanout : 0)
hpin:lp_riscv_top/lp_riscv/dccm_ram_wrapper/dccm_ram_0/sram_sp_8192x32/TWEN[11] 	 (fanout : 0)
hpin:lp_riscv_top/lp_riscv/dccm_ram_wrapper/dccm_ram_0/sram_sp_8192x32/TWEN[10] 	 (fanout : 0)
hpin:lp_riscv_top/lp_riscv/dccm_ram_wrapper/dccm_ram_0/sram_sp_8192x32/TWEN[9] 	 (fanout : 0)
hpin:lp_riscv_top/lp_riscv/dccm_ram_wrapper/dccm_ram_0/sram_sp_8192x32/TWEN[8] 	 (fanout : 0)
hpin:lp_riscv_top/lp_riscv/dccm_ram_wrapper/dccm_ram_0/sram_sp_8192x32/TWEN[7] 	 (fanout : 0)
hpin:lp_riscv_top/lp_riscv/dccm_ram_wrapper/dccm_ram_0/sram_sp_8192x32/TWEN[6] 	 (fanout : 0)
hpin:lp_riscv_top/lp_riscv/dccm_ram_wrapper/dccm_ram_0/sram_sp_8192x32/TWEN[5] 	 (fanout : 0)
hpin:lp_riscv_top/lp_riscv/dccm_ram_wrapper/dccm_ram_0/sram_sp_8192x32/TWEN[4] 	 (fanout : 0)
hpin:lp_riscv_top/lp_riscv/dccm_ram_wrapper/dccm_ram_0/sram_sp_8192x32/TWEN[3] 	 (fanout : 0)
hpin:lp_riscv_top/lp_riscv/dccm_ram_wrapper/dccm_ram_0/sram_sp_8192x32/TWEN[2] 	 (fanout : 0)
hpin:lp_riscv_top/lp_riscv/dccm_ram_wrapper/dccm_ram_0/sram_sp_8192x32/TWEN[1] 	 (fanout : 0)
hpin:lp_riscv_top/lp_riscv/dccm_ram_wrapper/dccm_ram_0/sram_sp_8192x32/TWEN[0] 	 (fanout : 0)
hpin:lp_riscv_top/lp_riscv/dccm_ram_wrapper/dccm_ram_0/sram_sp_8192x32/TGWEN 	 (fanout : 0)
hpin:lp_riscv_top/lp_riscv/dccm_ram_wrapper/dccm_ram_0/sram_sp_8192x32/TA[12] 	 (fanout : 0)
hpin:lp_riscv_top/lp_riscv/dccm_ram_wrapper/dccm_ram_0/sram_sp_8192x32/TA[11] 	 (fanout : 0)
hpin:lp_riscv_top/lp_riscv/dccm_ram_wrapper/dccm_ram_0/sram_sp_8192x32/TA[10] 	 (fanout : 0)
hpin:lp_riscv_top/lp_riscv/dccm_ram_wrapper/dccm_ram_0/sram_sp_8192x32/TA[9] 	 (fanout : 0)
hpin:lp_riscv_top/lp_riscv/dccm_ram_wrapper/dccm_ram_0/sram_sp_8192x32/TA[8] 	 (fanout : 0)
hpin:lp_riscv_top/lp_riscv/dccm_ram_wrapper/dccm_ram_0/sram_sp_8192x32/TA[7] 	 (fanout : 0)
hpin:lp_riscv_top/lp_riscv/dccm_ram_wrapper/dccm_ram_0/sram_sp_8192x32/TA[6] 	 (fanout : 0)
hpin:lp_riscv_top/lp_riscv/dccm_ram_wrapper/dccm_ram_0/sram_sp_8192x32/TA[5] 	 (fanout : 0)
hpin:lp_riscv_top/lp_riscv/dccm_ram_wrapper/dccm_ram_0/sram_sp_8192x32/TA[4] 	 (fanout : 0)
hpin:lp_riscv_top/lp_riscv/dccm_ram_wrapper/dccm_ram_0/sram_sp_8192x32/TA[3] 	 (fanout : 0)
hpin:lp_riscv_top/lp_riscv/dccm_ram_wrapper/dccm_ram_0/sram_sp_8192x32/TA[2] 	 (fanout : 0)
hpin:lp_riscv_top/lp_riscv/dccm_ram_wrapper/dccm_ram_0/sram_sp_8192x32/TA[1] 	 (fanout : 0)
hpin:lp_riscv_top/lp_riscv/dccm_ram_wrapper/dccm_ram_0/sram_sp_8192x32/TA[0] 	 (fanout : 0)
hpin:lp_riscv_top/lp_riscv/dccm_ram_wrapper/dccm_ram_0/sram_sp_8192x32/TD[31] 	 (fanout : 0)
hpin:lp_riscv_top/lp_riscv/dccm_ram_wrapper/dccm_ram_0/sram_sp_8192x32/TD[30] 	 (fanout : 0)
hpin:lp_riscv_top/lp_riscv/dccm_ram_wrapper/dccm_ram_0/sram_sp_8192x32/TD[29] 	 (fanout : 0)
hpin:lp_riscv_top/lp_riscv/dccm_ram_wrapper/dccm_ram_0/sram_sp_8192x32/TD[28] 	 (fanout : 0)
hpin:lp_riscv_top/lp_riscv/dccm_ram_wrapper/dccm_ram_0/sram_sp_8192x32/TD[27] 	 (fanout : 0)
hpin:lp_riscv_top/lp_riscv/dccm_ram_wrapper/dccm_ram_0/sram_sp_8192x32/TD[26] 	 (fanout : 0)
hpin:lp_riscv_top/lp_riscv/dccm_ram_wrapper/dccm_ram_0/sram_sp_8192x32/TD[25] 	 (fanout : 0)
hpin:lp_riscv_top/lp_riscv/dccm_ram_wrapper/dccm_ram_0/sram_sp_8192x32/TD[24] 	 (fanout : 0)
hpin:lp_riscv_top/lp_riscv/dccm_ram_wrapper/dccm_ram_0/sram_sp_8192x32/TD[23] 	 (fanout : 0)
hpin:lp_riscv_top/lp_riscv/dccm_ram_wrapper/dccm_ram_0/sram_sp_8192x32/TD[22] 	 (fanout : 0)
hpin:lp_riscv_top/lp_riscv/dccm_ram_wrapper/dccm_ram_0/sram_sp_8192x32/TD[21] 	 (fanout : 0)
hpin:lp_riscv_top/lp_riscv/dccm_ram_wrapper/dccm_ram_0/sram_sp_8192x32/TD[20] 	 (fanout : 0)
hpin:lp_riscv_top/lp_riscv/dccm_ram_wrapper/dccm_ram_0/sram_sp_8192x32/TD[19] 	 (fanout : 0)
hpin:lp_riscv_top/lp_riscv/dccm_ram_wrapper/dccm_ram_0/sram_sp_8192x32/TD[18] 	 (fanout : 0)
hpin:lp_riscv_top/lp_riscv/dccm_ram_wrapper/dccm_ram_0/sram_sp_8192x32/TD[17] 	 (fanout : 0)
hpin:lp_riscv_top/lp_riscv/dccm_ram_wrapper/dccm_ram_0/sram_sp_8192x32/TD[16] 	 (fanout : 0)
hpin:lp_riscv_top/lp_riscv/dccm_ram_wrapper/dccm_ram_0/sram_sp_8192x32/TD[15] 	 (fanout : 0)
hpin:lp_riscv_top/lp_riscv/dccm_ram_wrapper/dccm_ram_0/sram_sp_8192x32/TD[14] 	 (fanout : 0)
hpin:lp_riscv_top/lp_riscv/dccm_ram_wrapper/dccm_ram_0/sram_sp_8192x32/TD[13] 	 (fanout : 0)
hpin:lp_riscv_top/lp_riscv/dccm_ram_wrapper/dccm_ram_0/sram_sp_8192x32/TD[12] 	 (fanout : 0)
hpin:lp_riscv_top/lp_riscv/dccm_ram_wrapper/dccm_ram_0/sram_sp_8192x32/TD[11] 	 (fanout : 0)
hpin:lp_riscv_top/lp_riscv/dccm_ram_wrapper/dccm_ram_0/sram_sp_8192x32/TD[10] 	 (fanout : 0)
hpin:lp_riscv_top/lp_riscv/dccm_ram_wrapper/dccm_ram_0/sram_sp_8192x32/TD[9] 	 (fanout : 0)
hpin:lp_riscv_top/lp_riscv/dccm_ram_wrapper/dccm_ram_0/sram_sp_8192x32/TD[8] 	 (fanout : 0)
hpin:lp_riscv_top/lp_riscv/dccm_ram_wrapper/dccm_ram_0/sram_sp_8192x32/TD[7] 	 (fanout : 0)
hpin:lp_riscv_top/lp_riscv/dccm_ram_wrapper/dccm_ram_0/sram_sp_8192x32/TD[6] 	 (fanout : 0)
hpin:lp_riscv_top/lp_riscv/dccm_ram_wrapper/dccm_ram_0/sram_sp_8192x32/TD[5] 	 (fanout : 0)
hpin:lp_riscv_top/lp_riscv/dccm_ram_wrapper/dccm_ram_0/sram_sp_8192x32/TD[4] 	 (fanout : 0)
hpin:lp_riscv_top/lp_riscv/dccm_ram_wrapper/dccm_ram_0/sram_sp_8192x32/TD[3] 	 (fanout : 0)
hpin:lp_riscv_top/lp_riscv/dccm_ram_wrapper/dccm_ram_0/sram_sp_8192x32/TD[2] 	 (fanout : 0)
hpin:lp_riscv_top/lp_riscv/dccm_ram_wrapper/dccm_ram_0/sram_sp_8192x32/TD[1] 	 (fanout : 0)
hpin:lp_riscv_top/lp_riscv/dccm_ram_wrapper/dccm_ram_0/sram_sp_8192x32/TD[0] 	 (fanout : 0)
hpin:lp_riscv_top/lp_riscv/dccm_ram_wrapper/dccm_ram_0/sram_sp_8192x32/RET1N 	 (fanout : 0)
hpin:lp_riscv_top/lp_riscv/dccm_ram_wrapper/dccm_ram_0/sram_sp_8192x32/SI[1] 	 (fanout : 0)
hpin:lp_riscv_top/lp_riscv/dccm_ram_wrapper/dccm_ram_0/sram_sp_8192x32/SI[0] 	 (fanout : 0)
hpin:lp_riscv_top/lp_riscv/dccm_ram_wrapper/dccm_ram_0/sram_sp_8192x32/SE 	 (fanout : 0)
hpin:lp_riscv_top/lp_riscv/dccm_ram_wrapper/dccm_ram_0/sram_sp_8192x32/DFTRAMBYP 	 (fanout : 0)
hpin:lp_riscv_top/lp_riscv/dccm_ram_wrapper/dccm_ram_1/sram_sp_8192x32/EMA[2] 	 (fanout : 0)
hpin:lp_riscv_top/lp_riscv/dccm_ram_wrapper/dccm_ram_1/sram_sp_8192x32/EMA[1] 	 (fanout : 0)
hpin:lp_riscv_top/lp_riscv/dccm_ram_wrapper/dccm_ram_1/sram_sp_8192x32/EMA[0] 	 (fanout : 0)
hpin:lp_riscv_top/lp_riscv/dccm_ram_wrapper/dccm_ram_1/sram_sp_8192x32/EMAW[1] 	 (fanout : 0)
hpin:lp_riscv_top/lp_riscv/dccm_ram_wrapper/dccm_ram_1/sram_sp_8192x32/EMAW[0] 	 (fanout : 0)
hpin:lp_riscv_top/lp_riscv/dccm_ram_wrapper/dccm_ram_1/sram_sp_8192x32/TEN 	 (fanout : 0)
hpin:lp_riscv_top/lp_riscv/dccm_ram_wrapper/dccm_ram_1/sram_sp_8192x32/TCEN 	 (fanout : 0)
hpin:lp_riscv_top/lp_riscv/dccm_ram_wrapper/dccm_ram_1/sram_sp_8192x32/TWEN[31] 	 (fanout : 0)
hpin:lp_riscv_top/lp_riscv/dccm_ram_wrapper/dccm_ram_1/sram_sp_8192x32/TWEN[30] 	 (fanout : 0)
hpin:lp_riscv_top/lp_riscv/dccm_ram_wrapper/dccm_ram_1/sram_sp_8192x32/TWEN[29] 	 (fanout : 0)
hpin:lp_riscv_top/lp_riscv/dccm_ram_wrapper/dccm_ram_1/sram_sp_8192x32/TWEN[28] 	 (fanout : 0)
hpin:lp_riscv_top/lp_riscv/dccm_ram_wrapper/dccm_ram_1/sram_sp_8192x32/TWEN[27] 	 (fanout : 0)
hpin:lp_riscv_top/lp_riscv/dccm_ram_wrapper/dccm_ram_1/sram_sp_8192x32/TWEN[26] 	 (fanout : 0)
hpin:lp_riscv_top/lp_riscv/dccm_ram_wrapper/dccm_ram_1/sram_sp_8192x32/TWEN[25] 	 (fanout : 0)
hpin:lp_riscv_top/lp_riscv/dccm_ram_wrapper/dccm_ram_1/sram_sp_8192x32/TWEN[24] 	 (fanout : 0)
hpin:lp_riscv_top/lp_riscv/dccm_ram_wrapper/dccm_ram_1/sram_sp_8192x32/TWEN[23] 	 (fanout : 0)
hpin:lp_riscv_top/lp_riscv/dccm_ram_wrapper/dccm_ram_1/sram_sp_8192x32/TWEN[22] 	 (fanout : 0)
hpin:lp_riscv_top/lp_riscv/dccm_ram_wrapper/dccm_ram_1/sram_sp_8192x32/TWEN[21] 	 (fanout : 0)
hpin:lp_riscv_top/lp_riscv/dccm_ram_wrapper/dccm_ram_1/sram_sp_8192x32/TWEN[20] 	 (fanout : 0)
hpin:lp_riscv_top/lp_riscv/dccm_ram_wrapper/dccm_ram_1/sram_sp_8192x32/TWEN[19] 	 (fanout : 0)
hpin:lp_riscv_top/lp_riscv/dccm_ram_wrapper/dccm_ram_1/sram_sp_8192x32/TWEN[18] 	 (fanout : 0)
hpin:lp_riscv_top/lp_riscv/dccm_ram_wrapper/dccm_ram_1/sram_sp_8192x32/TWEN[17] 	 (fanout : 0)
hpin:lp_riscv_top/lp_riscv/dccm_ram_wrapper/dccm_ram_1/sram_sp_8192x32/TWEN[16] 	 (fanout : 0)
hpin:lp_riscv_top/lp_riscv/dccm_ram_wrapper/dccm_ram_1/sram_sp_8192x32/TWEN[15] 	 (fanout : 0)
hpin:lp_riscv_top/lp_riscv/dccm_ram_wrapper/dccm_ram_1/sram_sp_8192x32/TWEN[14] 	 (fanout : 0)
hpin:lp_riscv_top/lp_riscv/dccm_ram_wrapper/dccm_ram_1/sram_sp_8192x32/TWEN[13] 	 (fanout : 0)
hpin:lp_riscv_top/lp_riscv/dccm_ram_wrapper/dccm_ram_1/sram_sp_8192x32/TWEN[12] 	 (fanout : 0)
hpin:lp_riscv_top/lp_riscv/dccm_ram_wrapper/dccm_ram_1/sram_sp_8192x32/TWEN[11] 	 (fanout : 0)
hpin:lp_riscv_top/lp_riscv/dccm_ram_wrapper/dccm_ram_1/sram_sp_8192x32/TWEN[10] 	 (fanout : 0)
hpin:lp_riscv_top/lp_riscv/dccm_ram_wrapper/dccm_ram_1/sram_sp_8192x32/TWEN[9] 	 (fanout : 0)
hpin:lp_riscv_top/lp_riscv/dccm_ram_wrapper/dccm_ram_1/sram_sp_8192x32/TWEN[8] 	 (fanout : 0)
hpin:lp_riscv_top/lp_riscv/dccm_ram_wrapper/dccm_ram_1/sram_sp_8192x32/TWEN[7] 	 (fanout : 0)
hpin:lp_riscv_top/lp_riscv/dccm_ram_wrapper/dccm_ram_1/sram_sp_8192x32/TWEN[6] 	 (fanout : 0)
hpin:lp_riscv_top/lp_riscv/dccm_ram_wrapper/dccm_ram_1/sram_sp_8192x32/TWEN[5] 	 (fanout : 0)
hpin:lp_riscv_top/lp_riscv/dccm_ram_wrapper/dccm_ram_1/sram_sp_8192x32/TWEN[4] 	 (fanout : 0)
hpin:lp_riscv_top/lp_riscv/dccm_ram_wrapper/dccm_ram_1/sram_sp_8192x32/TWEN[3] 	 (fanout : 0)
hpin:lp_riscv_top/lp_riscv/dccm_ram_wrapper/dccm_ram_1/sram_sp_8192x32/TWEN[2] 	 (fanout : 0)
hpin:lp_riscv_top/lp_riscv/dccm_ram_wrapper/dccm_ram_1/sram_sp_8192x32/TWEN[1] 	 (fanout : 0)
hpin:lp_riscv_top/lp_riscv/dccm_ram_wrapper/dccm_ram_1/sram_sp_8192x32/TWEN[0] 	 (fanout : 0)
hpin:lp_riscv_top/lp_riscv/dccm_ram_wrapper/dccm_ram_1/sram_sp_8192x32/TGWEN 	 (fanout : 0)
hpin:lp_riscv_top/lp_riscv/dccm_ram_wrapper/dccm_ram_1/sram_sp_8192x32/TA[12] 	 (fanout : 0)
hpin:lp_riscv_top/lp_riscv/dccm_ram_wrapper/dccm_ram_1/sram_sp_8192x32/TA[11] 	 (fanout : 0)
hpin:lp_riscv_top/lp_riscv/dccm_ram_wrapper/dccm_ram_1/sram_sp_8192x32/TA[10] 	 (fanout : 0)
hpin:lp_riscv_top/lp_riscv/dccm_ram_wrapper/dccm_ram_1/sram_sp_8192x32/TA[9] 	 (fanout : 0)
hpin:lp_riscv_top/lp_riscv/dccm_ram_wrapper/dccm_ram_1/sram_sp_8192x32/TA[8] 	 (fanout : 0)
hpin:lp_riscv_top/lp_riscv/dccm_ram_wrapper/dccm_ram_1/sram_sp_8192x32/TA[7] 	 (fanout : 0)
hpin:lp_riscv_top/lp_riscv/dccm_ram_wrapper/dccm_ram_1/sram_sp_8192x32/TA[6] 	 (fanout : 0)
hpin:lp_riscv_top/lp_riscv/dccm_ram_wrapper/dccm_ram_1/sram_sp_8192x32/TA[5] 	 (fanout : 0)
hpin:lp_riscv_top/lp_riscv/dccm_ram_wrapper/dccm_ram_1/sram_sp_8192x32/TA[4] 	 (fanout : 0)
hpin:lp_riscv_top/lp_riscv/dccm_ram_wrapper/dccm_ram_1/sram_sp_8192x32/TA[3] 	 (fanout : 0)
hpin:lp_riscv_top/lp_riscv/dccm_ram_wrapper/dccm_ram_1/sram_sp_8192x32/TA[2] 	 (fanout : 0)
hpin:lp_riscv_top/lp_riscv/dccm_ram_wrapper/dccm_ram_1/sram_sp_8192x32/TA[1] 	 (fanout : 0)
hpin:lp_riscv_top/lp_riscv/dccm_ram_wrapper/dccm_ram_1/sram_sp_8192x32/TA[0] 	 (fanout : 0)
hpin:lp_riscv_top/lp_riscv/dccm_ram_wrapper/dccm_ram_1/sram_sp_8192x32/TD[31] 	 (fanout : 0)
hpin:lp_riscv_top/lp_riscv/dccm_ram_wrapper/dccm_ram_1/sram_sp_8192x32/TD[30] 	 (fanout : 0)
hpin:lp_riscv_top/lp_riscv/dccm_ram_wrapper/dccm_ram_1/sram_sp_8192x32/TD[29] 	 (fanout : 0)
hpin:lp_riscv_top/lp_riscv/dccm_ram_wrapper/dccm_ram_1/sram_sp_8192x32/TD[28] 	 (fanout : 0)
hpin:lp_riscv_top/lp_riscv/dccm_ram_wrapper/dccm_ram_1/sram_sp_8192x32/TD[27] 	 (fanout : 0)
hpin:lp_riscv_top/lp_riscv/dccm_ram_wrapper/dccm_ram_1/sram_sp_8192x32/TD[26] 	 (fanout : 0)
hpin:lp_riscv_top/lp_riscv/dccm_ram_wrapper/dccm_ram_1/sram_sp_8192x32/TD[25] 	 (fanout : 0)
hpin:lp_riscv_top/lp_riscv/dccm_ram_wrapper/dccm_ram_1/sram_sp_8192x32/TD[24] 	 (fanout : 0)
hpin:lp_riscv_top/lp_riscv/dccm_ram_wrapper/dccm_ram_1/sram_sp_8192x32/TD[23] 	 (fanout : 0)
hpin:lp_riscv_top/lp_riscv/dccm_ram_wrapper/dccm_ram_1/sram_sp_8192x32/TD[22] 	 (fanout : 0)
hpin:lp_riscv_top/lp_riscv/dccm_ram_wrapper/dccm_ram_1/sram_sp_8192x32/TD[21] 	 (fanout : 0)
hpin:lp_riscv_top/lp_riscv/dccm_ram_wrapper/dccm_ram_1/sram_sp_8192x32/TD[20] 	 (fanout : 0)
hpin:lp_riscv_top/lp_riscv/dccm_ram_wrapper/dccm_ram_1/sram_sp_8192x32/TD[19] 	 (fanout : 0)
hpin:lp_riscv_top/lp_riscv/dccm_ram_wrapper/dccm_ram_1/sram_sp_8192x32/TD[18] 	 (fanout : 0)
hpin:lp_riscv_top/lp_riscv/dccm_ram_wrapper/dccm_ram_1/sram_sp_8192x32/TD[17] 	 (fanout : 0)
hpin:lp_riscv_top/lp_riscv/dccm_ram_wrapper/dccm_ram_1/sram_sp_8192x32/TD[16] 	 (fanout : 0)
hpin:lp_riscv_top/lp_riscv/dccm_ram_wrapper/dccm_ram_1/sram_sp_8192x32/TD[15] 	 (fanout : 0)
hpin:lp_riscv_top/lp_riscv/dccm_ram_wrapper/dccm_ram_1/sram_sp_8192x32/TD[14] 	 (fanout : 0)
hpin:lp_riscv_top/lp_riscv/dccm_ram_wrapper/dccm_ram_1/sram_sp_8192x32/TD[13] 	 (fanout : 0)
hpin:lp_riscv_top/lp_riscv/dccm_ram_wrapper/dccm_ram_1/sram_sp_8192x32/TD[12] 	 (fanout : 0)
hpin:lp_riscv_top/lp_riscv/dccm_ram_wrapper/dccm_ram_1/sram_sp_8192x32/TD[11] 	 (fanout : 0)
hpin:lp_riscv_top/lp_riscv/dccm_ram_wrapper/dccm_ram_1/sram_sp_8192x32/TD[10] 	 (fanout : 0)
hpin:lp_riscv_top/lp_riscv/dccm_ram_wrapper/dccm_ram_1/sram_sp_8192x32/TD[9] 	 (fanout : 0)
hpin:lp_riscv_top/lp_riscv/dccm_ram_wrapper/dccm_ram_1/sram_sp_8192x32/TD[8] 	 (fanout : 0)
hpin:lp_riscv_top/lp_riscv/dccm_ram_wrapper/dccm_ram_1/sram_sp_8192x32/TD[7] 	 (fanout : 0)
hpin:lp_riscv_top/lp_riscv/dccm_ram_wrapper/dccm_ram_1/sram_sp_8192x32/TD[6] 	 (fanout : 0)
hpin:lp_riscv_top/lp_riscv/dccm_ram_wrapper/dccm_ram_1/sram_sp_8192x32/TD[5] 	 (fanout : 0)
hpin:lp_riscv_top/lp_riscv/dccm_ram_wrapper/dccm_ram_1/sram_sp_8192x32/TD[4] 	 (fanout : 0)
hpin:lp_riscv_top/lp_riscv/dccm_ram_wrapper/dccm_ram_1/sram_sp_8192x32/TD[3] 	 (fanout : 0)
hpin:lp_riscv_top/lp_riscv/dccm_ram_wrapper/dccm_ram_1/sram_sp_8192x32/TD[2] 	 (fanout : 0)
hpin:lp_riscv_top/lp_riscv/dccm_ram_wrapper/dccm_ram_1/sram_sp_8192x32/TD[1] 	 (fanout : 0)
hpin:lp_riscv_top/lp_riscv/dccm_ram_wrapper/dccm_ram_1/sram_sp_8192x32/TD[0] 	 (fanout : 0)
hpin:lp_riscv_top/lp_riscv/dccm_ram_wrapper/dccm_ram_1/sram_sp_8192x32/RET1N 	 (fanout : 0)
hpin:lp_riscv_top/lp_riscv/dccm_ram_wrapper/dccm_ram_1/sram_sp_8192x32/SI[1] 	 (fanout : 0)
hpin:lp_riscv_top/lp_riscv/dccm_ram_wrapper/dccm_ram_1/sram_sp_8192x32/SI[0] 	 (fanout : 0)
hpin:lp_riscv_top/lp_riscv/dccm_ram_wrapper/dccm_ram_1/sram_sp_8192x32/SE 	 (fanout : 0)
hpin:lp_riscv_top/lp_riscv/dccm_ram_wrapper/dccm_ram_1/sram_sp_8192x32/DFTRAMBYP 	 (fanout : 0)
hpin:lp_riscv_top/lp_riscv/dccm_ram_wrapper/dccm_ram_2/sram_sp_8192x32/EMA[2] 	 (fanout : 0)
hpin:lp_riscv_top/lp_riscv/dccm_ram_wrapper/dccm_ram_2/sram_sp_8192x32/EMA[1] 	 (fanout : 0)
hpin:lp_riscv_top/lp_riscv/dccm_ram_wrapper/dccm_ram_2/sram_sp_8192x32/EMA[0] 	 (fanout : 0)
hpin:lp_riscv_top/lp_riscv/dccm_ram_wrapper/dccm_ram_2/sram_sp_8192x32/EMAW[1] 	 (fanout : 0)
hpin:lp_riscv_top/lp_riscv/dccm_ram_wrapper/dccm_ram_2/sram_sp_8192x32/EMAW[0] 	 (fanout : 0)
hpin:lp_riscv_top/lp_riscv/dccm_ram_wrapper/dccm_ram_2/sram_sp_8192x32/TEN 	 (fanout : 0)
hpin:lp_riscv_top/lp_riscv/dccm_ram_wrapper/dccm_ram_2/sram_sp_8192x32/TCEN 	 (fanout : 0)
hpin:lp_riscv_top/lp_riscv/dccm_ram_wrapper/dccm_ram_2/sram_sp_8192x32/TWEN[31] 	 (fanout : 0)
hpin:lp_riscv_top/lp_riscv/dccm_ram_wrapper/dccm_ram_2/sram_sp_8192x32/TWEN[30] 	 (fanout : 0)
hpin:lp_riscv_top/lp_riscv/dccm_ram_wrapper/dccm_ram_2/sram_sp_8192x32/TWEN[29] 	 (fanout : 0)
hpin:lp_riscv_top/lp_riscv/dccm_ram_wrapper/dccm_ram_2/sram_sp_8192x32/TWEN[28] 	 (fanout : 0)
hpin:lp_riscv_top/lp_riscv/dccm_ram_wrapper/dccm_ram_2/sram_sp_8192x32/TWEN[27] 	 (fanout : 0)
hpin:lp_riscv_top/lp_riscv/dccm_ram_wrapper/dccm_ram_2/sram_sp_8192x32/TWEN[26] 	 (fanout : 0)
hpin:lp_riscv_top/lp_riscv/dccm_ram_wrapper/dccm_ram_2/sram_sp_8192x32/TWEN[25] 	 (fanout : 0)
hpin:lp_riscv_top/lp_riscv/dccm_ram_wrapper/dccm_ram_2/sram_sp_8192x32/TWEN[24] 	 (fanout : 0)
hpin:lp_riscv_top/lp_riscv/dccm_ram_wrapper/dccm_ram_2/sram_sp_8192x32/TWEN[23] 	 (fanout : 0)
hpin:lp_riscv_top/lp_riscv/dccm_ram_wrapper/dccm_ram_2/sram_sp_8192x32/TWEN[22] 	 (fanout : 0)
hpin:lp_riscv_top/lp_riscv/dccm_ram_wrapper/dccm_ram_2/sram_sp_8192x32/TWEN[21] 	 (fanout : 0)
hpin:lp_riscv_top/lp_riscv/dccm_ram_wrapper/dccm_ram_2/sram_sp_8192x32/TWEN[20] 	 (fanout : 0)
hpin:lp_riscv_top/lp_riscv/dccm_ram_wrapper/dccm_ram_2/sram_sp_8192x32/TWEN[19] 	 (fanout : 0)
hpin:lp_riscv_top/lp_riscv/dccm_ram_wrapper/dccm_ram_2/sram_sp_8192x32/TWEN[18] 	 (fanout : 0)
hpin:lp_riscv_top/lp_riscv/dccm_ram_wrapper/dccm_ram_2/sram_sp_8192x32/TWEN[17] 	 (fanout : 0)
hpin:lp_riscv_top/lp_riscv/dccm_ram_wrapper/dccm_ram_2/sram_sp_8192x32/TWEN[16] 	 (fanout : 0)
hpin:lp_riscv_top/lp_riscv/dccm_ram_wrapper/dccm_ram_2/sram_sp_8192x32/TWEN[15] 	 (fanout : 0)
hpin:lp_riscv_top/lp_riscv/dccm_ram_wrapper/dccm_ram_2/sram_sp_8192x32/TWEN[14] 	 (fanout : 0)
hpin:lp_riscv_top/lp_riscv/dccm_ram_wrapper/dccm_ram_2/sram_sp_8192x32/TWEN[13] 	 (fanout : 0)
hpin:lp_riscv_top/lp_riscv/dccm_ram_wrapper/dccm_ram_2/sram_sp_8192x32/TWEN[12] 	 (fanout : 0)
hpin:lp_riscv_top/lp_riscv/dccm_ram_wrapper/dccm_ram_2/sram_sp_8192x32/TWEN[11] 	 (fanout : 0)
hpin:lp_riscv_top/lp_riscv/dccm_ram_wrapper/dccm_ram_2/sram_sp_8192x32/TWEN[10] 	 (fanout : 0)
hpin:lp_riscv_top/lp_riscv/dccm_ram_wrapper/dccm_ram_2/sram_sp_8192x32/TWEN[9] 	 (fanout : 0)
hpin:lp_riscv_top/lp_riscv/dccm_ram_wrapper/dccm_ram_2/sram_sp_8192x32/TWEN[8] 	 (fanout : 0)
hpin:lp_riscv_top/lp_riscv/dccm_ram_wrapper/dccm_ram_2/sram_sp_8192x32/TWEN[7] 	 (fanout : 0)
hpin:lp_riscv_top/lp_riscv/dccm_ram_wrapper/dccm_ram_2/sram_sp_8192x32/TWEN[6] 	 (fanout : 0)
hpin:lp_riscv_top/lp_riscv/dccm_ram_wrapper/dccm_ram_2/sram_sp_8192x32/TWEN[5] 	 (fanout : 0)
hpin:lp_riscv_top/lp_riscv/dccm_ram_wrapper/dccm_ram_2/sram_sp_8192x32/TWEN[4] 	 (fanout : 0)
hpin:lp_riscv_top/lp_riscv/dccm_ram_wrapper/dccm_ram_2/sram_sp_8192x32/TWEN[3] 	 (fanout : 0)
hpin:lp_riscv_top/lp_riscv/dccm_ram_wrapper/dccm_ram_2/sram_sp_8192x32/TWEN[2] 	 (fanout : 0)
hpin:lp_riscv_top/lp_riscv/dccm_ram_wrapper/dccm_ram_2/sram_sp_8192x32/TWEN[1] 	 (fanout : 0)
hpin:lp_riscv_top/lp_riscv/dccm_ram_wrapper/dccm_ram_2/sram_sp_8192x32/TWEN[0] 	 (fanout : 0)
hpin:lp_riscv_top/lp_riscv/dccm_ram_wrapper/dccm_ram_2/sram_sp_8192x32/TGWEN 	 (fanout : 0)
hpin:lp_riscv_top/lp_riscv/dccm_ram_wrapper/dccm_ram_2/sram_sp_8192x32/TA[12] 	 (fanout : 0)
hpin:lp_riscv_top/lp_riscv/dccm_ram_wrapper/dccm_ram_2/sram_sp_8192x32/TA[11] 	 (fanout : 0)
hpin:lp_riscv_top/lp_riscv/dccm_ram_wrapper/dccm_ram_2/sram_sp_8192x32/TA[10] 	 (fanout : 0)
hpin:lp_riscv_top/lp_riscv/dccm_ram_wrapper/dccm_ram_2/sram_sp_8192x32/TA[9] 	 (fanout : 0)
hpin:lp_riscv_top/lp_riscv/dccm_ram_wrapper/dccm_ram_2/sram_sp_8192x32/TA[8] 	 (fanout : 0)
hpin:lp_riscv_top/lp_riscv/dccm_ram_wrapper/dccm_ram_2/sram_sp_8192x32/TA[7] 	 (fanout : 0)
hpin:lp_riscv_top/lp_riscv/dccm_ram_wrapper/dccm_ram_2/sram_sp_8192x32/TA[6] 	 (fanout : 0)
hpin:lp_riscv_top/lp_riscv/dccm_ram_wrapper/dccm_ram_2/sram_sp_8192x32/TA[5] 	 (fanout : 0)
hpin:lp_riscv_top/lp_riscv/dccm_ram_wrapper/dccm_ram_2/sram_sp_8192x32/TA[4] 	 (fanout : 0)
hpin:lp_riscv_top/lp_riscv/dccm_ram_wrapper/dccm_ram_2/sram_sp_8192x32/TA[3] 	 (fanout : 0)
hpin:lp_riscv_top/lp_riscv/dccm_ram_wrapper/dccm_ram_2/sram_sp_8192x32/TA[2] 	 (fanout : 0)
hpin:lp_riscv_top/lp_riscv/dccm_ram_wrapper/dccm_ram_2/sram_sp_8192x32/TA[1] 	 (fanout : 0)
hpin:lp_riscv_top/lp_riscv/dccm_ram_wrapper/dccm_ram_2/sram_sp_8192x32/TA[0] 	 (fanout : 0)
hpin:lp_riscv_top/lp_riscv/dccm_ram_wrapper/dccm_ram_2/sram_sp_8192x32/TD[31] 	 (fanout : 0)
hpin:lp_riscv_top/lp_riscv/dccm_ram_wrapper/dccm_ram_2/sram_sp_8192x32/TD[30] 	 (fanout : 0)
hpin:lp_riscv_top/lp_riscv/dccm_ram_wrapper/dccm_ram_2/sram_sp_8192x32/TD[29] 	 (fanout : 0)
hpin:lp_riscv_top/lp_riscv/dccm_ram_wrapper/dccm_ram_2/sram_sp_8192x32/TD[28] 	 (fanout : 0)
hpin:lp_riscv_top/lp_riscv/dccm_ram_wrapper/dccm_ram_2/sram_sp_8192x32/TD[27] 	 (fanout : 0)
hpin:lp_riscv_top/lp_riscv/dccm_ram_wrapper/dccm_ram_2/sram_sp_8192x32/TD[26] 	 (fanout : 0)
hpin:lp_riscv_top/lp_riscv/dccm_ram_wrapper/dccm_ram_2/sram_sp_8192x32/TD[25] 	 (fanout : 0)
hpin:lp_riscv_top/lp_riscv/dccm_ram_wrapper/dccm_ram_2/sram_sp_8192x32/TD[24] 	 (fanout : 0)
hpin:lp_riscv_top/lp_riscv/dccm_ram_wrapper/dccm_ram_2/sram_sp_8192x32/TD[23] 	 (fanout : 0)
hpin:lp_riscv_top/lp_riscv/dccm_ram_wrapper/dccm_ram_2/sram_sp_8192x32/TD[22] 	 (fanout : 0)
hpin:lp_riscv_top/lp_riscv/dccm_ram_wrapper/dccm_ram_2/sram_sp_8192x32/TD[21] 	 (fanout : 0)
hpin:lp_riscv_top/lp_riscv/dccm_ram_wrapper/dccm_ram_2/sram_sp_8192x32/TD[20] 	 (fanout : 0)
hpin:lp_riscv_top/lp_riscv/dccm_ram_wrapper/dccm_ram_2/sram_sp_8192x32/TD[19] 	 (fanout : 0)
hpin:lp_riscv_top/lp_riscv/dccm_ram_wrapper/dccm_ram_2/sram_sp_8192x32/TD[18] 	 (fanout : 0)
hpin:lp_riscv_top/lp_riscv/dccm_ram_wrapper/dccm_ram_2/sram_sp_8192x32/TD[17] 	 (fanout : 0)
hpin:lp_riscv_top/lp_riscv/dccm_ram_wrapper/dccm_ram_2/sram_sp_8192x32/TD[16] 	 (fanout : 0)
hpin:lp_riscv_top/lp_riscv/dccm_ram_wrapper/dccm_ram_2/sram_sp_8192x32/TD[15] 	 (fanout : 0)
hpin:lp_riscv_top/lp_riscv/dccm_ram_wrapper/dccm_ram_2/sram_sp_8192x32/TD[14] 	 (fanout : 0)
hpin:lp_riscv_top/lp_riscv/dccm_ram_wrapper/dccm_ram_2/sram_sp_8192x32/TD[13] 	 (fanout : 0)
hpin:lp_riscv_top/lp_riscv/dccm_ram_wrapper/dccm_ram_2/sram_sp_8192x32/TD[12] 	 (fanout : 0)
hpin:lp_riscv_top/lp_riscv/dccm_ram_wrapper/dccm_ram_2/sram_sp_8192x32/TD[11] 	 (fanout : 0)
hpin:lp_riscv_top/lp_riscv/dccm_ram_wrapper/dccm_ram_2/sram_sp_8192x32/TD[10] 	 (fanout : 0)
hpin:lp_riscv_top/lp_riscv/dccm_ram_wrapper/dccm_ram_2/sram_sp_8192x32/TD[9] 	 (fanout : 0)
hpin:lp_riscv_top/lp_riscv/dccm_ram_wrapper/dccm_ram_2/sram_sp_8192x32/TD[8] 	 (fanout : 0)
hpin:lp_riscv_top/lp_riscv/dccm_ram_wrapper/dccm_ram_2/sram_sp_8192x32/TD[7] 	 (fanout : 0)
hpin:lp_riscv_top/lp_riscv/dccm_ram_wrapper/dccm_ram_2/sram_sp_8192x32/TD[6] 	 (fanout : 0)
hpin:lp_riscv_top/lp_riscv/dccm_ram_wrapper/dccm_ram_2/sram_sp_8192x32/TD[5] 	 (fanout : 0)
hpin:lp_riscv_top/lp_riscv/dccm_ram_wrapper/dccm_ram_2/sram_sp_8192x32/TD[4] 	 (fanout : 0)
hpin:lp_riscv_top/lp_riscv/dccm_ram_wrapper/dccm_ram_2/sram_sp_8192x32/TD[3] 	 (fanout : 0)
hpin:lp_riscv_top/lp_riscv/dccm_ram_wrapper/dccm_ram_2/sram_sp_8192x32/TD[2] 	 (fanout : 0)
hpin:lp_riscv_top/lp_riscv/dccm_ram_wrapper/dccm_ram_2/sram_sp_8192x32/TD[1] 	 (fanout : 0)
hpin:lp_riscv_top/lp_riscv/dccm_ram_wrapper/dccm_ram_2/sram_sp_8192x32/TD[0] 	 (fanout : 0)
hpin:lp_riscv_top/lp_riscv/dccm_ram_wrapper/dccm_ram_2/sram_sp_8192x32/RET1N 	 (fanout : 0)
hpin:lp_riscv_top/lp_riscv/dccm_ram_wrapper/dccm_ram_2/sram_sp_8192x32/SI[1] 	 (fanout : 0)
hpin:lp_riscv_top/lp_riscv/dccm_ram_wrapper/dccm_ram_2/sram_sp_8192x32/SI[0] 	 (fanout : 0)
hpin:lp_riscv_top/lp_riscv/dccm_ram_wrapper/dccm_ram_2/sram_sp_8192x32/SE 	 (fanout : 0)
hpin:lp_riscv_top/lp_riscv/dccm_ram_wrapper/dccm_ram_2/sram_sp_8192x32/DFTRAMBYP 	 (fanout : 0)
hpin:lp_riscv_top/lp_riscv/dccm_ram_wrapper/dccm_ram_3/sram_sp_8192x32/EMA[2] 	 (fanout : 0)
hpin:lp_riscv_top/lp_riscv/dccm_ram_wrapper/dccm_ram_3/sram_sp_8192x32/EMA[1] 	 (fanout : 0)
hpin:lp_riscv_top/lp_riscv/dccm_ram_wrapper/dccm_ram_3/sram_sp_8192x32/EMA[0] 	 (fanout : 0)
hpin:lp_riscv_top/lp_riscv/dccm_ram_wrapper/dccm_ram_3/sram_sp_8192x32/EMAW[1] 	 (fanout : 0)
hpin:lp_riscv_top/lp_riscv/dccm_ram_wrapper/dccm_ram_3/sram_sp_8192x32/EMAW[0] 	 (fanout : 0)
hpin:lp_riscv_top/lp_riscv/dccm_ram_wrapper/dccm_ram_3/sram_sp_8192x32/TEN 	 (fanout : 0)
hpin:lp_riscv_top/lp_riscv/dccm_ram_wrapper/dccm_ram_3/sram_sp_8192x32/TCEN 	 (fanout : 0)
hpin:lp_riscv_top/lp_riscv/dccm_ram_wrapper/dccm_ram_3/sram_sp_8192x32/TWEN[31] 	 (fanout : 0)
hpin:lp_riscv_top/lp_riscv/dccm_ram_wrapper/dccm_ram_3/sram_sp_8192x32/TWEN[30] 	 (fanout : 0)
hpin:lp_riscv_top/lp_riscv/dccm_ram_wrapper/dccm_ram_3/sram_sp_8192x32/TWEN[29] 	 (fanout : 0)
hpin:lp_riscv_top/lp_riscv/dccm_ram_wrapper/dccm_ram_3/sram_sp_8192x32/TWEN[28] 	 (fanout : 0)
hpin:lp_riscv_top/lp_riscv/dccm_ram_wrapper/dccm_ram_3/sram_sp_8192x32/TWEN[27] 	 (fanout : 0)
hpin:lp_riscv_top/lp_riscv/dccm_ram_wrapper/dccm_ram_3/sram_sp_8192x32/TWEN[26] 	 (fanout : 0)
hpin:lp_riscv_top/lp_riscv/dccm_ram_wrapper/dccm_ram_3/sram_sp_8192x32/TWEN[25] 	 (fanout : 0)
hpin:lp_riscv_top/lp_riscv/dccm_ram_wrapper/dccm_ram_3/sram_sp_8192x32/TWEN[24] 	 (fanout : 0)
hpin:lp_riscv_top/lp_riscv/dccm_ram_wrapper/dccm_ram_3/sram_sp_8192x32/TWEN[23] 	 (fanout : 0)
hpin:lp_riscv_top/lp_riscv/dccm_ram_wrapper/dccm_ram_3/sram_sp_8192x32/TWEN[22] 	 (fanout : 0)
hpin:lp_riscv_top/lp_riscv/dccm_ram_wrapper/dccm_ram_3/sram_sp_8192x32/TWEN[21] 	 (fanout : 0)
hpin:lp_riscv_top/lp_riscv/dccm_ram_wrapper/dccm_ram_3/sram_sp_8192x32/TWEN[20] 	 (fanout : 0)
hpin:lp_riscv_top/lp_riscv/dccm_ram_wrapper/dccm_ram_3/sram_sp_8192x32/TWEN[19] 	 (fanout : 0)
hpin:lp_riscv_top/lp_riscv/dccm_ram_wrapper/dccm_ram_3/sram_sp_8192x32/TWEN[18] 	 (fanout : 0)
hpin:lp_riscv_top/lp_riscv/dccm_ram_wrapper/dccm_ram_3/sram_sp_8192x32/TWEN[17] 	 (fanout : 0)
hpin:lp_riscv_top/lp_riscv/dccm_ram_wrapper/dccm_ram_3/sram_sp_8192x32/TWEN[16] 	 (fanout : 0)
hpin:lp_riscv_top/lp_riscv/dccm_ram_wrapper/dccm_ram_3/sram_sp_8192x32/TWEN[15] 	 (fanout : 0)
hpin:lp_riscv_top/lp_riscv/dccm_ram_wrapper/dccm_ram_3/sram_sp_8192x32/TWEN[14] 	 (fanout : 0)
hpin:lp_riscv_top/lp_riscv/dccm_ram_wrapper/dccm_ram_3/sram_sp_8192x32/TWEN[13] 	 (fanout : 0)
hpin:lp_riscv_top/lp_riscv/dccm_ram_wrapper/dccm_ram_3/sram_sp_8192x32/TWEN[12] 	 (fanout : 0)
hpin:lp_riscv_top/lp_riscv/dccm_ram_wrapper/dccm_ram_3/sram_sp_8192x32/TWEN[11] 	 (fanout : 0)
hpin:lp_riscv_top/lp_riscv/dccm_ram_wrapper/dccm_ram_3/sram_sp_8192x32/TWEN[10] 	 (fanout : 0)
hpin:lp_riscv_top/lp_riscv/dccm_ram_wrapper/dccm_ram_3/sram_sp_8192x32/TWEN[9] 	 (fanout : 0)
hpin:lp_riscv_top/lp_riscv/dccm_ram_wrapper/dccm_ram_3/sram_sp_8192x32/TWEN[8] 	 (fanout : 0)
hpin:lp_riscv_top/lp_riscv/dccm_ram_wrapper/dccm_ram_3/sram_sp_8192x32/TWEN[7] 	 (fanout : 0)
hpin:lp_riscv_top/lp_riscv/dccm_ram_wrapper/dccm_ram_3/sram_sp_8192x32/TWEN[6] 	 (fanout : 0)
hpin:lp_riscv_top/lp_riscv/dccm_ram_wrapper/dccm_ram_3/sram_sp_8192x32/TWEN[5] 	 (fanout : 0)
hpin:lp_riscv_top/lp_riscv/dccm_ram_wrapper/dccm_ram_3/sram_sp_8192x32/TWEN[4] 	 (fanout : 0)
hpin:lp_riscv_top/lp_riscv/dccm_ram_wrapper/dccm_ram_3/sram_sp_8192x32/TWEN[3] 	 (fanout : 0)
hpin:lp_riscv_top/lp_riscv/dccm_ram_wrapper/dccm_ram_3/sram_sp_8192x32/TWEN[2] 	 (fanout : 0)
hpin:lp_riscv_top/lp_riscv/dccm_ram_wrapper/dccm_ram_3/sram_sp_8192x32/TWEN[1] 	 (fanout : 0)
hpin:lp_riscv_top/lp_riscv/dccm_ram_wrapper/dccm_ram_3/sram_sp_8192x32/TWEN[0] 	 (fanout : 0)
hpin:lp_riscv_top/lp_riscv/dccm_ram_wrapper/dccm_ram_3/sram_sp_8192x32/TGWEN 	 (fanout : 0)
hpin:lp_riscv_top/lp_riscv/dccm_ram_wrapper/dccm_ram_3/sram_sp_8192x32/TA[12] 	 (fanout : 0)
hpin:lp_riscv_top/lp_riscv/dccm_ram_wrapper/dccm_ram_3/sram_sp_8192x32/TA[11] 	 (fanout : 0)
hpin:lp_riscv_top/lp_riscv/dccm_ram_wrapper/dccm_ram_3/sram_sp_8192x32/TA[10] 	 (fanout : 0)
hpin:lp_riscv_top/lp_riscv/dccm_ram_wrapper/dccm_ram_3/sram_sp_8192x32/TA[9] 	 (fanout : 0)
hpin:lp_riscv_top/lp_riscv/dccm_ram_wrapper/dccm_ram_3/sram_sp_8192x32/TA[8] 	 (fanout : 0)
hpin:lp_riscv_top/lp_riscv/dccm_ram_wrapper/dccm_ram_3/sram_sp_8192x32/TA[7] 	 (fanout : 0)
hpin:lp_riscv_top/lp_riscv/dccm_ram_wrapper/dccm_ram_3/sram_sp_8192x32/TA[6] 	 (fanout : 0)
hpin:lp_riscv_top/lp_riscv/dccm_ram_wrapper/dccm_ram_3/sram_sp_8192x32/TA[5] 	 (fanout : 0)
hpin:lp_riscv_top/lp_riscv/dccm_ram_wrapper/dccm_ram_3/sram_sp_8192x32/TA[4] 	 (fanout : 0)
hpin:lp_riscv_top/lp_riscv/dccm_ram_wrapper/dccm_ram_3/sram_sp_8192x32/TA[3] 	 (fanout : 0)
hpin:lp_riscv_top/lp_riscv/dccm_ram_wrapper/dccm_ram_3/sram_sp_8192x32/TA[2] 	 (fanout : 0)
hpin:lp_riscv_top/lp_riscv/dccm_ram_wrapper/dccm_ram_3/sram_sp_8192x32/TA[1] 	 (fanout : 0)
hpin:lp_riscv_top/lp_riscv/dccm_ram_wrapper/dccm_ram_3/sram_sp_8192x32/TA[0] 	 (fanout : 0)
hpin:lp_riscv_top/lp_riscv/dccm_ram_wrapper/dccm_ram_3/sram_sp_8192x32/TD[31] 	 (fanout : 0)
hpin:lp_riscv_top/lp_riscv/dccm_ram_wrapper/dccm_ram_3/sram_sp_8192x32/TD[30] 	 (fanout : 0)
hpin:lp_riscv_top/lp_riscv/dccm_ram_wrapper/dccm_ram_3/sram_sp_8192x32/TD[29] 	 (fanout : 0)
hpin:lp_riscv_top/lp_riscv/dccm_ram_wrapper/dccm_ram_3/sram_sp_8192x32/TD[28] 	 (fanout : 0)
hpin:lp_riscv_top/lp_riscv/dccm_ram_wrapper/dccm_ram_3/sram_sp_8192x32/TD[27] 	 (fanout : 0)
hpin:lp_riscv_top/lp_riscv/dccm_ram_wrapper/dccm_ram_3/sram_sp_8192x32/TD[26] 	 (fanout : 0)
hpin:lp_riscv_top/lp_riscv/dccm_ram_wrapper/dccm_ram_3/sram_sp_8192x32/TD[25] 	 (fanout : 0)
hpin:lp_riscv_top/lp_riscv/dccm_ram_wrapper/dccm_ram_3/sram_sp_8192x32/TD[24] 	 (fanout : 0)
hpin:lp_riscv_top/lp_riscv/dccm_ram_wrapper/dccm_ram_3/sram_sp_8192x32/TD[23] 	 (fanout : 0)
hpin:lp_riscv_top/lp_riscv/dccm_ram_wrapper/dccm_ram_3/sram_sp_8192x32/TD[22] 	 (fanout : 0)
hpin:lp_riscv_top/lp_riscv/dccm_ram_wrapper/dccm_ram_3/sram_sp_8192x32/TD[21] 	 (fanout : 0)
hpin:lp_riscv_top/lp_riscv/dccm_ram_wrapper/dccm_ram_3/sram_sp_8192x32/TD[20] 	 (fanout : 0)
hpin:lp_riscv_top/lp_riscv/dccm_ram_wrapper/dccm_ram_3/sram_sp_8192x32/TD[19] 	 (fanout : 0)
hpin:lp_riscv_top/lp_riscv/dccm_ram_wrapper/dccm_ram_3/sram_sp_8192x32/TD[18] 	 (fanout : 0)
hpin:lp_riscv_top/lp_riscv/dccm_ram_wrapper/dccm_ram_3/sram_sp_8192x32/TD[17] 	 (fanout : 0)
hpin:lp_riscv_top/lp_riscv/dccm_ram_wrapper/dccm_ram_3/sram_sp_8192x32/TD[16] 	 (fanout : 0)
hpin:lp_riscv_top/lp_riscv/dccm_ram_wrapper/dccm_ram_3/sram_sp_8192x32/TD[15] 	 (fanout : 0)
hpin:lp_riscv_top/lp_riscv/dccm_ram_wrapper/dccm_ram_3/sram_sp_8192x32/TD[14] 	 (fanout : 0)
hpin:lp_riscv_top/lp_riscv/dccm_ram_wrapper/dccm_ram_3/sram_sp_8192x32/TD[13] 	 (fanout : 0)
hpin:lp_riscv_top/lp_riscv/dccm_ram_wrapper/dccm_ram_3/sram_sp_8192x32/TD[12] 	 (fanout : 0)
hpin:lp_riscv_top/lp_riscv/dccm_ram_wrapper/dccm_ram_3/sram_sp_8192x32/TD[11] 	 (fanout : 0)
hpin:lp_riscv_top/lp_riscv/dccm_ram_wrapper/dccm_ram_3/sram_sp_8192x32/TD[10] 	 (fanout : 0)
hpin:lp_riscv_top/lp_riscv/dccm_ram_wrapper/dccm_ram_3/sram_sp_8192x32/TD[9] 	 (fanout : 0)
hpin:lp_riscv_top/lp_riscv/dccm_ram_wrapper/dccm_ram_3/sram_sp_8192x32/TD[8] 	 (fanout : 0)
hpin:lp_riscv_top/lp_riscv/dccm_ram_wrapper/dccm_ram_3/sram_sp_8192x32/TD[7] 	 (fanout : 0)
hpin:lp_riscv_top/lp_riscv/dccm_ram_wrapper/dccm_ram_3/sram_sp_8192x32/TD[6] 	 (fanout : 0)
hpin:lp_riscv_top/lp_riscv/dccm_ram_wrapper/dccm_ram_3/sram_sp_8192x32/TD[5] 	 (fanout : 0)
hpin:lp_riscv_top/lp_riscv/dccm_ram_wrapper/dccm_ram_3/sram_sp_8192x32/TD[4] 	 (fanout : 0)
hpin:lp_riscv_top/lp_riscv/dccm_ram_wrapper/dccm_ram_3/sram_sp_8192x32/TD[3] 	 (fanout : 0)
hpin:lp_riscv_top/lp_riscv/dccm_ram_wrapper/dccm_ram_3/sram_sp_8192x32/TD[2] 	 (fanout : 0)
hpin:lp_riscv_top/lp_riscv/dccm_ram_wrapper/dccm_ram_3/sram_sp_8192x32/TD[1] 	 (fanout : 0)
hpin:lp_riscv_top/lp_riscv/dccm_ram_wrapper/dccm_ram_3/sram_sp_8192x32/TD[0] 	 (fanout : 0)
hpin:lp_riscv_top/lp_riscv/dccm_ram_wrapper/dccm_ram_3/sram_sp_8192x32/RET1N 	 (fanout : 0)
hpin:lp_riscv_top/lp_riscv/dccm_ram_wrapper/dccm_ram_3/sram_sp_8192x32/SI[1] 	 (fanout : 0)
hpin:lp_riscv_top/lp_riscv/dccm_ram_wrapper/dccm_ram_3/sram_sp_8192x32/SI[0] 	 (fanout : 0)
hpin:lp_riscv_top/lp_riscv/dccm_ram_wrapper/dccm_ram_3/sram_sp_8192x32/SE 	 (fanout : 0)
hpin:lp_riscv_top/lp_riscv/dccm_ram_wrapper/dccm_ram_3/sram_sp_8192x32/DFTRAMBYP 	 (fanout : 0)
hpin:lp_riscv_top/lp_riscv/i_riscv_core/boot_addr_i[31] 	 (fanout : 1)
hpin:lp_riscv_top/lp_riscv/i_riscv_core/boot_addr_i[30] 	 (fanout : 1)
hpin:lp_riscv_top/lp_riscv/i_riscv_core/boot_addr_i[29] 	 (fanout : 1)
hpin:lp_riscv_top/lp_riscv/i_riscv_core/boot_addr_i[28] 	 (fanout : 1)
hpin:lp_riscv_top/lp_riscv/i_riscv_core/boot_addr_i[27] 	 (fanout : 1)
hpin:lp_riscv_top/lp_riscv/i_riscv_core/boot_addr_i[26] 	 (fanout : 1)
hpin:lp_riscv_top/lp_riscv/i_riscv_core/boot_addr_i[25] 	 (fanout : 1)
hpin:lp_riscv_top/lp_riscv/i_riscv_core/boot_addr_i[24] 	 (fanout : 1)
hpin:lp_riscv_top/lp_riscv/i_riscv_core/boot_addr_i[23] 	 (fanout : 1)
hpin:lp_riscv_top/lp_riscv/i_riscv_core/boot_addr_i[22] 	 (fanout : 1)
hpin:lp_riscv_top/lp_riscv/i_riscv_core/boot_addr_i[21] 	 (fanout : 1)
hpin:lp_riscv_top/lp_riscv/i_riscv_core/boot_addr_i[20] 	 (fanout : 1)
hpin:lp_riscv_top/lp_riscv/i_riscv_core/boot_addr_i[19] 	 (fanout : 1)
hpin:lp_riscv_top/lp_riscv/i_riscv_core/boot_addr_i[18] 	 (fanout : 1)
hpin:lp_riscv_top/lp_riscv/i_riscv_core/boot_addr_i[17] 	 (fanout : 1)
hpin:lp_riscv_top/lp_riscv/i_riscv_core/boot_addr_i[16] 	 (fanout : 1)
hpin:lp_riscv_top/lp_riscv/i_riscv_core/boot_addr_i[15] 	 (fanout : 1)
hpin:lp_riscv_top/lp_riscv/i_riscv_core/boot_addr_i[14] 	 (fanout : 1)
hpin:lp_riscv_top/lp_riscv/i_riscv_core/boot_addr_i[13] 	 (fanout : 1)
hpin:lp_riscv_top/lp_riscv/i_riscv_core/boot_addr_i[12] 	 (fanout : 1)
hpin:lp_riscv_top/lp_riscv/i_riscv_core/boot_addr_i[11] 	 (fanout : 1)
hpin:lp_riscv_top/lp_riscv/i_riscv_core/boot_addr_i[10] 	 (fanout : 1)
hpin:lp_riscv_top/lp_riscv/i_riscv_core/boot_addr_i[9] 	 (fanout : 1)
hpin:lp_riscv_top/lp_riscv/i_riscv_core/boot_addr_i[8] 	 (fanout : 1)
hpin:lp_riscv_top/lp_riscv/i_riscv_core/boot_addr_i[7] 	 (fanout : 1)
hpin:lp_riscv_top/lp_riscv/i_riscv_core/boot_addr_i[6] 	 (fanout : 1)
hpin:lp_riscv_top/lp_riscv/i_riscv_core/boot_addr_i[5] 	 (fanout : 1)
hpin:lp_riscv_top/lp_riscv/i_riscv_core/boot_addr_i[4] 	 (fanout : 1)
hpin:lp_riscv_top/lp_riscv/i_riscv_core/boot_addr_i[3] 	 (fanout : 1)
hpin:lp_riscv_top/lp_riscv/i_riscv_core/boot_addr_i[2] 	 (fanout : 1)
hpin:lp_riscv_top/lp_riscv/i_riscv_core/boot_addr_i[1] 	 (fanout : 1)
hpin:lp_riscv_top/lp_riscv/i_riscv_core/boot_addr_i[0] 	 (fanout : 1)
hpin:lp_riscv_top/lp_riscv/i_riscv_core/core_id_i[3] 	 (fanout : 1)
hpin:lp_riscv_top/lp_riscv/i_riscv_core/core_id_i[2] 	 (fanout : 1)
hpin:lp_riscv_top/lp_riscv/i_riscv_core/core_id_i[1] 	 (fanout : 1)
hpin:lp_riscv_top/lp_riscv/i_riscv_core/core_id_i[0] 	 (fanout : 1)
hpin:lp_riscv_top/lp_riscv/i_riscv_core/data_err_i 	 (fanout : 1)
hpin:lp_riscv_top/lp_riscv/i_riscv_core/debug_req_i 	 (fanout : 2)
hpin:lp_riscv_top/lp_riscv/i_riscv_core/debug_addr_i[14] 	 (fanout : 1)
hpin:lp_riscv_top/lp_riscv/i_riscv_core/debug_addr_i[13] 	 (fanout : 1)
hpin:lp_riscv_top/lp_riscv/i_riscv_core/debug_addr_i[12] 	 (fanout : 1)
hpin:lp_riscv_top/lp_riscv/i_riscv_core/debug_addr_i[11] 	 (fanout : 1)
hpin:lp_riscv_top/lp_riscv/i_riscv_core/debug_addr_i[10] 	 (fanout : 1)
hpin:lp_riscv_top/lp_riscv/i_riscv_core/debug_addr_i[9] 	 (fanout : 1)
hpin:lp_riscv_top/lp_riscv/i_riscv_core/debug_addr_i[8] 	 (fanout : 1)
hpin:lp_riscv_top/lp_riscv/i_riscv_core/debug_addr_i[7] 	 (fanout : 1)
hpin:lp_riscv_top/lp_riscv/i_riscv_core/debug_addr_i[6] 	 (fanout : 1)
hpin:lp_riscv_top/lp_riscv/i_riscv_core/debug_addr_i[5] 	 (fanout : 1)
hpin:lp_riscv_top/lp_riscv/i_riscv_core/debug_addr_i[4] 	 (fanout : 1)
hpin:lp_riscv_top/lp_riscv/i_riscv_core/debug_addr_i[3] 	 (fanout : 1)
hpin:lp_riscv_top/lp_riscv/i_riscv_core/debug_addr_i[2] 	 (fanout : 1)
hpin:lp_riscv_top/lp_riscv/i_riscv_core/debug_addr_i[1] 	 (fanout : 1)
hpin:lp_riscv_top/lp_riscv/i_riscv_core/debug_addr_i[0] 	 (fanout : 1)
hpin:lp_riscv_top/lp_riscv/i_riscv_core/debug_we_i 	 (fanout : 1)
hpin:lp_riscv_top/lp_riscv/i_riscv_core/debug_wdata_i[31] 	 (fanout : 1)
hpin:lp_riscv_top/lp_riscv/i_riscv_core/debug_wdata_i[30] 	 (fanout : 1)
hpin:lp_riscv_top/lp_riscv/i_riscv_core/debug_wdata_i[29] 	 (fanout : 1)
hpin:lp_riscv_top/lp_riscv/i_riscv_core/debug_wdata_i[28] 	 (fanout : 1)
hpin:lp_riscv_top/lp_riscv/i_riscv_core/debug_wdata_i[27] 	 (fanout : 1)
hpin:lp_riscv_top/lp_riscv/i_riscv_core/debug_wdata_i[26] 	 (fanout : 1)
hpin:lp_riscv_top/lp_riscv/i_riscv_core/debug_wdata_i[25] 	 (fanout : 1)
hpin:lp_riscv_top/lp_riscv/i_riscv_core/debug_wdata_i[24] 	 (fanout : 1)
hpin:lp_riscv_top/lp_riscv/i_riscv_core/debug_wdata_i[23] 	 (fanout : 1)
hpin:lp_riscv_top/lp_riscv/i_riscv_core/debug_wdata_i[22] 	 (fanout : 1)
hpin:lp_riscv_top/lp_riscv/i_riscv_core/debug_wdata_i[21] 	 (fanout : 1)
hpin:lp_riscv_top/lp_riscv/i_riscv_core/debug_wdata_i[20] 	 (fanout : 1)
hpin:lp_riscv_top/lp_riscv/i_riscv_core/debug_wdata_i[19] 	 (fanout : 1)
hpin:lp_riscv_top/lp_riscv/i_riscv_core/debug_wdata_i[18] 	 (fanout : 1)
hpin:lp_riscv_top/lp_riscv/i_riscv_core/debug_wdata_i[17] 	 (fanout : 1)
hpin:lp_riscv_top/lp_riscv/i_riscv_core/debug_wdata_i[16] 	 (fanout : 1)
hpin:lp_riscv_top/lp_riscv/i_riscv_core/debug_wdata_i[15] 	 (fanout : 1)
hpin:lp_riscv_top/lp_riscv/i_riscv_core/debug_wdata_i[14] 	 (fanout : 1)
hpin:lp_riscv_top/lp_riscv/i_riscv_core/debug_wdata_i[13] 	 (fanout : 1)
hpin:lp_riscv_top/lp_riscv/i_riscv_core/debug_wdata_i[12] 	 (fanout : 1)
hpin:lp_riscv_top/lp_riscv/i_riscv_core/debug_wdata_i[11] 	 (fanout : 1)
hpin:lp_riscv_top/lp_riscv/i_riscv_core/debug_wdata_i[10] 	 (fanout : 1)
hpin:lp_riscv_top/lp_riscv/i_riscv_core/debug_wdata_i[9] 	 (fanout : 1)
hpin:lp_riscv_top/lp_riscv/i_riscv_core/debug_wdata_i[8] 	 (fanout : 1)
hpin:lp_riscv_top/lp_riscv/i_riscv_core/debug_wdata_i[7] 	 (fanout : 1)
hpin:lp_riscv_top/lp_riscv/i_riscv_core/debug_wdata_i[6] 	 (fanout : 1)
hpin:lp_riscv_top/lp_riscv/i_riscv_core/debug_wdata_i[5] 	 (fanout : 1)
hpin:lp_riscv_top/lp_riscv/i_riscv_core/debug_wdata_i[4] 	 (fanout : 1)
hpin:lp_riscv_top/lp_riscv/i_riscv_core/debug_wdata_i[3] 	 (fanout : 1)
hpin:lp_riscv_top/lp_riscv/i_riscv_core/debug_wdata_i[2] 	 (fanout : 1)
hpin:lp_riscv_top/lp_riscv/i_riscv_core/debug_wdata_i[1] 	 (fanout : 1)
hpin:lp_riscv_top/lp_riscv/i_riscv_core/debug_wdata_i[0] 	 (fanout : 1)
hpin:lp_riscv_top/lp_riscv/i_riscv_core/debug_halt_i 	 (fanout : 1)
hpin:lp_riscv_top/lp_riscv/i_riscv_core/debug_resume_i 	 (fanout : 1)
hpin:lp_riscv_top/lp_riscv/eq_141_36/B[31] 	 (fanout : 1)
hpin:lp_riscv_top/lp_riscv/eq_141_36/B[30] 	 (fanout : 1)
hpin:lp_riscv_top/lp_riscv/eq_141_36/B[29] 	 (fanout : 1)
hpin:lp_riscv_top/lp_riscv/eq_141_36/B[28] 	 (fanout : 1)
hpin:lp_riscv_top/lp_riscv/eq_141_36/B[27] 	 (fanout : 1)
hpin:lp_riscv_top/lp_riscv/eq_141_36/B[26] 	 (fanout : 1)
hpin:lp_riscv_top/lp_riscv/eq_141_36/B[25] 	 (fanout : 1)
hpin:lp_riscv_top/lp_riscv/eq_141_36/B[24] 	 (fanout : 1)
hpin:lp_riscv_top/lp_riscv/eq_141_36/B[23] 	 (fanout : 1)
hpin:lp_riscv_top/lp_riscv/eq_141_36/B[22] 	 (fanout : 1)
hpin:lp_riscv_top/lp_riscv/eq_141_36/B[21] 	 (fanout : 1)
hpin:lp_riscv_top/lp_riscv/eq_141_36/B[20] 	 (fanout : 1)
hpin:lp_riscv_top/lp_riscv/eq_141_36/B[19] 	 (fanout : 1)
hpin:lp_riscv_top/lp_riscv/eq_141_36/B[18] 	 (fanout : 1)
hpin:lp_riscv_top/lp_riscv/eq_141_36/B[17] 	 (fanout : 1)
hpin:lp_riscv_top/lp_riscv/eq_141_36/B[16] 	 (fanout : 1)
hpin:lp_riscv_top/lp_riscv/eq_141_36/B[15] 	 (fanout : 1)
hpin:lp_riscv_top/lp_riscv/eq_141_36/B[14] 	 (fanout : 1)
hpin:lp_riscv_top/lp_riscv/eq_141_36/B[13] 	 (fanout : 1)
hpin:lp_riscv_top/lp_riscv/eq_141_36/B[12] 	 (fanout : 1)
hpin:lp_riscv_top/lp_riscv/eq_141_36/B[11] 	 (fanout : 1)
hpin:lp_riscv_top/lp_riscv/eq_141_36/B[10] 	 (fanout : 1)
hpin:lp_riscv_top/lp_riscv/eq_141_36/B[9] 	 (fanout : 1)
hpin:lp_riscv_top/lp_riscv/eq_141_36/B[8] 	 (fanout : 1)
hpin:lp_riscv_top/lp_riscv/eq_141_36/B[7] 	 (fanout : 1)
hpin:lp_riscv_top/lp_riscv/eq_141_36/B[6] 	 (fanout : 1)
hpin:lp_riscv_top/lp_riscv/eq_141_36/B[5] 	 (fanout : 1)
hpin:lp_riscv_top/lp_riscv/eq_141_36/B[4] 	 (fanout : 1)
hpin:lp_riscv_top/lp_riscv/eq_141_36/B[3] 	 (fanout : 1)
hpin:lp_riscv_top/lp_riscv/eq_141_36/B[2] 	 (fanout : 1)
hpin:lp_riscv_top/lp_riscv/eq_141_36/B[1] 	 (fanout : 1)
hpin:lp_riscv_top/lp_riscv/eq_141_36/B[0] 	 (fanout : 1)
Total number of constant hierarchical pins in design 'lp_riscv_top' : 6018

No constant connected ports in design 'lp_riscv_top'

  Preserved instances(s)
  ----------------
No preserved combinational instance(s) in design 'lp_riscv_top'
design 'lp_riscv_top' has the following preserved sequential instance(s)
inst:lp_riscv_top/lp_riscv/iccm_ram_wrapper/iccm_ram_0/sram_sp_16384x32
inst:lp_riscv_top/lp_riscv/iccm_ram_wrapper/iccm_ram_1/sram_sp_16384x32
Total number of preserved sequential instances in design 'lp_riscv_top' : 2
No preserved hierarchical instance(s) in design 'lp_riscv_top'

  Physical only instances(s)
  ----------------
No physical only instance(s) in design 'lp_riscv_top'

  Logical only instance(s) and linked libcells
    -----------------------------------------
design 'lp_riscv_top' has following logical only instance(s)
inst:lp_riscv_top/i_ioring/i_VSSIO_3
inst:lp_riscv_top/i_ioring/i_VDDIO_4
inst:lp_riscv_top/i_ioring/i_VDDCORE_5
inst:lp_riscv_top/i_ioring/i_VDDCORE_11
inst:lp_riscv_top/i_ioring/i_VDDIO_12
inst:lp_riscv_top/i_ioring/i_VSSIO_13
inst:lp_riscv_top/i_ioring/i_VSSIO_19
inst:lp_riscv_top/i_ioring/i_VDDIO_20
inst:lp_riscv_top/i_ioring/i_VDDCORE_21
inst:lp_riscv_top/i_ioring/i_VSSIO_27
inst:lp_riscv_top/i_ioring/i_VDDIO_28
inst:lp_riscv_top/i_ioring/i_VDDCORE_29
inst:lp_riscv_top/i_ioring/i_VSSIO_35
inst:lp_riscv_top/i_ioring/i_VDDIO_36
inst:lp_riscv_top/i_ioring/i_VDDCORE_37
inst:lp_riscv_top/i_ioring/i_VSSIO_43
inst:lp_riscv_top/i_ioring/i_VDDIO_44
inst:lp_riscv_top/i_ioring/i_VDDCORE_45
inst:lp_riscv_top/i_ioring/i_VSSIO_51
inst:lp_riscv_top/i_ioring/i_VDDIO_52
inst:lp_riscv_top/i_ioring/i_VDDCORE_53
inst:lp_riscv_top/i_ioring/i_VSSIO_59
inst:lp_riscv_top/i_ioring/i_VDDIO_60
inst:lp_riscv_top/i_ioring/i_VDDCORE_61
inst:lp_riscv_top/i_ioring/i_IO_PLACEHOLD_30
inst:lp_riscv_top/i_ioring/i_IO_PLACEHOLD_31
inst:lp_riscv_top/i_ioring/i_IO_PLACEHOLD_32
inst:lp_riscv_top/i_ioring/i_IO_PLACEHOLD_49
inst:lp_riscv_top/i_ioring/i_IO_PLACEHOLD_50
inst:lp_riscv_top/i_ioring/i_CLOCK_EN
inst:lp_riscv_top/i_ioring/i_TEST_EN
inst:lp_riscv_top/i_ioring/i_IRAM_PROG_BYTE_0
inst:lp_riscv_top/i_ioring/i_IRAM_PROG_BYTE_1
inst:lp_riscv_top/i_ioring/i_IRAM_PROG_BYTE_2
inst:lp_riscv_top/i_ioring/i_IRAM_PROG_BYTE_3
inst:lp_riscv_top/i_ioring/i_IRAM_PROG_BYTE_4
inst:lp_riscv_top/i_ioring/i_IRAM_PROG_BYTE_5
inst:lp_riscv_top/i_ioring/i_IRAM_PROG_BYTE_6
inst:lp_riscv_top/i_ioring/i_IRAM_PROG_BYTE_7
inst:lp_riscv_top/i_ioring/i_FETCH_EN
inst:lp_riscv_top/i_ioring/i_IRAM_PROG_BYTE_IDX_0
inst:lp_riscv_top/i_ioring/i_IRAM_PROG_BYTE_IDX_1
inst:lp_riscv_top/i_ioring/i_IRAM_PROG_DATA_BYTE
inst:lp_riscv_top/i_ioring/i_CLK
inst:lp_riscv_top/i_ioring/i_RST_N
inst:lp_riscv_top/i_ioring/i_EXT_PERF_COUNTERS_5
inst:lp_riscv_top/i_ioring/i_EXT_PERF_COUNTERS_6
inst:lp_riscv_top/i_ioring/i_EXT_PERF_COUNTERS_0
inst:lp_riscv_top/i_ioring/i_EXT_PERF_COUNTERS_1
inst:lp_riscv_top/i_ioring/i_EXT_PERF_COUNTERS_2
inst:lp_riscv_top/i_ioring/i_EXT_PERF_COUNTERS_3
inst:lp_riscv_top/i_ioring/i_EXT_PERF_COUNTERS_4
inst:lp_riscv_top/i_ioring/i_EXT_PERF_COUNTERS_7
inst:lp_riscv_top/i_ioring/i_EXT_PERF_COUNTERS_8
inst:lp_riscv_top/i_ioring/i_EXT_PERF_COUNTERS_9
inst:lp_riscv_top/i_ioring/i_EXT_PERF_COUNTERS_10
inst:lp_riscv_top/i_ioring/i_EXT_PERF_COUNTERS_11
inst:lp_riscv_top/i_ioring/i_EXT_PERF_COUNTERS_12
inst:lp_riscv_top/i_ioring/i_EXT_PERF_COUNTERS_13
inst:lp_riscv_top/i_ioring/i_EXT_PERF_COUNTERS_14
inst:lp_riscv_top/i_ioring/i_EXT_PERF_COUNTERS_15
inst:lp_riscv_top/i_ioring/i_IRAM_PROG_WR
inst:lp_riscv_top/i_ioring/i_IRAM_PROG_ADDR_BYTE
inst:lp_riscv_top/i_ioring/i_DONE_FLAG
inst:lp_riscv_top/lp_riscv/iccm_ram_wrapper/iccm_ram_1/sram_sp_16384x32
inst:lp_riscv_top/lp_riscv/iccm_ram_wrapper/iccm_ram_0/sram_sp_16384x32
Total number of logical only instances in design 'lp_riscv_top' : 66

design 'lp_riscv_top' has the following logical only libcells linked to above instance(s)
lib_cell:default_emulate_libset_max/tpdn65lpnv2od3wc/PVSS3CDG
lib_cell:default_emulate_libset_max/tpdn65lpnv2od3wc/PVDD2POC
lib_cell:default_emulate_libset_max/tpdn65lpnv2od3wc/PVDD1CDG
lib_cell:default_emulate_libset_max/tpdn65lpnv2od3wc/PVDD2CDG
lib_cell:default_emulate_libset_max/tpdn65lpnv2od3wc/PDDW1216CDG
lib_cell:default_emulate_libset_max/tpdn65lpnv2od3wc/PDDW1216SCDG
lib_cell:default_emulate_libset_max/tpdn65lpnv2od3wc/PDUW1216SCDG
lib_cell:default_emulate_libset_max/USERLIB_ss_1p08v_1p08v_125c/sp_hde_16384_m16

Libcells with no corresponding LEF
----------------------------------
No libcell(s) found.

LEF cells with no corresponding libcell
---------------------------------------

No physical (LEF) cells found.

 Summary
 ------- 

              Name                       Total
----------------------------------------------
Unresolved References                        4
Empty Modules                                1
Unloaded Port(s)                             0
Unloaded Sequential Pin(s)                   0
Unloaded Combinational Pin(s)              214
Assigns                                    217
Undriven Port(s)                             0
Undriven Leaf Pin(s)                        24
Undriven hierarchical pin(s)                 8
Multidriven Port(s)                          0
Multidriven Leaf Pin(s)                    181
Multidriven hierarchical Pin(s)            128
Multidriven unloaded net(s)                  0
Constant Port(s)                             0
Constant Leaf Pin(s)                       486
Constant hierarchical Pin(s)              6018
Preserved leaf instance(s)                   2
Preserved hierarchical instance(s)           0
Feedthrough Modules(s)                       0
Libcells with no LEF cell                    0
Physical (LEF) cells with no libcell         0
Subdesigns with long module name             0
Physical only instance(s)                    0
Logical only instance(s)                    66

  Done Checking the design.
