
Cadence Innovus(TM) Implementation System.
Copyright 2021 Cadence Design Systems, Inc. All rights reserved worldwide.

Version:	v21.15-s110_1, built Fri Sep 23 13:08:12 PDT 2022
Options:	-stylus 
Date:		Mon Feb 10 15:48:45 2025
Host:		ip-10-70-158-178.il-central-1.compute.internal (x86_64 w/Linux 4.14.355-275.570.amzn2.x86_64) (1core*2cpus*Intel(R) Xeon(R) Platinum 8375C CPU @ 2.90GHz 55296KB)
OS:		CentOS Linux release 7.9.2009 (Core)

License:
		[15:48:45.019929] Configured Lic search path (21.01-s002): 5280@ip-10-70-133-150.il-central-1.compute.internal

		invs	Innovus Implementation System	21.1	checkout succeeded
		8 CPU jobs allowed with the current license(s). Use set_multi_cpu_usage to set your required CPU count.


Create and set the environment variable TMPDIR to /tmp/innovus_temp_17057_ip-10-70-158-178.il-central-1.compute.internal_liosky_8LPhOa.

The soft stacksize limit is either up to the hard limit or larger than 0.2% of RAM. No change is needed.
[INFO] Loading PVS 23.11 fill procedures

**INFO:  MMMC transition support version v31-84 

@innovus 1> set design(TOPLEVEL) "lp_riscv_top"
lp_riscv_top
@innovus 2> set runtype "pnr"
set runtype "pnr"
pnr
@innovus 3> set debug_file "debug.txt"
set debug_file "debug.txt"
debug.txt
@innovus 4> 

@innovus 4> # Load general procedures
# Load general procedures
@innovus 5> source ../scripts/procsource ../scripts/procedures.tcl -quiet
edures.tcl -quiet
@innovus 6> 

@innovus 6> ###############################################
###############################################
@innovus 7> # Starting Stage - Load defines and technology
# Starting Stage - Load defines and technology
@innovus 8> ##############################################################################################

@innovus 9> enics_start_stage "start"
enics_start_stage "start"
*****************************************
*****************************************
**   ENICSINFO: Starting stage start   **
*****************************************
*****************************************
ENICSINFO: Current time is: 10/02/2025 15:50
ENICSINFO: This session is running on Hostname : ip-10-70-158-178.il-central-1.compute.internal
ENICSINFO: The log file is innovus.log and the command file is innovus.cmd
ENICSINFO: ----------------------------------
@innovus 10>
 
@innovus 10> 

@innovus 10> # Load the specific definitions for this project
# Load the specific definitions for this project
@innovus 11> source ../inputs/$design(TOPLEVEL).defines -quiet
source ../inputs/$design(TOPLEVEL).defines -quiet
@innovus 12> 

@innovus 12> 

@innovus 12> 

@innovus 12> # Load the library paths and definitions for this technology
# Load the library paths and definitions for this technology
@innovus 13> source $design(libraries_dir)/libraries.$TECHNOLOGY.tcl -quiet
source $design(libraries_dir)/libraries.$TECHNOLOGY.tcl -quiet
##  Process: 65            (User Set)               
##     Node: (not set)                           

##  Check design process and node:  
##  Design tech node is not set.

Applying the recommended capacitance filtering threshold values for 65nm process node: total_c_th=0, relative_c_th=1 and coupling_c_th=0.1.
	These values will be used by all post-route extraction engines, including TQuantus, IQuantus and Quantus QRC extraction.
	Capacitance filtering mode(extract_rc_cap_filter_mode option of the set_db) is 'relative_and_coupling' for all engines.
	The accuracy mode for post_route extract_rc_effort_level low extraction will be set to 'high'.
	Default value for EffortLevel(extract_rc_effort_level option of the set_db) in post_route extraction mode will be 'medium' if Quantus QRC technology file is specified else 'low'.
@innovus 14> source $design(libraries_dir)/libraries.$SC_TEsource $design(libraries_dir)/libraries.$SC_TECHNOLOGY.tcl -quiet
CHNOLOGY.tcl -quiet
@innovus 15> source $design(libraries_dir)/libraries.$SRAM_TECHNOLOGY.tcl -quiet [1G
source $design(libraries_dir)/libraries.$SRAM_TECHNOLOGY.tcl -quiet
@innovus 16> if {$design(FULLCHIP_OR_MACRO)=="FULLCHIP"} {
+     source $design(libraries_dir)/libraries.$IO_TECHNOLOGY.tclif {$design(FULLCHIP_OR_MACRO)=="FULLCHIP"} {
    source $design(libraries_dir)/libraries.$IO_TECHNOLOGY.tcl -quiet
}
 -quiet
+ }
@innovus 17> set_library_unit -time 1ns -cap 1pf
set_library_unit -time 1ns -cap 1pf
@innovus 18> 

@innovus 18> #############################################
#############################################
@innovus 19> #       Print values to debug file#       Print values to debug file

@innovus 20> #############################################
#############################################
@innovus 21> set var_list {set var_list {runtype}
runtype}
runtype
@innovus 22> set dic_list {paths tech tech_files design}
set dic_list {paths tech tech_files design}
paths tech tech_files design
@innovus 23> enics_print_debug_data w $debug_file "after everything was loaded"  [1G$var_list $dic_list
enics_print_debug_data w $debug_file "after everything was loaded" $var_list $dic_list
@innovus 24> 

@innovus 24> 

@innovus 24> ############################################
############################################
@innovus 25> # Init # Init Design
Design
@innovus 26> ############################################
############################################
@innovus 27> enable_metrics -on
enable_metrics -on
@innovus 28> enics_start_stenics_start_stage "init_design"
age "init_design"
***********************************************
***********************************************
**   ENICSINFO: Starting stage init_design   **
***********************************************
***********************************************
ENICSINFO: Current time is: 10/02/2025 15:50
ENICSINFO: ----------------------------------
@innovus 29> 

@innovus 29> # Global Nets
# Global Nets
@innovus 30> set_db init_ground_nets $design(all_ground_nets)
set_db init_ground_nets $design(all_ground_nets)
1 gnd
@innovus 31> set_db init_power_nets $design(all_power_nets)
set_db init_power_nets $design(all_power_nets)
1 {vdd vddio}
@innovus 32> 

@innovus 32> # MMMC
# MMMC
enics_message "Suppressing the following messages that are reported due to the LIB definitions:" 
@innovus 33> enics_message "Suppressing the following messages that are reported [1G due to the LIB definitions:" 
ENICSINFO: Suppressing the following messages that are reported due to the LIB definitions:
enics_message "$tech(LIB_SUPPRESS_MESSAGES_INNOVUS)"
@innovus 34> enics_message "$tech(LIB_SUPPRESS_MESSAGES_INNOVUS)"
ENICSINFO: TECHLIB-436 TECHLIB-1318 TECHLIB-302 IMPCTE-337 IMPTS-282
@innovus 35> set_message -suppress -id $tech(LIB_SUPPRESS_MESSAGES_INNOVUS) 
set_message -suppress -id $tech(LIB_SUPPRESS_MESSAGES_INNOVUS) 
@innovus 36> enics_message "Reading MMMC File" medium
enics_message "Reading MMMC File" medium

ENICSINFO: Reading MMMC File
----------------------------
@innovus 37> read_mmmc $design(mmmc_viread_mmmc $design(mmmc_view_file) 
ew_file) 
#@ Begin verbose source (pre): 
@file 1: #  Version:1.0 MMMC View Definition File
@file 2: # Do Not Remove Above Line
@file 3:
@file 4: ############# MMMC Hierarchy ########################################################################################
@file 5: #                                                                                                                   #
@file 6: #   Setup Analysis View |                   |--> Constraint Corner --> SDC File                                     #
@file 7: #                       |--> Analysis View  |                                                                       #
@file 8: #    Hold Analysis View |                   |                 |--> Timing Condition --> Library Set --> LIB File    #
@file 9: #                                           |--> Delay Corner |                                                     #
@file 10: #                                                             |--> RC Corner --> QRCTech File                       #
@file 11: #####################################################################################################################
@file 12:
@file 13: # Constraint Modes #
@file 14: # ---------------- #
@@file 15: create_constraint_mode \
	-name functional_mode \
	-sdc_files $design(functional_sdc)
@file 18:
@file 19: # RC Corners #
@file 20: # ---------- #
@file 21: if {$runtype=="synthesis"} {...
@file 24: } else {
@@file 25: set_message -suppress -id ENCEXT-6202 ;
@file 25: # In addition to the technology file, capacitance table file is specified for all RC corners.
@file 26: }
@file 27:
@@file 28: create_rc_corner \
	-name bc_rc_corner \
	-temperature $tech(TEMPERATURE_BC) \
    -qrc_tech $tech_files(QRCTECH_FILE_BC)
@file 32: #	-cap_table $tech_files(CAPTABLE_BC) \
@file 33:
@@file 34: create_rc_corner \
	-name tc_rc_corner \
	-temperature $tech(TEMPERATURE_TC) \
	-qrc_tech $tech_files(QRCTECH_FILE_TC)
@file 38: #	-cap_table $tech_files(CAPTABLE_TC) \
@file 39:
@@file 40: create_rc_corner \
	-name wc_rc_corner \
	-temperature $tech(TEMPERATURE_WC) \
    -qrc_tech $tech_files(QRCTECH_FILE_WC)
@file 44: #	-cap_table $tech_files(CAPTABLE_WC) \
@file 45:
@file 46: # Library Sets #
@file 47: # ------------ #
@@file 48: create_library_set \
	-name bc_libset \
	-timing $tech_files(ALL_BC_LIBS)  
@file 51: # -aocv $tech_files(ALL_BC_AOCV_LIBS)
@file 52:
@@file 53: create_library_set \
	-name tc_libset \
	-timing $tech_files(ALL_TC_LIBS)  
@file 56: # -aocv $tech_files(ALL_TC_AOCV_LIBS)
@file 57:     
@@file 58: create_library_set \
	-name wc_libset \
	-timing $tech_files(ALL_WC_LIBS)  
@file 61: # -aocv $tech_files(ALL_WC_AOCV_LIBS)
@file 62:
@file 63: # Timing Conditions #
@file 64: # ----------------- #
@@file 65: create_timing_condition \
   -name         bc_timing_condition \
   -library_sets bc_libset
@file 68:
@@file 69: create_timing_condition \
   -name         tc_timing_condition \
   -library_sets tc_libset
@file 72:
@@file 73: create_timing_condition \
   -name         wc_timing_condition \
   -library_sets wc_libset
@file 76:
@file 77: # Delay Corners #
@file 78: # ------------- #
@@file 79: create_delay_corner \
	-name bc_dly_corner \
	-timing_condition bc_timing_condition \
	-rc_corner bc_rc_corner
@file 83:
@@file 84: create_delay_corner \
	-name tc_dly_corner \
	-timing_condition tc_timing_condition \
	-rc_corner tc_rc_corner
@file 88:
@@file 89: create_delay_corner \
	-name wc_dly_corner \
	-timing_condition wc_timing_condition \
	-rc_corner wc_rc_corner
@file 93:
@file 94: # Analysis Views #
@file 95: # -------------- #
@@file 96: create_analysis_view \
	-name bc_analysis_view \
	-constraint_mode functional_mode \
	-delay_corner bc_dly_corner
@file 100:
@@file 101: create_analysis_view \
    -name tc_analysis_view \
	-constraint_mode functional_mode \
	-delay_corner tc_dly_corner
@file 105:
@@file 106: create_analysis_view \
	-name wc_analysis_view \
	-constraint_mode functional_mode \
	-delay_corner wc_dly_corner
@file 110:
@file 111: # Selected Analysis Views #
@file 112: # ----------------------- #
@@file 113: set_analysis_view \
	-setup $design(selected_setup_analysis_views) \
	-hold  $design(selected_hold_analysis_views)
@file 116: # -leakage $design(selected_leakage_analysis_views)
@file 117:     # -dynamic $design(selected_dynamic_power_analysis_views)
@file 118:
@file 119:
#@ End verbose source: /data/project/tsmc65/users/liosky/ws/DVD25/hw7/workspace/../inputs/lp_riscv_top.mmmc
Reading wc_libset timing library '/tech/tsmc/65LP/dig_libs/ARM_FEONLY/arm/tsmc/cln65lp/sc9_base_rvt/r0p0/lib/sc9_cln65lp_base_rvt_ss_typical_max_0p90v_125c.lib' ...
Read 949 cells in library 'sc9_cln65lp_base_rvt_ss_typical_max_0p90v_125c' 
Reading wc_libset timing library '/tech/tsmc/65LP/dig_libs/ARM_FEONLY/arm/tsmc/cln65lp/sc9_base_lvt/r0p0/lib/sc9_cln65lp_base_lvt_ss_typical_max_0p90v_125c.lib' ...
Read 949 cells in library 'sc9_cln65lp_base_lvt_ss_typical_max_0p90v_125c' 
Reading wc_libset timing library '/tech/tsmc/65LP/dig_libs/ARM_FEONLY/arm/tsmc/cln65lp/sc9_base_hvt/r0p0/lib/sc9_cln65lp_base_hvt_ss_typical_max_0p90v_125c.lib' ...
Read 949 cells in library 'sc9_cln65lp_base_hvt_ss_typical_max_0p90v_125c' 
Reading wc_libset timing library '/project/tsmc65/users/liosky/ws/DVD25/hw7/mem_gen/SP_8192X32/M16/sp_hse_8192_m16_ss_1p08v_1p08v_125c.lib' ...
Read 1 cells in library 'USERLIB_ss_1p08v_1p08v_125c' 
Reading wc_libset timing library '/project/tsmc65/users/liosky/ws/DVD25/hw7/mem_gen/SP_16384X32/M16/sp_hde_16384_m16_ss_1p08v_1p08v_125c.lib' ...
**WARN: (TECHLIB-459):	Appending library 'USERLIB_ss_1p08v_1p08v_125c' to the previously read library of the same name and nominal PVT. Cell definitions from the previously read library will not be overridden. (File /project/tsmc65/users/liosky/ws/DVD25/hw7/mem_gen/SP_16384X32/M16/sp_hde_16384_m16_ss_1p08v_1p08v_125c.lib)
Read 1 cells in library 'USERLIB_ss_1p08v_1p08v_125c' 
Reading wc_libset timing library '/tech/tsmc/65LP/dig_libs/ARM_FEONLY/TSMCHOME_fe/digital/Front_End/timing_power_noise/NLDM/tpdn65lpnv2od3_200a/tpdn65lpnv2od3wc.lib' ...
Read 47 cells in library 'tpdn65lpnv2od3wc' 
Reading bc_libset timing library '/tech/tsmc/65LP/dig_libs/ARM_FEONLY/arm/tsmc/cln65lp/sc9_base_rvt/r0p0/lib/sc9_cln65lp_base_rvt_ff_typical_min_1p32v_m40c.lib' ...
Read 949 cells in library 'sc9_cln65lp_base_rvt_ff_typical_min_1p32v_m40c' 
Reading bc_libset timing library '/tech/tsmc/65LP/dig_libs/ARM_FEONLY/arm/tsmc/cln65lp/sc9_base_lvt/r0p0/lib/sc9_cln65lp_base_lvt_ff_typical_min_1p32v_m40c.lib' ...
Read 949 cells in library 'sc9_cln65lp_base_lvt_ff_typical_min_1p32v_m40c' 
Reading bc_libset timing library '/tech/tsmc/65LP/dig_libs/ARM_FEONLY/arm/tsmc/cln65lp/sc9_base_hvt/r0p0/lib/sc9_cln65lp_base_hvt_ff_typical_min_1p32v_m40c.lib' ...
Read 949 cells in library 'sc9_cln65lp_base_hvt_ff_typical_min_1p32v_m40c' 
Reading bc_libset timing library '/project/tsmc65/users/liosky/ws/DVD25/hw7/mem_gen/SP_8192X32/M16/sp_hse_8192_m16_ff_1p32v_1p32v_m40c.lib' ...
Read 1 cells in library 'USERLIB_ff_1p32v_1p32v_m40c' 
Reading bc_libset timing library '/project/tsmc65/users/liosky/ws/DVD25/hw7/mem_gen/SP_16384X32/M16/sp_hde_16384_m16_ff_1p32v_1p32v_m40c.lib' ...
**WARN: (TECHLIB-459):	Appending library 'USERLIB_ff_1p32v_1p32v_m40c' to the previously read library of the same name and nominal PVT. Cell definitions from the previously read library will not be overridden. (File /project/tsmc65/users/liosky/ws/DVD25/hw7/mem_gen/SP_16384X32/M16/sp_hde_16384_m16_ff_1p32v_1p32v_m40c.lib)
Read 1 cells in library 'USERLIB_ff_1p32v_1p32v_m40c' 
Reading bc_libset timing library '/tech/tsmc/65LP/dig_libs/ARM_FEONLY/TSMCHOME_fe/digital/Front_End/timing_power_noise/NLDM/tpdn65lpnv2od3_200a/tpdn65lpnv2od3bc.lib' ...
Read 47 cells in library 'tpdn65lpnv2od3bc' 
timing_initialized
@innovus 38> 

@innovus 38> # LEFs
# LEFs
@innovus 39> enics_message "Suppressing the following messages that are reported [1G due to the LEF definitions:" 
enics_message "Suppressing the following messages that are reported due to the LEF definitions:" 
ENICSINFO: Suppressing the following messages that are reported due to the LEF definitions:
@innovus 40> enics_message "$tech(LEF_SUPPRESS_MESSAGES_INNOVUS)"
enics_message "$tech(LEF_SUPPRESS_MESSAGES_INNOVUS)"
ENICSINFO: ENCEXT-6202 IMPLF-200 LEFPARS-2001 LEFPARS-2065 LEFPARS-2076 IMPLF-58 IMPFP-3961 IMPSR-4302
@innovus 41> set_message -suppress -id $tech(LEF_SUPPRESS_MESSAGES_INNOVUS) 
set_message -suppress -id $tech(LEF_SUPPRESS_MESSAGES_INNOVUS) 
@innovus 42> enics_message "Reading LEF enics_message "Reading LEF abstracts"
abstracts"
ENICSINFO: Reading LEF abstracts
@innovus 43> read_physical -lef $tech_files(ALL_LEFS)
read_physical -lef $tech_files(ALL_LEFS)

Loading LEF file /data/tsmc/65LP/dig_libs/ARM_FEONLY/arm/tsmc/cln65lp//arm_tech/r2p0/lef/1p9m_6x2z/sc9_tech.lef ...

Loading LEF file /data/tsmc/65LP/dig_libs/ARM_FEONLY/arm/tsmc/cln65lp//sc9_base_rvt/r0p0/lef/sc9_cln65lp_base_rvt.lef ...
Set DBUPerIGU to M2 pitch 400.

Loading LEF file /data/tsmc/65LP/dig_libs/ARM_FEONLY/arm/tsmc/cln65lp//sc9_base_lvt/r0p0/lef/sc9_cln65lp_base_lvt.lef ...

Loading LEF file /data/tsmc/65LP/dig_libs/ARM_FEONLY/arm/tsmc/cln65lp//sc9_base_hvt/r0p0/lef/sc9_cln65lp_base_hvt.lef ...

Loading LEF file ../mem_gen/SP_8192X32/M16/sp_hse_8192_m16.lef ...

Loading LEF file ../mem_gen/SP_16384X32/M16/sp_hde_16384_m16.lef ...

Loading LEF file /data/project/tsmc65/shared/modified_libraries/tpdn65lpnv2od3_9lm.lef ...
WARNING (LEFPARS-2502): Message (LEFPARS-2065) has been suppressed from output. See file /data/project/tsmc65/shared/modified_libraries/tpdn65lpnv2od3_9lm.lef at line 12683.
WARNING (LEFPARS-2502): Message (LEFPARS-2076) has been suppressed from output. See file /data/project/tsmc65/shared/modified_libraries/tpdn65lpnv2od3_9lm.lef at line 12686.
WARNING (LEFPARS-2502): Message (LEFPARS-2001) has been suppressed from output. See file /data/project/tsmc65/shared/modified_libraries/tpdn65lpnv2od3_9lm.lef at line 13714.

Loading LEF file /data/tsmc/65LP/dig_libs/ARM_FEONLY/TSMCHOME_fe/digital/Back_End/lef/tpdn65lpnv2od3_140b/mt/9lm/lef//antenna_9lm.lef ...
**WARN: (IMPLF-61):	43 duplicated MACRO definitions have been found in the LEF file(s). Their content except DENSITY and PIN ANTENNA* data, and certain properties, have been ignored.
Review the LEF files specified in the init_lef_files variable and remove redundant definitions.
Type 'man IMPLF-61' for more detail.

##  Check design process and node:  
##  Design tech node is not set.

0
@innovus 44> 

@innovus 44> # Post Synthesis Netlist
# Post Synthesis Netlist
@innovus 45> enics_message "Reading the Post Synthesis netlist at $design(postsy [1Gn_netlist)" medium
enics_message "Reading the Post Synthesis netlist at $design(postsyn_netlist)" medium

ENICSINFO: Reading the Post Synthesis netlist at /data/project/tsmc65/users/liosky/ws/DVD25/hw7/workspace/../export/lp_riscv_top.postsyn.v
------------------------------------------------------------------------------------------------------------------------------------------
@innovus 46> read_netlist $design(postsyn_netlist)
read_netlist $design(postsyn_netlist)
#% Begin Load netlist data ... (date=02/10 15:50:41, mem=1039.3M)
*** Begin netlist parsing (mem=7337.9M) ***
Pin 'VSS' of cell 'PVSS3CDG' is declared as power/ground in LEF but as signal in timing library.  Treat it as power/ground.
Pin 'VSSPST' of cell 'PVSS2CDG' is declared as power/ground in LEF but as signal in timing library.  Treat it as power/ground.
Pin 'AVSS' of cell 'PVSS2ANA' is declared as power/ground in LEF but as signal in timing library.  Treat it as power/ground.
Pin 'VSS' of cell 'PVSS1CDG' is declared as power/ground in LEF but as signal in timing library.  Treat it as power/ground.
Pin 'AVSS' of cell 'PVSS1ANA' is declared as power/ground in LEF but as signal in timing library.  Treat it as power/ground.
Pin 'VDDPST' of cell 'PVDD2POC' is declared as power/ground in LEF but as signal in timing library.  Treat it as power/ground.
Pin 'VDDPST' of cell 'PVDD2CDG' is declared as power/ground in LEF but as signal in timing library.  Treat it as power/ground.
Pin 'AVDD' of cell 'PVDD2ANA' is declared as power/ground in LEF but as signal in timing library.  Treat it as power/ground.
Pin 'VDD' of cell 'PVDD1CDG' is declared as power/ground in LEF but as signal in timing library.  Treat it as power/ground.
Pin 'AVDD' of cell 'PVDD1ANA' is declared as power/ground in LEF but as signal in timing library.  Treat it as power/ground.
Created 2896 new cells from 10 timing libraries.
Reading netlist ...
Backslashed names will retain backslash and a trailing blank character.
Reading verilog netlist '/data/project/tsmc65/users/liosky/ws/DVD25/hw7/workspace/../export/lp_riscv_top.postsyn.v'
**WARN: (IMPVL-346):	Module 'sp_hde_8192_m16' is instantiated in the netlist, but is not defined in the LEF files.  Since there is no real cell definition for such a cell, it will be treated as an empty module.
Type 'man IMPVL-346' for more detail.

*** Memory Usage v#1 (Current mem = 7344.898M, initial mem = 2004.215M) ***
*** End netlist parsing (cpu=0:00:00.2, real=0:00:00.0, mem=7344.9M) ***
#% End Load netlist data ... (date=02/10 15:50:41, total cpu=0:00:00.3, real=0:00:00.0, peak res=1190.9M, current mem=1190.9M)
Top level cell is lp_riscv_top.
Hooked 5792 DB cells to tlib cells.
**WARN: (IMPDB-2504):	Unable to find netlist cell in the design data of the library or LEF. The 'sp_hde_8192_m16' cell is instantiated in the Verilog netlist, but not defined in the library or design data.  Its pin directions might be derived incorrectly. Include the cell definition or its pin information in the library or design data and reload the design to avoid potential issues.
Type 'man IMPDB-2504' for more detail.
1 empty module found.
Starting recursive module instantiation check.
No recursion found.
Term dir updated for 0 vinsts of 1 cells.
Building hierarchical netlist for Cell lp_riscv_top ...
*** Netlist is unique.
** info: there are 5919 modules.
** info: there are 24735 stdCell insts.
** info: there are 68 Pad insts.
** info: there are 2 macros.

*** Memory Usage v#1 (Current mem = 7457.312M, initial mem = 2004.215M) ***
0
@innovus 47> 

@innovus 47> # Import and initialize design
# Import and initialize design
@innovus 48> enics_message "Running init_design command" medium
enics_message "Running init_design command" medium

ENICSINFO: Running init_design command
--------------------------------------
@innovus 49> init_dinit_design
esign
Pre-connect netlist-defined P/G connections...
  Updated 24 instances.
Initializing I/O assignment ...
Start create_tracks
Extraction setup Started 
Initializing multi-corner RC extraction with 2 active RC Corners ...
Captable file(s) not specified in multi-corner setup. PreRoute extraction will use technology file. For post_route extraction, default value for effort level would be 'medium' and effort level 'low' would not be allowed.
Generating auto layer map file.
Importing multi-corner technology file(s) for preRoute extraction...
/data/tsmc/65LP/QRC/1.3a//rcworst/qrcTechFile
Generating auto layer map file.
/data/tsmc/65LP/QRC/1.3a//rcbest/qrcTechFile
Generating auto layer map file.
Completed (cpu: 0:00:04.3 real: 0:00:04.0)
Set Shrink Factor to 1.00000
Summary of Active RC-Corners : 
 
 Analysis View: wc_analysis_view
    RC-Corner Name        : wc_rc_corner
    RC-Corner Index       : 0
    RC-Corner Temperature : 125 Celsius
    RC-Corner Cap Table   : ''
    RC-Corner PreRoute Res Factor         : 1
    RC-Corner PreRoute Cap Factor         : 1
    RC-Corner PostRoute Res Factor        : 1 {1 1 1}
    RC-Corner PostRoute Cap Factor        : 1 {1 1 1}
    RC-Corner PostRoute XCap Factor       : 1 {1 1 1}
    RC-Corner PreRoute Clock Res Factor   : 1	[Derived from postRoute_res (effortLevel low)]
    RC-Corner PreRoute Clock Cap Factor   : 1	[Derived from postRoute_cap (effortLevel low)]
    RC-Corner PostRoute Clock Cap Factor  : 1 {1 1 1} 	[Derived from postRoute_cap (effortLevel low)]
    RC-Corner PostRoute Clock Res Factor  : 1 {1 1 1} 	[Derived from postRoute_res (effortLevel low)]
    RC-Corner PostRoute Clock coupling capacitance Factor : 1 {1 1 1} 
    RC-Corner Technology file: '/data/tsmc/65LP/QRC/1.3a//rcworst/qrcTechFile'
 
 Analysis View: bc_analysis_view
    RC-Corner Name        : bc_rc_corner
    RC-Corner Index       : 1
    RC-Corner Temperature : -40 Celsius
    RC-Corner Cap Table   : ''
    RC-Corner PreRoute Res Factor         : 1
    RC-Corner PreRoute Cap Factor         : 1
    RC-Corner PostRoute Res Factor        : 1 {1 1 1}
    RC-Corner PostRoute Cap Factor        : 1 {1 1 1}
    RC-Corner PostRoute XCap Factor       : 1 {1 1 1}
    RC-Corner PreRoute Clock Res Factor   : 1	[Derived from postRoute_res (effortLevel low)]
    RC-Corner PreRoute Clock Cap Factor   : 1	[Derived from postRoute_cap (effortLevel low)]
    RC-Corner PostRoute Clock Cap Factor  : 1 {1 1 1} 	[Derived from postRoute_cap (effortLevel low)]
    RC-Corner PostRoute Clock Res Factor  : 1 {1 1 1} 	[Derived from postRoute_res (effortLevel low)]
    RC-Corner PostRoute Clock coupling capacitance Factor : 1 {1 1 1} 
    RC-Corner Technology file: '/data/tsmc/65LP/QRC/1.3a//rcbest/qrcTechFile'
Updating RC grid for preRoute extraction ...
Initializing multi-corner resistance tables ...
Default value for post_route extraction mode's extract_rc_effort_level (extract_rc_effort_level option of set_db) changed to 'medium'.
*Info: initialize multi-corner CTS.
Reading timing constraints file '/data/project/tsmc65/users/liosky/ws/DVD25/hw7/workspace/../inputs/lp_riscv_top.sdc' ...
Current (total cpu=0:00:40.6, real=0:02:03, peak res=1709.1M, current mem=1709.1M)
INFO (CTE): Constraints read successfully.
Ending "Constraint file reading stats" (total cpu=0:00:00.1, real=0:00:00.0, peak res=1752.5M, current mem=1752.4M)
Current (total cpu=0:00:40.6, real=0:02:03, peak res=1752.5M, current mem=1752.4M)
Total number of combinational cells: 2058
Total number of sequential cells: 762
Total number of tristate cells: 27
Total number of level shifter cells: 0
Total number of power gating cells: 0
Total number of isolation cells: 0
Total number of power switch cells: 0
Total number of pulse generator cells: 0
Total number of always on buffers: 0
Total number of retention cells: 0
List of usable buffers: BUFH_X11M_A9TH BUFH_X13M_A9TH BUFH_X16M_A9TH BUFH_X2M_A9TH BUFH_X1P7M_A9TH BUFH_X4M_A9TH BUFH_X5M_A9TH BUFH_X6M_A9TH BUFH_X7P5M_A9TH BUFH_X9M_A9TH BUFH_X0P8M_A9TL BUFH_X0P7M_A9TL BUFH_X11M_A9TL BUFH_X13M_A9TL BUFH_X16M_A9TL BUFH_X1M_A9TL BUFH_X1P4M_A9TL BUFH_X1P2M_A9TL BUFH_X2M_A9TL BUFH_X1P7M_A9TL BUFH_X3M_A9TL BUFH_X2P5M_A9TL BUFH_X4M_A9TL BUFH_X3P5M_A9TL BUFH_X5M_A9TL BUFH_X6M_A9TL BUFH_X7P5M_A9TL BUFH_X9M_A9TL BUF_X0P7B_A9TL BUF_X0P7M_A9TL BUF_X0P8M_A9TL BUF_X0P8B_A9TL BUF_X11M_A9TL BUF_X11B_A9TL BUF_X13M_A9TL BUF_X13B_A9TL BUF_X16B_A9TL BUF_X16M_A9TL BUF_X1M_A9TL BUF_X1B_A9TL BUF_X1P2B_A9TL BUF_X1P2M_A9TL BUF_X1P4B_A9TL BUF_X1P4M_A9TL BUF_X1P7B_A9TL BUF_X1P7M_A9TL BUF_X2M_A9TL BUF_X2B_A9TL BUF_X2P5B_A9TL BUF_X2P5M_A9TL BUF_X3M_A9TL BUF_X3B_A9TL BUF_X3P5M_A9TL BUF_X3P5B_A9TL BUF_X4M_A9TL BUF_X4B_A9TL BUF_X5M_A9TL BUF_X5B_A9TL BUF_X6M_A9TL BUF_X6B_A9TL BUF_X7P5M_A9TL BUF_X7P5B_A9TL BUF_X9B_A9TL BUF_X9M_A9TL DLY2_X0P5M_A9TL DLY2_X1M_A9TL DLY2_X2M_A9TL DLY2_X4M_A9TL BUFH_X0P8M_A9TR BUFH_X0P7M_A9TR BUFH_X11M_A9TR BUFH_X13M_A9TR BUFH_X16M_A9TR BUFH_X1M_A9TR BUFH_X1P4M_A9TR BUFH_X1P2M_A9TR BUFH_X2M_A9TR BUFH_X1P7M_A9TR BUFH_X3M_A9TR BUFH_X2P5M_A9TR BUFH_X4M_A9TR BUFH_X3P5M_A9TR BUFH_X5M_A9TR BUFH_X6M_A9TR BUFH_X7P5M_A9TR BUFH_X9M_A9TR BUF_X0P7B_A9TR BUF_X0P7M_A9TR BUF_X0P8M_A9TR BUF_X0P8B_A9TR BUF_X11M_A9TR BUF_X11B_A9TR BUF_X13M_A9TR BUF_X13B_A9TR BUF_X16B_A9TR BUF_X16M_A9TR BUF_X1M_A9TR BUF_X1B_A9TR BUF_X1P2B_A9TR BUF_X1P2M_A9TR BUF_X1P4B_A9TR BUF_X1P4M_A9TR BUF_X1P7B_A9TR BUF_X1P7M_A9TR BUF_X2M_A9TR BUF_X2B_A9TR BUF_X2P5B_A9TR BUF_X2P5M_A9TR BUF_X3M_A9TR BUF_X3B_A9TR BUF_X3P5M_A9TR BUF_X3P5B_A9TR BUF_X4M_A9TR BUF_X4B_A9TR BUF_X5M_A9TR BUF_X5B_A9TR BUF_X6M_A9TR BUF_X6B_A9TR BUF_X7P5M_A9TR BUF_X7P5B_A9TR BUF_X9B_A9TR BUF_X9M_A9TR
Total number of usable buffers: 122
List of unusable buffers: FRICG_X0P5B_A9TL FRICG_X0P6B_A9TL FRICG_X0P8B_A9TL FRICG_X0P7B_A9TL FRICG_X11B_A9TL FRICG_X13B_A9TL FRICG_X16B_A9TL FRICG_X1B_A9TL FRICG_X1P2B_A9TL FRICG_X1P4B_A9TL FRICG_X2B_A9TL FRICG_X1P7B_A9TL FRICG_X3B_A9TL FRICG_X2P5B_A9TL FRICG_X4B_A9TL FRICG_X3P5B_A9TL FRICG_X5B_A9TL FRICG_X6B_A9TL FRICG_X7P5B_A9TL FRICG_X9B_A9TL FRICG_X0P5B_A9TR FRICG_X0P6B_A9TR FRICG_X0P8B_A9TR FRICG_X0P7B_A9TR FRICG_X11B_A9TR FRICG_X13B_A9TR FRICG_X16B_A9TR FRICG_X1B_A9TR FRICG_X1P2B_A9TR FRICG_X1P4B_A9TR FRICG_X2B_A9TR FRICG_X1P7B_A9TR FRICG_X3B_A9TR FRICG_X2P5B_A9TR FRICG_X4B_A9TR FRICG_X3P5B_A9TR FRICG_X5B_A9TR FRICG_X6B_A9TR FRICG_X7P5B_A9TR FRICG_X9B_A9TR
Total number of unusable buffers: 40
List of usable inverters: INV_X0P5B_A9TH INV_X0P5M_A9TH INV_X0P6B_A9TH INV_X0P6M_A9TH INV_X0P7B_A9TH INV_X0P7M_A9TH INV_X0P8M_A9TH INV_X0P8B_A9TH INV_X11M_A9TH INV_X11B_A9TH INV_X13M_A9TH INV_X13B_A9TH INV_X16B_A9TH INV_X16M_A9TH INV_X1M_A9TH INV_X1B_A9TH INV_X1P2B_A9TH INV_X1P2M_A9TH INV_X1P4B_A9TH INV_X1P4M_A9TH INV_X1P7B_A9TH INV_X1P7M_A9TH INV_X2M_A9TH INV_X2B_A9TH INV_X2P5B_A9TH INV_X2P5M_A9TH INV_X3M_A9TH INV_X3B_A9TH INV_X3P5B_A9TH INV_X3P5M_A9TH INV_X4M_A9TH INV_X4B_A9TH INV_X5M_A9TH INV_X5B_A9TH INV_X6M_A9TH INV_X6B_A9TH INV_X7P5M_A9TH INV_X7P5B_A9TH INV_X9B_A9TH INV_X9M_A9TH INV_X0P5B_A9TL INV_X0P5M_A9TL INV_X0P6B_A9TL INV_X0P6M_A9TL INV_X0P7B_A9TL INV_X0P7M_A9TL INV_X0P8M_A9TL INV_X0P8B_A9TL INV_X11M_A9TL INV_X11B_A9TL INV_X13M_A9TL INV_X13B_A9TL INV_X16B_A9TL INV_X16M_A9TL INV_X1M_A9TL INV_X1B_A9TL INV_X1P2B_A9TL INV_X1P2M_A9TL INV_X1P4B_A9TL INV_X1P4M_A9TL INV_X1P7B_A9TL INV_X1P7M_A9TL INV_X2M_A9TL INV_X2B_A9TL INV_X2P5B_A9TL INV_X2P5M_A9TL INV_X3M_A9TL INV_X3B_A9TL INV_X3P5B_A9TL INV_X3P5M_A9TL INV_X4M_A9TL INV_X4B_A9TL INV_X5M_A9TL INV_X5B_A9TL INV_X6M_A9TL INV_X6B_A9TL INV_X7P5M_A9TL INV_X7P5B_A9TL INV_X9B_A9TL INV_X9M_A9TL INV_X0P5B_A9TR INV_X0P5M_A9TR INV_X0P6B_A9TR INV_X0P6M_A9TR INV_X0P7B_A9TR INV_X0P7M_A9TR INV_X0P8M_A9TR INV_X0P8B_A9TR INV_X11M_A9TR INV_X11B_A9TR INV_X13M_A9TR INV_X13B_A9TR INV_X16B_A9TR INV_X16M_A9TR INV_X1M_A9TR INV_X1B_A9TR INV_X1P2B_A9TR INV_X1P2M_A9TR INV_X1P4B_A9TR INV_X1P4M_A9TR INV_X1P7B_A9TR INV_X1P7M_A9TR INV_X2M_A9TR INV_X2B_A9TR INV_X2P5B_A9TR INV_X2P5M_A9TR INV_X3M_A9TR INV_X3B_A9TR INV_X3P5B_A9TR INV_X3P5M_A9TR INV_X4M_A9TR INV_X4B_A9TR INV_X5M_A9TR INV_X5B_A9TR INV_X6M_A9TR INV_X6B_A9TR INV_X7P5M_A9TR INV_X7P5B_A9TR INV_X9M_A9TR INV_X9B_A9TR
Total number of usable inverters: 120
List of unusable inverters:
Total number of unusable inverters: 0
List of identified usable delay cells: BUFH_X0P8M_A9TH BUFH_X0P7M_A9TH BUFH_X1M_A9TH BUFH_X1P4M_A9TH BUFH_X1P2M_A9TH BUFH_X3M_A9TH BUFH_X2P5M_A9TH BUFH_X3P5M_A9TH BUF_X0P7B_A9TH BUF_X0P7M_A9TH BUF_X0P8M_A9TH BUF_X0P8B_A9TH BUF_X11M_A9TH BUF_X11B_A9TH BUF_X13M_A9TH BUF_X13B_A9TH BUF_X16B_A9TH BUF_X16M_A9TH BUF_X1M_A9TH BUF_X1B_A9TH BUF_X1P2B_A9TH BUF_X1P2M_A9TH BUF_X1P4B_A9TH BUF_X1P4M_A9TH BUF_X1P7B_A9TH BUF_X1P7M_A9TH BUF_X2M_A9TH BUF_X2B_A9TH BUF_X2P5B_A9TH BUF_X2P5M_A9TH BUF_X3M_A9TH BUF_X3B_A9TH BUF_X3P5M_A9TH BUF_X3P5B_A9TH BUF_X4M_A9TH BUF_X4B_A9TH BUF_X5M_A9TH BUF_X5B_A9TH BUF_X6M_A9TH BUF_X6B_A9TH BUF_X7P5M_A9TH BUF_X7P5B_A9TH BUF_X9B_A9TH BUF_X9M_A9TH DLY2_X0P5M_A9TH DLY2_X1M_A9TH DLY2_X2M_A9TH DLY2_X4M_A9TH DLY4_X1M_A9TH DLY4_X0P5M_A9TH DLY4_X2M_A9TH DLY4_X4M_A9TH DLY4_X1M_A9TL DLY4_X0P5M_A9TL DLY4_X2M_A9TL DLY4_X4M_A9TL DLY2_X0P5M_A9TR DLY2_X1M_A9TR DLY2_X2M_A9TR DLY2_X4M_A9TR DLY4_X1M_A9TR DLY4_X0P5M_A9TR DLY4_X2M_A9TR DLY4_X4M_A9TR
Total number of identified usable delay cells: 64
List of identified unusable delay cells: FRICG_X0P5B_A9TH FRICG_X0P6B_A9TH FRICG_X0P8B_A9TH FRICG_X0P7B_A9TH FRICG_X11B_A9TH FRICG_X13B_A9TH FRICG_X16B_A9TH FRICG_X1B_A9TH FRICG_X1P2B_A9TH FRICG_X1P4B_A9TH FRICG_X2B_A9TH FRICG_X1P7B_A9TH FRICG_X3B_A9TH FRICG_X2P5B_A9TH FRICG_X4B_A9TH FRICG_X3P5B_A9TH FRICG_X5B_A9TH FRICG_X6B_A9TH FRICG_X7P5B_A9TH FRICG_X9B_A9TH
Total number of identified unusable delay cells: 20
@innovus 50> 

@innovus 50> # Load general s# Load general settings
ettings
@innovus 51> source ../scripts/settings.tcl -quiet
source ../scripts/settings.tcl -quiet
AAE_INFO: switching -siAware from false to true ...
AAE_INFO: The setting is changed from false to true in setDelayCalMode -SIAware

# Create cost groups
1 true
@innovus 52> 
@innovus 52> # Create cost groups
@innovus 53> enics_default_cost_groups
enics_default_cost_groups
Created reg2reg path group
Effort level <high> specified for reg2reg path_group
Created reg2cgate path group
Effort level <high> specified for reg2cgate path_group
@innovus 54> 

@innovus 54> # Connect Global # Connect Global Nets
Nets
@innovus 55> enics_message "Connecting Global Nets" medium
enics_message "Connecting Global Nets" medium

ENICSINFO: Connecting Global Nets
---------------------------------
@innovus 56> # Connect standard cells to VDD and GND
# Connect standard cells to VDD and GND
@innovus 57> connect_global_net $design(digital_gnd) -pin $tech(STANDARD_CELL_GN [1GD) -all -verbose
connect_global_net $design(digital_gnd) -pin $tech(STANDARD_CELL_GND) -all -verbose
24735 new gnd-pin connections were made to global net 'gnd'.
@innovus 58> connect_global_net $design(digital_vdd) -pin $tech(STANDARD_CELL_VD [1GD) -all -verbose
connect_global_net $design(digital_vdd) -pin $tech(STANDARD_CELL_VDD) -all -verbose
24735 new pwr-pin connections were made to global net 'vdd'.
@innovus 59> # Connect tie cells
# Connect tie cells
@innovus 60> connect_global_net $design(digital_vdd) -type tiehi -all -verbose 
connect_global_net $design(digital_vdd) -type tiehi -all -verbose 
@innovus 61> connect_global_net $design(digital_gnd) -type tielo -all -verbose 
connect_global_net $design(digital_gnd) -type tielo -all -verbose 
@innovus 62> # connect_global_net $design(digital_vdd) -type tiehi -pin $tech(ST [1GANDARD_CELL_VDD) -all -verbose 
# connect_global_net $design(digital_vdd) -type tiehi -pin $tech(STANDARD_CELL_VDD) -all -verbose 
@innovus 63> # connect_global_net $design(digital_gnd) -type tielo -pin $tech(ST [1GANDARD_CELL_GND) -all -verbose 
# connect_global_net $design(digital_gnd) -type tielo -pin $tech(STANDARD_CELL_GND) -all -verbose 
@innovus 64> 

@innovus 64> # Connect SRAM PG Pins
# Connect SRAM PG Pins
@innovus 65> connect_global_net $design(digital_vdd) -pin $tech(SRAM_VDDCORE_PIN [1G)      -all -verbose 
connect_global_net $design(digital_vdd) -pin $tech(SRAM_VDDCORE_PIN)      -all -verbose 
2 new pwr-pin connections were made to global net 'vdd'.
@innovus 66> connect_global_net $design(digital_vdd) -pin $tech(SRAM_VDDPERIPHER [1GY_PIN) -all -verbose 
connect_global_net $design(digital_vdd) -pin $tech(SRAM_VDDPERIPHERY_PIN) -all -verbose 
connect_global_net $design(digital_gnd) -pin $tech(SRAM_GND_PIN)          -all -verbose 
2 new pwr-pin connections were made to global net 'vdd'.
@innovus 67> connect_global_net $design(digital_gnd) -pin $tech(SRAM_GND_PIN)    [1G       -all -verbose 
2 new gnd-pin connections were made to global net 'gnd'.
@innovus 68> 

@innovus 68> if {$design(FULLCHIP_OR_MACRO)=="FULLCHIP"} {
+     # Connect pads to IO and CORE voltages
+     #    -netlist_override is needed, since GENUS connects these pins to UNCON [1GNECTED during synthesis
+     connect_global_net $design(io_vdd)      -pin $tech(IO_VDDIO)   -hinst i_${ [1Gdesign(IO_MODULE)} -netlist_override -verbose
+     connect_global_net $design(io_gnd)      -pin $tech(IO_GNDIO)   -hinst i_${ [1Gdesign(IO_MODULE)} -netlist_override -verbose
+     connect_global_net $design(digital_vdd) -pin $tech(IO_VDDCORE) -hinst i_${ [1Gdesign(IO_MODULE)} -netlist_override -verbose
+     connect_global_net $design(digital_gnd) -pin $tech(IO_GNDCORE) -hinst i_${ [1Gdesign(IO_MODULE)} -netlist_override -verbose
+ }
if {$design(FULLCHIP_OR_MACRO)=="FULLCHIP"} {
    # Connect pads to IO and CORE voltages
    #    -netlist_override is needed, since GENUS connects these pins to UNCONNECTED during synthesis
    connect_global_net $design(io_vdd)      -pin $tech(IO_VDDIO)   -hinst i_${design(IO_MODULE)} -netlist_override -verbose
    connect_global_net $design(io_gnd)      -pin $tech(IO_GNDIO)   -hinst i_${design(IO_MODULE)} -netlist_override -verbose
    connect_global_net $design(digital_vdd) -pin $tech(IO_VDDCORE) -hinst i_${design(IO_MODULE)} -netlist_override -verbose
    connect_global_net $design(digital_gnd) -pin $tech(IO_GNDCORE) -hinst i_${design(IO_MODULE)} -netlist_override -verbose
}
Override Verilog-defined PG connection...  Connect pwr pin VDDPST of i_ioring/i_VDDIO_4 to global net vddio.
Override Verilog-defined PG connection...  Connect pwr pin VDDPST of i_ioring/i_VDDIO_12 to global net vddio.
Override Verilog-defined PG connection...  Connect pwr pin VDDPST of i_ioring/i_VDDIO_20 to global net vddio.
Override Verilog-defined PG connection...  Connect pwr pin VDDPST of i_ioring/i_VDDIO_28 to global net vddio.
Override Verilog-defined PG connection...  Connect pwr pin VDDPST of i_ioring/i_VDDIO_36 to global net vddio.
Override Verilog-defined PG connection...  Connect pwr pin VDDPST of i_ioring/i_VDDIO_44 to global net vddio.
Override Verilog-defined PG connection...  Connect pwr pin VDDPST of i_ioring/i_VDDIO_52 to global net vddio.
Override Verilog-defined PG connection...  Connect pwr pin VDDPST of i_ioring/i_VDDIO_60 to global net vddio.
8 new pwr-pin connections were made to global net 'vddio'.
Override Verilog-defined PG connection...  Connect gnd pin VSS of i_ioring/i_VSSIO_3 to global net gnd.
Override Verilog-defined PG connection...  Connect gnd pin VSS of i_ioring/i_VSSIO_13 to global net gnd.
Override Verilog-defined PG connection...  Connect gnd pin VSS of i_ioring/i_VSSIO_19 to global net gnd.
Override Verilog-defined PG connection...  Connect gnd pin VSS of i_ioring/i_VSSIO_27 to global net gnd.
Override Verilog-defined PG connection...  Connect gnd pin VSS of i_ioring/i_VSSIO_35 to global net gnd.
Override Verilog-defined PG connection...  Connect gnd pin VSS of i_ioring/i_VSSIO_43 to global net gnd.
Override Verilog-defined PG connection...  Connect gnd pin VSS of i_ioring/i_VSSIO_51 to global net gnd.
Override Verilog-defined PG connection...  Connect gnd pin VSS of i_ioring/i_VSSIO_59 to global net gnd.
8 new gnd-pin connections were made to global net 'gnd'.
Override Verilog-defined PG connection...  Connect pwr pin VDD of i_ioring/i_VDDCORE_5 to global net vdd.
Override Verilog-defined PG connection...  Connect pwr pin VDD of i_ioring/i_VDDCORE_11 to global net vdd.
Override Verilog-defined PG connection...  Connect pwr pin VDD of i_ioring/i_VDDCORE_21 to global net vdd.
Override Verilog-defined PG connection...  Connect pwr pin VDD of i_ioring/i_VDDCORE_29 to global net vdd.
Override Verilog-defined PG connection...  Connect pwr pin VDD of i_ioring/i_VDDCORE_37 to global net vdd.
Override Verilog-defined PG connection...  Connect pwr pin VDD of i_ioring/i_VDDCORE_45 to global net vdd.
Override Verilog-defined PG connection...  Connect pwr pin VDD of i_ioring/i_VDDCORE_53 to global net vdd.
Override Verilog-defined PG connection...  Connect pwr pin VDD of i_ioring/i_VDDCORE_61 to global net vdd.
8 new pwr-pin connections were made to global net 'vdd'.

# Power Intent
# read_power_intent -1801 $design(UPF_file)
# read_power_intent $design(CPF_file)
# commit_power_intent -verbose

# Don't Use and Size Only files
#    If Don't Use file exists
# source $design(dont_use_file)
#    If Size Only file exists
# source $design(size_only_file)
0 new gnd-pin connection was made to global net 'gnd'.
@innovus 69> 
@innovus 69> # Power Intent
@innovus 70> # read_power_intent -1801 $design(UPF_file)
@innovus 71> # read_power_intent $design(CPF_file)
@innovus 72> # commit_power_intent -verbose
@innovus 73> 
@innovus 73> # Don't Use and Size Only files
@innovus 74> #    If Don't Use file exists
@innovus 75> # source $design(dont_use_file)
@innovus 76> #    If Size Only file exists
@innovus 77> # source $design(size_only_file)

@innovus 78> 
@innovus 78> enics_create_stage_reports -save_db no -report_timing no -pop_snaps [1Ghot yes
enics_create_stage_reports -save_db no -report_timing no -pop_snapshot yes

ENICSINFO: Starting to create reports for stage: init_design
------------------------------------------------------------
ENICSINFO: Reports directory is: /data/project/tsmc65/users/liosky/ws/DVD25/hw7/workspace/../reports/init_design/ 
ENICSINFO: Export directory is: /data/project/tsmc65/users/liosky/ws/DVD25/hw7/workspace/../export/init_design/ 
ENICSINFO: Export directory is: /data/project/tsmc65/users/liosky/ws/DVD25/hw7/workspace/../export/init_design/ 
ENICSINFO: Reporting Timing
AAE_INFO: opIsDesignInPostRouteState() is 0
AAE_WARNING: Waveform propagation feature is not supported in pre-route stage, it is turned off.
**WARN: (IMPESI-3478):	Simulation based Equivalent Waveform Model without waveform propagation setting is not properly supported, using moment based EWM instead.
AAE DB initialization (MEM=7944.03 CPU=0:00:00.0 REAL=0:00:00.0) 
#################################################################################
# Design Stage: PreRoute
# Design Name: lp_riscv_top
# Design Mode: 65nm
# Analysis Mode: MMMC OCV 
# Parasitics Mode: No SPEF/RCDB 
# Signoff Settings: SI On (EWM)
#################################################################################
Start delay calculation (fullDC) (1 T). (MEM=8020.06)
**WARN: (IMPMSMV-1810):	Net iram_prog_byte_to_core[7], driver i_ioring/i_IRAM_PROG_BYTE_7/C (cell PDDW1216SCDG) voltage 1.08 does not match receiver lp_riscv/g126663/A0 (cell AO22_X1M_A9TL) voltage 0.9 for view wc_analysis_view.
Type 'man IMPMSMV-1810' for more detail.
**WARN: (IMPMSMV-1810):	Net iram_prog_byte_to_core[7], driver i_ioring/i_IRAM_PROG_BYTE_7/C (cell PDDW1216SCDG) voltage 1.08 does not match receiver lp_riscv/iram_prog_data_reg[3][7]/D (cell DFFRPQ_X1M_A9TL) voltage 0.9 for view wc_analysis_view.
Type 'man IMPMSMV-1810' for more detail.
**WARN: (IMPMSMV-1810):	Net iram_prog_byte_to_core[7], driver i_ioring/i_IRAM_PROG_BYTE_7/C (cell PDDW1216SCDG) voltage 1.08 does not match receiver lp_riscv/iram_prog_data_reg[2][7]/D (cell DFFRPQ_X1M_A9TL) voltage 0.9 for view wc_analysis_view.
Type 'man IMPMSMV-1810' for more detail.
**WARN: (IMPMSMV-1810):	Net iram_prog_byte_to_core[7], driver i_ioring/i_IRAM_PROG_BYTE_7/C (cell PDDW1216SCDG) voltage 1.08 does not match receiver lp_riscv/iram_prog_data_reg[1][7]/D (cell DFFRPQ_X1M_A9TL) voltage 0.9 for view wc_analysis_view.
Type 'man IMPMSMV-1810' for more detail.
**WARN: (IMPMSMV-1810):	Net iram_prog_byte_to_core[7], driver i_ioring/i_IRAM_PROG_BYTE_7/C (cell PDDW1216SCDG) voltage 1.08 does not match receiver lp_riscv/iram_prog_data_reg[0][7]/D (cell DFFRPQ_X1M_A9TL) voltage 0.9 for view wc_analysis_view.
Type 'man IMPMSMV-1810' for more detail.
**WARN: (IMPMSMV-1810):	Net iram_prog_byte_to_core[7], driver i_ioring/i_IRAM_PROG_BYTE_7/C (cell PDDW1216SCDG) voltage 1.08 does not match receiver lp_riscv/iram_prog_addr_reg[1][7]/D (cell DFFRPQ_X1M_A9TL) voltage 0.9 for view wc_analysis_view.
Type 'man IMPMSMV-1810' for more detail.
**WARN: (IMPMSMV-1810):	Net iram_prog_byte_to_core[6], driver i_ioring/i_IRAM_PROG_BYTE_6/C (cell PDDW1216SCDG) voltage 1.08 does not match receiver lp_riscv/g126661/A0 (cell AO22_X1M_A9TL) voltage 0.9 for view wc_analysis_view.
Type 'man IMPMSMV-1810' for more detail.
**WARN: (IMPMSMV-1810):	Net iram_prog_byte_to_core[6], driver i_ioring/i_IRAM_PROG_BYTE_6/C (cell PDDW1216SCDG) voltage 1.08 does not match receiver lp_riscv/iram_prog_data_reg[3][6]/D (cell DFFRPQ_X1M_A9TL) voltage 0.9 for view wc_analysis_view.
Type 'man IMPMSMV-1810' for more detail.
**WARN: (IMPMSMV-1810):	Net iram_prog_byte_to_core[6], driver i_ioring/i_IRAM_PROG_BYTE_6/C (cell PDDW1216SCDG) voltage 1.08 does not match receiver lp_riscv/iram_prog_data_reg[2][6]/D (cell DFFRPQ_X1M_A9TL) voltage 0.9 for view wc_analysis_view.
Type 'man IMPMSMV-1810' for more detail.
**WARN: (IMPMSMV-1810):	Net iram_prog_byte_to_core[6], driver i_ioring/i_IRAM_PROG_BYTE_6/C (cell PDDW1216SCDG) voltage 1.08 does not match receiver lp_riscv/iram_prog_data_reg[1][6]/D (cell DFFRPQ_X1M_A9TL) voltage 0.9 for view wc_analysis_view.
Type 'man IMPMSMV-1810' for more detail.
**WARN: (IMPMSMV-1810):	Net iram_prog_byte_to_core[6], driver i_ioring/i_IRAM_PROG_BYTE_6/C (cell PDDW1216SCDG) voltage 1.08 does not match receiver lp_riscv/iram_prog_data_reg[0][6]/D (cell DFFRPQ_X1M_A9TL) voltage 0.9 for view wc_analysis_view.
Type 'man IMPMSMV-1810' for more detail.
**WARN: (IMPMSMV-1810):	Net iram_prog_byte_to_core[6], driver i_ioring/i_IRAM_PROG_BYTE_6/C (cell PDDW1216SCDG) voltage 1.08 does not match receiver lp_riscv/iram_prog_addr_reg[1][6]/D (cell DFFRPQ_X1M_A9TL) voltage 0.9 for view wc_analysis_view.
Type 'man IMPMSMV-1810' for more detail.
**WARN: (IMPMSMV-1810):	Net iram_prog_byte_to_core[5], driver i_ioring/i_IRAM_PROG_BYTE_5/C (cell PDDW1216SCDG) voltage 1.08 does not match receiver lp_riscv/g126659/A0 (cell AO22_X1M_A9TL) voltage 0.9 for view wc_analysis_view.
Type 'man IMPMSMV-1810' for more detail.
**WARN: (IMPMSMV-1810):	Net iram_prog_byte_to_core[5], driver i_ioring/i_IRAM_PROG_BYTE_5/C (cell PDDW1216SCDG) voltage 1.08 does not match receiver lp_riscv/iram_prog_data_reg[3][5]/D (cell DFFRPQ_X1M_A9TL) voltage 0.9 for view wc_analysis_view.
Type 'man IMPMSMV-1810' for more detail.
**WARN: (IMPMSMV-1810):	Net iram_prog_byte_to_core[5], driver i_ioring/i_IRAM_PROG_BYTE_5/C (cell PDDW1216SCDG) voltage 1.08 does not match receiver lp_riscv/iram_prog_data_reg[2][5]/D (cell DFFRPQ_X1M_A9TL) voltage 0.9 for view wc_analysis_view.
Type 'man IMPMSMV-1810' for more detail.
**WARN: (IMPMSMV-1810):	Net iram_prog_byte_to_core[5], driver i_ioring/i_IRAM_PROG_BYTE_5/C (cell PDDW1216SCDG) voltage 1.08 does not match receiver lp_riscv/iram_prog_data_reg[1][5]/D (cell DFFRPQ_X1M_A9TL) voltage 0.9 for view wc_analysis_view.
Type 'man IMPMSMV-1810' for more detail.
**WARN: (IMPMSMV-1810):	Net iram_prog_byte_to_core[5], driver i_ioring/i_IRAM_PROG_BYTE_5/C (cell PDDW1216SCDG) voltage 1.08 does not match receiver lp_riscv/iram_prog_data_reg[0][5]/D (cell DFFRPQ_X1M_A9TL) voltage 0.9 for view wc_analysis_view.
Type 'man IMPMSMV-1810' for more detail.
**WARN: (IMPMSMV-1810):	Net iram_prog_byte_to_core[5], driver i_ioring/i_IRAM_PROG_BYTE_5/C (cell PDDW1216SCDG) voltage 1.08 does not match receiver lp_riscv/iram_prog_addr_reg[1][5]/D (cell DFFRPQ_X1M_A9TL) voltage 0.9 for view wc_analysis_view.
Type 'man IMPMSMV-1810' for more detail.
**WARN: (IMPMSMV-1810):	Net iram_prog_byte_to_core[4], driver i_ioring/i_IRAM_PROG_BYTE_4/C (cell PDDW1216SCDG) voltage 1.08 does not match receiver lp_riscv/g126662/A0 (cell AO22_X1M_A9TL) voltage 0.9 for view wc_analysis_view.
Type 'man IMPMSMV-1810' for more detail.
**WARN: (IMPMSMV-1810):	Net iram_prog_byte_to_core[4], driver i_ioring/i_IRAM_PROG_BYTE_4/C (cell PDDW1216SCDG) voltage 1.08 does not match receiver lp_riscv/iram_prog_data_reg[3][4]/D (cell DFFRPQ_X1M_A9TL) voltage 0.9 for view wc_analysis_view.
Type 'man IMPMSMV-1810' for more detail.
**WARN: (EMS-27):	Message (IMPMSMV-1810) has exceeded the current message display limit of 20.
To increase the message display limit, refer to the product command reference manual.
Total number of fetched objects 25549
AAE_INFO: Total number of nets for which stage creation was skipped for all views 0
End delay calculation. (MEM=8306.83 CPU=0:00:04.2 REAL=0:00:04.0)
End delay calculation (fullDC). (MEM=8306.83 CPU=0:00:04.9 REAL=0:00:05.0)
ENICSINFO: Writing out Database
wc_timing_condition bc_timing_condition tc_timing_condition
#% Begin save design ... (date=02/10 15:50:56, mem=1941.8M)
% Begin Save ccopt configuration ... (date=02/10 15:50:56, mem=1941.8M)
% End Save ccopt configuration ... (date=02/10 15:50:56, total cpu=0:00:00.0, real=0:00:00.0, peak res=1942.7M, current mem=1942.7M)
% Begin Save netlist data ... (date=02/10 15:50:56, mem=1943.5M)
Writing Binary DB to /data/project/tsmc65/users/liosky/ws/DVD25/hw7/workspace/../dbs/init_design.tmp/lp_riscv_top.v.bin in single-threaded mode...
% End Save netlist data ... (date=02/10 15:50:56, total cpu=0:00:00.1, real=0:00:00.0, peak res=1943.7M, current mem=1943.7M)
Writing Netlist "/data/project/tsmc65/users/liosky/ws/DVD25/hw7/workspace/../dbs/init_design.tmp/lp_riscv_top.v.gz" ...
Saving symbol-table file ...
Saving congestion map file /data/project/tsmc65/users/liosky/ws/DVD25/hw7/workspace/../dbs/init_design.tmp/lp_riscv_top.route.congmap.gz ...
% Begin Save AAE data ... (date=02/10 15:50:57, mem=1944.5M)
Saving AAE Data ...
% End Save AAE data ... (date=02/10 15:50:57, total cpu=0:00:00.0, real=0:00:00.0, peak res=1944.5M, current mem=1944.5M)
Saving preference file /data/project/tsmc65/users/liosky/ws/DVD25/hw7/workspace/../dbs/init_design.tmp/gui.pref.tcl ...
Saving mode setting ...
Saving root attributes to be loaded post write_db ...
Saving global file ...
Saving root attributes to be loaded previous write_db ...
% Begin Save floorplan data ... (date=02/10 15:50:58, mem=1946.9M)
Saving floorplan file ...
% End Save floorplan data ... (date=02/10 15:50:58, total cpu=0:00:00.0, real=0:00:00.0, peak res=1949.1M, current mem=1949.1M)
Saving PG file /data/project/tsmc65/users/liosky/ws/DVD25/hw7/workspace/../dbs/init_design.tmp/lp_riscv_top.pg.gz, version#2, (Created by Innovus v21.15-s110_1 on Mon Feb 10 15:50:58 2025)
*** Completed savePGFile (cpu=0:00:00.0 real=0:00:00.0 mem=8230.4M) ***
Saving Drc markers ...
... No Drc file written since there is no markers found.
% Begin Save placement data ... (date=02/10 15:50:58, mem=1949.3M)
** Saving stdCellPlacement_binary (version# 2) ...
Save Adaptive View Pruning View Names to Binary file
% End Save placement data ... (date=02/10 15:50:58, total cpu=0:00:00.0, real=0:00:00.0, peak res=1949.6M, current mem=1949.6M)
% Begin Save routing data ... (date=02/10 15:50:58, mem=1949.6M)
Saving route file ...
*** Completed saveRoute (cpu=0:00:00.0 real=0:00:00.0 mem=8230.4M) ***
% End Save routing data ... (date=02/10 15:50:58, total cpu=0:00:00.1, real=0:00:00.0, peak res=1949.7M, current mem=1949.7M)
Saving property file /data/project/tsmc65/users/liosky/ws/DVD25/hw7/workspace/../dbs/init_design.tmp/lp_riscv_top.prop
*** Completed saveProperty (cpu=0:00:00.0 real=0:00:00.0 mem=8233.4M) ***
Saving preRoute extracted patterns in file '/data/project/tsmc65/users/liosky/ws/DVD25/hw7/workspace/../dbs/init_design.tmp/lp_riscv_top.techData.gz' ...
Saving preRoute extraction data in directory '/data/project/tsmc65/users/liosky/ws/DVD25/hw7/workspace/../dbs/init_design.tmp/extraction/' ...
% Begin Save power constraints data ... (date=02/10 15:50:59, mem=1951.5M)
% End Save power constraints data ... (date=02/10 15:50:59, total cpu=0:00:00.0, real=0:00:00.0, peak res=1951.5M, current mem=1951.5M)
tc_rc_corner bc_rc_corner wc_rc_corner
tc_rc_corner bc_rc_corner wc_rc_corner
tc_rc_corner bc_rc_corner wc_rc_corner
tc_rc_corner bc_rc_corner wc_rc_corner
tc_rc_corner bc_rc_corner wc_rc_corner
tc_rc_corner bc_rc_corner wc_rc_corner
tc_rc_corner bc_rc_corner wc_rc_corner
Generated self-contained design init_design.tmp
#% End save design ... (date=02/10 15:51:00, total cpu=0:00:01.5, real=0:00:04.0, peak res=1952.5M, current mem=1952.5M)
*** Message Summary: 0 warning(s), 0 error(s)

@innovus 79> 

@innovus 79> ############################################
############################################
@innovus 80> # Floorpla# Floorplan
n
@innovus 81> ############################################
############################################
@innovus 82> enics_start_stage "floorplan"
enics_start_stage "floorplan"
*********************************************
*********************************************
**   ENICSINFO: Starting stage floorplan   **
*********************************************
*********************************************
ENICSINFO: Current time is: 10/02/2025 15:51
ENICSINFO: ----------------------------------
@innovus 83> source ../inputs/$design(TOPLEVEL).floorplan.defines -quiet
source ../inputs/$design(TOPLEVEL).floorplan.defines -quiet
gnd vdd
@innovus 84>
 
@innovus 84> # If Floorplan DEF is available:
# If Floorplan DEF is available:
@innovus 85> # read_def $design(floorplan_def)
# read_def $design(floorplan_def)
@innovus 86> 

@innovus 86> # If SCAN DEF is available
# If SCAN DEF is available
@innovus 87> # read_def $design(scan_def)
# read_def $design(scan_def)
@innovus 88>
 
@innovus 88> 

@innovus 88> # Specify Floorpan
# Specify Floorpan
@innovus 89> #create_floorplan \
+  #   -core_size [list 3000.0 3000.0 300.0 300.0 300.0 300.0] \
+   #  -core_margins_by die \
+    # -flip s \
+     #-match_to_site
#create_floorplan \
 #   -core_size [list 3000.0 3000.0 300.0 300.0 300.0 300.0] \
  #  -core_margins_by die \
   # -flip s \
    #-match_to_site
@innovus 90> create_floorplan -site $tech(STANDARD_CELL_SITE) -match_to_site \
+     -core_size [list 1200 1000] \
+     -flip s
create_floorplan -site $tech(STANDARD_CELL_SITE) -match_to_site \
    -core_size [list 1200 1000] \
    -flip s
**ERROR: (IMPSYC-987):	Syntax error after -s.


@innovus 91> gui_fit
gui_fit
@innovus 92> 

@innovus 92> 

@innovus 92> # Set up pads (for fullchip) or pins (for macro)
# Set up pads (for fullchip) or pins (for macro)

.
CompStatus_RegisterPct
Debug_RegisterChkStop
Debug_UnregisterChkStop
_close.pre_expect
_report_partition_info
_tixDeleteFlags
_tixRecordFlags
add_area_io_fillers
add_area_io_rows
add_clock_tree_exclusion_drivers
add_clock_tree_source_group_roots
add_connection_to_neighbor_partition
add_decap_cell_candidates
add_decaps
add_decomp_filler
add_dummy_boundary_wires
add_endcaps
add_fences
add_filler_gaps
add_fillers
add_gate_array_filler
add_io_buffers
add_io_fillers[14D[23A[14C[23B

README        debug.txt       fv/                  genus.cmd    genus.cmd1
genus.cmd2    genus.cmd3      genus.cmd4           genus.log    genus.log1
genus.log2    genus.log3      genus.log4           innovus.cmd  innovus.log
innovus.logv  pvsUI_ipvs.log  trace_core_00_0.log  waves.shm/   xcelium.d/
xrun.history  xrun.log[22D[4A[22C[4B

README        debug.txt       fv/                  genus.cmd    genus.cmd1
genus.cmd2    genus.cmd3      genus.cmd4           genus.log    genus.log1
genus.log2    genus.log3      genus.log4           innovus.cmd  innovus.log
innovus.logv  pvsUI_ipvs.log  trace_core_00_0.log  waves.shm/   xcelium.d/
xrun.history  xrun.log[22D[4A[22C[4B

README        debug.txt       fv/                  genus.cmd    genus.cmd1
genus.cmd2    genus.cmd3      genus.cmd4           genus.log    genus.log1
genus.log2    genus.log3      genus.log4           innovus.cmd  innovus.log
innovus.logv  pvsUI_ipvs.log  trace_core_00_0.log  waves.shm/   xcelium.d/
xrun.history  xrun.log[22D[4A[22C[4B

.
CompStatus_RegisterPct
Debug_RegisterChkStop
Debug_UnregisterChkStop
_close.pre_expect
_report_partition_info
_tixDeleteFlags
_tixRecordFlags
add_area_io_fillers
add_area_io_rows
add_clock_tree_exclusion_drivers
add_clock_tree_source_group_roots
add_connection_to_neighbor_partition
add_decap_cell_candidates
add_decaps
add_decomp_filler
add_dummy_boundary_wires
add_endcaps
add_fences
add_filler_gaps
add_fillers
add_gate_array_filler
add_io_buffers
add_io_fillers[14D[23A[14C[23B

README        debug.txt       fv/                  genus.cmd    genus.cmd1
genus.cmd2    genus.cmd3      genus.cmd4           genus.log    genus.log1
genus.log2    genus.log3      genus.log4           innovus.cmd  innovus.log
innovus.logv  pvsUI_ipvs.log  trace_core_00_0.log  waves.shm/   xcelium.d/
xrun.history  xrun.log[22D[4A[22C[4B
@innovus 93> if {$design(FULLCHIP_OR_MACRO)=="FULLCHIP"} {
+ enics_message "Defining IO Ring" medium
+ # Reload the IO file after resizing the floorplan
+ read_io_file $design(io_file)
+ # Add IO Fillers
+ add_io_fillers -cells $tech(IO_FILLERS) -prefix IOFILLER
+ # Connect Pad Rings
+ route_special -connect {pad_ring} \
+ -nets "$design(digital_gnd) $design(digital_vdd) $design(io_gnd) $design(io_vd [1Gd)"
+ } elseif {$design(FULLCHIP_OR_MACRO)=="MACRO"} {
+ enics_message "Spreading Pins around Macro" medium
+     # Spread pins
+ set pins_to_spread  [get_db ports .name] ;#[get_object_name [get_ports]]
+ #edit_pin -fix_overlap 1 -spread_direction clockwise -side Bottom -layer 4 -sp [1Gread_type side 
+ edit_pin -spread_type start -start {0 0} -spread_direction clockwise -layer {3 [1G 4}  \
+         -pin $pins_to_spread -fix_overlap 1 -spacing 6
+ 
+ }
if {$design(FULLCHIP_OR_MACRO)=="FULLCHIP"} {
enics_message "Defining IO Ring" medium
# Reload the IO file after resizing the floorplan
read_io_file $design(io_file)
# Add IO Fillers
add_io_fillers -cells $tech(IO_FILLERS) -prefix IOFILLER
# Connect Pad Rings
route_special -connect {pad_ring} \
-nets "$design(digital_gnd) $design(digital_vdd) $design(io_gnd) $design(io_vdd)"
} elseif {$design(FULLCHIP_OR_MACRO)=="MACRO"} {
enics_message "Spreading Pins around Macro" medium
    # Spread pins
set pins_to_spread  [get_db ports .name] ;#[get_object_name [get_ports]]
#edit_pin -fix_overlap 1 -spread_direction clockwise -side Bottom -layer 4 -spread_type side 
edit_pin -spread_type start -start {0 0} -spread_direction clockwise -layer {3 4}  \
        -pin $pins_to_spread -fix_overlap 1 -spacing 6

}

ENICSINFO: Defining IO Ring
---------------------------
Reading IO assignment file "/data/project/tsmc65/users/liosky/ws/DVD25/hw7/workspace/../inputs/ioring.io" ...
WARNING (IMPFP-3997): The Floorplan box has been changed from {(0.0000000000 , 0.0000000000) (1307.5900000000 , 1307.4000000000)} to {(-746.2050000000 , -246.3000000000) (2053.7950000000 , 1553.7000000000)}.
Start create_tracks
Added 68 of filler cell 'PFILLER20' on top side.
Added 14 of filler cell 'PFILLER10' on top side.
Added 11 of filler cell 'PFILLER5' on top side.
Added 41 of filler cell 'PFILLER1' on top side.
Added 3 of filler cell 'PFILLER05' on top side.
Added 666 of filler cell 'PFILLER0005' on top side.
Added 34 of filler cell 'PFILLER20' on left side.
Added 0 of filler cell 'PFILLER10' on left side.
Added 0 of filler cell 'PFILLER5' on left side.
Added 17 of filler cell 'PFILLER1' on left side.
Added 17 of filler cell 'PFILLER05' on left side.
Added 900 of filler cell 'PFILLER0005' on left side.
Added 85 of filler cell 'PFILLER20' on bottom side.
Added 0 of filler cell 'PFILLER10' on bottom side.
Added 0 of filler cell 'PFILLER5' on bottom side.
Added 0 of filler cell 'PFILLER1' on bottom side.
Added 17 of filler cell 'PFILLER05' on bottom side.
Added 300 of filler cell 'PFILLER0005' on bottom side.
Added 32 of filler cell 'PFILLER20' on right side.
Added 1 of filler cell 'PFILLER10' on right side.
Added 1 of filler cell 'PFILLER5' on right side.
Added 55 of filler cell 'PFILLER1' on right side.
Added 1 of filler cell 'PFILLER05' on right side.
Added 1025 of filler cell 'PFILLER0005' on right side.
#% Begin route_special (date=02/10 15:51:01, mem=1953.4M)

viaInitial starts at Mon Feb 10 15:51:01 2025
viaInitial ends at Mon Feb 10 15:51:01 2025
*** Begin SPECIAL ROUTE on Mon Feb 10 15:51:01 2025 ***
SPECIAL ROUTE ran on directory: /project/tsmc65/users/liosky/ws/DVD25/hw7/workspace
SPECIAL ROUTE ran on machine: ip-10-70-158-178.il-central-1.compute.internal (Linux 4.14.355-275.570.amzn2.x86_64 Xeon 3.45Ghz)

Begin option processing ...
srouteConnectPowerBump set to false
routeSelectNet set to "gnd vdd gnd vddio"
routeSpecial set to true
srouteConnectBlockPin set to false
srouteConnectConverterPin set to false
srouteConnectCorePin set to false
srouteConnectPadPin set to false
srouteConnectStripe set to false
srouteFollowCorePinEnd set to 3
srouteJogControl set to "preferWithChanges differentLayer"
sroutePadPinAllPorts set to true
sroutePreserveExistingRoutes set to true
srouteRoutePowerBarPortOnBothDir set to true
End option processing: cpu: 0:00:00, real: 0:00:00, peak: 1492.00 megs.

Reading DB technology information...
Finished reading DB technology information.
Reading floorplan and netlist information...
Finished reading floorplan and netlist information.
Read in 20 layers, 10 routing layers, 1 overlap layer
Read in 388 macros, 387 used
Read in 3729 components
  373 core components: 373 unplaced, 0 placed, 0 fixed
  3352 pad components: 0 unplaced, 3349 placed, 3 fixed
  4 other components: 0 unplaced, 0 placed, 4 fixed
Read in 35 logical pins
Read in 35 nets
Read in 27 special nets
Read in 770 terminals
3 nets selected.

Begin power routing ...
**WARN: (IMPSR-1255):	Cannot find any non 'CLASS CORE' pad pin of net vdd. Use 'CLASS CORE' pad pins of net vdd to create pad ring.
**WARN: (IMPSR-1255):	Cannot find any non 'CLASS CORE' pad pin of net gnd. Use 'CLASS CORE' pad pins of net gnd to create pad ring.
  Number of Pad ports routed: 0
  Number of Pad Ring connections: 200
End power routing: cpu: 0:00:00, real: 0:00:00, peak: 2525.00 megs.



 Begin updating DB with routing results ...
 Updating DB with 0 via definition ...Extracting standard cell pins and blockage ...... 
Pin and blockage extraction finished

route_special created 200 wires.
ViaGen created 0 via, deleted 0 via to avoid violation.
+--------+----------------+----------------+
|  Layer |     Created    |     Deleted    |
+--------+----------------+----------------+
|   M1   |       72       |       NA       |
|   M2   |       72       |       NA       |
|   M3   |        8       |       NA       |
|   M4   |        8       |       NA       |
|   M5   |        8       |       NA       |
|   M6   |        8       |       NA       |
|   M7   |        8       |       NA       |
|   M8   |        8       |       NA       |
|   M9   |        8       |       NA       |
+--------+----------------+----------------+
#% End route_special (date=02/10 15:51:01, total cpu=0:00:00.4, real=0:00:00.0, peak res=1986.2M, current mem=1986.2M)
@innovus 94> gui_redragui_redraw
w
@innovus 95> 

@innovus 95> # Check the design 
# Check the design 
@innovus 96> #    You can browse the HTML report with Firefox
#    You can browse the HTML report with Firefox
@innovus 97> check_legacy_design -all -out_dir $design(reports_dir)/$this_run(st [1Gage)
check_legacy_design -all -out_dir $design(reports_dir)/$this_run(stage)
**WARN: (IMPREPO-205):	There are 44 Cells with missing PG PIN.
**WARN: (IMPREPO-210):	There are 1 Cells PG Pins with missing geometry.
Estimated cell power/ground rail width = 0.225 um
Begin checking placement ... (start mem=9291.9M, init mem=9352.1M)
*info: Recommended don't use cell = 0           
IO instance overlap:4
*info: Placed = 0             
*info: Unplaced = 24737        (BLOCKS = 2)
Placement Density:69.87%(796004/1139343)
Placement Density (including fixed std cells):69.87%(796004/1139343)
Finished check_place (total: cpu=0:00:00.4, real=0:00:01.0; vio checks: cpu=0:00:00.0, real=0:00:00.0; mem=9352.1M)
Design: lp_riscv_top

------ Design Summary:
Total Standard Cell Number   (cells) : 24735
Total Block Cell Number      (cells) : 2
Total I/O Pad Cell Number    (cells) : 3356
Total Standard Cell Area     ( um^2) : 76607.28
Total Block Cell Area        ( um^2) : 719396.70
Total I/O Pad Cell Area      ( um^2) : 1009974.60

------ Design Statistics:

Number of Instances            : 28093
Number of Non-uniquified Insts : 28005
Number of Nets                 : 26459
Average number of Pins per Net : 3.48
Maximum number of Pins in Net  : 2184

------ I/O Port summary

Number of Primary I/O Ports    : 35
Number of Input Ports          : 34
Number of Output Ports         : 1
Number of Bidirectional Ports  : 0
Number of Power/Ground Ports   : 0
Number of Floating Ports                     *: 0
Number of Ports Connected to Multiple Pads   *: 0
Number of Ports Connected to Core Instances   : 0

------ Design Rule Checking:

Number of Output Pins connect to Power/Ground *: 0
Number of Insts with Input Pins tied together ?: 29
**WARN: (IMPDB-2148):	TieHi term 'IE' of Io instance 'i_ioring/i_TEST_EN' is tied to net 'vdd'.  However, none of the instance's power terms is connected to the net.  Usually an instance's tieHi/Lo term and one of the Power/Ground (P/G) terms of the instance should connect to the same P/G net.  Check the input netlist, and also make sure proper global net connections are applied to the instance's tieHi/Lo terms and P/G terms.
Type 'man IMPDB-2148' for more detail.
**WARN: (IMPDB-2148):	TieHi term 'PE' of Io instance 'i_ioring/i_TEST_EN' is tied to net 'vdd'.  However, none of the instance's power terms is connected to the net.  Usually an instance's tieHi/Lo term and one of the Power/Ground (P/G) terms of the instance should connect to the same P/G net.  Check the input netlist, and also make sure proper global net connections are applied to the instance's tieHi/Lo terms and P/G terms.
Type 'man IMPDB-2148' for more detail.
**WARN: (IMPDB-2148):	TieHi term 'OEN' of Io instance 'i_ioring/i_TEST_EN' is tied to net 'vdd'.  However, none of the instance's power terms is connected to the net.  Usually an instance's tieHi/Lo term and one of the Power/Ground (P/G) terms of the instance should connect to the same P/G net.  Check the input netlist, and also make sure proper global net connections are applied to the instance's tieHi/Lo terms and P/G terms.
Type 'man IMPDB-2148' for more detail.
**WARN: (IMPDB-2148):	TieHi term 'DS' of Io instance 'i_ioring/i_TEST_EN' is tied to net 'vdd'.  However, none of the instance's power terms is connected to the net.  Usually an instance's tieHi/Lo term and one of the Power/Ground (P/G) terms of the instance should connect to the same P/G net.  Check the input netlist, and also make sure proper global net connections are applied to the instance's tieHi/Lo terms and P/G terms.
Type 'man IMPDB-2148' for more detail.
**WARN: (IMPDB-2148):	TieLo term 'I' of Io instance 'i_ioring/i_TEST_EN' is tied to net 'gnd'.  However, none of the instance's ground terms is connected to the net.  Usually an instance's tieHi/Lo term and one of the Power/Ground (P/G) terms of the instance should connect to the same P/G net.  Check the input netlist, and also make sure proper global net connections are applied to the instance's tieHi/Lo terms and P/G terms.
Type 'man IMPDB-2148' for more detail.
**WARN: (IMPDB-2148):	TieHi term 'IE' of Io instance 'i_ioring/i_RST_N' is tied to net 'vdd'.  However, none of the instance's power terms is connected to the net.  Usually an instance's tieHi/Lo term and one of the Power/Ground (P/G) terms of the instance should connect to the same P/G net.  Check the input netlist, and also make sure proper global net connections are applied to the instance's tieHi/Lo terms and P/G terms.
Type 'man IMPDB-2148' for more detail.
**WARN: (IMPDB-2148):	TieHi term 'PE' of Io instance 'i_ioring/i_RST_N' is tied to net 'vdd'.  However, none of the instance's power terms is connected to the net.  Usually an instance's tieHi/Lo term and one of the Power/Ground (P/G) terms of the instance should connect to the same P/G net.  Check the input netlist, and also make sure proper global net connections are applied to the instance's tieHi/Lo terms and P/G terms.
Type 'man IMPDB-2148' for more detail.
**WARN: (IMPDB-2148):	TieHi term 'OEN' of Io instance 'i_ioring/i_RST_N' is tied to net 'vdd'.  However, none of the instance's power terms is connected to the net.  Usually an instance's tieHi/Lo term and one of the Power/Ground (P/G) terms of the instance should connect to the same P/G net.  Check the input netlist, and also make sure proper global net connections are applied to the instance's tieHi/Lo terms and P/G terms.
Type 'man IMPDB-2148' for more detail.
**WARN: (IMPDB-2148):	TieHi term 'DS' of Io instance 'i_ioring/i_RST_N' is tied to net 'vdd'.  However, none of the instance's power terms is connected to the net.  Usually an instance's tieHi/Lo term and one of the Power/Ground (P/G) terms of the instance should connect to the same P/G net.  Check the input netlist, and also make sure proper global net connections are applied to the instance's tieHi/Lo terms and P/G terms.
Type 'man IMPDB-2148' for more detail.
**WARN: (IMPDB-2148):	TieLo term 'I' of Io instance 'i_ioring/i_RST_N' is tied to net 'gnd'.  However, none of the instance's ground terms is connected to the net.  Usually an instance's tieHi/Lo term and one of the Power/Ground (P/G) terms of the instance should connect to the same P/G net.  Check the input netlist, and also make sure proper global net connections are applied to the instance's tieHi/Lo terms and P/G terms.
Type 'man IMPDB-2148' for more detail.
**WARN: (IMPDB-2148):	TieHi term 'IE' of Io instance 'i_ioring/i_IRAM_PROG_WR' is tied to net 'vdd'.  However, none of the instance's power terms is connected to the net.  Usually an instance's tieHi/Lo term and one of the Power/Ground (P/G) terms of the instance should connect to the same P/G net.  Check the input netlist, and also make sure proper global net connections are applied to the instance's tieHi/Lo terms and P/G terms.
Type 'man IMPDB-2148' for more detail.
**WARN: (IMPDB-2148):	TieHi term 'PE' of Io instance 'i_ioring/i_IRAM_PROG_WR' is tied to net 'vdd'.  However, none of the instance's power terms is connected to the net.  Usually an instance's tieHi/Lo term and one of the Power/Ground (P/G) terms of the instance should connect to the same P/G net.  Check the input netlist, and also make sure proper global net connections are applied to the instance's tieHi/Lo terms and P/G terms.
Type 'man IMPDB-2148' for more detail.
**WARN: (IMPDB-2148):	TieHi term 'OEN' of Io instance 'i_ioring/i_IRAM_PROG_WR' is tied to net 'vdd'.  However, none of the instance's power terms is connected to the net.  Usually an instance's tieHi/Lo term and one of the Power/Ground (P/G) terms of the instance should connect to the same P/G net.  Check the input netlist, and also make sure proper global net connections are applied to the instance's tieHi/Lo terms and P/G terms.
Type 'man IMPDB-2148' for more detail.
**WARN: (IMPDB-2148):	TieHi term 'DS' of Io instance 'i_ioring/i_IRAM_PROG_WR' is tied to net 'vdd'.  However, none of the instance's power terms is connected to the net.  Usually an instance's tieHi/Lo term and one of the Power/Ground (P/G) terms of the instance should connect to the same P/G net.  Check the input netlist, and also make sure proper global net connections are applied to the instance's tieHi/Lo terms and P/G terms.
Type 'man IMPDB-2148' for more detail.
**WARN: (IMPDB-2148):	TieLo term 'I' of Io instance 'i_ioring/i_IRAM_PROG_WR' is tied to net 'gnd'.  However, none of the instance's ground terms is connected to the net.  Usually an instance's tieHi/Lo term and one of the Power/Ground (P/G) terms of the instance should connect to the same P/G net.  Check the input netlist, and also make sure proper global net connections are applied to the instance's tieHi/Lo terms and P/G terms.
Type 'man IMPDB-2148' for more detail.
**WARN: (IMPDB-2148):	TieHi term 'IE' of Io instance 'i_ioring/i_IRAM_PROG_DATA_BYTE' is tied to net 'vdd'.  However, none of the instance's power terms is connected to the net.  Usually an instance's tieHi/Lo term and one of the Power/Ground (P/G) terms of the instance should connect to the same P/G net.  Check the input netlist, and also make sure proper global net connections are applied to the instance's tieHi/Lo terms and P/G terms.
Type 'man IMPDB-2148' for more detail.
**WARN: (IMPDB-2148):	TieHi term 'PE' of Io instance 'i_ioring/i_IRAM_PROG_DATA_BYTE' is tied to net 'vdd'.  However, none of the instance's power terms is connected to the net.  Usually an instance's tieHi/Lo term and one of the Power/Ground (P/G) terms of the instance should connect to the same P/G net.  Check the input netlist, and also make sure proper global net connections are applied to the instance's tieHi/Lo terms and P/G terms.
Type 'man IMPDB-2148' for more detail.
**WARN: (IMPDB-2148):	TieHi term 'OEN' of Io instance 'i_ioring/i_IRAM_PROG_DATA_BYTE' is tied to net 'vdd'.  However, none of the instance's power terms is connected to the net.  Usually an instance's tieHi/Lo term and one of the Power/Ground (P/G) terms of the instance should connect to the same P/G net.  Check the input netlist, and also make sure proper global net connections are applied to the instance's tieHi/Lo terms and P/G terms.
Type 'man IMPDB-2148' for more detail.
**WARN: (IMPDB-2148):	TieHi term 'DS' of Io instance 'i_ioring/i_IRAM_PROG_DATA_BYTE' is tied to net 'vdd'.  However, none of the instance's power terms is connected to the net.  Usually an instance's tieHi/Lo term and one of the Power/Ground (P/G) terms of the instance should connect to the same P/G net.  Check the input netlist, and also make sure proper global net connections are applied to the instance's tieHi/Lo terms and P/G terms.
Type 'man IMPDB-2148' for more detail.
**WARN: (IMPDB-2148):	TieLo term 'I' of Io instance 'i_ioring/i_IRAM_PROG_DATA_BYTE' is tied to net 'gnd'.  However, none of the instance's ground terms is connected to the net.  Usually an instance's tieHi/Lo term and one of the Power/Ground (P/G) terms of the instance should connect to the same P/G net.  Check the input netlist, and also make sure proper global net connections are applied to the instance's tieHi/Lo terms and P/G terms.
Type 'man IMPDB-2148' for more detail.
**WARN: (EMS-27):	Message (IMPDB-2148) has exceeded the current message display limit of 20.
To increase the message display limit, refer to the product command reference manual.
Number of TieHi/Lo term nets not connected to instance's PG terms ?: 199
Number of Input/InOut Floating Pins            : 0
Number of Output Floating Pins                 : 0
Number of Output Term Marked TieHi/Lo         *: 0

**WARN: (IMPREPO-216):	There are 29 Instances with input pins tied together.
**WARN: (IMPREPO-217):	There are 199 TieHi/Lo term nets not connected to instance's PG terms.
Number of nets with tri-state drivers          : 34
Number of nets with parallel drivers           : 0
Number of nets with multiple drivers           : 0
Number of nets with no driver (No FanIn)       : 128
Number of Output Floating nets (No FanOut)     : 596
Number of High Fanout nets (>50)               : 11
**WARN: (IMPREPO-227):	There are 11 High Fanout nets (>50).
**WARN: (IMPREPO-231):	Input netlist has a cell 'sp_hde_16384_m16' which is marked dont_use in the library. This cell will not be used in timing optimization. Use set_dont_use command to change. Instances of this cell are : <output of [get_db insts . -if {.base_cell.name == <the cell>}]
**WARN: (IMPREPO-231):	Input netlist has a cell 'sp_hde_16384_m16' which is marked dont_use in the library. This cell will not be used in timing optimization. Use set_dont_use command to change. Instances of this cell are : <output of [get_db insts . -if {.base_cell.name == <the cell>}]

# Number of cells of input netlist marked dont_use = 2.

Checking for any assigns in the netlist...
Assigns in module hs_tiehigh
  POWER_TAP 1b'1
Assigns in module hs_tielow
  GROUND_TAP 1b'0
  No assigns found.
Checking routing tracks.....
Checking other grids.....
Checking FINFET Grid is on Manufacture Grid.....

Checking core/die box is on Grid.....

WARNING (IMPFP-7237): CORE's corner: (120.0000000000 , 120.0000000000) is NOT on PlacementGrid,  Please use command get_db to check current Grid settings, use command set_db to change which grid to snap to. And use command get_snap_grid_info to get grids' offset and pitch. Command floorplan can be used to fix this issue.
WARNING (IMPFP-7237): CORE's corner: (1187.5900000000 , 1187.4000000000) is NOT on PlacementGrid,  Please use command get_db to check current Grid settings, use command set_db to change which grid to snap to. And use command get_snap_grid_info to get grids' offset and pitch. Command floorplan can be used to fix this issue.
Checking snap rule ......

Checking Row is on grid......

Checking AreaIO row.....
Checking routing blockage.....
Checking components.....
Checking constraints (guide/region/fence).....
Checking groups.....
Checking Ptn Core Box.....

Checking Preroutes.....
No. of regular pre-routes not on tracks : 0 
 Design check done.
Report saved in file /data/project/tsmc65/users/liosky/ws/DVD25/hw7/workspace/../reports/floorplan/lp_riscv_top.main.htm.ascii

*** Summary of all messages that are not suppressed in this session:
Severity  ID               Count  Summary                                  
WARNING   IMPDB-2148         199  %sterm '%s' of %sinstance '%s' is tied t...
WARNING   IMPREPO-227          1  There are %d High Fanout nets (>50).     
WARNING   IMPREPO-231          2  Input netlist has a cell '%s' which is m...
WARNING   IMPREPO-205          1  There are %d Cells with missing PG PIN.  
WARNING   IMPREPO-210          1  There are %d Cells PG Pins with missing ...
WARNING   IMPREPO-216          1  There are %d Instances with input pins t...
WARNING   IMPREPO-217          1  There are %d TieHi/Lo term nets not conn...
*** Message Summary: 206 warning(s), 0 error(s)

0
@innovus 98> 

@innovus 98> ################################################
################################################
@innovus 99> #  Place Hard Macros
#  Place Hard Macros
@innovus 100> ################################################
################################################
@innovus 101> # Place memories
# Place memories
@innovus 102> enics_message "Placing Hard Macros" medium
enics_message "Placing Hard Macros" medium

ENICSINFO: Placing Hard Macros
------------------------------
@innovus 103> #set_obj_floorplan_box Instance $design(imem0) 182 166 787 760
#set_obj_floorplan_box Instance $design(imem0) 182 166 787 760
@innovus 104> 

@innovus 104> # Relative Floorplanning
# Relative Floorplanning
@innovus 105> # ----------------------
# ----------------------
@innovus 106> #  Note that edges are as follows:
#  Note that edges are as follows:
@innovus 107> #    0 - Bottom
#    0 - Bottom
@innovus 108> #    1 - Left
#    1 - Left
@innovus 109> #    2 - Top
#    2 - Top
@innovus 110> #    3 - Right
#    3 - Right
@innovus 111> #    Syntax: { ref_edge offset target_edge }
#    Syntax: { ref_edge offset target_edge }
@innovus 112> delete_rdelete_relative_floorplan -all
elative_floorplan -all
@innovus 113> 

@innovus 113> set imem0_name [get_db [get_db insts -regexp $design(imem0)] .name [1G]
set imem0_name [get_db [get_db insts -regexp $design(imem0)] .name]
@innovus 114> set imem1_name [get_db [get_db insts -regexp $design(imem1)] .name [1G]
set imem1_name [get_db [get_db insts -regexp $design(imem1)] .name]
create_relative_floorplan -ref_type core_boundary -ref $design(TOPLEVEL) -place $imem0_name \
         -horizontal_edge_separate [list 1 [expr -485*$tech(row_height)] 1] \
        -vertical_edge_separate [list 0 25 0] -orient MX
@innovus 115> create_relative_floorplan -ref_type core_boundary -ref $design(TOP [1GLEVEL) -place $imem0_name \
+          -horizontal_edge_separate [list 1 [expr -485*$tech(row_height)] 1] \
+         -vertical_edge_separate [list 0 25 0] -orient MX
**ERROR: (IMPFP-6005):	The number of inputs in options should be identical.


@innovus 116> 

@innovus 116> create_relative_floorplan -ref_type core_boundary -ref $design(TOP [1GLEVEL) -place $imem1_name \
+         -horizontal_edge_separate [list 1 [expr -485*$tech(row_height)] 1] \
+         -vertical_edge_separate {0  700  0} -orient MX
create_relative_floorplan -ref_type core_boundary -ref $design(TOPLEVEL) -place $imem1_name \
        -horizontal_edge_separate [list 1 [expr -485*$tech(row_height)] 1] \
        -vertical_edge_separate {0  700  0} -orient MX
**ERROR: (IMPFP-6005):	The number of inputs in options should be identical.


@innovus 117> 

@innovus 117> 

@innovus 117> # Spread dmem macros across top row of core
# Spread dmem macros across top row of core
@innovus 118> set dmem0_name [get_db [get_db insts -regexp $design(dmem0)] .name [1G]
set dmem0_name [get_db [get_db insts -regexp $design(dmem0)] .name]
@innovus 119> set dmem1_name [get_db [get_db insts -regexp $design(dmem1)] .name [1G]
set dmem1_name [get_db [get_db insts -regexp $design(dmem1)] .name]
@innovus 120> set dmem2_name [get_db [get_db insts -regexp $design(dmem2)] .name [1G]
set dmem2_name [get_db [get_db insts -regexp $design(dmem2)] .name]
@innovus 121> set dmem3_name [get_db [set dmem3_name [get_db [get_db insts -regexp $design(dmem3)] .name]
get_db insts -regexp $design(dmem3)] .name [1G]
@innovus 122> 

@innovus 122> set core_width [expr [get_db designs .core_boundary.perimeter]/(2* [1G(1+$design(floorplan_ratio)))]
set core_width [expr [get_db designs .core_boundary.perimeter]/(2*(1+$design(floorplan_ratio)))]
**ERROR: (IMPDBTCL-248):	'core_boundary' is not a recognized object or attribute for object type 'design'. Update its value to match one of the 'design' attributes. Run 'help design' to get a list of all 'design' attributes.


@innovus 123> set sram_width [get_db [get_db insts $dmem0_name] .bbox.width]
set sram_width [get_db [get_db insts $dmem0_name] .bbox.width]
@innovus 124> set sram_spacing [expr ($core_width-4*$sram_width)/5]
set sram_spacing [expr ($core_width-4*$sram_width)/5]
can't read "core_width": no such variable
can't read "core_width": no such variable

@innovus 125> 
create_relative_floorplan -ref_type core_boundary -ref $design(TOPLEVEL) -place $dmem0_name \
    -horizontal_edge_separate [list 1 [expr -15*$tech(row_height)] 1] \
    -vertical_edge_separate [list 0 $sram_spacing 0] -orient R0
@innovus 125> create_relative_floorplan -ref_type core_boundary -ref $design(TOP [1GLEVEL) -place $dmem0_name \
+     -horizontal_edge_separate [list 1 [expr -15*$tech(row_height)] 1] \
+     -vertical_edge_separate [list 0 $sram_spacing 0] -orient R0
can't read "sram_spacing": no such variable
can't read "sram_spacing": no such variable
@innovus 126> 

create_relative_floorplan -ref_type object -ref $dmem0_name -place $dmem1_name \
    -horizontal_edge_separate {1  0  1} \
    -vertical_edge_separate [list 2 $sram_spacing 0] -orient R0
@innovus 126> create_relative_floorplan -ref_type object -ref $dmem0_name -place [1G $dmem1_name \
+     -horizontal_edge_separate {1  0  1} \
+     -vertical_edge_separate [list 2 $sram_spacing 0] -orient R0
can't read "sram_spacing": no such variable
can't read "sram_spacing": no such variable
@innovus 127> 

@innovus 127> create_relative_floorplan -ref_type object -ref $dmem1_name -place [1G $dmem2_name \
+     -horizontal_edge_separate {1  0  1} \
+     -vertical_edge_separate [list 2 $sram_spacing 0] -orient R0
create_relative_floorplan -ref_type object -ref $dmem1_name -place $dmem2_name \
    -horizontal_edge_separate {1  0  1} \
    -vertical_edge_separate [list 2 $sram_spacing 0] -orient R0
can't read "sram_spacing": no such variable
can't read "sram_spacing": no such variable
@innovus 128> 

@innovus 128> create_relative_floorplan -ref_type object -ref $dmem2_name -place [1G $dmem3_name \
+     -horizontal_edge_separate {1  0  1} \
+     -vertical_edge_separate [list 2 $sram_spacing 0] -orient R0
create_relative_floorplan -ref_type object -ref $dmem2_name -place $dmem3_name \
    -horizontal_edge_separate {1  0  1} \
    -vertical_edge_separate [list 2 $sram_spacing 0] -orient R0
can't read "sram_spacing": no such variable
can't read "sram_spacing": no such variable
@innovus 129>
 
@innovus 129> 

@innovus 129> 

@innovus 129> 

@innovus 129> # Add rings and halos around macros
# Add rings and halos around macros
@innovus 130> # NOTE: snap_to_site flag is important here, otherwise there will  [1Gbe a potential follow pins discontinuity
# NOTE: snap_to_site flag is important here, otherwise there will be a potential follow pins discontinuity
@innovus 131> enics_message "Adding Rings Around Hard Macros and creating Halos" [1G
enics_message "Adding Rings Around Hard Macros and creating Halos"
ENICSINFO: Adding Rings Around Hard Macros and creating Halos
@innovus 132> deselect_obj -all
deselect_obj -all
@innovus 133> select_obj $imem0_name
select_obj $imem0_name

README        debug.txt       fv/                  genus.cmd    genus.cmd1
genus.cmd2    genus.cmd3      genus.cmd4           genus.log    genus.log1
genus.log2    genus.log3      genus.log4           innovus.cmd  innovus.log
innovus.logv  pvsUI_ipvs.log  trace_core_00_0.log  waves.shm/   xcelium.d/
xrun.history  xrun.log[22D[4A[22C[4B
@innovus 134> add_rings -around selected -type block_rings -nets "$design(digita [1Gl_gnd) $design(digital_vdd)" \
+ -layer {bottom M1 top M1 right M2 left M2} -width 3 -spacing 0.5
add_rings -around selected -type block_rings -nets "$design(digital_gnd) $design(digital_vdd)" \
-layer {bottom M1 top M1 right M2 left M2} -width 3 -spacing 0.5
#% Begin add_rings (date=02/10 15:51:03, mem=2041.6M)

Loading cell geometries (cpu: 0:00:00.0, real: 0:00:00.0, peak mem: 9352.1M)
**ERROR: Error: Invalid Block/Row names specified. Please check the selected set.
#% End add_rings (date=02/10 15:51:03, total cpu=0:00:00.0, real=0:00:00.0, peak res=2042.0M, current mem=2042.0M)
create_place_halo -halo_deltas {10.8 10.8 10.8 10.8} -insts $imem0_name -snap_to_site
@innovus 135> create_place_halo -halo_deltas {10.8 10.8 10.8 10.8} -insts $imem0 [1G_name -snap_to_site
**ERROR: (IMPFP-7695):	The Macro/BlackBox/CommitPtn/Block/IOPad/Cell '' was not found, so halo was not added.


@innovus 136>
 
@innovus 136> deselect_obj -all
deselect_obj -all
@innovus 137> select_obj $select_obj $imem1_name
imem1_name
add_rings -around selected -type block_rings -nets "$design(digital_gnd) $design(digital_vdd)" \
-layer {bottom M1 top M1 right M2 left M2} -width 3 -spacing 0.5

README        debug.txt       fv/                  genus.cmd    genus.cmd1
genus.cmd2    genus.cmd3      genus.cmd4           genus.log    genus.log1
genus.log2    genus.log3      genus.log4           innovus.cmd  innovus.log
innovus.logv  pvsUI_ipvs.log  trace_core_00_0.log  waves.shm/   xcelium.d/
xrun.history  xrun.log[22D[4A[22C[4B
@innovus 138> add_rings -around selected -type block_rings -nets "$design(digita [1Gl_gnd) $design(digital_vdd)" \
+ -layer {bottom M1 top M1 right M2 left M2} -width 3 -spacing 0.5
#% Begin add_rings (date=02/10 15:51:03, mem=2042.0M)

Loading cell geometries (cpu: 0:00:00.0, real: 0:00:00.0, peak mem: 9352.1M)
**ERROR: Error: Invalid Block/Row names specified. Please check the selected set.
#% End add_rings (date=02/10 15:51:03, total cpu=0:00:00.0, real=0:00:00.0, peak res=2042.0M, current mem=2042.0M)
@innovus 139> create_place_halo -halo_deltas {10.8 10.8 10.8 10.8} -insts $imem1 [1G_name -snap_to_site
create_place_halo -halo_deltas {10.8 10.8 10.8 10.8} -insts $imem1_name -snap_to_site
**ERROR: (IMPFP-7695):	The Macro/BlackBox/CommitPtn/Block/IOPad/Cell '' was not found, so halo was not added.


deselect_obj -all
select_obj $dmem0_name

@innovus 140> 
@innovus 140> deselect_obj -all
@innovus 141> select_obj $dmem0_name

README        debug.txt       fv/                  genus.cmd    genus.cmd1
genus.cmd2    genus.cmd3      genus.cmd4           genus.log    genus.log1
genus.log2    genus.log3      genus.log4           innovus.cmd  innovus.log
innovus.logv  pvsUI_ipvs.log  trace_core_00_0.log  waves.shm/   xcelium.d/
xrun.history  xrun.log[22D[4A[22C[4B
@innovus 142> add_rings -around selected -type block_rings -nets "$design(digita [1Gl_gnd) $design(digital_vdd)" \
+ -layer {bottom M1 top M1 right M2 left M2} -width 3 -spacing 0.5
add_rings -around selected -type block_rings -nets "$design(digital_gnd) $design(digital_vdd)" \
-layer {bottom M1 top M1 right M2 left M2} -width 3 -spacing 0.5
#% Begin add_rings (date=02/10 15:51:03, mem=2042.0M)

Loading cell geometries (cpu: 0:00:00.0, real: 0:00:00.0, peak mem: 9352.1M)
**ERROR: Error: Invalid Block/Row names specified. Please check the selected set.
#% End add_rings (date=02/10 15:51:03, total cpu=0:00:00.0, real=0:00:00.0, peak res=2042.0M, current mem=2042.0M)
@innovus 143> create_place_halo -halo_deltas {10.8 10.8 10.8 10.8} -insts $dmem0 [1G_name -snap_to_site
create_place_halo -halo_deltas {10.8 10.8 10.8 10.8} -insts $dmem0_name -snap_to_site
**ERROR: (IMPFP-7695):	The Macro/BlackBox/CommitPtn/Block/IOPad/Cell '' was not found, so halo was not added.


@innovus 144>
 
@innovus 144> deselect_obj -all
deselect_obj -all
@innovus 145> select_obj $dmem1_name
select_obj $dmem1_name

README        debug.txt       fv/                  genus.cmd    genus.cmd1
genus.cmd2    genus.cmd3      genus.cmd4           genus.log    genus.log1
genus.log2    genus.log3      genus.log4           innovus.cmd  innovus.log
innovus.logv  pvsUI_ipvs.log  trace_core_00_0.log  waves.shm/   xcelium.d/
xrun.history  xrun.log[22D[4A[22C[4B
@innovus 146> add_rings -around selected -type block_rings -nets "$design(digita [1Gl_gnd) $design(digital_vdd)" \
+ -layer {bottom M1 top M1 right M2 left M2} -width 3 -spacing 0.5
add_rings -around selected -type block_rings -nets "$design(digital_gnd) $design(digital_vdd)" \
-layer {bottom M1 top M1 right M2 left M2} -width 3 -spacing 0.5
#% Begin add_rings (date=02/10 15:51:03, mem=2042.0M)

Loading cell geometries (cpu: 0:00:00.0, real: 0:00:00.0, peak mem: 9352.1M)
**ERROR: Error: Invalid Block/Row names specified. Please check the selected set.
#% End add_rings (date=02/10 15:51:03, total cpu=0:00:00.0, real=0:00:00.0, peak res=2042.0M, current mem=2042.0M)
@innovus 147> create_place_halo -halo_deltas {10.8 10.8 10.8 10.8} -insts $dmem1 [1G_name -snap_to_site
create_place_halo -halo_deltas {10.8 10.8 10.8 10.8} -insts $dmem1_name -snap_to_site
**ERROR: (IMPFP-7695):	The Macro/BlackBox/CommitPtn/Block/IOPad/Cell '' was not found, so halo was not added.


@innovus 148> 

@innovus 148> deselect_obj -all
deselect_obj -all
@innovus 149> select_obj $dmem2_name
select_obj $dmem2_name

README        debug.txt       fv/                  genus.cmd    genus.cmd1
genus.cmd2    genus.cmd3      genus.cmd4           genus.log    genus.log1
genus.log2    genus.log3      genus.log4           innovus.cmd  innovus.log
innovus.logv  pvsUI_ipvs.log  trace_core_00_0.log  waves.shm/   xcelium.d/
xrun.history  xrun.log[22D[4A[22C[4B
@innovus 150> add_rings -around selected -type block_rings -nets "$design(digita [1Gl_gnd) $design(digital_vdd)" \
+ -layer {bottom M1 top M1 right M2 left M2} -width 3 -spacing 0.5
add_rings -around selected -type block_rings -nets "$design(digital_gnd) $design(digital_vdd)" \
-layer {bottom M1 top M1 right M2 left M2} -width 3 -spacing 0.5
#% Begin add_rings (date=02/10 15:51:03, mem=2042.0M)

Loading cell geometries (cpu: 0:00:00.0, real: 0:00:00.0, peak mem: 9352.1M)
**ERROR: Error: Invalid Block/Row names specified. Please check the selected set.
#% End add_rings (date=02/10 15:51:03, total cpu=0:00:00.0, real=0:00:00.0, peak res=2042.0M, current mem=2042.0M)
@innovus 151> create_place_halo -halo_deltas {10.8 10.8 10.8 10.8} -insts $dmem2 [1G_name -snap_to_site 
create_place_halo -halo_deltas {10.8 10.8 10.8 10.8} -insts $dmem2_name -snap_to_site 
**ERROR: (IMPFP-7695):	The Macro/BlackBox/CommitPtn/Block/IOPad/Cell '' was not found, so halo was not added.


@innovus 152>
 
@innovus 152> deselect_obj -all
deselect_obj -all
@innovus 153> select_obj $dmem3_name
select_obj $dmem3_name

README        debug.txt       fv/                  genus.cmd    genus.cmd1
genus.cmd2    genus.cmd3      genus.cmd4           genus.log    genus.log1
genus.log2    genus.log3      genus.log4           innovus.cmd  innovus.log
innovus.logv  pvsUI_ipvs.log  trace_core_00_0.log  waves.shm/   xcelium.d/
xrun.history  xrun.log[22D[4A[22C[4B
@innovus 154> add_rings -around selected -type block_rings -nets "$design(digita [1Gl_gnd) $design(digital_vdd)" \
+ -layer {bottom M1 top M1 right M2 left M2} -width 3 -spacing 0.5
add_rings -around selected -type block_rings -nets "$design(digital_gnd) $design(digital_vdd)" \
-layer {bottom M1 top M1 right M2 left M2} -width 3 -spacing 0.5
#% Begin add_rings (date=02/10 15:51:03, mem=2042.0M)

Loading cell geometries (cpu: 0:00:00.0, real: 0:00:00.0, peak mem: 9352.1M)
**ERROR: Error: Invalid Block/Row names specified. Please check the selected set.
#% End add_rings (date=02/10 15:51:03, total cpu=0:00:00.0, real=0:00:00.0, peak res=2042.0M, current mem=2042.0M)
@innovus 155> create_place_halo -halo_deltas {10.8 10.8 10.8 10.8} -insts $dmem3 [1G_name -snap_to_site
create_place_halo -halo_deltas {10.8 10.8 10.8 10.8} -insts $dmem3_name -snap_to_site
**ERROR: (IMPFP-7695):	The Macro/BlackBox/CommitPtn/Block/IOPad/Cell '' was not found, so halo was not added.


@innovus 156> 

@innovus 156> 

@innovus 156> # Connect VDD/GND connections on macros to rings
# Connect VDD/GND connections on macros to rings
@innovus 157> # NOTE: block_pin = on_boundary flag is required in order to conne [1Gct to all power pins of the memories. 
# NOTE: block_pin = on_boundary flag is required in order to connect to all power pins of the memories. 
@innovus 158> enics_message "Connecting Block Pins of hard macros to Power/Groun [1Gd"
enics_message "Connecting Block Pins of hard macros to Power/Ground"
ENICSINFO: Connecting Block Pins of hard macros to Power/Ground
@innovus 159> route_special -connect {block_pin} -nets "$design(digital_gnd) $de [1Gsign(digital_vdd)" \
+     -block_pin_layer_range {1 4} \
+     -block_pin on_boundary \
+     -detailed_log
route_special -connect {block_pin} -nets "$design(digital_gnd) $design(digital_vdd)" \
    -block_pin_layer_range {1 4} \
    -block_pin on_boundary \
    -detailed_log
#% Begin route_special (date=02/10 15:51:03, mem=2042.0M)
*** Begin SPECIAL ROUTE on Mon Feb 10 15:51:03 2025 ***
SPECIAL ROUTE ran on directory: /project/tsmc65/users/liosky/ws/DVD25/hw7/workspace
SPECIAL ROUTE ran on machine: ip-10-70-158-178.il-central-1.compute.internal (Linux 4.14.355-275.570.amzn2.x86_64 Xeon 3.50Ghz)

Begin option processing ...
srouteConnectPowerBump set to false
routeSelectNet set to "gnd vdd"
routeSpecial set to true
srouteBlockPin set to "boundaryPins"
srouteConnectConverterPin set to false
srouteConnectCorePin set to false
srouteConnectPadPin set to false
srouteConnectStripe set to false
srouteDetailedLog set to true
srouteFollowCorePinEnd set to 3
srouteFollowPadPin set to false
srouteJogControl set to "preferWithChanges differentLayer"
srouteMaxBlockPinLayer set to 4
srouteMinBlockPinLayer set to 1
sroutePadPinAllPorts set to true
sroutePreserveExistingRoutes set to true
srouteRoutePowerBarPortOnBothDir set to true
End option processing: cpu: 0:00:00, real: 0:00:00, peak: 2586.00 megs.

Reading DB technology information...
Finished reading DB technology information.
Reading floorplan and netlist information...
Finished reading floorplan and netlist information.
Read in 20 layers, 10 routing layers, 1 overlap layer
Read in 388 macros, 387 used
Read in 3729 components
  373 core components: 373 unplaced, 0 placed, 0 fixed
  3352 pad components: 0 unplaced, 3349 placed, 3 fixed
  4 other components: 0 unplaced, 0 placed, 4 fixed
Read in 35 logical pins
Read in 35 nets
Read in 27 special nets, 3 routed
Read in 770 terminals
2 nets selected.

Begin power routing ...
Total Ports: 
**WARN: (IMPSR-1254):	Unable to connect the specified objects, since block pins of the vdd net were not found in the design. Check netlist or change the parameter value to include block pins in the design.
**WARN: (IMPSR-1254):	Unable to connect the specified objects, since block pins of the gnd net were not found in the design. Check netlist or change the parameter value to include block pins in the design.
Total CPU time for maze routing 0 seconds
  Number of Block ports routed: 0
  Number of Power Bump ports routed: 0
End power routing: cpu: 0:00:00, real: 0:00:00, peak: 2598.00 megs.



 Begin updating DB with routing results ...
 Updating DB with 0 via definition ...
route_special created 0 wire.
ViaGen created 0 via, deleted 0 via to avoid violation.
#% End route_special (date=02/10 15:51:03, total cpu=0:00:00.2, real=0:00:00.0, peak res=2062.5M, current mem=2047.7M)
@innovus 160> 

###############################################
# Connect Power
###############################################

# Create Core Ring
enics_message "Creating Core Rings" medium
# get_db -category add_rings *
@innovus 160> ###############################################
@innovus 161> # Connect Power
@innovus 162> ###############################################
@innovus 163> 
@innovus 163> # Create Core Ring
@innovus 164> enics_message "Creating Core Rings" medium

ENICSINFO: Creating Core Rings
------------------------------
@innovus 165> # get_db -category add_rings *

README        debug.txt       fv/         genus.cmd            genus.cmd1
genus.cmd2    genus.cmd3      genus.cmd4  genus.log            genus.log1
genus.log2    genus.log3      genus.log4  innovus.cmd          innovus.log
innovus.logv  pvsUI_ipvs.log  sroute.log  trace_core_00_0.log  waves.shm/
xcelium.d/    xrun.history    xrun.log[38D[4A[38C[4B
@innovus 166> add_rings -type core_rings -nets $design(core_ring_nets) -center 1 [1G -follow core \
+ -layer $design(core_ring_layers) -width $design(core_ring_width) -spacing $des [1Gign(core_ring_spacing) 
add_rings -type core_rings -nets $design(core_ring_nets) -center 1 -follow core \
-layer $design(core_ring_layers) -width $design(core_ring_width) -spacing $design(core_ring_spacing) 
#% Begin add_rings (date=02/10 15:51:03, mem=2047.7M)

Loading cell geometries (cpu: 0:00:00.0, real: 0:00:00.0, peak mem: 9358.4M)
Ring generation is complete.
vias are now being generated.
add_rings created 8 wires.
ViaGen created 8 vias, deleted 0 via to avoid violation.
+--------+----------------+----------------+
|  Layer |     Created    |     Deleted    |
+--------+----------------+----------------+
|   M1   |        4       |       NA       |
|  VIA1  |        8       |        0       |
|   M2   |        4       |       NA       |
+--------+----------------+----------------+
#% End add_rings (date=02/10 15:51:03, total cpu=0:00:00.1, real=0:00:00.0, peak res=2049.5M, current mem=2049.5M)

# Connect Follow Pins 
@innovus 167> 
@innovus 167> # Connect Follow Pins 
@innovus 168> #    (do this before connecting the pads, so the follow pin connec [1Gtions to the ring are nice)
#    (do this before connecting the pads, so the follow pin connections to the ring are nice)
@innovus 169> # get_db -category route_special *
# get_db -category route_special *
@innovus 170> enics_message "Routing Follow Pins" medium
enics_message "Routing Follow Pins" medium

ENICSINFO: Routing Follow Pins
------------------------------
@innovus 171> route_special -connect { core_pin } -nets  "$design(digital_gnd) $ [1Gdesign(digital_vdd)" -detailed_log
route_special -connect { core_pin } -nets  "$design(digital_gnd) $design(digital_vdd)" -detailed_log
#% Begin route_special (date=02/10 15:51:03, mem=2049.5M)
*** Begin SPECIAL ROUTE on Mon Feb 10 15:51:03 2025 ***
SPECIAL ROUTE ran on directory: /project/tsmc65/users/liosky/ws/DVD25/hw7/workspace
SPECIAL ROUTE ran on machine: ip-10-70-158-178.il-central-1.compute.internal (Linux 4.14.355-275.570.amzn2.x86_64 Xeon 3.47Ghz)

Begin option processing ...
srouteConnectPowerBump set to false
routeSelectNet set to "gnd vdd"
routeSpecial set to true
srouteConnectBlockPin set to false
srouteConnectConverterPin set to false
srouteConnectPadPin set to false
srouteConnectStripe set to false
srouteDetailedLog set to true
srouteFollowCorePinEnd set to 3
srouteFollowPadPin set to false
srouteJogControl set to "preferWithChanges differentLayer"
sroutePadPinAllPorts set to true
sroutePreserveExistingRoutes set to true
srouteRoutePowerBarPortOnBothDir set to true
End option processing: cpu: 0:00:00, real: 0:00:00, peak: 2598.00 megs.

Reading DB technology information...
Finished reading DB technology information.
Reading floorplan and netlist information...
Finished reading floorplan and netlist information.
Read in 20 layers, 10 routing layers, 1 overlap layer
Read in 2913 macros, 390 used
Read in 3729 components
  373 core components: 373 unplaced, 0 placed, 0 fixed
  3352 pad components: 0 unplaced, 3349 placed, 3 fixed
  4 other components: 0 unplaced, 0 placed, 4 fixed
Read in 35 logical pins
Read in 35 nets
Read in 27 special nets, 3 routed
Read in 770 terminals
2 nets selected.

Begin power routing ...
Total Ports: 
CPU time for vdd FollowPin 0 seconds
CPU time for gnd FollowPin 0 seconds
  trivial routing: 1187 connections remain
  trivial routing: 1186 connections remain
  trivial routing: 1185 connections remain
  trivial routing: 1184 connections remain
  trivial routing: 1183 connections remain
  trivial routing: 1182 connections remain
  trivial routing: 1181 connections remain
  trivial routing: 1180 connections remain
  trivial routing: 1179 connections remain
  trivial routing: 1178 connections remain
  trivial routing: 1177 connections remain
  trivial routing: 1176 connections remain
  trivial routing: 1175 connections remain
  trivial routing: 1174 connections remain
  trivial routing: 1173 connections remain
  trivial routing: 1172 connections remain
  trivial routing: 1171 connections remain
  trivial routing: 1170 connections remain
  trivial routing: 1169 connections remain
  trivial routing: 1168 connections remain
  trivial routing: 1167 connections remain
  trivial routing: 1166 connections remain
  trivial routing: 1165 connections remain
  trivial routing: 1164 connections remain
  trivial routing: 1163 connections remain
  trivial routing: 1162 connections remain
  trivial routing: 1161 connections remain
  trivial routing: 1160 connections remain
  trivial routing: 1159 connections remain
  trivial routing: 1158 connections remain
  trivial routing: 1157 connections remain
  trivial routing: 1156 connections remain
  trivial routing: 1155 connections remain
  trivial routing: 1154 connections remain
  trivial routing: 1153 connections remain
  trivial routing: 1152 connections remain
  trivial routing: 1151 connections remain
  trivial routing: 1150 connections remain
  trivial routing: 1149 connections remain
  trivial routing: 1148 connections remain
  trivial routing: 1147 connections remain
  trivial routing: 1146 connections remain
  trivial routing: 1145 connections remain
  trivial routing: 1144 connections remain
  trivial routing: 1143 connections remain
  trivial routing: 1142 connections remain
  trivial routing: 1141 connections remain
  trivial routing: 1140 connections remain
  trivial routing: 1139 connections remain
  trivial routing: 1138 connections remain
  trivial routing: 1137 connections remain
  trivial routing: 1136 connections remain
  trivial routing: 1135 connections remain
  trivial routing: 1134 connections remain
  trivial routing: 1133 connections remain
  trivial routing: 1132 connections remain
  trivial routing: 1131 connections remain
  trivial routing: 1130 connections remain
  trivial routing: 1129 connections remain
  trivial routing: 1128 connections remain
  trivial routing: 1127 connections remain
  trivial routing: 1126 connections remain
  trivial routing: 1125 connections remain
  trivial routing: 1124 connections remain
  trivial routing: 1123 connections remain
  trivial routing: 1122 connections remain
  trivial routing: 1121 connections remain
  trivial routing: 1120 connections remain
  trivial routing: 1119 connections remain
  trivial routing: 1118 connections remain
  trivial routing: 1117 connections remain
  trivial routing: 1116 connections remain
  trivial routing: 1115 connections remain
  trivial routing: 1114 connections remain
  trivial routing: 1113 connections remain
  trivial routing: 1112 connections remain
  trivial routing: 1111 connections remain
  trivial routing: 1110 connections remain
  trivial routing: 1109 connections remain
  trivial routing: 1108 connections remain
  trivial routing: 1107 connections remain
  trivial routing: 1106 connections remain
  trivial routing: 1105 connections remain
  trivial routing: 1104 connections remain
  trivial routing: 1103 connections remain
  trivial routing: 1102 connections remain
  trivial routing: 1101 connections remain
  trivial routing: 1100 connections remain
  trivial routing: 1099 connections remain
  trivial routing: 1098 connections remain
  trivial routing: 1097 connections remain
  trivial routing: 1096 connections remain
  trivial routing: 1095 connections remain
  trivial routing: 1094 connections remain
  trivial routing: 1093 connections remain
  trivial routing: 1092 connections remain
  trivial routing: 1091 connections remain
  trivial routing: 1090 connections remain
  trivial routing: 1089 connections remain
  trivial routing: 1088 connections remain
  trivial routing: 1087 connections remain
  trivial routing: 1086 connections remain
  trivial routing: 1085 connections remain
  trivial routing: 1084 connections remain
  trivial routing: 1083 connections remain
  trivial routing: 1082 connections remain
  trivial routing: 1081 connections remain
  trivial routing: 1080 connections remain
  trivial routing: 1079 connections remain
  trivial routing: 1078 connections remain
  trivial routing: 1077 connections remain
  trivial routing: 1076 connections remain
  trivial routing: 1075 connections remain
  trivial routing: 1074 connections remain
  trivial routing: 1073 connections remain
  trivial routing: 1072 connections remain
  trivial routing: 1071 connections remain
  trivial routing: 1070 connections remain
  trivial routing: 1069 connections remain
  trivial routing: 1068 connections remain
  trivial routing: 1067 connections remain
  trivial routing: 1066 connections remain
  trivial routing: 1065 connections remain
  trivial routing: 1064 connections remain
  trivial routing: 1063 connections remain
  trivial routing: 1062 connections remain
  trivial routing: 1061 connections remain
  trivial routing: 1060 connections remain
  trivial routing: 1059 connections remain
  trivial routing: 1058 connections remain
  trivial routing: 1057 connections remain
  trivial routing: 1056 connections remain
  trivial routing: 1055 connections remain
  trivial routing: 1054 connections remain
  trivial routing: 1053 connections remain
  trivial routing: 1052 connections remain
  trivial routing: 1051 connections remain
  trivial routing: 1050 connections remain
  trivial routing: 1049 connections remain
  trivial routing: 1048 connections remain
  trivial routing: 1047 connections remain
  trivial routing: 1046 connections remain
  trivial routing: 1045 connections remain
  trivial routing: 1044 connections remain
  trivial routing: 1043 connections remain
  trivial routing: 1042 connections remain
  trivial routing: 1041 connections remain
  trivial routing: 1040 connections remain
  trivial routing: 1039 connections remain
  trivial routing: 1038 connections remain
  trivial routing: 1037 connections remain
  trivial routing: 1036 connections remain
  trivial routing: 1035 connections remain
  trivial routing: 1034 connections remain
  trivial routing: 1033 connections remain
  trivial routing: 1032 connections remain
  trivial routing: 1031 connections remain
  trivial routing: 1030 connections remain
  trivial routing: 1029 connections remain
  trivial routing: 1028 connections remain
  trivial routing: 1027 connections remain
  trivial routing: 1026 connections remain
  trivial routing: 1025 connections remain
  trivial routing: 1024 connections remain
  trivial routing: 1023 connections remain
  trivial routing: 1022 connections remain
  trivial routing: 1021 connections remain
  trivial routing: 1020 connections remain
  trivial routing: 1019 connections remain
  trivial routing: 1018 connections remain
  trivial routing: 1017 connections remain
  trivial routing: 1016 connections remain
  trivial routing: 1015 connections remain
  trivial routing: 1014 connections remain
  trivial routing: 1013 connections remain
  trivial routing: 1012 connections remain
  trivial routing: 1011 connections remain
  trivial routing: 1010 connections remain
  trivial routing: 1009 connections remain
  trivial routing: 1008 connections remain
  trivial routing: 1007 connections remain
  trivial routing: 1006 connections remain
  trivial routing: 1005 connections remain
  trivial routing: 1004 connections remain
  trivial routing: 1003 connections remain
  trivial routing: 1002 connections remain
  trivial routing: 1001 connections remain
  trivial routing: 1000 connections remain
  trivial routing: 999 connections remain
  trivial routing: 998 connections remain
  trivial routing: 997 connections remain
  trivial routing: 996 connections remain
  trivial routing: 995 connections remain
  trivial routing: 994 connections remain
  trivial routing: 993 connections remain
  trivial routing: 992 connections remain
  trivial routing: 991 connections remain
  trivial routing: 990 connections remain
  trivial routing: 989 connections remain
  trivial routing: 988 connections remain
  trivial routing: 987 connections remain
  trivial routing: 986 connections remain
  trivial routing: 985 connections remain
  trivial routing: 984 connections remain
  trivial routing: 983 connections remain
  trivial routing: 982 connections remain
  trivial routing: 981 connections remain
  trivial routing: 980 connections remain
  trivial routing: 979 connections remain
  trivial routing: 978 connections remain
  trivial routing: 977 connections remain
  trivial routing: 976 connections remain
  trivial routing: 975 connections remain
  trivial routing: 974 connections remain
  trivial routing: 973 connections remain
  trivial routing: 972 connections remain
  trivial routing: 971 connections remain
  trivial routing: 970 connections remain
  trivial routing: 969 connections remain
  trivial routing: 968 connections remain
  trivial routing: 967 connections remain
  trivial routing: 966 connections remain
  trivial routing: 965 connections remain
  trivial routing: 964 connections remain
  trivial routing: 963 connections remain
  trivial routing: 962 connections remain
  trivial routing: 961 connections remain
  trivial routing: 960 connections remain
  trivial routing: 959 connections remain
  trivial routing: 958 connections remain
  trivial routing: 957 connections remain
  trivial routing: 956 connections remain
  trivial routing: 955 connections remain
  trivial routing: 954 connections remain
  trivial routing: 953 connections remain
  trivial routing: 952 connections remain
  trivial routing: 951 connections remain
  trivial routing: 950 connections remain
  trivial routing: 949 connections remain
  trivial routing: 948 connections remain
  trivial routing: 947 connections remain
  trivial routing: 946 connections remain
  trivial routing: 945 connections remain
  trivial routing: 944 connections remain
  trivial routing: 943 connections remain
  trivial routing: 942 connections remain
  trivial routing: 941 connections remain
  trivial routing: 940 connections remain
  trivial routing: 939 connections remain
  trivial routing: 938 connections remain
  trivial routing: 937 connections remain
  trivial routing: 936 connections remain
  trivial routing: 935 connections remain
  trivial routing: 934 connections remain
  trivial routing: 933 connections remain
  trivial routing: 932 connections remain
  trivial routing: 931 connections remain
  trivial routing: 930 connections remain
  trivial routing: 929 connections remain
  trivial routing: 928 connections remain
  trivial routing: 927 connections remain
  trivial routing: 926 connections remain
  trivial routing: 925 connections remain
  trivial routing: 924 connections remain
  trivial routing: 923 connections remain
  trivial routing: 922 connections remain
  trivial routing: 921 connections remain
  trivial routing: 920 connections remain
  trivial routing: 919 connections remain
  trivial routing: 918 connections remain
  trivial routing: 917 connections remain
  trivial routing: 916 connections remain
  trivial routing: 915 connections remain
  trivial routing: 914 connections remain
  trivial routing: 913 connections remain
  trivial routing: 912 connections remain
  trivial routing: 911 connections remain
  trivial routing: 910 connections remain
  trivial routing: 909 connections remain
  trivial routing: 908 connections remain
  trivial routing: 907 connections remain
  trivial routing: 906 connections remain
  trivial routing: 905 connections remain
  trivial routing: 904 connections remain
  trivial routing: 903 connections remain
  trivial routing: 902 connections remain
  trivial routing: 901 connections remain
  trivial routing: 900 connections remain
  trivial routing: 899 connections remain
  trivial routing: 898 connections remain
  trivial routing: 897 connections remain
  trivial routing: 896 connections remain
  trivial routing: 895 connections remain
  trivial routing: 894 connections remain
  trivial routing: 893 connections remain
  trivial routing: 892 connections remain
  trivial routing: 891 connections remain
  trivial routing: 890 connections remain
  trivial routing: 889 connections remain
  trivial routing: 888 connections remain
  trivial routing: 887 connections remain
  trivial routing: 886 connections remain
  trivial routing: 885 connections remain
  trivial routing: 884 connections remain
  trivial routing: 883 connections remain
  trivial routing: 882 connections remain
  trivial routing: 881 connections remain
  trivial routing: 880 connections remain
  trivial routing: 879 connections remain
  trivial routing: 878 connections remain
  trivial routing: 877 connections remain
  trivial routing: 876 connections remain
  trivial routing: 875 connections remain
  trivial routing: 874 connections remain
  trivial routing: 873 connections remain
  trivial routing: 872 connections remain
  trivial routing: 871 connections remain
  trivial routing: 870 connections remain
  trivial routing: 869 connections remain
  trivial routing: 868 connections remain
  trivial routing: 867 connections remain
  trivial routing: 866 connections remain
  trivial routing: 865 connections remain
  trivial routing: 864 connections remain
  trivial routing: 863 connections remain
  trivial routing: 862 connections remain
  trivial routing: 861 connections remain
  trivial routing: 860 connections remain
  trivial routing: 859 connections remain
  trivial routing: 858 connections remain
  trivial routing: 857 connections remain
  trivial routing: 856 connections remain
  trivial routing: 855 connections remain
  trivial routing: 854 connections remain
  trivial routing: 853 connections remain
  trivial routing: 852 connections remain
  trivial routing: 851 connections remain
  trivial routing: 850 connections remain
  trivial routing: 849 connections remain
  trivial routing: 848 connections remain
  trivial routing: 847 connections remain
  trivial routing: 846 connections remain
  trivial routing: 845 connections remain
  trivial routing: 844 connections remain
  trivial routing: 843 connections remain
  trivial routing: 842 connections remain
  trivial routing: 841 connections remain
  trivial routing: 840 connections remain
  trivial routing: 839 connections remain
  trivial routing: 838 connections remain
  trivial routing: 837 connections remain
  trivial routing: 836 connections remain
  trivial routing: 835 connections remain
  trivial routing: 834 connections remain
  trivial routing: 833 connections remain
  trivial routing: 832 connections remain
  trivial routing: 831 connections remain
  trivial routing: 830 connections remain
  trivial routing: 829 connections remain
  trivial routing: 828 connections remain
  trivial routing: 827 connections remain
  trivial routing: 826 connections remain
  trivial routing: 825 connections remain
  trivial routing: 824 connections remain
  trivial routing: 823 connections remain
  trivial routing: 822 connections remain
  trivial routing: 821 connections remain
  trivial routing: 820 connections remain
  trivial routing: 819 connections remain
  trivial routing: 818 connections remain
  trivial routing: 817 connections remain
  trivial routing: 816 connections remain
  trivial routing: 815 connections remain
  trivial routing: 814 connections remain
  trivial routing: 813 connections remain
  trivial routing: 812 connections remain
  trivial routing: 811 connections remain
  trivial routing: 810 connections remain
  trivial routing: 809 connections remain
  trivial routing: 808 connections remain
  trivial routing: 807 connections remain
  trivial routing: 806 connections remain
  trivial routing: 805 connections remain
  trivial routing: 804 connections remain
  trivial routing: 803 connections remain
  trivial routing: 802 connections remain
  trivial routing: 801 connections remain
  trivial routing: 800 connections remain
  trivial routing: 799 connections remain
  trivial routing: 798 connections remain
  trivial routing: 797 connections remain
  trivial routing: 796 connections remain
  trivial routing: 795 connections remain
  trivial routing: 794 connections remain
  trivial routing: 793 connections remain
  trivial routing: 792 connections remain
  trivial routing: 791 connections remain
  trivial routing: 790 connections remain
  trivial routing: 789 connections remain
  trivial routing: 788 connections remain
  trivial routing: 787 connections remain
  trivial routing: 786 connections remain
  trivial routing: 785 connections remain
  trivial routing: 784 connections remain
  trivial routing: 783 connections remain
  trivial routing: 782 connections remain
  trivial routing: 781 connections remain
  trivial routing: 780 connections remain
  trivial routing: 779 connections remain
  trivial routing: 778 connections remain
  trivial routing: 777 connections remain
  trivial routing: 776 connections remain
  trivial routing: 775 connections remain
  trivial routing: 774 connections remain
  trivial routing: 773 connections remain
  trivial routing: 772 connections remain
  trivial routing: 771 connections remain
  trivial routing: 770 connections remain
  trivial routing: 769 connections remain
  trivial routing: 768 connections remain
  trivial routing: 767 connections remain
  trivial routing: 766 connections remain
  trivial routing: 765 connections remain
  trivial routing: 764 connections remain
  trivial routing: 763 connections remain
  trivial routing: 762 connections remain
  trivial routing: 761 connections remain
  trivial routing: 760 connections remain
  trivial routing: 759 connections remain
  trivial routing: 758 connections remain
  trivial routing: 757 connections remain
  trivial routing: 756 connections remain
  trivial routing: 755 connections remain
  trivial routing: 754 connections remain
  trivial routing: 753 connections remain
  trivial routing: 752 connections remain
  trivial routing: 751 connections remain
  trivial routing: 750 connections remain
  trivial routing: 749 connections remain
  trivial routing: 748 connections remain
  trivial routing: 747 connections remain
  trivial routing: 746 connections remain
  trivial routing: 745 connections remain
  trivial routing: 744 connections remain
  trivial routing: 743 connections remain
  trivial routing: 742 connections remain
  trivial routing: 741 connections remain
  trivial routing: 740 connections remain
  trivial routing: 739 connections remain
  trivial routing: 738 connections remain
  trivial routing: 737 connections remain
  trivial routing: 736 connections remain
  trivial routing: 735 connections remain
  trivial routing: 734 connections remain
  trivial routing: 733 connections remain
  trivial routing: 732 connections remain
  trivial routing: 731 connections remain
  trivial routing: 730 connections remain
  trivial routing: 729 connections remain
  trivial routing: 728 connections remain
  trivial routing: 727 connections remain
  trivial routing: 726 connections remain
  trivial routing: 725 connections remain
  trivial routing: 724 connections remain
  trivial routing: 723 connections remain
  trivial routing: 722 connections remain
  trivial routing: 721 connections remain
  trivial routing: 720 connections remain
  trivial routing: 719 connections remain
  trivial routing: 718 connections remain
  trivial routing: 717 connections remain
  trivial routing: 716 connections remain
  trivial routing: 715 connections remain
  trivial routing: 714 connections remain
  trivial routing: 713 connections remain
  trivial routing: 712 connections remain
  trivial routing: 711 connections remain
  trivial routing: 710 connections remain
  trivial routing: 709 connections remain
  trivial routing: 708 connections remain
  trivial routing: 707 connections remain
  trivial routing: 706 connections remain
  trivial routing: 705 connections remain
  trivial routing: 704 connections remain
  trivial routing: 703 connections remain
  trivial routing: 702 connections remain
  trivial routing: 701 connections remain
  trivial routing: 700 connections remain
  trivial routing: 699 connections remain
  trivial routing: 698 connections remain
  trivial routing: 697 connections remain
  trivial routing: 696 connections remain
  trivial routing: 695 connections remain
  trivial routing: 694 connections remain
  trivial routing: 693 connections remain
  trivial routing: 692 connections remain
  trivial routing: 691 connections remain
  trivial routing: 690 connections remain
  trivial routing: 689 connections remain
  trivial routing: 688 connections remain
  trivial routing: 687 connections remain
  trivial routing: 686 connections remain
  trivial routing: 685 connections remain
  trivial routing: 684 connections remain
  trivial routing: 683 connections remain
  trivial routing: 682 connections remain
  trivial routing: 681 connections remain
  trivial routing: 680 connections remain
  trivial routing: 679 connections remain
  trivial routing: 678 connections remain
  trivial routing: 677 connections remain
  trivial routing: 676 connections remain
  trivial routing: 675 connections remain
  trivial routing: 674 connections remain
  trivial routing: 673 connections remain
  trivial routing: 672 connections remain
  trivial routing: 671 connections remain
  trivial routing: 670 connections remain
  trivial routing: 669 connections remain
  trivial routing: 668 connections remain
  trivial routing: 667 connections remain
  trivial routing: 666 connections remain
  trivial routing: 665 connections remain
  trivial routing: 664 connections remain
  trivial routing: 663 connections remain
  trivial routing: 662 connections remain
  trivial routing: 661 connections remain
  trivial routing: 660 connections remain
  trivial routing: 659 connections remain
  trivial routing: 658 connections remain
  trivial routing: 657 connections remain
  trivial routing: 656 connections remain
  trivial routing: 655 connections remain
  trivial routing: 654 connections remain
  trivial routing: 653 connections remain
  trivial routing: 652 connections remain
  trivial routing: 651 connections remain
  trivial routing: 650 connections remain
  trivial routing: 649 connections remain
  trivial routing: 648 connections remain
  trivial routing: 647 connections remain
  trivial routing: 646 connections remain
  trivial routing: 645 connections remain
  trivial routing: 644 connections remain
  trivial routing: 643 connections remain
  trivial routing: 642 connections remain
  trivial routing: 641 connections remain
  trivial routing: 640 connections remain
  trivial routing: 639 connections remain
  trivial routing: 638 connections remain
  trivial routing: 637 connections remain
  trivial routing: 636 connections remain
  trivial routing: 635 connections remain
  trivial routing: 634 connections remain
  trivial routing: 633 connections remain
  trivial routing: 632 connections remain
  trivial routing: 631 connections remain
  trivial routing: 630 connections remain
  trivial routing: 629 connections remain
  trivial routing: 628 connections remain
  trivial routing: 627 connections remain
  trivial routing: 626 connections remain
  trivial routing: 625 connections remain
  trivial routing: 624 connections remain
  trivial routing: 623 connections remain
  trivial routing: 622 connections remain
  trivial routing: 621 connections remain
  trivial routing: 620 connections remain
  trivial routing: 619 connections remain
  trivial routing: 618 connections remain
  trivial routing: 617 connections remain
  trivial routing: 616 connections remain
  trivial routing: 615 connections remain
  trivial routing: 614 connections remain
  trivial routing: 613 connections remain
  trivial routing: 612 connections remain
  trivial routing: 611 connections remain
  trivial routing: 610 connections remain
  trivial routing: 609 connections remain
  trivial routing: 608 connections remain
  trivial routing: 607 connections remain
  trivial routing: 606 connections remain
  trivial routing: 605 connections remain
  trivial routing: 604 connections remain
  trivial routing: 603 connections remain
  trivial routing: 602 connections remain
  trivial routing: 601 connections remain
  trivial routing: 600 connections remain
  trivial routing: 599 connections remain
  trivial routing: 598 connections remain
  trivial routing: 597 connections remain
  trivial routing: 596 connections remain
  trivial routing: 595 connections remain
  trivial routing: 594 connections remain
  trivial routing: 593 connections remain
  trivial routing: 592 connections remain
  trivial routing: 591 connections remain
  trivial routing: 590 connections remain
  trivial routing: 589 connections remain
  trivial routing: 588 connections remain
  trivial routing: 587 connections remain
  trivial routing: 586 connections remain
  trivial routing: 585 connections remain
  trivial routing: 584 connections remain
  trivial routing: 583 connections remain
  trivial routing: 582 connections remain
  trivial routing: 581 connections remain
  trivial routing: 580 connections remain
  trivial routing: 579 connections remain
  trivial routing: 578 connections remain
  trivial routing: 577 connections remain
  trivial routing: 576 connections remain
  trivial routing: 575 connections remain
  trivial routing: 574 connections remain
  trivial routing: 573 connections remain
  trivial routing: 572 connections remain
  trivial routing: 571 connections remain
  trivial routing: 570 connections remain
  trivial routing: 569 connections remain
  trivial routing: 568 connections remain
  trivial routing: 567 connections remain
  trivial routing: 566 connections remain
  trivial routing: 565 connections remain
  trivial routing: 564 connections remain
  trivial routing: 563 connections remain
  trivial routing: 562 connections remain
  trivial routing: 561 connections remain
  trivial routing: 560 connections remain
  trivial routing: 559 connections remain
  trivial routing: 558 connections remain
  trivial routing: 557 connections remain
  trivial routing: 556 connections remain
  trivial routing: 555 connections remain
  trivial routing: 554 connections remain
  trivial routing: 553 connections remain
  trivial routing: 552 connections remain
  trivial routing: 551 connections remain
  trivial routing: 550 connections remain
  trivial routing: 549 connections remain
  trivial routing: 548 connections remain
  trivial routing: 547 connections remain
  trivial routing: 546 connections remain
  trivial routing: 545 connections remain
  trivial routing: 544 connections remain
  trivial routing: 543 connections remain
  trivial routing: 542 connections remain
  trivial routing: 541 connections remain
  trivial routing: 540 connections remain
  trivial routing: 539 connections remain
  trivial routing: 538 connections remain
  trivial routing: 537 connections remain
  trivial routing: 536 connections remain
  trivial routing: 535 connections remain
  trivial routing: 534 connections remain
  trivial routing: 533 connections remain
  trivial routing: 532 connections remain
  trivial routing: 531 connections remain
  trivial routing: 530 connections remain
  trivial routing: 529 connections remain
  trivial routing: 528 connections remain
  trivial routing: 527 connections remain
  trivial routing: 526 connections remain
  trivial routing: 525 connections remain
  trivial routing: 524 connections remain
  trivial routing: 523 connections remain
  trivial routing: 522 connections remain
  trivial routing: 521 connections remain
  trivial routing: 520 connections remain
  trivial routing: 519 connections remain
  trivial routing: 518 connections remain
  trivial routing: 517 connections remain
  trivial routing: 516 connections remain
  trivial routing: 515 connections remain
  trivial routing: 514 connections remain
  trivial routing: 513 connections remain
  trivial routing: 512 connections remain
  trivial routing: 511 connections remain
  trivial routing: 510 connections remain
  trivial routing: 509 connections remain
  trivial routing: 508 connections remain
  trivial routing: 507 connections remain
  trivial routing: 506 connections remain
  trivial routing: 505 connections remain
  trivial routing: 504 connections remain
  trivial routing: 503 connections remain
  trivial routing: 502 connections remain
  trivial routing: 501 connections remain
  trivial routing: 500 connections remain
  trivial routing: 499 connections remain
  trivial routing: 498 connections remain
  trivial routing: 497 connections remain
  trivial routing: 496 connections remain
  trivial routing: 495 connections remain
  trivial routing: 494 connections remain
  trivial routing: 493 connections remain
  trivial routing: 492 connections remain
  trivial routing: 491 connections remain
  trivial routing: 490 connections remain
  trivial routing: 489 connections remain
  trivial routing: 488 connections remain
  trivial routing: 487 connections remain
  trivial routing: 486 connections remain
  trivial routing: 485 connections remain
  trivial routing: 484 connections remain
  trivial routing: 483 connections remain
  trivial routing: 482 connections remain
  trivial routing: 481 connections remain
  trivial routing: 480 connections remain
  trivial routing: 479 connections remain
  trivial routing: 478 connections remain
  trivial routing: 477 connections remain
  trivial routing: 476 connections remain
  trivial routing: 475 connections remain
  trivial routing: 474 connections remain
  trivial routing: 473 connections remain
  trivial routing: 472 connections remain
  trivial routing: 471 connections remain
  trivial routing: 470 connections remain
  trivial routing: 469 connections remain
  trivial routing: 468 connections remain
  trivial routing: 467 connections remain
  trivial routing: 466 connections remain
  trivial routing: 465 connections remain
  trivial routing: 464 connections remain
  trivial routing: 463 connections remain
  trivial routing: 462 connections remain
  trivial routing: 461 connections remain
  trivial routing: 460 connections remain
  trivial routing: 459 connections remain
  trivial routing: 458 connections remain
  trivial routing: 457 connections remain
  trivial routing: 456 connections remain
  trivial routing: 455 connections remain
  trivial routing: 454 connections remain
  trivial routing: 453 connections remain
  trivial routing: 452 connections remain
  trivial routing: 451 connections remain
  trivial routing: 450 connections remain
  trivial routing: 449 connections remain
  trivial routing: 448 connections remain
  trivial routing: 447 connections remain
  trivial routing: 446 connections remain
  trivial routing: 445 connections remain
  trivial routing: 444 connections remain
  trivial routing: 443 connections remain
  trivial routing: 442 connections remain
  trivial routing: 441 connections remain
  trivial routing: 440 connections remain
  trivial routing: 439 connections remain
  trivial routing: 438 connections remain
  trivial routing: 437 connections remain
  trivial routing: 436 connections remain
  trivial routing: 435 connections remain
  trivial routing: 434 connections remain
  trivial routing: 433 connections remain
  trivial routing: 432 connections remain
  trivial routing: 431 connections remain
  trivial routing: 430 connections remain
  trivial routing: 429 connections remain
  trivial routing: 428 connections remain
  trivial routing: 427 connections remain
  trivial routing: 426 connections remain
  trivial routing: 425 connections remain
  trivial routing: 424 connections remain
  trivial routing: 423 connections remain
  trivial routing: 422 connections remain
  trivial routing: 421 connections remain
  trivial routing: 420 connections remain
  trivial routing: 419 connections remain
  trivial routing: 418 connections remain
  trivial routing: 417 connections remain
  trivial routing: 416 connections remain
  trivial routing: 415 connections remain
  trivial routing: 414 connections remain
  trivial routing: 413 connections remain
  trivial routing: 412 connections remain
  trivial routing: 411 connections remain
  trivial routing: 410 connections remain
  trivial routing: 409 connections remain
  trivial routing: 408 connections remain
  trivial routing: 407 connections remain
  trivial routing: 406 connections remain
  trivial routing: 405 connections remain
  trivial routing: 404 connections remain
  trivial routing: 403 connections remain
  trivial routing: 402 connections remain
  trivial routing: 401 connections remain
  trivial routing: 400 connections remain
  trivial routing: 399 connections remain
  trivial routing: 398 connections remain
  trivial routing: 397 connections remain
  trivial routing: 396 connections remain
  trivial routing: 395 connections remain
  trivial routing: 394 connections remain
  trivial routing: 393 connections remain
  trivial routing: 392 connections remain
  trivial routing: 391 connections remain
  trivial routing: 390 connections remain
  trivial routing: 389 connections remain
  trivial routing: 388 connections remain
  trivial routing: 387 connections remain
  trivial routing: 386 connections remain
  trivial routing: 385 connections remain
  trivial routing: 384 connections remain
  trivial routing: 383 connections remain
  trivial routing: 382 connections remain
  trivial routing: 381 connections remain
  trivial routing: 380 connections remain
  trivial routing: 379 connections remain
  trivial routing: 378 connections remain
  trivial routing: 377 connections remain
  trivial routing: 376 connections remain
  trivial routing: 375 connections remain
  trivial routing: 374 connections remain
  trivial routing: 373 connections remain
  trivial routing: 372 connections remain
  trivial routing: 371 connections remain
  trivial routing: 370 connections remain
  trivial routing: 369 connections remain
  trivial routing: 368 connections remain
  trivial routing: 367 connections remain
  trivial routing: 366 connections remain
  trivial routing: 365 connections remain
  trivial routing: 364 connections remain
  trivial routing: 363 connections remain
  trivial routing: 362 connections remain
  trivial routing: 361 connections remain
  trivial routing: 360 connections remain
  trivial routing: 359 connections remain
  trivial routing: 358 connections remain
  trivial routing: 357 connections remain
  trivial routing: 356 connections remain
  trivial routing: 355 connections remain
  trivial routing: 354 connections remain
  trivial routing: 353 connections remain
  trivial routing: 352 connections remain
  trivial routing: 351 connections remain
  trivial routing: 350 connections remain
  trivial routing: 349 connections remain
  trivial routing: 348 connections remain
  trivial routing: 347 connections remain
  trivial routing: 346 connections remain
  trivial routing: 345 connections remain
  trivial routing: 344 connections remain
  trivial routing: 343 connections remain
  trivial routing: 342 connections remain
  trivial routing: 341 connections remain
  trivial routing: 340 connections remain
  trivial routing: 339 connections remain
  trivial routing: 338 connections remain
  trivial routing: 337 connections remain
  trivial routing: 336 connections remain
  trivial routing: 335 connections remain
  trivial routing: 334 connections remain
  trivial routing: 333 connections remain
  trivial routing: 332 connections remain
  trivial routing: 331 connections remain
  trivial routing: 330 connections remain
  trivial routing: 329 connections remain
  trivial routing: 328 connections remain
  trivial routing: 327 connections remain
  trivial routing: 326 connections remain
  trivial routing: 325 connections remain
  trivial routing: 324 connections remain
  trivial routing: 323 connections remain
  trivial routing: 322 connections remain
  trivial routing: 321 connections remain
  trivial routing: 320 connections remain
  trivial routing: 319 connections remain
  trivial routing: 318 connections remain
  trivial routing: 317 connections remain
  trivial routing: 316 connections remain
  trivial routing: 315 connections remain
  trivial routing: 314 connections remain
  trivial routing: 313 connections remain
  trivial routing: 312 connections remain
  trivial routing: 311 connections remain
  trivial routing: 310 connections remain
  trivial routing: 309 connections remain
  trivial routing: 308 connections remain
  trivial routing: 307 connections remain
  trivial routing: 306 connections remain
  trivial routing: 305 connections remain
  trivial routing: 304 connections remain
  trivial routing: 303 connections remain
  trivial routing: 302 connections remain
  trivial routing: 301 connections remain
  trivial routing: 300 connections remain
  trivial routing: 299 connections remain
  trivial routing: 298 connections remain
  trivial routing: 297 connections remain
  trivial routing: 296 connections remain
  trivial routing: 295 connections remain
  trivial routing: 294 connections remain
  trivial routing: 293 connections remain
  trivial routing: 292 connections remain
  trivial routing: 291 connections remain
  trivial routing: 290 connections remain
  trivial routing: 289 connections remain
  trivial routing: 288 connections remain
  trivial routing: 287 connections remain
  trivial routing: 286 connections remain
  trivial routing: 285 connections remain
  trivial routing: 284 connections remain
  trivial routing: 283 connections remain
  trivial routing: 282 connections remain
  trivial routing: 281 connections remain
  trivial routing: 280 connections remain
  trivial routing: 279 connections remain
  trivial routing: 278 connections remain
  trivial routing: 277 connections remain
  trivial routing: 276 connections remain
  trivial routing: 275 connections remain
  trivial routing: 274 connections remain
  trivial routing: 273 connections remain
  trivial routing: 272 connections remain
  trivial routing: 271 connections remain
  trivial routing: 270 connections remain
  trivial routing: 269 connections remain
  trivial routing: 268 connections remain
  trivial routing: 267 connections remain
  trivial routing: 266 connections remain
  trivial routing: 265 connections remain
  trivial routing: 264 connections remain
  trivial routing: 263 connections remain
  trivial routing: 262 connections remain
  trivial routing: 261 connections remain
  trivial routing: 260 connections remain
  trivial routing: 259 connections remain
  trivial routing: 258 connections remain
  trivial routing: 257 connections remain
  trivial routing: 256 connections remain
  trivial routing: 255 connections remain
  trivial routing: 254 connections remain
  trivial routing: 253 connections remain
  trivial routing: 252 connections remain
  trivial routing: 251 connections remain
  trivial routing: 250 connections remain
  trivial routing: 249 connections remain
  trivial routing: 248 connections remain
  trivial routing: 247 connections remain
  trivial routing: 246 connections remain
  trivial routing: 245 connections remain
  trivial routing: 244 connections remain
  trivial routing: 243 connections remain
  trivial routing: 242 connections remain
  trivial routing: 241 connections remain
  trivial routing: 240 connections remain
  trivial routing: 239 connections remain
  trivial routing: 238 connections remain
  trivial routing: 237 connections remain
  trivial routing: 236 connections remain
  trivial routing: 235 connections remain
  trivial routing: 234 connections remain
  trivial routing: 233 connections remain
  trivial routing: 232 connections remain
  trivial routing: 231 connections remain
  trivial routing: 230 connections remain
  trivial routing: 229 connections remain
  trivial routing: 228 connections remain
  trivial routing: 227 connections remain
  trivial routing: 226 connections remain
  trivial routing: 225 connections remain
  trivial routing: 224 connections remain
  trivial routing: 223 connections remain
  trivial routing: 222 connections remain
  trivial routing: 221 connections remain
  trivial routing: 220 connections remain
  trivial routing: 219 connections remain
  trivial routing: 218 connections remain
  trivial routing: 217 connections remain
  trivial routing: 216 connections remain
  trivial routing: 215 connections remain
  trivial routing: 214 connections remain
  trivial routing: 213 connections remain
  trivial routing: 212 connections remain
  trivial routing: 211 connections remain
  trivial routing: 210 connections remain
  trivial routing: 209 connections remain
  trivial routing: 208 connections remain
  trivial routing: 207 connections remain
  trivial routing: 206 connections remain
  trivial routing: 205 connections remain
  trivial routing: 204 connections remain
  trivial routing: 203 connections remain
  trivial routing: 202 connections remain
  trivial routing: 201 connections remain
  trivial routing: 200 connections remain
  trivial routing: 199 connections remain
  trivial routing: 198 connections remain
  trivial routing: 197 connections remain
  trivial routing: 196 connections remain
  trivial routing: 195 connections remain
  trivial routing: 194 connections remain
  trivial routing: 193 connections remain
  trivial routing: 192 connections remain
  trivial routing: 191 connections remain
  trivial routing: 190 connections remain
  trivial routing: 189 connections remain
  trivial routing: 188 connections remain
  trivial routing: 187 connections remain
  trivial routing: 186 connections remain
  trivial routing: 185 connections remain
  trivial routing: 184 connections remain
  trivial routing: 183 connections remain
  trivial routing: 182 connections remain
  trivial routing: 181 connections remain
  trivial routing: 180 connections remain
  trivial routing: 179 connections remain
  trivial routing: 178 connections remain
  trivial routing: 177 connections remain
  trivial routing: 176 connections remain
  trivial routing: 175 connections remain
  trivial routing: 174 connections remain
  trivial routing: 173 connections remain
  trivial routing: 172 connections remain
  trivial routing: 171 connections remain
  trivial routing: 170 connections remain
  trivial routing: 169 connections remain
  trivial routing: 168 connections remain
  trivial routing: 167 connections remain
  trivial routing: 166 connections remain
  trivial routing: 165 connections remain
  trivial routing: 164 connections remain
  trivial routing: 163 connections remain
  trivial routing: 162 connections remain
  trivial routing: 161 connections remain
  trivial routing: 160 connections remain
  trivial routing: 159 connections remain
  trivial routing: 158 connections remain
  trivial routing: 157 connections remain
  trivial routing: 156 connections remain
  trivial routing: 155 connections remain
  trivial routing: 154 connections remain
  trivial routing: 153 connections remain
  trivial routing: 152 connections remain
  trivial routing: 151 connections remain
  trivial routing: 150 connections remain
  trivial routing: 149 connections remain
  trivial routing: 148 connections remain
  trivial routing: 147 connections remain
  trivial routing: 146 connections remain
  trivial routing: 145 connections remain
  trivial routing: 144 connections remain
  trivial routing: 143 connections remain
  trivial routing: 142 connections remain
  trivial routing: 141 connections remain
  trivial routing: 140 connections remain
  trivial routing: 139 connections remain
  trivial routing: 138 connections remain
  trivial routing: 137 connections remain
  trivial routing: 136 connections remain
  trivial routing: 135 connections remain
  trivial routing: 134 connections remain
  trivial routing: 133 connections remain
  trivial routing: 132 connections remain
  trivial routing: 131 connections remain
  trivial routing: 130 connections remain
  trivial routing: 129 connections remain
  trivial routing: 128 connections remain
  trivial routing: 127 connections remain
  trivial routing: 126 connections remain
  trivial routing: 125 connections remain
  trivial routing: 124 connections remain
  trivial routing: 123 connections remain
  trivial routing: 122 connections remain
  trivial routing: 121 connections remain
  trivial routing: 120 connections remain
  trivial routing: 119 connections remain
  trivial routing: 118 connections remain
  trivial routing: 117 connections remain
  trivial routing: 116 connections remain
  trivial routing: 115 connections remain
  trivial routing: 114 connections remain
  trivial routing: 113 connections remain
  trivial routing: 112 connections remain
  trivial routing: 111 connections remain
  trivial routing: 110 connections remain
  trivial routing: 109 connections remain
  trivial routing: 108 connections remain
  trivial routing: 107 connections remain
  trivial routing: 106 connections remain
  trivial routing: 105 connections remain
  trivial routing: 104 connections remain
  trivial routing: 103 connections remain
  trivial routing: 102 connections remain
  trivial routing: 101 connections remain
  trivial routing: 100 connections remain
  trivial routing: 99 connections remain
  trivial routing: 98 connections remain
  trivial routing: 97 connections remain
  trivial routing: 96 connections remain
  trivial routing: 95 connections remain
  trivial routing: 94 connections remain
  trivial routing: 93 connections remain
  trivial routing: 92 connections remain
  trivial routing: 91 connections remain
  trivial routing: 90 connections remain
  trivial routing: 89 connections remain
  trivial routing: 88 connections remain
  trivial routing: 87 connections remain
  trivial routing: 86 connections remain
  trivial routing: 85 connections remain
  trivial routing: 84 connections remain
  trivial routing: 83 connections remain
  trivial routing: 82 connections remain
  trivial routing: 81 connections remain
  trivial routing: 80 connections remain
  trivial routing: 79 connections remain
  trivial routing: 78 connections remain
  trivial routing: 77 connections remain
  trivial routing: 76 connections remain
  trivial routing: 75 connections remain
  trivial routing: 74 connections remain
  trivial routing: 73 connections remain
  trivial routing: 72 connections remain
  trivial routing: 71 connections remain
  trivial routing: 70 connections remain
  trivial routing: 69 connections remain
  trivial routing: 68 connections remain
  trivial routing: 67 connections remain
  trivial routing: 66 connections remain
  trivial routing: 65 connections remain
  trivial routing: 64 connections remain
  trivial routing: 63 connections remain
  trivial routing: 62 connections remain
  trivial routing: 61 connections remain
  trivial routing: 60 connections remain
  trivial routing: 59 connections remain
  trivial routing: 58 connections remain
  trivial routing: 57 connections remain
  trivial routing: 56 connections remain
  trivial routing: 55 connections remain
  trivial routing: 54 connections remain
  trivial routing: 53 connections remain
  trivial routing: 52 connections remain
  trivial routing: 51 connections remain
  trivial routing: 50 connections remain
  trivial routing: 49 connections remain
  trivial routing: 48 connections remain
  trivial routing: 47 connections remain
  trivial routing: 46 connections remain
  trivial routing: 45 connections remain
  trivial routing: 44 connections remain
  trivial routing: 43 connections remain
  trivial routing: 42 connections remain
  trivial routing: 41 connections remain
  trivial routing: 40 connections remain
  trivial routing: 39 connections remain
  trivial routing: 38 connections remain
  trivial routing: 37 connections remain
  trivial routing: 36 connections remain
  trivial routing: 35 connections remain
  trivial routing: 34 connections remain
  trivial routing: 33 connections remain
  trivial routing: 32 connections remain
  trivial routing: 31 connections remain
  trivial routing: 30 connections remain
  trivial routing: 29 connections remain
  trivial routing: 28 connections remain
  trivial routing: 27 connections remain
  trivial routing: 26 connections remain
  trivial routing: 25 connections remain
  trivial routing: 24 connections remain
  trivial routing: 23 connections remain
  trivial routing: 22 connections remain
  trivial routing: 21 connections remain
  trivial routing: 20 connections remain
  trivial routing: 19 connections remain
  trivial routing: 18 connections remain
  trivial routing: 17 connections remain
  trivial routing: 16 connections remain
  trivial routing: 15 connections remain
  trivial routing: 14 connections remain
  trivial routing: 13 connections remain
  trivial routing: 12 connections remain
  trivial routing: 11 connections remain
  trivial routing: 10 connections remain
  trivial routing: 9 connections remain
  trivial routing: 8 connections remain
  trivial routing: 7 connections remain
  trivial routing: 6 connections remain
  trivial routing: 5 connections remain
  trivial routing: 4 connections remain
  trivial routing: 3 connections remain
  trivial routing: 2 connections remain
  trivial routing: 1 connection remains
  trivial routing: 0 connection remains
Total CPU time for maze routing 0 seconds
  Number of Core ports routed: 1188
  Number of Followpin connections: 594
End power routing: cpu: 0:00:00, real: 0:00:00, peak: 2621.00 megs.



 Begin updating DB with routing results ...
 Updating DB with 0 via definition ...
route_special created 1782 wires.
ViaGen created 1188 vias, deleted 0 via to avoid violation.
+--------+----------------+----------------+
|  Layer |     Created    |     Deleted    |
+--------+----------------+----------------+
|   M1   |      1782      |       NA       |
|  VIA1  |      1188      |        0       |
+--------+----------------+----------------+
#% End route_special (date=02/10 15:51:04, total cpu=0:00:00.8, real=0:00:01.0, peak res=2093.1M, current mem=2052.9M)
@innovus 172>
 
@innovus 172> if {$design(FULLCHIP_OR_MACRO)=="FULLCHIP"} {
+     # Connect pads to the rings
+     enics_message "Connecting PG Pads to Core Ring" medium
+     route_special -connect {pad_pin} -nets $design(core_ring_nets) -pad_pin_po [1Grt_connect all_geom -detailed_log
+ }
if {$design(FULLCHIP_OR_MACRO)=="FULLCHIP"} {
    # Connect pads to the rings
    enics_message "Connecting PG Pads to Core Ring" medium
    route_special -connect {pad_pin} -nets $design(core_ring_nets) -pad_pin_port_connect all_geom -detailed_log
}

ENICSINFO: Connecting PG Pads to Core Ring
------------------------------------------
#% Begin route_special (date=02/10 15:51:04, mem=2052.9M)
*** Begin SPECIAL ROUTE on Mon Feb 10 15:51:04 2025 ***
SPECIAL ROUTE ran on directory: /project/tsmc65/users/liosky/ws/DVD25/hw7/workspace
SPECIAL ROUTE ran on machine: ip-10-70-158-178.il-central-1.compute.internal (Linux 4.14.355-275.570.amzn2.x86_64 Xeon 3.48Ghz)

Begin option processing ...
srouteConnectPowerBump set to false
routeSelectNet set to "gnd vdd"
routeSpecial set to true
srouteConnectBlockPin set to false
srouteConnectConverterPin set to false
srouteConnectCorePin set to false
srouteConnectStripe set to false
srouteDetailedLog set to true
srouteFollowCorePinEnd set to 3
srouteFollowPadPin set to false
srouteJogControl set to "preferWithChanges differentLayer"
sroutePadPinAllGeoms set to true
sroutePadPinAllPorts set to true
sroutePreserveExistingRoutes set to true
srouteRoutePowerBarPortOnBothDir set to true
End option processing: cpu: 0:00:00, real: 0:00:00, peak: 2621.00 megs.

Reading DB technology information...
Finished reading DB technology information.
Reading floorplan and netlist information...
Finished reading floorplan and netlist information.
Read in 20 layers, 10 routing layers, 1 overlap layer
Read in 388 macros, 387 used
Read in 3729 components
  373 core components: 373 unplaced, 0 placed, 0 fixed
  3352 pad components: 0 unplaced, 3349 placed, 3 fixed
  4 other components: 0 unplaced, 0 placed, 4 fixed
Read in 35 logical pins
Read in 35 nets
Read in 27 special nets, 3 routed
Read in 770 terminals
2 nets selected.

Begin power routing ...
Total Ports:  160 pad ports
**WARN: (IMPPP-570):	The power planner detected cut layer obstruction(s) and cannot create via on the VIA1 layer at (1472.344971, -127.339996) (1476.344971, -126.300003).
Type 'man IMPPP-570' for more detail.
  trivial routing: 159 connections remain
**WARN: (IMPPP-570):	The power planner detected cut layer obstruction(s) and cannot create via on the VIA1 layer at (1472.344971, -127.339996) (1476.344971, -126.300003).
Type 'man IMPPP-570' for more detail.
  trivial routing: 158 connections remain
**WARN: (IMPPP-570):	The power planner detected cut layer obstruction(s) and cannot create via on the VIA1 layer at (1463.185059, -127.339996) (1467.185059, -126.300003).
Type 'man IMPPP-570' for more detail.
  trivial routing: 157 connections remain
**WARN: (IMPPP-570):	The power planner detected cut layer obstruction(s) and cannot create via on the VIA1 layer at (1463.185059, -127.339996) (1467.185059, -126.300003).
Type 'man IMPPP-570' for more detail.
  trivial routing: 156 connections remain
  trivial routing: 155 connections remain
  trivial routing: 154 connections remain
**WARN: (IMPPP-570):	The power planner detected cut layer obstruction(s) and cannot create via on the VIA1 layer at (1444.864990, -127.339996) (1448.864990, -126.300003).
Type 'man IMPPP-570' for more detail.
  trivial routing: 153 connections remain
**WARN: (IMPPP-570):	The power planner detected cut layer obstruction(s) and cannot create via on the VIA1 layer at (1444.864990, -127.339996) (1448.864990, -126.300003).
Type 'man IMPPP-570' for more detail.
  trivial routing: 152 connections remain
**WARN: (IMPPP-570):	The power planner detected cut layer obstruction(s) and cannot create via on the VIA1 layer at (1435.704956, -127.339996) (1439.704956, -126.300003).
Type 'man IMPPP-570' for more detail.
  trivial routing: 151 connections remain
**WARN: (IMPPP-570):	The power planner detected cut layer obstruction(s) and cannot create via on the VIA1 layer at (1435.704956, -127.339996) (1439.704956, -126.300003).
Type 'man IMPPP-570' for more detail.
  trivial routing: 150 connections remain
**WARN: (IMPPP-570):	The power planner detected cut layer obstruction(s) and cannot create via on the VIA1 layer at (1321.755005, -127.339996) (1325.755005, -126.300003).
Type 'man IMPPP-570' for more detail.
  trivial routing: 149 connections remain
**WARN: (IMPPP-570):	The power planner detected cut layer obstruction(s) and cannot create via on the VIA1 layer at (1321.755005, -127.339996) (1325.755005, -126.300003).
Type 'man IMPPP-570' for more detail.
  trivial routing: 148 connections remain
**WARN: (IMPPP-570):	The power planner detected cut layer obstruction(s) and cannot create via on the VIA1 layer at (1312.594971, -127.339996) (1316.594971, -126.300003).
Type 'man IMPPP-570' for more detail.
  trivial routing: 147 connections remain
**WARN: (IMPPP-570):	The power planner detected cut layer obstruction(s) and cannot create via on the VIA1 layer at (1312.594971, -127.339996) (1316.594971, -126.300003).
Type 'man IMPPP-570' for more detail.
  trivial routing: 146 connections remain
  trivial routing: 145 connections remain
  trivial routing: 144 connections remain
**WARN: (IMPPP-570):	The power planner detected cut layer obstruction(s) and cannot create via on the VIA1 layer at (1294.275024, -127.339996) (1298.275024, -126.300003).
Type 'man IMPPP-570' for more detail.
  trivial routing: 143 connections remain
**WARN: (IMPPP-570):	The power planner detected cut layer obstruction(s) and cannot create via on the VIA1 layer at (1294.275024, -127.339996) (1298.275024, -126.300003).
Type 'man IMPPP-570' for more detail.
  trivial routing: 142 connections remain
**WARN: (IMPPP-570):	The power planner detected cut layer obstruction(s) and cannot create via on the VIA1 layer at (1285.114990, -127.339996) (1289.114990, -126.300003).
Type 'man IMPPP-570' for more detail.
  trivial routing: 141 connections remain
**WARN: (IMPPP-570):	The power planner detected cut layer obstruction(s) and cannot create via on the VIA1 layer at (1285.114990, -127.339996) (1289.114990, -126.300003).
Type 'man IMPPP-570' for more detail.
  trivial routing: 140 connections remain
**WARN: (IMPPP-570):	The power planner detected cut layer obstruction(s) and cannot create via on the VIA1 layer at (1171.165039, -127.339996) (1175.165039, -126.300003).
Type 'man IMPPP-570' for more detail.
  trivial routing: 139 connections remain
**WARN: (IMPPP-570):	The power planner detected cut layer obstruction(s) and cannot create via on the VIA1 layer at (1171.165039, -127.339996) (1175.165039, -126.300003).
Type 'man IMPPP-570' for more detail.
  trivial routing: 138 connections remain
**WARN: (IMPPP-570):	The power planner detected cut layer obstruction(s) and cannot create via on the VIA1 layer at (1162.005005, -127.339996) (1166.005005, -126.300003).
Type 'man IMPPP-570' for more detail.
  trivial routing: 137 connections remain
**WARN: (IMPPP-570):	The power planner detected cut layer obstruction(s) and cannot create via on the VIA1 layer at (1162.005005, -127.339996) (1166.005005, -126.300003).
Type 'man IMPPP-570' for more detail.
  trivial routing: 136 connections remain
  trivial routing: 135 connections remain
  trivial routing: 134 connections remain
**WARN: (EMS-27):	Message (IMPPP-570) has exceeded the current message display limit of 20.
To increase the message display limit, refer to the product command reference manual.
  trivial routing: 133 connections remain
  trivial routing: 132 connections remain
  trivial routing: 131 connections remain
  trivial routing: 130 connections remain
  trivial routing: 129 connections remain
  trivial routing: 128 connections remain
  trivial routing: 127 connections remain
  trivial routing: 126 connections remain
  trivial routing: 125 connections remain
  trivial routing: 124 connections remain
  trivial routing: 123 connections remain
  trivial routing: 122 connections remain
  trivial routing: 121 connections remain
  trivial routing: 120 connections remain
  trivial routing: 119 connections remain
  trivial routing: 118 connections remain
  trivial routing: 117 connections remain
  trivial routing: 116 connections remain
  trivial routing: 115 connections remain
  trivial routing: 114 connections remain
  trivial routing: 113 connections remain
  trivial routing: 112 connections remain
  trivial routing: 111 connections remain
  trivial routing: 110 connections remain
  trivial routing: 109 connections remain
  trivial routing: 108 connections remain
  trivial routing: 107 connections remain
  trivial routing: 106 connections remain
  trivial routing: 105 connections remain
  trivial routing: 104 connections remain
  trivial routing: 103 connections remain
  trivial routing: 102 connections remain
  trivial routing: 101 connections remain
  trivial routing: 100 connections remain
  trivial routing: 99 connections remain
  trivial routing: 98 connections remain
  trivial routing: 97 connections remain
  trivial routing: 96 connections remain
  trivial routing: 95 connections remain
  trivial routing: 94 connections remain
  trivial routing: 93 connections remain
  trivial routing: 92 connections remain
  trivial routing: 91 connections remain
  trivial routing: 90 connections remain
  trivial routing: 89 connections remain
  trivial routing: 88 connections remain
  trivial routing: 87 connections remain
  trivial routing: 86 connections remain
  trivial routing: 85 connections remain
  trivial routing: 84 connections remain
  trivial routing: 83 connections remain
  trivial routing: 82 connections remain
  trivial routing: 81 connections remain
  trivial routing: 80 connections remain
  trivial routing: 79 connections remain
  trivial routing: 78 connections remain
  trivial routing: 77 connections remain
  trivial routing: 76 connections remain
  trivial routing: 75 connections remain
  trivial routing: 74 connections remain
  trivial routing: 73 connections remain
  trivial routing: 72 connections remain
  trivial routing: 71 connections remain
  trivial routing: 70 connections remain
  trivial routing: 69 connections remain
  trivial routing: 68 connections remain
  trivial routing: 67 connections remain
  trivial routing: 66 connections remain
  trivial routing: 65 connections remain
  trivial routing: 64 connections remain
  trivial routing: 63 connections remain
  trivial routing: 62 connections remain
  trivial routing: 61 connections remain
  trivial routing: 60 connections remain
  trivial routing: 59 connections remain
  trivial routing: 58 connections remain
  trivial routing: 57 connections remain
  trivial routing: 56 connections remain
  phase1 maze route: 55 connections remain open.
  phase1 maze route: 54 connections remain open.
  phase1 maze route: 53 connections remain open.
  phase1 maze route: 52 connections remain open.
  phase1 maze route: 51 connections remain open.
  phase1 maze route: 50 connections remain open.
  phase1 maze route: 49 connections remain open.
  phase1 maze route: 48 connections remain open.
  phase1 maze route: 47 connections remain open.
  phase1 maze route: 46 connections remain open.
  phase1 maze route: 45 connections remain open.
  phase1 maze route: 44 connections remain open.
  phase1 maze route: 43 connections remain open.
  phase1 maze route: 42 connections remain open.
  phase1 maze route: 41 connections remain open.
  phase1 maze route: 40 connections remain open.
  phase1 maze route: 39 connections remain open.
  phase1 maze route: 38 connections remain open.
  phase1 maze route: 37 connections remain open.
  phase1 maze route: 36 connections remain open.
  phase1 maze route: 35 connections remain open.
  phase1 maze route: 34 connections remain open.
  phase1 maze route: 33 connections remain open.
  phase1 maze route: 32 connections remain open.
  phase1 maze route: 31 connections remain open.
  phase1 maze route: 30 connections remain open.
  phase1 maze route: 29 connections remain open.
  phase1 maze route: 28 connections remain open.
  phase1 maze route: 27 connections remain open.
  phase1 maze route: 26 connections remain open.
  phase1 maze route: 25 connections remain open.
  phase1 maze route: 24 connections remain open.
  phase1 maze route: 23 connections remain open.
  phase1 maze route: 22 connections remain open.
  phase1 maze route: 21 connections remain open.
  phase1 maze route: 20 connections remain open.
  phase1 maze route: 19 connections remain open.
  phase1 maze route: 18 connections remain open.
  phase1 maze route: 17 connections remain open.
  phase1 maze route: 16 connections remain open.
  phase1 maze route: 15 connections remain open.
  phase1 maze route: 14 connections remain open.
  phase1 maze route: 13 connections remain open.
  phase1 maze route: 12 connections remain open.
  phase1 maze route: 11 connections remain open.
  phase1 maze route: 10 connections remain open.
  phase1 maze route: 9 connections remain open.
  phase1 maze route: 8 connections remain open.
  phase1 maze route: 7 connections remain open.
  phase1 maze route: 6 connections remain open.
  phase1 maze route: 5 connections remain open.
  phase1 maze route: 4 connections remain open.
  phase1 maze route: 3 connections remain open.
  phase1 maze route: 2 connections remain open.
  phase1 maze route: 1 connection remains open.
  phase1 maze route: 0 connection remains open.
Total CPU time for maze routing 10 seconds
  Number of IO ports routed: 160
End power routing: cpu: 0:00:10, real: 0:00:11, peak: 3628.00 megs.



 Begin updating DB with routing results ...
 Updating DB with 3 via definition ...

route_special post-processing starts at Mon Feb 10 15:51:15 2025
The viaGen is rebuilding shadow vias for net gnd.
route_special post-processing ends at Mon Feb 10 15:51:15 2025

route_special post-processing starts at Mon Feb 10 15:51:15 2025
The viaGen is rebuilding shadow vias for net vdd.
route_special post-processing ends at Mon Feb 10 15:51:15 2025
route_special created 409 wires.
ViaGen created 191 vias, deleted 0 via to avoid violation.
+--------+----------------+----------------+
|  Layer |     Created    |     Deleted    |
+--------+----------------+----------------+
|   M1   |       170      |       NA       |
|  VIA1  |       89       |        0       |
|   M2   |       169      |       NA       |
|  VIA2  |       92       |        0       |
|   M3   |       65       |       NA       |
|  VIA3  |       10       |        0       |
|   M4   |        5       |       NA       |
+--------+----------------+----------------+
#% End route_special (date=02/10 15:51:15, total cpu=0:00:10.5, real=0:00:11.0, peak res=3093.6M, current mem=2055.7M)
@innovus 173>
 
@innovus 173> # Add End Caps
# Add End Caps
if {$tech(LIBRARY_HAS_ENDCAPS)=="YES"} {
    # get_db -category add_endcaps *
    enics_message "Adding End Caps" medium
    add_endcaps  
}
@innovus 174> if {$tech(LIBRARY_HAS_ENDCAPS)=="YES"} {
+     # get_db -category add_endcaps *
+     enics_message "Adding End Caps" medium
+     add_endcaps  
+ }

ENICSINFO: Adding End Caps
--------------------------
**WARN: (IMPSP-5534):	'add_endcaps_left_edge' and 'add_endcaps_right_edge' are using the same endcap cells
**WARN: (IMPSP-5534):	'add_endcaps_left_bottom_corner' and 'add_endcaps_right_bottom_corner' are using the same endcap cells
**WARN: (IMPSP-5534):	'add_endcaps_left_top_corner' and 'add_endcaps_right_top_corner' are using the same endcap cells
Minimum row-size in sites for endcap insertion = 5.
Minimum number of sites for row blockage       = 1.
Inserted 593 pre-endcap <ENDCAPTIE2_A9TR> cells (prefix ENDCAP).
Inserted 593 post-endcap <ENDCAPTIE2_A9TR> cells (prefix ENDCAP).
For 1186 new insts, @innovus 175> 

@innovus 175> # Add Well# Add Well Taps
 Taps
@innovus 176> # get_db -category add_well_taps *
# get_db -category add_well_taps *
@innovus 177> enics_message "Adding Well Taps" mediuenics_message "Adding Well Taps" medium
m

ENICSINFO: Adding Well Taps
---------------------------
@innovus 178> add_well_taps -cell $tech(WELLTAP)  -checker_board -prefix $design [1G(well_tap_prefix) \
+     -cell_interval [expr 2 * $tech(WELLTAP_RULE)] 
add_well_taps -cell $tech(WELLTAP)  -checker_board -prefix $design(well_tap_prefix) \
    -cell_interval [expr 2 * $tech(WELLTAP_RULE)] 
**WARN: (IMPSP-9102):	The value of -add_well_taps_rule in set_db should be set to quarter of the value of -cell_interval, unless it's used in some special purpose, otherwise it will cause incremental insertion behave unexpectedly.
skipRow option will be disabled when checkerBoard is set
For 16065 new insts, Inserted 16065 well-taps <FILLTIE2_A9TR> cells (prefix WELLTAP).
@innovus 179> check_well_taps -max_distance $tech(WELLTAP_RULE)
check_well_taps -max_distance $tech(WELLTAP_RULE)
INFO: running in 65nm design.
Begin to run check_well_taps...
init: done
checking rule
Finished check_well_taps, 0 violations found.
1
@innovus 180> 

@innovus 180> 

@innovus 180> # Add Stripes
# Add Stripes
@innovus 181> # get_db -category add_stripes *
# get_db -category add_stripes *
@innovus 182> enics_message "Creating Powerenics_message "Creating Power Grid" high
 Grid" high
****************************************
****************************************
**   ENICSINFO: Creating Power Grid   **
****************************************
****************************************
@innovus 183> 

@innovus 183> # NOTE: max_same_layer_jog_length = 10.0 is essential to prevent t [1Ghe
# NOTE: max_same_layer_jog_length = 10.0 is essential to prevent the
@innovus 184> # M2 vertical stripes to go down to M1 with horizontal stripes --> [1G
# M2 vertical stripes to go down to M1 with horizontal stripes -->
@innovus 185> # leading to M1 shorts with standard cells. The alternative is to  [1Guse
# leading to M1 shorts with standard cells. The alternative is to use
@innovus 186> # block_ring_bottom_layer_limit = M2.
# block_ring_bottom_layer_limit = M2.
@innovus 187> add_stripes -layer [lindex [get_db layers .name] 1] -direction ver [1Gtical -nets $design(M2_stripe_nets) \
+     -width $design(M2_stripes_width) -spacing $design(M2_stripes_spacing) \
+     -start_from left -start_offset $design(M2_stripes_from_left) \
+     -set_to_set_distance $design(M2_stripes_interval) -create_pins true \
+     -max_same_layer_jog_length 10.0
add_stripes -layer [lindex [get_db layers .name] 1] -direction vertical -nets $design(M2_stripe_nets) \
    -width $design(M2_stripes_width) -spacing $design(M2_stripes_spacing) \
    -start_from left -start_offset $design(M2_stripes_from_left) \
    -set_to_set_distance $design(M2_stripes_interval) -create_pins true \
    -max_same_layer_jog_length 10.0
#% Begin add_stripes (date=02/10 15:51:16, mem=2057.1M)

Initialize fgc environment(mem: 9367.6M) ...  fail and won't use fgc to check drc(cpu: 0:00:00.0, real: 0:00:00.0, peak mem: 9367.6M)
**WARN: (IMPPP-133):	The block boundary of the 'WELLTAP_1' instance was increased to (120.400002 120.000000) (120.800003 121.949997) because the VSS pin (120.504997 121.300003) (120.695000 121.949997) on layer M1 was outside the original block boundary.
Type 'man IMPPP-133' for more detail.
**WARN: (IMPPP-133):	The block boundary of the 'WELLTAP_2' instance was increased to (140.000000 120.000000) (140.399994 121.949997) because the VSS pin (140.104996 121.300003) (140.294998 121.949997) on layer M1 was outside the original block boundary.
Type 'man IMPPP-133' for more detail.
**WARN: (IMPPP-133):	The block boundary of the 'WELLTAP_3' instance was increased to (160.000000 120.000000) (160.399994 121.949997) because the VSS pin (160.104996 121.300003) (160.294998 121.949997) on layer M1 was outside the original block boundary.
Type 'man IMPPP-133' for more detail.
**WARN: (IMPPP-133):	The block boundary of the 'WELLTAP_4' instance was increased to (180.000000 120.000000) (180.399994 121.949997) because the VSS pin (180.104996 121.300003) (180.294998 121.949997) on layer M1 was outside the original block boundary.
Type 'man IMPPP-133' for more detail.
**WARN: (IMPPP-133):	The block boundary of the 'WELLTAP_5' instance was increased to (200.000000 120.000000) (200.399994 121.949997) because the VSS pin (200.104996 121.300003) (200.294998 121.949997) on layer M1 was outside the original block boundary.
Type 'man IMPPP-133' for more detail.
**WARN: (IMPPP-133):	The block boundary of the 'WELLTAP_6' instance was increased to (220.000000 120.000000) (220.399994 121.949997) because the VSS pin (220.104996 121.300003) (220.294998 121.949997) on layer M1 was outside the original block boundary.
Type 'man IMPPP-133' for more detail.
**WARN: (IMPPP-133):	The block boundary of the 'WELLTAP_7' instance was increased to (240.000000 120.000000) (240.399994 121.949997) because the VSS pin (240.104996 121.300003) (240.294998 121.949997) on layer M1 was outside the original block boundary.
Type 'man IMPPP-133' for more detail.
**WARN: (IMPPP-133):	The block boundary of the 'WELLTAP_8' instance was increased to (260.000000 120.000000) (260.399994 121.949997) because the VSS pin (260.105011 121.300003) (260.295013 121.949997) on layer M1 was outside the original block boundary.
Type 'man IMPPP-133' for more detail.
**WARN: (IMPPP-133):	The block boundary of the 'WELLTAP_9' instance was increased to (280.000000 120.000000) (280.399994 121.949997) because the VSS pin (280.105011 121.300003) (280.295013 121.949997) on layer M1 was outside the original block boundary.
Type 'man IMPPP-133' for more detail.
**WARN: (IMPPP-133):	The block boundary of the 'WELLTAP_10' instance was increased to (300.000000 120.000000) (300.399994 121.949997) because the VSS pin (300.105011 121.300003) (300.295013 121.949997) on layer M1 was outside the original block boundary.
Type 'man IMPPP-133' for more detail.
**WARN: (IMPPP-133):	The block boundary of the 'WELLTAP_11' instance was increased to (320.000000 120.000000) (320.399994 121.949997) because the VSS pin (320.105011 121.300003) (320.295013 121.949997) on layer M1 was outside the original block boundary.
Type 'man IMPPP-133' for more detail.
**WARN: (IMPPP-133):	The block boundary of the 'WELLTAP_12' instance was increased to (340.000000 120.000000) (340.399994 121.949997) because the VSS pin (340.105011 121.300003) (340.295013 121.949997) on layer M1 was outside the original block boundary.
Type 'man IMPPP-133' for more detail.
**WARN: (IMPPP-133):	The block boundary of the 'WELLTAP_13' instance was increased to (360.000000 120.000000) (360.399994 121.949997) because the VSS pin (360.105011 121.300003) (360.295013 121.949997) on layer M1 was outside the original block boundary.
Type 'man IMPPP-133' for more detail.
**WARN: (IMPPP-133):	The block boundary of the 'WELLTAP_14' instance was increased to (380.000000 120.000000) (380.399994 121.949997) because the VSS pin (380.105011 121.300003) (380.295013 121.949997) on layer M1 was outside the original block boundary.
Type 'man IMPPP-133' for more detail.
**WARN: (IMPPP-133):	The block boundary of the 'WELLTAP_15' instance was increased to (400.000000 120.000000) (400.399994 121.949997) because the VSS pin (400.105011 121.300003) (400.295013 121.949997) on layer M1 was outside the original block boundary.
Type 'man IMPPP-133' for more detail.
**WARN: (IMPPP-133):	The block boundary of the 'WELLTAP_16' instance was increased to (420.000000 120.000000) (420.399994 121.949997) because the VSS pin (420.105011 121.300003) (420.295013 121.949997) on layer M1 was outside the original block boundary.
Type 'man IMPPP-133' for more detail.
**WARN: (IMPPP-133):	The block boundary of the 'WELLTAP_17' instance was increased to (440.000000 120.000000) (440.399994 121.949997) because the VSS pin (440.105011 121.300003) (440.295013 121.949997) on layer M1 was outside the original block boundary.
Type 'man IMPPP-133' for more detail.
**WARN: (IMPPP-133):	The block boundary of the 'WELLTAP_18' instance was increased to (460.000000 120.000000) (460.399994 121.949997) because the VSS pin (460.105011 121.300003) (460.295013 121.949997) on layer M1 was outside the original block boundary.
Type 'man IMPPP-133' for more detail.
**WARN: (IMPPP-133):	The block boundary of the 'WELLTAP_19' instance was increased to (480.000000 120.000000) (480.399994 121.949997) because the VSS pin (480.105011 121.300003) (480.295013 121.949997) on layer M1 was outside the original block boundary.
Type 'man IMPPP-133' for more detail.
**WARN: (IMPPP-133):	The block boundary of the 'WELLTAP_20' instance was increased to (500.000000 120.000000) (500.399994 121.949997) because the VSS pin (500.105011 121.300003) (500.295013 121.949997) on layer M1 was outside the original block boundary.
Type 'man IMPPP-133' for more detail.
**WARN: (EMS-27):	Message (IMPPP-133) has exceeded the current message display limit of 20.
To increase the message display limit, refer to the product command reference manual.
Loading cell geometries (cpu: 0:00:00.1, real: 0:00:00.0, peak mem: 9367.6M)
Loading wires (cpu: 0:00:00.0, real: 0:00:00.0, peak mem: 9367.6M)
Loading via instances (cpu: 0:00:00.0, real: 0:00:00.0, peak mem: 9367.6M)
Starting stripe generation ...
Non-Default Mode Option Settings :
  NONE
Completing 10% stripe generation(cpu: 0:00:00.0, real: 0:00:00.0, peak mem: 9367.6M)
Completing 20% stripe generation(cpu: 0:00:00.0, real: 0:00:00.0, peak mem: 9367.6M)
Completing 30% stripe generation(cpu: 0:00:00.0, real: 0:00:00.0, peak mem: 9367.6M)
Completing 40% stripe generation(cpu: 0:00:00.0, real: 0:00:00.0, peak mem: 9367.6M)
Completing 50% stripe generation(cpu: 0:00:00.0, real: 0:00:00.0, peak mem: 9367.6M)
Completing 60% stripe generation(cpu: 0:00:00.0, real: 0:00:00.0, peak mem: 9367.6M)
Completing 70% stripe generation(cpu: 0:00:00.0, real: 0:00:00.0, peak mem: 9367.6M)
Completing 80% stripe generation(cpu: 0:00:00.0, real: 0:00:00.0, peak mem: 9367.6M)
Completing 90% stripe generation(cpu: 0:00:00.0, real: 0:00:00.0, peak mem: 9367.6M)
Completing 100% stripe generation(cpu: 0:00:00.0, real: 0:00:00.0, peak mem: 9367.6M)
Stripe generation is complete.
vias are now being generated.
add_stripes created 44 wires.
ViaGen created 13156 vias, deleted 0 via to avoid violation.
+--------+----------------+----------------+
|  Layer |     Created    |     Deleted    |
+--------+----------------+----------------+
|  VIA1  |      13156     |        0       |
|   M2   |       44       |       NA       |
+--------+----------------+----------------+
#% End add_stripes (date=02/10 15:51:16, total cpu=0:00:00.8, real=0:00:00.0, peak res=2057.1M, current mem=2057.1M)
@innovus 188> 

@innovus 188> # Check DRC/LVS
# Check DRC/LVS
@innovus 189> enics_create_stage_reports -pop_snapshot yes 
enics_create_stage_reports -pop_snapshot yes 

ENICSINFO: Starting to create reports for stage: floorplan
----------------------------------------------------------
ENICSINFO: Reports directory is: /data/project/tsmc65/users/liosky/ws/DVD25/hw7/workspace/../reports/floorplan/ 
ENICSINFO: Export directory is: /data/project/tsmc65/users/liosky/ws/DVD25/hw7/workspace/../export/floorplan/ 
ENICSINFO: Export directory is: /data/project/tsmc65/users/liosky/ws/DVD25/hw7/workspace/../export/floorplan/ 
ENICSINFO: Reporting Timing
ENICSINFO: Writing out Database
wc_timing_condition bc_timing_condition tc_timing_condition
#% Begin save design ... (date=02/10 15:51:17, mem=2057.1M)
% Begin Save ccopt configuration ... (date=02/10 15:51:17, mem=2057.1M)
% End Save ccopt configuration ... (date=02/10 15:51:17, total cpu=0:00:00.0, real=0:00:00.0, peak res=2057.3M, current mem=2057.3M)
% Begin Save netlist data ... (date=02/10 15:51:17, mem=2057.3M)
Writing Binary DB to /data/project/tsmc65/users/liosky/ws/DVD25/hw7/workspace/../dbs/floorplan.tmp/lp_riscv_top.v.bin in single-threaded mode...
% End Save netlist data ... (date=02/10 15:51:17, total cpu=0:00:00.1, real=0:00:00.0, peak res=2057.3M, current mem=2057.3M)
Writing Netlist "/data/project/tsmc65/users/liosky/ws/DVD25/hw7/workspace/../dbs/floorplan.tmp/lp_riscv_top.v.gz" ...
Saving symbol-table file ...
Saving congestion map file /data/project/tsmc65/users/liosky/ws/DVD25/hw7/workspace/../dbs/floorplan.tmp/lp_riscv_top.route.congmap.gz ...
% Begin Save AAE data ... (date=02/10 15:51:17, mem=2057.3M)
Saving AAE Data ...
% End Save AAE data ... (date=02/10 15:51:17, total cpu=0:00:00.0, real=0:00:00.0, peak res=2057.3M, current mem=2057.3M)
Saving preference file /data/project/tsmc65/users/liosky/ws/DVD25/hw7/workspace/../dbs/floorplan.tmp/gui.pref.tcl ...
Saving mode setting ...
Saving root attributes to be loaded post write_db ...
Saving global file ...
Saving root attributes to be loaded previous write_db ...
% Begin Save floorplan data ... (date=02/10 15:51:19, mem=2057.8M)
Saving floorplan file ...
% End Save floorplan data ... (date=02/10 15:51:19, total cpu=0:00:00.0, real=0:00:00.0, peak res=2057.9M, current mem=2057.9M)
Saving PG file /data/project/tsmc65/users/liosky/ws/DVD25/hw7/workspace/../dbs/floorplan.tmp/lp_riscv_top.pg.gz, version#2, (Created by Innovus v21.15-s110_1 on Mon Feb 10 15:51:19 2025)
*** Completed savePGFile (cpu=0:00:00.0 real=0:00:00.0 mem=9368.1M) ***
Saving Drc markers ...
... 6 markers are saved ...
... 0 geometry drc markers are saved ...
... 0 antenna drc markers are saved ...
% Begin Save placement data ... (date=02/10 15:51:19, mem=2057.9M)
** Saving stdCellPlacement_binary (version# 2) ...
Save Adaptive View Pruning View Names to Binary file
% End Save placement data ... (date=02/10 15:51:19, total cpu=0:00:00.0, real=0:00:00.0, peak res=2057.9M, current mem=2057.9M)
% Begin Save routing data ... (date=02/10 15:51:19, mem=2057.9M)
Saving route file ...
*** Completed saveRoute (cpu=0:00:00.0 real=0:00:00.0 mem=9369.1M) ***
% End Save routing data ... (date=02/10 15:51:19, total cpu=0:00:00.1, real=0:00:00.0, peak res=2057.9M, current mem=2057.9M)
Saving property file /data/project/tsmc65/users/liosky/ws/DVD25/hw7/workspace/../dbs/floorplan.tmp/lp_riscv_top.prop
*** Completed saveProperty (cpu=0:00:00.0 real=0:00:00.0 mem=9372.1M) ***
Saving preRoute extracted patterns in file '/data/project/tsmc65/users/liosky/ws/DVD25/hw7/workspace/../dbs/floorplan.tmp/lp_riscv_top.techData.gz' ...
Saving preRoute extraction data in directory '/data/project/tsmc65/users/liosky/ws/DVD25/hw7/workspace/../dbs/floorplan.tmp/extraction/' ...
% Begin Save power constraints data ... (date=02/10 15:51:19, mem=2058.0M)
% End Save power constraints data ... (date=02/10 15:51:19, total cpu=0:00:00.0, real=0:00:00.0, peak res=2058.0M, current mem=2058.0M)
tc_rc_corner bc_rc_corner wc_rc_corner
tc_rc_corner bc_rc_corner wc_rc_corner
tc_rc_corner bc_rc_corner wc_rc_corner
tc_rc_corner bc_rc_corner wc_rc_corner
tc_rc_corner bc_rc_corner wc_rc_corner
tc_rc_corner bc_rc_corner wc_rc_corner
tc_rc_corner bc_rc_corner wc_rc_corner
Generated self-contained design floorplan.tmp
#% End save design ... (date=02/10 15:51:21, total cpu=0:00:01.6, real=0:00:04.0, peak res=2059.0M, current mem=2059.0M)
*** Message Summary: 0 warning(s), 0 error(s)

@innovus 190> 

@innovus 190> # Export floorplan def
# Export floorplan def
@innovus 191> #    This can be used for loading the floorplan in subsequent runs [1G
#    This can be used for loading the floorplan in subsequent runs
@innovus 192> #    And also as a basis for physically-aware synthesis
#    And also as a basis for physically-aware synthesis
@innovus 193> write_def -floorplan -no_std_cells "$design(floorplan_def)"
write_def -floorplan -no_std_cells "$design(floorplan_def)"
Writing DEF file '/data/project/tsmc65/users/liosky/ws/DVD25/hw7/workspace/../export/lp_riscv_top.floorplan.def', current time is Mon Feb 10 15:51:21 2025 ...
unitPerMicron=2000, dbgMicronPerDBU=0.000500, unitPerDBU=1.000000
DEF file '/data/project/tsmc65/users/liosky/ws/DVD25/hw7/workspace/../export/lp_riscv_top.floorplan.def' is written, current time is Mon Feb 10 15:51:21 2025 ...
@innovus 194> 

@innovus 194> #################################################################################
#######
@innovus 195> # Placement
# Placement
@innovus 196> ############################################
############################################
@innovus 197> enics_start_stage "placement"
enics_start_stage "placement"
*********************************************
*********************************************
**   ENICSINFO: Starting stage placement   **
*********************************************
*********************************************
ENICSINFO: Current time is: 10/02/2025 15:51
ENICSINFO: ----------------------------------
@innovus 198> 

@innovus 198> # Add M2 routing blockages arround vertical power stripes to preve [1Gnt M2 routing DRCs near them:
# Add M2 routing blockages arround vertical power stripes to prevent M2 routing DRCs near them:
@innovus 199> enics_message "Creating M2 blockage around stripes"
enics_message "Creating M2 blockage around stripes"
ENICSINFO: Creating M2 blockage around stripes
@innovus 200> deselect_obj -all
deselect_obj -all
@innovus 201> deselect_routes
deselect_routes
@innovus 202> select_routes -shapes stripe -layer M2 -nets $design(M2_stripe_net [1Gs)
select_routes -shapes stripe -layer M2 -nets $design(M2_stripe_nets)

README                    debug.txt       fv/           genus.cmd
genus.cmd1                genus.cmd2      genus.cmd3    genus.cmd4
genus.log                 genus.log1      genus.log2    genus.log3
genus.log4                innovus.cmd     innovus.log   innovus.logv
lp_riscv_top.welltap.rpt  pvsUI_ipvs.log  sroute.log    trace_core_00_0.log
waves.shm/                xcelium.d/      xrun.history  xrun.log[64D[5A[64C[5B

README                    debug.txt       fv/           genus.cmd
genus.cmd1                genus.cmd2      genus.cmd3    genus.cmd4
genus.log                 genus.log1      genus.log2    genus.log3
genus.log4                innovus.cmd     innovus.log   innovus.logv
lp_riscv_top.welltap.rpt  pvsUI_ipvs.log  sroute.log    trace_core_00_0.log
waves.shm/                xcelium.d/      xrun.history  xrun.log[64D[5A[64C[5B

README                    debug.txt       fv/           genus.cmd
genus.cmd1                genus.cmd2      genus.cmd3    genus.cmd4
genus.log                 genus.log1      genus.log2    genus.log3
genus.log4                innovus.cmd     innovus.log   innovus.logv
lp_riscv_top.welltap.rpt  pvsUI_ipvs.log  sroute.log    trace_core_00_0.log
waves.shm/                xcelium.d/      xrun.history  xrun.log[64D[5A[64C[5B
@innovus 203> foreach stripe [get_db selected] {
+     create_route_blockage -name M2_pwr_stripe_route_blk \
+ -layers "M1 M2" \
+ -spacing 0.2 \
+ -area [get_db $stripe .rect]
+ }
foreach stripe [get_db selected] {
    create_route_blockage -name M2_pwr_stripe_route_blk \
-layers "M1 M2" \
-spacing 0.2 \
-area [get_db $stripe .rect]
}
@innovus 204> deselect_routes
deselect_routes
@innovus 205> 

@innovus 205> 

@innovus 205> # get_db -category place *
# get_db -category place *
@innovus 206> enics_message "Starting place_opt_design" medium
enics_message "Starting place_opt_design" medium

ENICSINFO: Starting place_opt_design
------------------------------------
@innovus 207> set_db place_global_cong_effort auto
set_db place_global_cong_effort auto
1 auto
@innovus 208> place_opt_design -report_dir "$design(reports_dir)/placement/place [1G_opt_design" 
place_opt_design -report_dir "$design(reports_dir)/placement/place_opt_design" 
**INFO: User settings:
delaycal_enable_si                              true
delaycal_equivalent_waveform_model              propagation
setDelayCalMode -engine                         aae
design_process_node                             65
extract_rc_coupled                              true
extract_rc_coupling_cap_threshold               3.0
extract_rc_effort_level                         medium
extract_rc_engine                               post_route
extract_rc_relative_cap_threshold               0.03
extract_rc_shrink_factor                        1.0
extract_rc_total_cap_threshold                  5.0
opt_fix_fanout_load                             true
opt_fix_hold_verbose                            true
opt_new_inst_prefix                             placement_opt_inst_
opt_new_net_prefix                              placement_opt_inst_
opt_time_design_compress_reports                false
opt_time_design_expanded_view                   true
opt_time_design_num_paths                       10
opt_time_design_report_net                      false
place_global_cong_effort                        auto
reorder_scan_allow_swapping                     true
getDelayCalMode -engine                         aae
getIlmMode -keepHighFanoutCriticalInsts         false
*** place_opt_design #1 [begin] : totSession cpu/real = 0:01:15.6/0:02:41.4 (0.5), mem = 9383.3M
No user sequential activity specified, applying default sequential activity of "0.2" for Dynamic Power reporting.
'set_default_switching_activity' finished successfully.
*** Starting GigaPlace ***
#optDebug: fT-E <X 2 3 1 0>
*** GlobalPlace #1 [begin] (place_opt_design #1) : totSession cpu/real = 0:01:15.8/0:02:41.7 (0.5), mem = 9398.5M
*** Start delete_buffer_trees ***
*info: Marking 0 level shifter instances dont touch
Info: Detect buffers to remove automatically.
Analyzing netlist ...
Updating netlist

Cleanup ECO timing graph ...
Cleanup RC data ...
Cleanup routing data ...
*summary: 2351 instances (buffers/inverters) removed
*       :      1 instance  of type 'INV_X3P5M_A9TH' removed
*       :      1 instance  of type 'INV_X0P6B_A9TH' removed
*       :      1 instance  of type 'INV_X0P5M_A9TH' removed
*       :     14 instances of type 'INV_X0P5B_A9TH' removed
*       :     43 instances of type 'BUF_X1M_A9TH' removed
*       :      3 instances of type 'INV_X9M_A9TL' removed
*       :      1 instance  of type 'INV_X9B_A9TL' removed
*       :     12 instances of type 'INV_X7P5M_A9TL' removed
*       :      5 instances of type 'INV_X6M_A9TL' removed
*       :      2 instances of type 'INV_X6B_A9TL' removed
*       :     39 instances of type 'INV_X5M_A9TL' removed
*       :     78 instances of type 'INV_X4M_A9TL' removed
*       :      8 instances of type 'INV_X4B_A9TL' removed
*       :     66 instances of type 'INV_X3M_A9TL' removed
*       :      3 instances of type 'INV_X3B_A9TL' removed
*       :    478 instances of type 'INV_X2M_A9TL' removed
*       :     22 instances of type 'INV_X2B_A9TL' removed
*       :     18 instances of type 'INV_X1P7B_A9TL' removed
*       :     26 instances of type 'INV_X1P4M_A9TL' removed
*       :    795 instances of type 'INV_X1M_A9TL' removed
*       :     56 instances of type 'INV_X1B_A9TL' removed
*       :      6 instances of type 'INV_X11M_A9TL' removed
*       :    155 instances of type 'INV_X0P8M_A9TL' removed
*       :      2 instances of type 'INV_X0P8B_A9TL' removed
*       :    216 instances of type 'INV_X0P7M_A9TL' removed
*       :    142 instances of type 'INV_X0P5M_A9TL' removed
*       :      7 instances of type 'INV_X0P5B_A9TL' removed
*       :      2 instances of type 'BUF_X6M_A9TL' removed
*       :      2 instances of type 'BUF_X2P5M_A9TL' removed
*       :      4 instances of type 'BUF_X2M_A9TL' removed
*       :      2 instances of type 'BUF_X2B_A9TL' removed
*       :     70 instances of type 'BUF_X1P7M_A9TL' removed
*       :      1 instance  of type 'BUFH_X6M_A9TL' removed
*       :     11 instances of type 'BUFH_X4M_A9TL' removed
*       :      3 instances of type 'BUFH_X3M_A9TL' removed
*       :      2 instances of type 'BUFH_X2P5M_A9TL' removed
*       :     16 instances of type 'BUFH_X2M_A9TL' removed
*       :     28 instances of type 'BUFH_X1M_A9TL' removed
*       :      3 instances of type 'BUFH_X0P7M_A9TL' removed
*       :      1 instance  of type 'INV_X5B_A9TR' removed
*       :      1 instance  of type 'INV_X2M_A9TR' removed
*       :      2 instances of type 'INV_X2B_A9TR' removed
*       :      1 instance  of type 'INV_X1P7M_A9TR' removed
*       :      1 instance  of type 'INV_X1B_A9TR' removed
*       :      1 instance  of type 'INV_X0P8B_A9TR' removed
*** Finish delete_buffer_trees (0:00:01.3) ***
Deleted 0 physical inst  (cell FILLCAP128_A9TR / prefix FILLDECAP).
Deleted 0 physical inst  (cell FILLCAP65_A9TR / prefix FILLDECAP).
Deleted 0 physical inst  (cell FILLCAP32_A9TR / prefix FILLDECAP).
Deleted 0 physical inst  (cell FILLCAP17_A9TR / prefix FILLDECAP).
Deleted 0 physical inst  (cell FILLCAP8_A9TR / prefix FILLDECAP).
Deleted 0 physical inst  (cell FILLCAP6_A9TR / prefix FILLDECAP).
Deleted 0 physical inst  (cell FILL128_A9TR / prefix FILLDECAP).
Deleted 0 physical inst  (cell FILL64_A9TR / prefix FILLDECAP).
Deleted 0 physical inst  (cell FILL32_A9TR / prefix FILLDECAP).
Deleted 0 physical inst  (cell FILL16_A9TR / prefix FILLDECAP).
Deleted 0 physical inst  (cell FILL8_A9TR / prefix FILLDECAP).
Deleted 0 physical inst  (cell FILL4_A9TR / prefix FILLDECAP).
Deleted 0 physical inst  (cell FILL2_A9TR / prefix FILLDECAP).
Deleted 0 physical inst  (cell FILL1_A9TR / prefix FILLDECAP).
**Info: 'set_db add_tieoffs_cells' setting is detected. The placed tie cells will be deleted from the design before placement. You can use command 'addTieHiLo' to add them back later in the flow.
  Deleted 0 logical insts of cell TIEHI_X1M_A9TR
  Deleted 0 logical insts of cell TIELO_X1M_A9TR
INFO: #ExclusiveGroups=0
INFO: There are no Exclusive Groups.
**WARN: (IMPSP-157):	Macro 'lp_riscv/iccm_ram_wrapper_iccm_ram_0_sram_sp_16384x32' is not placed within core boundary.
Type 'man IMPSP-157' for more detail.
**WARN: (IMPSP-157):	Macro 'lp_riscv/iccm_ram_wrapper_iccm_ram_1_sram_sp_16384x32' is not placed within core boundary.
Type 'man IMPSP-157' for more detail.
No user-set net weight.
Net fanout histogram:
2		: 12845 (55.5%) nets
3		: 5784 (25.0%) nets
4     -	14	: 3779 (16.3%) nets
15    -	39	: 693 (3.0%) nets
40    -	79	: 27 (0.1%) nets
80    -	159	: 9 (0.0%) nets
160   -	319	: 2 (0.0%) nets
320   -	639	: 0 (0.0%) nets
640   -	1279	: 0 (0.0%) nets
1280  -	2559	: 1 (0.0%) nets
2560  -	5119	: 0 (0.0%) nets
5120+		: 0 (0.0%) nets
Options: timingDriven clkGateAware ignoreScan pinGuide congEffort=auto gpeffort=medium 
Scan chains were not defined.
#std cell=39842 (17251 fixed + 22591 movable) #buf cell=4 #inv cell=2020 #block=2 (2 floating + 0 preplaced)
#ioInst=3356 #net=23140 #term=86876 #term/net=3.75, #fixedIo=3356, #floatIo=0, #fixedPin=35, #floatPin=0
stdCell: 39842 single + 0 double + 0 multi
Total standard cell length = 47.7804 (mm), area = 0.0860 (mm^2)
Average module density = 0.704.
Density for the design = 0.704.
       = (stdcell_area 204400 sites (73584 um^2) + block_area 1998324 sites (719397 um^2)) / alloc_area 3130339 sites (1126922 um^2).
Pin Density = 0.02745.
            = total # of pins 86876 / total area 3164841.
=== lastAutoLevel = 10 
Clock gating cells determined by native netlist tracing.
Iteration  1: Total net bbox = 3.805e+05 (8.64e+04 2.94e+05)
              Est.  stn bbox = 4.143e+05 (9.47e+04 3.20e+05)
              cpu = 0:00:00.4 real = 0:00:00.0 mem = 10027.1M
Iteration  2: Total net bbox = 3.805e+05 (8.64e+04 2.94e+05)
              Est.  stn bbox = 4.143e+05 (9.47e+04 3.20e+05)
              cpu = 0:00:00.0 real = 0:00:00.0 mem = 10027.1M
*** Finished SKP initialization (cpu=0:00:11.4, real=0:00:12.0)***
Iteration  3: Total net bbox = 1.109e+05 (3.78e+04 7.32e+04)
              Est.  stn bbox = 1.322e+05 (4.24e+04 8.97e+04)
              cpu = 0:00:13.8 real = 0:00:14.0 mem = 11012.5M
Iteration  4: Total net bbox = 3.278e+05 (1.90e+05 1.37e+05)
              Est.  stn bbox = 3.836e+05 (2.20e+05 1.63e+05)
              cpu = 0:00:05.6 real = 0:00:06.0 mem = 11066.3M
Iteration  5: Total net bbox = 3.278e+05 (1.90e+05 1.37e+05)
              Est.  stn bbox = 3.836e+05 (2.20e+05 1.63e+05)
              cpu = 0:00:00.0 real = 0:00:00.0 mem = 11066.3M
Iteration  6: Total net bbox = 6.096e+05 (3.26e+05 2.83e+05)
              Est.  stn bbox = 7.548e+05 (4.01e+05 3.53e+05)
              cpu = 0:00:04.8 real = 0:00:05.0 mem = 11015.3M

Iteration  7: Total net bbox = 6.560e+05 (3.41e+05 3.15e+05)
              Est.  stn bbox = 8.021e+05 (4.16e+05 3.86e+05)
              cpu = 0:00:00.0 real = 0:00:00.0 mem = 11015.3M
Iteration  8: Total net bbox = 6.560e+05 (3.41e+05 3.15e+05)
              Est.  stn bbox = 8.021e+05 (4.16e+05 3.86e+05)
              cpu = 0:00:00.0 real = 0:00:00.0 mem = 11015.3M
Iteration  9: Total net bbox = 6.518e+05 (3.11e+05 3.40e+05)
              Est.  stn bbox = 8.057e+05 (3.86e+05 4.20e+05)
              cpu = 0:00:11.6 real = 0:00:12.0 mem = 11008.4M
Iteration 10: Total net bbox = 6.518e+05 (3.11e+05 3.40e+05)
              Est.  stn bbox = 8.057e+05 (3.86e+05 4.20e+05)
              cpu = 0:00:00.0 real = 0:00:00.0 mem = 11008.4M
Iteration 11: Total net bbox = 6.434e+05 (3.07e+05 3.37e+05)
              Est.  stn bbox = 7.953e+05 (3.81e+05 4.14e+05)
              cpu = 0:00:10.1 real = 0:00:10.0 mem = 11019.6M
Iteration 12: Total net bbox = 6.434e+05 (3.07e+05 3.37e+05)
              Est.  stn bbox = 7.953e+05 (3.81e+05 4.14e+05)
              cpu = 0:00:00.0 real = 0:00:00.0 mem = 11019.6M
Iteration 13: Total net bbox = 6.459e+05 (3.06e+05 3.40e+05)
              Est.  stn bbox = 7.963e+05 (3.79e+05 4.17e+05)
              cpu = 0:00:16.8 real = 0:00:17.0 mem = 11024.3M
Iteration 14: Total net bbox = 6.459e+05 (3.06e+05 3.40e+05)
              Est.  stn bbox = 7.963e+05 (3.79e+05 4.17e+05)
              cpu = 0:00:00.0 real = 0:00:00.0 mem = 11024.3M
Iteration 15: Total net bbox = 5.893e+05 (2.80e+05 3.10e+05)
              Est.  stn bbox = 7.233e+05 (3.46e+05 3.78e+05)
              cpu = 0:00:18.9 real = 0:00:20.0 mem = 11026.0M
Iteration 16: Total net bbox = 5.893e+05 (2.80e+05 3.10e+05)
              Est.  stn bbox = 7.233e+05 (3.46e+05 3.78e+05)
              cpu = 0:00:00.0 real = 0:00:00.0 mem = 11026.0M
Iteration 17: Total net bbox = 5.546e+05 (2.37e+05 3.18e+05)
              Est.  stn bbox = 6.737e+05 (2.87e+05 3.86e+05)
              cpu = 0:00:17.3 real = 0:00:18.0 mem = 11040.8M
Iteration 18: Total net bbox = 5.546e+05 (2.37e+05 3.18e+05)
              Est.  stn bbox = 6.737e+05 (2.87e+05 3.86e+05)
              cpu = 0:00:00.0 real = 0:00:00.0 mem = 11040.8M
Finished Global Placement (cpu=0:01:40, real=0:01:43, mem=11040.8M)
Keep Tdgp Graph and DB for later use
Info: 59 clock gating cells identified, 58 (on average) moved 580/10
**WARN: (IMPSP-9025):	No scan chain specified/traced.
Type 'man IMPSP-9025' for more detail.
*** Starting place_detail (0:02:59 mem=11040.8M) ***
Total net bbox length = 5.546e+05 (2.369e+05 3.178e+05) (ext = 4.424e+04)
**WARN: (IMPSP-2020):	Cannot find a legal location for instance 'lp_riscv/iccm_ram_wrapper_iccm_ram_0_sram_sp_16384x32' (Cell sp_hde_16384_m16).
Type 'man IMPSP-2020' for more detail.
**WARN: (IMPSP-2020):	Cannot find a legal location for instance 'lp_riscv/iccm_ram_wrapper_iccm_ram_1_sram_sp_16384x32' (Cell sp_hde_16384_m16).
Type 'man IMPSP-2020' for more detail.
Move report: Detail placement moves 22590 insts, mean move: 7.91 um, max move: 332.81 um 
	Max move on inst (lp_riscv/iram_prog_data_reg[2][6]): (595.59, 559.20) --> (640.40, 271.20)
	Runtime: CPU: 0:00:05.2 REAL: 0:00:05.0 MEM: 11040.8MB
Summary Report:
Instances move: 22590 (out of 22593 movable)
Instances flipped: 1
Mean displacement: 7.91 um
Max displacement: 332.81 um (Instance: lp_riscv/iram_prog_data_reg[2][6]) (595.59, 559.202) -> (640.4, 271.2)
	Length: 24 sites, height: 1 rows, site name: sc9_cln65lp, cell type: DFFRPQ_X1M_A9TL
	Violation at original loc: Placement Blockage Violation
Total net bbox length = 6.516e+05 (2.932e+05 3.584e+05) (ext = 4.216e+04)
Runtime: CPU: 0:00:05.2 REAL: 0:00:05.0 MEM: 11040.8MB
*** Finished place_detail (0:03:05 mem=11040.8M) ***
*** Finished Initial Placement (cpu=0:01:46, real=0:01:49, mem=10942.8M) ***
Some Macros are marked as preplaced.
UM:   flow.cputime  flow.realtime  timing.setup.tns  timing.setup.wns  snapshot
UM:*                                                                   final
      flow.cputime  flow.realtime  timing.setup.tns  timing.setup.wns  snapshot
UM:*                                                                   global_place

*** Start incrementalPlace ***
No Views given, use default active views for adaptive view pruning
SKP will enable view:
  wc_analysis_view
[NR-eGR] Track table information for default rule: 
[NR-eGR] M1 has single uniform track structure
[NR-eGR] M2 has single uniform track structure
[NR-eGR] M3 has single uniform track structure
[NR-eGR] M4 has single uniform track structure
[NR-eGR] M5 has single uniform track structure
[NR-eGR] M6 has single uniform track structure
[NR-eGR] M7 has single uniform track structure
[NR-eGR] M8 has single uniform track structure
[NR-eGR] M9 has single uniform track structure
[NR-eGR] AP has single uniform track structure
[NR-eGR] Read 14981 PG shapes
[NR-eGR] Read 0 clock shapes
[NR-eGR] Read 0 other shapes
[NR-eGR] #Routing Blockages  : 44
[NR-eGR] #Instance Blockages : 39256
[NR-eGR] #PG Blockages       : 14981
[NR-eGR] #Halo Blockages     : 0
[NR-eGR] #Boundary Blockages : 0
[NR-eGR] #Clock Blockages    : 0
[NR-eGR] #Other Blockages    : 0
[NR-eGR] Num Prerouted Nets = 0  Num Prerouted Wires = 0
[NR-eGR] Read 23140 nets ( ignored 0 )
[NR-eGR] There are 59 clock nets ( 0 with NDR ).
[NR-eGR] ============ Routing rule table ============
[NR-eGR] Rule id: 0  Nets: 23105
[NR-eGR] ========================================
[NR-eGR] 
[NR-eGR] Layer group 1: route 23105 net(s) in layer range [2, 10]
[NR-eGR] Early Global Route overflow of layer group 1: 0.00% H + 0.00% V. EstWL: 7.335000e+05um
[NR-eGR] Congestion Analysis By layer: (blocked Gcells are excluded) 
[NR-eGR]                        OverCon           OverCon           OverCon           OverCon            
[NR-eGR]                         #Gcell            #Gcell            #Gcell            #Gcell     %Gcell
[NR-eGR]        Layer             (1-4)             (5-8)            (9-12)           (13-15)    OverCon
[NR-eGR] -------------------------------------------------------------------------------------------------
[NR-eGR]      M1 ( 1)         0( 0.00%)         0( 0.00%)         0( 0.00%)         0( 0.00%)   ( 0.00%) 
[NR-eGR]      M2 ( 2)        99( 0.01%)         0( 0.00%)         0( 0.00%)         0( 0.00%)   ( 0.01%) 
[NR-eGR]      M3 ( 3)        63( 0.01%)         0( 0.00%)         0( 0.00%)         0( 0.00%)   ( 0.01%) 
[NR-eGR]      M4 ( 4)         4( 0.00%)         0( 0.00%)         0( 0.00%)         0( 0.00%)   ( 0.00%) 
[NR-eGR]      M5 ( 5)         4( 0.00%)         0( 0.00%)         0( 0.00%)         0( 0.00%)   ( 0.00%) 
[NR-eGR]      M6 ( 6)         0( 0.00%)         0( 0.00%)         0( 0.00%)         0( 0.00%)   ( 0.00%) 
[NR-eGR]      M7 ( 7)         6( 0.00%)         0( 0.00%)         0( 0.00%)         0( 0.00%)   ( 0.00%) 
[NR-eGR]      M8 ( 8)         5( 0.00%)         0( 0.00%)         0( 0.00%)         0( 0.00%)   ( 0.00%) 
[NR-eGR]      M9 ( 9)         0( 0.00%)         5( 0.00%)         0( 0.00%)         5( 0.00%)   ( 0.00%) 
[NR-eGR]      AP (10)        10( 0.00%)         0( 0.00%)         0( 0.00%)         0( 0.00%)   ( 0.00%) 
[NR-eGR] -------------------------------------------------------------------------------------------------
[NR-eGR]        Total       191( 0.00%)         5( 0.00%)         0( 0.00%)         5( 0.00%)   ( 0.00%) 
[NR-eGR] 
[NR-eGR] Overflow after Early Global Route 0.00% H + 0.00% V
Early Global Route congestion estimation runtime: 2.55 seconds, mem = 11219.7M
Local HotSpot Analysis: normalized max congestion hotspot area = 0.00, normalized total congestion hotspot area = 0.00 (area is in unit of 4 std-cell row bins)
Skipped repairing congestion.
[NR-eGR]             Length (um)    Vias 
[NR-eGR] --------------------------------
[NR-eGR]  M1  (1H)             0   86707 
[NR-eGR]  M2  (2V)        150567  122905 
[NR-eGR]  M3  (3H)        186285   20777 
[NR-eGR]  M4  (4V)        124912   10128 
[NR-eGR]  M5  (5H)        110328    3360 
[NR-eGR]  M6  (6V)        118296    1018 
[NR-eGR]  M7  (7H)         37198      86 
[NR-eGR]  M8  (8V)         14694      45 
[NR-eGR]  M9  (9H)          8504      22 
[NR-eGR]  AP  (10V)           29       0 
[NR-eGR] --------------------------------
[NR-eGR]      Total       750813  245048 
[NR-eGR] --------------------------------------------------------------------------
[NR-eGR] Total half perimeter of net bounding box: 651769um
[NR-eGR] Total length: 750813um, number of vias: 245048
[NR-eGR] --------------------------------------------------------------------------
[NR-eGR] Total eGR-routed clock nets wire length: 17964um, number of vias: 7044
[NR-eGR] --------------------------------------------------------------------------
Early Global Route wiring runtime: 0.90 seconds, mem = 11103.4M
0 delay mode for cte disabled.

*** Finished incrementalPlace (cpu=0:00:03.2, real=0:00:03.0)***
***** Total cpu  0:1:52
***** Total real time  0:1:56
Tdgp not successfully inited but do clear! skip clearing
**place_design ... cpu = 0: 1:52, real = 0: 1:56, mem = 10443.4M **
      flow.cputime  flow.realtime  timing.setup.tns  timing.setup.wns  snapshot
UM:*                                                                   final
UM: Running design category ...
------------------------------------------------------------
	Current design flip-flop statistics

Single-Bit FF Count          :         2188
Multi-Bit FF Count           :            0
Total Bit Count              :         2188
Total FF Count               :         2188
Bits Per Flop                :        1.000
Total Clock Pin Cap(FF)      :     1888.625
Multibit Conversion Ratio(%) :         0.00
------------------------------------------------------------
------------------------------------------------------------
            Multi-bit cell usage statistics

------------------------------------------------------------
============================================================
Sequential Multibit cells usage statistics
------------------------------------------------------------
            Not Merged-bits         Merged-bits     Multibit Conversion %     Bits Per Flop
------------------------------------------------------------
-FlipFlops             2188                    0        0.00                    1.00
------------------------------------------------------------

------------------------------------------------------------
Seq_Mbit libcell              Bitwidth        Count
------------------------------------------------------------
Total 0
============================================================
------------------------------------------------------------
Category            Num of Insts Rejected     Reasons
------------------------------------------------------------
------------------------------------------------------------
      flow.cputime  flow.realtime  timing.setup.tns  timing.setup.wns  snapshot
UM:         189.28            282                                      place_design
*** GlobalPlace #1 [finish] (place_opt_design #1) : cpu/real = 0:01:53.5/0:01:57.3 (1.0), totSession cpu/real = 0:03:09.3/0:04:39.0 (0.7), mem = 10456.0M
Enable CTE adjustment.
**opt_design ... cpu = 0:00:00, real = 0:00:00, mem = 2587.7M, totSessionCpu=0:03:09 **
GigaOpt running with 1 threads.
*** InitOpt #1 [begin] (place_opt_design #1) : totSession cpu/real = 0:03:09.4/0:04:39.0 (0.7), mem = 10443.0M
**INFO: set_db design_flow_effort standard -> setting 'set_db opt_all_end_points true' for the duration of this command.
Initializing multi-corner resistance tables ...
AAE DB initialization (MEM=10372.7 CPU=0:00:00.0 REAL=0:00:00.0) 
**WARN: (IMPOPT-7233):	Resetting delaycal_enable_si in pre route mode.
AAE_INFO: switching -siAware from true to false ...
AAE_INFO: The setting is changed from true to false in setDelayCalMode -SIAware
Setting timing_disable_library_data_to_data_checks to 'true'.
Setting timing_disable_user_data_to_data_checks to 'true'.
**opt_design ... cpu = 0:00:03, real = 0:00:03, mem = 2558.9M, totSessionCpu=0:03:13 **
setExtractRCMode -engine preRoute
*** opt_design -pre_cts ***
DRC Margin: user margin 0.0; extra margin 0.2
Setup Target Slack: user slack 0; extra slack 0.0
Hold Target Slack: user slack 0
**WARN: (IMPOPT-3195):	Analysis mode has changed.
Type 'man IMPOPT-3195' for more detail.
[NR-eGR] Started Early Global Route kernel ( Curr Mem: 10357.72 MB )
[NR-eGR] Track table information for default rule: 
[NR-eGR] M1 has single uniform track structure
[NR-eGR] M2 has single uniform track structure
[NR-eGR] M3 has single uniform track structure
[NR-eGR] M4 has single uniform track structure
[NR-eGR] M5 has single uniform track structure
[NR-eGR] M6 has single uniform track structure
[NR-eGR] M7 has single uniform track structure
[NR-eGR] M8 has single uniform track structure
[NR-eGR] M9 has single uniform track structure
[NR-eGR] AP has single uniform track structure
[NR-eGR] Read 14981 PG shapes
[NR-eGR] Read 0 clock shapes
[NR-eGR] Read 0 other shapes
[NR-eGR] #Routing Blockages  : 44
[NR-eGR] #Instance Blockages : 39256
[NR-eGR] #PG Blockages       : 14981
[NR-eGR] #Halo Blockages     : 0
[NR-eGR] #Boundary Blockages : 0
[NR-eGR] #Clock Blockages    : 0
[NR-eGR] #Other Blockages    : 0
[NR-eGR] Num Prerouted Nets = 0  Num Prerouted Wires = 0
[NR-eGR] Read 23140 nets ( ignored 0 )
[NR-eGR] There are 59 clock nets ( 0 with NDR ).
[NR-eGR] ============ Routing rule table ============
[NR-eGR] Rule id: 0  Nets: 23105
[NR-eGR] ========================================
[NR-eGR] 
[NR-eGR] Layer group 1: route 23105 net(s) in layer range [2, 10]
[NR-eGR] Early Global Route overflow of layer group 1: 0.00% H + 0.00% V. EstWL: 7.383978e+05um
[NR-eGR] Congestion Analysis By layer: (blocked Gcells are excluded) 
[NR-eGR]                        OverCon           OverCon           OverCon           OverCon            
[NR-eGR]                         #Gcell            #Gcell            #Gcell            #Gcell     %Gcell
[NR-eGR]        Layer             (1-4)             (5-8)            (9-12)           (13-15)    OverCon
[NR-eGR] -------------------------------------------------------------------------------------------------
[NR-eGR]      M1 ( 1)         0( 0.00%)         0( 0.00%)         0( 0.00%)         0( 0.00%)   ( 0.00%) 
[NR-eGR]      M2 ( 2)        97( 0.01%)         0( 0.00%)         0( 0.00%)         0( 0.00%)   ( 0.01%) 
[NR-eGR]      M3 ( 3)        66( 0.01%)         0( 0.00%)         0( 0.00%)         0( 0.00%)   ( 0.01%) 
[NR-eGR]      M4 ( 4)         6( 0.00%)         0( 0.00%)         0( 0.00%)         0( 0.00%)   ( 0.00%) 
[NR-eGR]      M5 ( 5)        11( 0.00%)         0( 0.00%)         0( 0.00%)         0( 0.00%)   ( 0.00%) 
[NR-eGR]      M6 ( 6)         0( 0.00%)         0( 0.00%)         0( 0.00%)         0( 0.00%)   ( 0.00%) 
[NR-eGR]      M7 ( 7)         6( 0.00%)         0( 0.00%)         0( 0.00%)         0( 0.00%)   ( 0.00%) 
[NR-eGR]      M8 ( 8)         5( 0.00%)         0( 0.00%)         0( 0.00%)         0( 0.00%)   ( 0.00%) 
[NR-eGR]      M9 ( 9)         0( 0.00%)         5( 0.00%)         0( 0.00%)         5( 0.00%)   ( 0.00%) 
[NR-eGR]      AP (10)        10( 0.00%)         0( 0.00%)         0( 0.00%)         0( 0.00%)   ( 0.00%) 
[NR-eGR] -------------------------------------------------------------------------------------------------
[NR-eGR]        Total       201( 0.00%)         5( 0.00%)         0( 0.00%)         5( 0.00%)   ( 0.00%) 
[NR-eGR] 
[NR-eGR] Overflow after Early Global Route 0.00% H + 0.00% V
[NR-eGR]             Length (um)    Vias 
[NR-eGR] --------------------------------
[NR-eGR]  M1  (1H)             0   86707 
[NR-eGR]  M2  (2V)        151891  122981 
[NR-eGR]  M3  (3H)        186904   21049 
[NR-eGR]  M4  (4V)        124841   10128 
[NR-eGR]  M5  (5H)        108863    3526 
[NR-eGR]  M6  (6V)        119476    1084 
[NR-eGR]  M7  (7H)         39678      95 
[NR-eGR]  M8  (8V)         15554      47 
[NR-eGR]  M9  (9H)          8740      22 
[NR-eGR]  AP  (10V)           29       0 
[NR-eGR] --------------------------------
[NR-eGR]      Total       755975  245639 
[NR-eGR] --------------------------------------------------------------------------
[NR-eGR] Total half perimeter of net bounding box: 651575um
[NR-eGR] Total length: 755975um, number of vias: 245639
[NR-eGR] --------------------------------------------------------------------------
[NR-eGR] Total eGR-routed clock nets wire length: 18623um, number of vias: 7174
[NR-eGR] --------------------------------------------------------------------------
[NR-eGR] Finished Early Global Route kernel ( CPU: 3.20 sec, Real: 3.58 sec, Curr Mem: 10435.88 MB )
Extraction called for design 'lp_riscv_top' of instances=43200 and nets=24316 using extraction engine 'pre_route' .
pre_route RC Extraction called for design lp_riscv_top.
RC Extraction called in multi-corner(2) mode.
RCMode: PreRoute
      RC Corner Indexes            0       1   
Capacitance Scaling Factor   : 1.00000 1.00000 
Resistance Scaling Factor    : 1.00000 1.00000 
Clock Cap. Scaling Factor    : 1.00000 1.00000 
Clock Res. Scaling Factor    : 1.00000 1.00000 
Shrink Factor                : 1.00000
PreRoute extraction is honoring NDR/Shielding/ExtraSpace for clock nets.
Using Quantus QRC technology file ...
Updating RC grid for preRoute extraction ...
Initializing multi-corner resistance tables ...
PreRoute RC Extraction DONE (CPU Time: 0:00:00.4  Real Time: 0:00:00.0  MEM: 10358.883M)
** Profile ** Start :  cpu=0:00:00.0, mem=10358.9M
** Profile ** Other data :  cpu=0:00:00.2, mem=10358.9M
Starting delay calculation for Setup views
AAE_INFO: opIsDesignInPostRouteState() is 0
AAE_WARNING: Waveform propagation feature is not supported in pre-route stage, it is turned off.
AAE DB initialization (MEM=10368.4 CPU=0:00:00.0 REAL=0:00:00.0) 
#################################################################################
# Design Stage: PreRoute
# Design Name: lp_riscv_top
# Design Mode: 65nm
# Analysis Mode: MMMC OCV 
# Parasitics Mode: No SPEF/RCDB 
# Signoff Settings: SI Off (EWM)
#################################################################################
Start delay calculation (fullDC) (1 T). (MEM=10383)
**WARN: (IMPMSMV-1810):	Net iram_prog_byte_to_core[7], driver i_ioring/i_IRAM_PROG_BYTE_7/C (cell PDDW1216SCDG) voltage 1.08 does not match receiver lp_riscv/g126663/A0 (cell AO22_X1M_A9TL) voltage 0.9 for view wc_analysis_view.
Type 'man IMPMSMV-1810' for more detail.
**WARN: (IMPMSMV-1810):	Net iram_prog_byte_to_core[7], driver i_ioring/i_IRAM_PROG_BYTE_7/C (cell PDDW1216SCDG) voltage 1.08 does not match receiver lp_riscv/iram_prog_data_reg[3][7]/D (cell DFFRPQ_X1M_A9TL) voltage 0.9 for view wc_analysis_view.
Type 'man IMPMSMV-1810' for more detail.
**WARN: (IMPMSMV-1810):	Net iram_prog_byte_to_core[7], driver i_ioring/i_IRAM_PROG_BYTE_7/C (cell PDDW1216SCDG) voltage 1.08 does not match receiver lp_riscv/iram_prog_data_reg[2][7]/D (cell DFFRPQ_X1M_A9TL) voltage 0.9 for view wc_analysis_view.
Type 'man IMPMSMV-1810' for more detail.
**WARN: (IMPMSMV-1810):	Net iram_prog_byte_to_core[7], driver i_ioring/i_IRAM_PROG_BYTE_7/C (cell PDDW1216SCDG) voltage 1.08 does not match receiver lp_riscv/iram_prog_data_reg[1][7]/D (cell DFFRPQ_X1M_A9TL) voltage 0.9 for view wc_analysis_view.
Type 'man IMPMSMV-1810' for more detail.
**WARN: (IMPMSMV-1810):	Net iram_prog_byte_to_core[7], driver i_ioring/i_IRAM_PROG_BYTE_7/C (cell PDDW1216SCDG) voltage 1.08 does not match receiver lp_riscv/iram_prog_data_reg[0][7]/D (cell DFFRPQ_X1M_A9TL) voltage 0.9 for view wc_analysis_view.
Type 'man IMPMSMV-1810' for more detail.
**WARN: (IMPMSMV-1810):	Net iram_prog_byte_to_core[7], driver i_ioring/i_IRAM_PROG_BYTE_7/C (cell PDDW1216SCDG) voltage 1.08 does not match receiver lp_riscv/iram_prog_addr_reg[1][7]/D (cell DFFRPQ_X1M_A9TL) voltage 0.9 for view wc_analysis_view.
Type 'man IMPMSMV-1810' for more detail.
**WARN: (IMPMSMV-1810):	Net iram_prog_byte_to_core[6], driver i_ioring/i_IRAM_PROG_BYTE_6/C (cell PDDW1216SCDG) voltage 1.08 does not match receiver lp_riscv/g126661/A0 (cell AO22_X1M_A9TL) voltage 0.9 for view wc_analysis_view.
Type 'man IMPMSMV-1810' for more detail.
**WARN: (IMPMSMV-1810):	Net iram_prog_byte_to_core[6], driver i_ioring/i_IRAM_PROG_BYTE_6/C (cell PDDW1216SCDG) voltage 1.08 does not match receiver lp_riscv/iram_prog_data_reg[3][6]/D (cell DFFRPQ_X1M_A9TL) voltage 0.9 for view wc_analysis_view.
Type 'man IMPMSMV-1810' for more detail.
**WARN: (IMPMSMV-1810):	Net iram_prog_byte_to_core[6], driver i_ioring/i_IRAM_PROG_BYTE_6/C (cell PDDW1216SCDG) voltage 1.08 does not match receiver lp_riscv/iram_prog_data_reg[2][6]/D (cell DFFRPQ_X1M_A9TL) voltage 0.9 for view wc_analysis_view.
Type 'man IMPMSMV-1810' for more detail.
**WARN: (IMPMSMV-1810):	Net iram_prog_byte_to_core[6], driver i_ioring/i_IRAM_PROG_BYTE_6/C (cell PDDW1216SCDG) voltage 1.08 does not match receiver lp_riscv/iram_prog_data_reg[1][6]/D (cell DFFRPQ_X1M_A9TL) voltage 0.9 for view wc_analysis_view.
Type 'man IMPMSMV-1810' for more detail.
**WARN: (IMPMSMV-1810):	Net iram_prog_byte_to_core[6], driver i_ioring/i_IRAM_PROG_BYTE_6/C (cell PDDW1216SCDG) voltage 1.08 does not match receiver lp_riscv/iram_prog_data_reg[0][6]/D (cell DFFRPQ_X1M_A9TL) voltage 0.9 for view wc_analysis_view.
Type 'man IMPMSMV-1810' for more detail.
**WARN: (IMPMSMV-1810):	Net iram_prog_byte_to_core[6], driver i_ioring/i_IRAM_PROG_BYTE_6/C (cell PDDW1216SCDG) voltage 1.08 does not match receiver lp_riscv/iram_prog_addr_reg[1][6]/D (cell DFFRPQ_X1M_A9TL) voltage 0.9 for view wc_analysis_view.
Type 'man IMPMSMV-1810' for more detail.
**WARN: (IMPMSMV-1810):	Net iram_prog_byte_to_core[5], driver i_ioring/i_IRAM_PROG_BYTE_5/C (cell PDDW1216SCDG) voltage 1.08 does not match receiver lp_riscv/g126659/A0 (cell AO22_X1M_A9TL) voltage 0.9 for view wc_analysis_view.
Type 'man IMPMSMV-1810' for more detail.
**WARN: (IMPMSMV-1810):	Net iram_prog_byte_to_core[5], driver i_ioring/i_IRAM_PROG_BYTE_5/C (cell PDDW1216SCDG) voltage 1.08 does not match receiver lp_riscv/iram_prog_data_reg[3][5]/D (cell DFFRPQ_X1M_A9TL) voltage 0.9 for view wc_analysis_view.
Type 'man IMPMSMV-1810' for more detail.
**WARN: (IMPMSMV-1810):	Net iram_prog_byte_to_core[5], driver i_ioring/i_IRAM_PROG_BYTE_5/C (cell PDDW1216SCDG) voltage 1.08 does not match receiver lp_riscv/iram_prog_data_reg[2][5]/D (cell DFFRPQ_X1M_A9TL) voltage 0.9 for view wc_analysis_view.
Type 'man IMPMSMV-1810' for more detail.
**WARN: (IMPMSMV-1810):	Net iram_prog_byte_to_core[5], driver i_ioring/i_IRAM_PROG_BYTE_5/C (cell PDDW1216SCDG) voltage 1.08 does not match receiver lp_riscv/iram_prog_data_reg[1][5]/D (cell DFFRPQ_X1M_A9TL) voltage 0.9 for view wc_analysis_view.
Type 'man IMPMSMV-1810' for more detail.
**WARN: (IMPMSMV-1810):	Net iram_prog_byte_to_core[5], driver i_ioring/i_IRAM_PROG_BYTE_5/C (cell PDDW1216SCDG) voltage 1.08 does not match receiver lp_riscv/iram_prog_data_reg[0][5]/D (cell DFFRPQ_X1M_A9TL) voltage 0.9 for view wc_analysis_view.
Type 'man IMPMSMV-1810' for more detail.
**WARN: (IMPMSMV-1810):	Net iram_prog_byte_to_core[5], driver i_ioring/i_IRAM_PROG_BYTE_5/C (cell PDDW1216SCDG) voltage 1.08 does not match receiver lp_riscv/iram_prog_addr_reg[1][5]/D (cell DFFRPQ_X1M_A9TL) voltage 0.9 for view wc_analysis_view.
Type 'man IMPMSMV-1810' for more detail.
**WARN: (IMPMSMV-1810):	Net iram_prog_byte_to_core[4], driver i_ioring/i_IRAM_PROG_BYTE_4/C (cell PDDW1216SCDG) voltage 1.08 does not match receiver lp_riscv/g126662/A0 (cell AO22_X1M_A9TL) voltage 0.9 for view wc_analysis_view.
Type 'man IMPMSMV-1810' for more detail.
**WARN: (IMPMSMV-1810):	Net iram_prog_byte_to_core[4], driver i_ioring/i_IRAM_PROG_BYTE_4/C (cell PDDW1216SCDG) voltage 1.08 does not match receiver lp_riscv/iram_prog_data_reg[3][4]/D (cell DFFRPQ_X1M_A9TL) voltage 0.9 for view wc_analysis_view.
Type 'man IMPMSMV-1810' for more detail.
**WARN: (EMS-27):	Message (IMPMSMV-1810) has exceeded the current message display limit of 20.
To increase the message display limit, refer to the product command reference manual.
Total number of fetched objects 23405
AAE_INFO: Total number of nets for which stage creation was skipped for all views 0
End delay calculation. (MEM=10534.7 CPU=0:00:04.9 REAL=0:00:05.0)
End delay calculation (fullDC). (MEM=10534.7 CPU=0:00:05.8 REAL=0:00:06.0)
*** Done Building Timing Graph (cpu=0:00:07.1 real=0:00:07.0 totSessionCpu=0:03:26 mem=10534.7M)
** Profile ** Overall slacks :  cpu=0:00:07.2, mem=10534.7M
** Profile ** DRVs :  cpu=0:00:00.3, mem=10550.0M

------------------------------------------------------------------
             Initial Summary
------------------------------------------------------------------

Setup views included:
 wc_analysis_view 

+--------------------+---------+
|     Setup mode     |   all   |
+--------------------+---------+
|           WNS (ns):| -7.411  |
|           TNS (ns):| -9409.8 |
|    Violating Paths:|  1863   |
|          All Paths:|  4434   |
+--------------------+---------+

+----------------+-------------------------------+------------------+
|                |              Real             |       Total      |
|    DRVs        +------------------+------------+------------------|
|                |  Nr nets(terms)  | Worst Vio  |  Nr nets(terms)  |
+----------------+------------------+------------+------------------+
|   max_cap      |      5 (5)       |   -5.664   |     51 (51)      |
|   max_tran     |   5126 (30035)   |   -3.847   |   5200 (30303)   |
|   max_fanout   |    450 (450)     |   -2163    |    504 (504)     |
|   max_length   |      0 (0)       |     0      |      0 (0)       |
+----------------+------------------+------------+------------------+

Density: 11.768%
------------------------------------------------------------------
** Profile ** Report data :  cpu=0:00:00.2, mem=10550.0M
**opt_design ... cpu = 0:00:17, real = 0:00:17, mem = 2624.1M, totSessionCpu=0:03:26 **
*** InitOpt #1 [finish] (place_opt_design #1) : cpu/real = 0:00:16.8/0:00:17.3 (1.0), totSession cpu/real = 0:03:26.1/0:04:56.3 (0.7), mem = 10507.0M
** INFO : this run is activating medium effort placeOptDesign flow
*** Starting optimizing excluded clock nets MEM= 10505.0M) ***
*info: No excluded clock nets to be optimized.
*** Finished optimizing excluded clock nets (CPU Time= 0:00:00.0  MEM= 10505.0M) ***
GigaOpt Checkpoint: Internal congRefineRouteType -preCTS -congThreshold 0.001 -rescheduleForCongestion  -aggressiveCongestionMode  -resetVeryShortNets -resetShortNets -useSpineBased -rescheduleForAdherence 
Begin: GigaOpt Route Type Constraints Refinement
*** CongRefineRouteType #1 [begin] (place_opt_design #1) : totSession cpu/real = 0:03:26.6/0:04:56.8 (0.7), mem = 10505.0M
Updated routing constraints on 0 nets.
Bottom Preferred Layer:
    None
Via Pillar Rule:
    None
*** CongRefineRouteType #1 [finish] (place_opt_design #1) : cpu/real = 0:00:00.7/0:00:00.7 (1.0), totSession cpu/real = 0:03:27.4/0:04:57.5 (0.7), mem = 10689.3M
End: GigaOpt Route Type Constraints Refinement
The useful skew maximum allowed delay is: 0.3
*** cell filtering : changing from  lvt to lvt
<optDesign CMD> simplifyNetlist  Use Same Size lvt Cells
*** SimplifyNetlist #1 [begin] (place_opt_design #1) : totSession cpu/real = 0:03:28.1/0:04:58.2 (0.7), mem = 10602.3M
Info: 0 don't touch net , 128 undriven nets excluded from IPO operation.
Info: 35 top-level, potential tri-state nets excluded from IPO operation.
Info: 35 io nets excluded
Info: 60 clock nets excluded from IPO operation.

Footprint cell information for calculating maxBufDist
*info: There are 20 candidate Buffer cells
*info: There are 22 candidate Inverter cells


Netlist preparation processing... 

Constant propagation run...
CPU of constant propagation run : 0:00:00.0 (mem :10707.4M)

Dangling output instance removal run...
CPU of dangling output instance removal run : 0:00:00.0 (mem :10707.4M)

Dont care observability instance removal run...
Dont care observability instance removal limited due to an irremovable instance lp_riscv/g81963 (NAND2_X0P7B_A9TL)
Dont care observability instance removal limited due to an irremovable instance lp_riscv/g81964 (NAND2_X0P7B_A9TL)
Dont care observability instance removal limited due to an irremovable instance lp_riscv/g81967 (AOI221_X0P5M_A9TL)
Dont care observability instance removal limited due to an irremovable instance lp_riscv/g80918 (AOI2XB1_X0P7M_A9TR)
Dont care observability instance removal limited due to an irremovable instance lp_riscv/g80924 (AOI21_X0P7M_A9TR)
Dont care observability instance removal limited due to an irremovable instance lp_riscv/g82054 (OAI22_X0P5M_A9TL)
Dont care observability instance removal limited due to an irremovable instance lp_riscv/g82055 (OAI22_X0P5M_A9TL)
Dont care observability instance removal limited due to an irremovable instance lp_riscv/g82056 (OAI22_X0P5M_A9TL)
Dont care observability instance removal limited due to an irremovable instance lp_riscv/g82059 (OAI22_X0P5M_A9TL)
Dont care observability instance removal limited due to an irremovable instance lp_riscv/g82066 (OAI22_X0P5M_A9TL)
Dont care observability instance removal limited due to an irremovable instance lp_riscv/g81010 (OAI22_X0P5M_A9TL)
Dont care observability instance removal limited due to an irremovable instance lp_riscv/g81015 (OAI22_X0P5M_A9TL)
Dont care observability instance removal limited due to an irremovable instance lp_riscv/g82081 (OAI22_X0P5M_A9TL)
Dont care observability instance removal limited due to an irremovable instance lp_riscv/g82083 (AOI2XB1_X0P7M_A9TR)
Dont care observability instance removal limited due to an irremovable instance lp_riscv/g82086 (OAI22_X0P5M_A9TL)
Dont care observability instance removal limited due to an irremovable instance lp_riscv/g82094 (OAI22_X0P5M_A9TL)
Dont care observability instance removal limited due to an irremovable instance lp_riscv/g82096 (OAI22_X0P5M_A9TL)
Dont care observability instance removal limited due to an irremovable instance lp_riscv/g82097 (OAI22_X0P5M_A9TL)
Dont care observability instance removal limited due to an irremovable instance lp_riscv/g82099 (OAI22_X0P5M_A9TL)
Dont care observability instance removal limited due to an irremovable instance lp_riscv/g82100 (OAI22_X0P5M_A9TL)
Dont care observability instance removal limited due to other irremovable instances...
CPU of dont care observability instance removal run : 0:00:00.0 (mem :10707.4M)

Removed instances... 

Replaced instances... 

Removed 0 instance
	CPU for removing db instances : 0:00:00.0 (mem :10707.4M)
	CPU for removing timing graph nodes : 0:00:00.0 (mem :10707.4M)
CPU of: netlist preparation :0:00:00.0 (mem :10707.4M)

Mark undriven nets with IPOIgnored run...
**WARN: (IMPOPT-7098):	WARNING: lp_riscv/dccm_ram_wrapper_data_rdata_i_0[31] is an undriven net with 1 fanouts.
**WARN: (IMPOPT-7098):	WARNING: lp_riscv/dccm_ram_wrapper_data_rdata_i_0[30] is an undriven net with 1 fanouts.
**WARN: (IMPOPT-7098):	WARNING: lp_riscv/dccm_ram_wrapper_data_rdata_i_0[29] is an undriven net with 1 fanouts.
**WARN: (IMPOPT-7098):	WARNING: lp_riscv/dccm_ram_wrapper_data_rdata_i_0[28] is an undriven net with 1 fanouts.
**WARN: (IMPOPT-7098):	WARNING: lp_riscv/dccm_ram_wrapper_data_rdata_i_0[27] is an undriven net with 1 fanouts.
**WARN: (IMPOPT-7098):	WARNING: lp_riscv/dccm_ram_wrapper_data_rdata_i_0[26] is an undriven net with 1 fanouts.
**WARN: (IMPOPT-7098):	WARNING: lp_riscv/dccm_ram_wrapper_data_rdata_i_0[25] is an undriven net with 1 fanouts.
**WARN: (IMPOPT-7098):	WARNING: lp_riscv/dccm_ram_wrapper_data_rdata_i_0[24] is an undriven net with 1 fanouts.
**WARN: (IMPOPT-7098):	WARNING: lp_riscv/dccm_ram_wrapper_data_rdata_i_0[23] is an undriven net with 1 fanouts.
**WARN: (IMPOPT-7098):	WARNING: lp_riscv/dccm_ram_wrapper_data_rdata_i_0[22] is an undriven net with 1 fanouts.
**WARN: (IMPOPT-7098):	WARNING: lp_riscv/dccm_ram_wrapper_data_rdata_i_0[21] is an undriven net with 1 fanouts.
**WARN: (IMPOPT-7098):	WARNING: lp_riscv/dccm_ram_wrapper_data_rdata_i_0[20] is an undriven net with 1 fanouts.
**WARN: (IMPOPT-7098):	WARNING: lp_riscv/dccm_ram_wrapper_data_rdata_i_0[19] is an undriven net with 1 fanouts.
**WARN: (IMPOPT-7098):	WARNING: lp_riscv/dccm_ram_wrapper_data_rdata_i_0[18] is an undriven net with 1 fanouts.
**WARN: (IMPOPT-7098):	WARNING: lp_riscv/dccm_ram_wrapper_data_rdata_i_0[17] is an undriven net with 1 fanouts.
**WARN: (IMPOPT-7098):	WARNING: lp_riscv/dccm_ram_wrapper_data_rdata_i_0[16] is an undriven net with 1 fanouts.
**WARN: (IMPOPT-7098):	WARNING: lp_riscv/dccm_ram_wrapper_data_rdata_i_0[15] is an undriven net with 1 fanouts.
**WARN: (IMPOPT-7098):	WARNING: lp_riscv/dccm_ram_wrapper_data_rdata_i_0[14] is an undriven net with 1 fanouts.
**WARN: (IMPOPT-7098):	WARNING: lp_riscv/dccm_ram_wrapper_data_rdata_i_0[13] is an undriven net with 1 fanouts.
**WARN: (IMPOPT-7098):	WARNING: lp_riscv/dccm_ram_wrapper_data_rdata_i_0[12] is an undriven net with 1 fanouts.
**WARN: (EMS-27):	Message (IMPOPT-7098) has exceeded the current message display limit of 20.
To increase the message display limit, refer to the product command reference manual.
CPU of marking undriven nets with IPOIgnored run : 0:00:00.0 (mem :10707.4M)
*info: Marking 0 isolation instances dont touch
*info: Marking 0 level shifter instances dont touch
*** SimplifyNetlist #1 [finish] (place_opt_design #1) : cpu/real = 0:00:03.0/0:00:03.0 (1.0), totSession cpu/real = 0:03:31.1/0:05:01.2 (0.7), mem = 10615.5M
*** cell filtering : changing from  lvt to svt_lvt
<optDesign CMD> fixdrv  Use same sized svt + lvt Cells
Begin: GigaOpt high fanout net optimization
GigaOpt HFN: use maxLocalDensity 1.2
GigaOpt Checkpoint: Internal optDRV -useLevelizedBufferTreeOnly -auxMaxFanoutCountLimit 500 -largeScaleFixing -maxIter 1 -maxLocalDensity 1.2 -numThreads 1 -preCTS -preRouteDontEndWithRefinePlaceIncrSteinerRouteDC
*** DrvOpt #1 [begin] (place_opt_design #1) : totSession cpu/real = 0:03:31.5/0:05:01.7 (0.7), mem = 10613.5M
Info: 0 don't touch net , 128 undriven nets excluded from IPO operation.
Info: 35 top-level, potential tri-state nets excluded from IPO operation.
Info: 35 io nets excluded
Info: 60 clock nets excluded from IPO operation.
+---------+---------+--------+---------+------------+--------+
| Density | Commits |  WNS   |   TNS   |    Real    |  Mem   |
+---------+---------+--------+---------+------------+--------+
|   11.77%|        -|  -7.411|-9409.807|   0:00:00.0|10657.5M|
|   11.84%|      155|  -7.411|-9409.836|   0:00:01.0|10697.2M|
+---------+---------+--------+---------+------------+--------+

*** Finish pre-CTS High Fanout Net Fixing (cpu=0:00:01.0 real=0:00:01.0 mem=10697.2M) ***
Bottom Preferred Layer:
    None
Via Pillar Rule:
    None
*** DrvOpt #1 [finish] (place_opt_design #1) : cpu/real = 0:00:03.7/0:00:03.7 (1.0), totSession cpu/real = 0:03:35.2/0:05:05.4 (0.7), mem = 10611.1M
GigaOpt HFN: restore maxLocalDensity to 0.98
End: GigaOpt high fanout net optimization
Begin: GigaOpt DRV Optimization
GigaOpt Checkpoint: Internal optDRV -max_tran -max_cap -maxLocalDensity 1.2 -numThreads 1 -largeScaleFixing -maxIter 2 -max_fanout -preCTS -preRouteDontEndWithRefinePlaceIncrSteinerRouteDC
*** DrvOpt #2 [begin] (place_opt_design #1) : totSession cpu/real = 0:03:35.3/0:05:05.4 (0.7), mem = 10611.1M
Info: 0 don't touch net , 128 undriven nets excluded from IPO operation.
Info: 35 top-level, potential tri-state nets excluded from IPO operation.
Info: 35 io nets excluded
Info: 60 clock nets excluded from IPO operation.
+-------------------------------------------------------------------------------------------------------------------------------------------------------+
|        max-tran       |        max-cap        |  max-fanout |  max-length |       setup       |        |        |        |       |          |         |
+-------------------------------------------------------------------------------------------------------------------------------------------------------+
| nets | terms|  wViol  | nets | terms|  wViol  | nets | terms| nets | terms|   WNS   |   TNS   |  #Buf  |  #Inv  | #Resize|Density|   Real   |   Mem   |
+-------------------------------------------------------------------------------------------------------------------------------------------------------+
|  8496| 40315|    -3.92|    24|    24|    -0.04|   450|   450|     0|     0|    -7.41| -9409.84|       0|       0|       0| 11.84%|          |         |
|    84|   242|    -0.38|     0|     0|     0.00|     3|     3|     0|     0|    -4.38| -4919.33|    2636|    2014|    1256| 12.98%| 0:00:27.0| 10698.1M|
|    36|    71|    -0.38|     0|     0|     0.00|     2|     2|     0|     0|    -4.38| -4920.34|      15|       8|      38| 12.99%| 0:00:01.0| 10698.1M|
+-------------------------------------------------------------------------------------------------------------------------------------------------------+
Bottom Preferred Layer:
    None
Via Pillar Rule:
    None


=======================================================================
                Reasons for remaining drv violations
=======================================================================
*info: Total 37 net(s) have violations which can't be fixed by DRV optimization.

MultiBuffering failure reasons
------------------------------------------------
*info:    33 net(s): Could not be fixed because it is multi driver net.
*info:     1 net(s): Could not be fixed as the net is considered as IPO ignored by the process.
*info:     2 net(s): Could not be fixed because buffering engine can't find a solution.

*info: Total 1 net(s) were new nets created by previous iteration of DRV buffering. Further DRV fixing might remove some violations.


*** Finish DRV Fixing (cpu=0:00:28.6 real=0:00:29.0 mem=10698.1M) ***

*** DrvOpt #2 [finish] (place_opt_design #1) : cpu/real = 0:00:30.0/0:00:30.1 (1.0), totSession cpu/real = 0:04:05.2/0:05:35.5 (0.7), mem = 10612.0M
End: GigaOpt DRV Optimization
GigaOpt DRV: restore maxLocalDensity to 0.98
**opt_design ... cpu = 0:00:56, real = 0:00:56, mem = 2737.7M, totSessionCpu=0:04:05 **

Active setup views:
 wc_analysis_view
  Dominating endpoints: 0
  Dominating TNS: -0.000

*** cell filtering : changing from  svt_lvt to lvt
<optDesign CMD> optfanout  Use lvt Cells
Begin: GigaOpt Global Optimization
*info: use new DP (enabled)
GigaOpt Checkpoint: Internal globalOpt -maxLocalDensity 1.2 -numThreads 1 -preCTS -rebufferAll -preRouteDontEndWithRefinePlaceIncrSteinerRouteDC -enableHighLayerOpt -maxIter 50 -maxIterForLEPG 50
Info: 0 don't touch net , 128 undriven nets excluded from IPO operation.
Info: 35 top-level, potential tri-state nets excluded from IPO operation.
Info: 35 io nets excluded
Info: 60 clock nets excluded from IPO operation.
*** GlobalOpt #1 [begin] (place_opt_design #1) : totSession cpu/real = 0:04:05.7/0:05:35.9 (0.7), mem = 10650.2M
*info: 35 io nets excluded
Info: 35 top-level, potential tri-state nets excluded from IPO operation.
*info: 60 clock nets excluded
*info: 1 external net with a tri-state driver excluded.
*info: 34 multi-driver nets excluded.
*info: 568 no-driver nets excluded.
** GigaOpt Global Opt WNS Slack -4.375  TNS Slack -4920.343 
+--------+---------+---------+------------+--------+----------------+---------+----------------------------------------------------+
|  WNS   |   TNS   | Density |    Real    |  Mem   |   Worst View   |Pathgroup|                     End Point                      |
+--------+---------+---------+------------+--------+----------------+---------+----------------------------------------------------+
|  -4.375|-4920.343|   12.99%|   0:00:00.0|10669.2M|wc_analysis_view|  default| lp_riscv/i_riscv_core_id_stage_i_mult_operand_c_ex |
|        |         |         |            |        |                |         | _o_reg[31]/D                                       |
|  -2.868|-3074.568|   13.03%|   0:00:16.0|10705.8M|wc_analysis_view|  default| lp_riscv/i_riscv_core_id_stage_i_mult_operand_b_ex |
|        |         |         |            |        |                |         | _o_reg[26]/D                                       |
|  -2.843|-3038.121|   13.03%|   0:00:01.0|10709.2M|wc_analysis_view|  default| lp_riscv/i_riscv_core_id_stage_i_mult_operand_b_ex |
|        |         |         |            |        |                |         | _o_reg[26]/D                                       |
|  -2.843|-3038.121|   13.03%|   0:00:01.0|10709.2M|wc_analysis_view|  default| lp_riscv/i_riscv_core_id_stage_i_mult_operand_b_ex |
|        |         |         |            |        |                |         | _o_reg[26]/D                                       |
|  -1.946|-1811.816|   13.16%|   0:00:14.0|10709.2M|wc_analysis_view|  default| lp_riscv/i_riscv_core_id_stage_i_mult_dot_op_b_ex_ |
|        |         |         |            |        |                |         | o_reg[15]/D                                        |
|  -1.717|-1537.988|   13.20%|   0:00:11.0|10751.6M|wc_analysis_view|  default| lp_riscv/i_riscv_core_id_stage_i_mult_operand_b_ex |
|        |         |         |            |        |                |         | _o_reg[20]/D                                       |
|  -1.717|-1537.381|   13.20%|   0:00:01.0|10751.6M|wc_analysis_view|  default| lp_riscv/i_riscv_core_id_stage_i_mult_operand_b_ex |
|        |         |         |            |        |                |         | _o_reg[20]/D                                       |
|  -1.717|-1537.381|   13.20%|   0:00:00.0|10751.6M|wc_analysis_view|  default| lp_riscv/i_riscv_core_id_stage_i_mult_operand_b_ex |
|        |         |         |            |        |                |         | _o_reg[20]/D                                       |
|  -1.438|-1126.824|   13.28%|   0:00:04.0|10751.6M|wc_analysis_view|  default| lp_riscv/i_riscv_core_id_stage_i_mult_operand_b_ex |
|        |         |         |            |        |                |         | _o_reg[20]/D                                       |
|  -1.216| -911.409|   13.30%|   0:00:06.0|10751.6M|wc_analysis_view|  default| lp_riscv/i_riscv_core_id_stage_i_mult_dot_op_b_ex_ |
|        |         |         |            |        |                |         | o_reg[31]/D                                        |
|  -1.194| -866.430|   13.30%|   0:00:01.0|10751.6M|wc_analysis_view|  default| lp_riscv/i_riscv_core_id_stage_i_mult_dot_op_b_ex_ |
|        |         |         |            |        |                |         | o_reg[31]/D                                        |
|  -1.194| -866.430|   13.30%|   0:00:00.0|10751.6M|wc_analysis_view|  default| lp_riscv/i_riscv_core_id_stage_i_mult_dot_op_b_ex_ |
|        |         |         |            |        |                |         | o_reg[31]/D                                        |
|  -1.102| -746.775|   13.36%|   0:00:02.0|10751.6M|wc_analysis_view|  default| lp_riscv/i_riscv_core_id_stage_i_mult_dot_op_b_ex_ |
|        |         |         |            |        |                |         | o_reg[31]/D                                        |
|  -1.071| -717.139|   13.36%|   0:00:04.0|10751.6M|wc_analysis_view|  default| lp_riscv/i_riscv_core_id_stage_i_mult_dot_op_b_ex_ |
|        |         |         |            |        |                |         | o_reg[31]/D                                        |
|  -1.071| -708.066|   13.36%|   0:00:01.0|10751.6M|wc_analysis_view|  default| lp_riscv/i_riscv_core_id_stage_i_mult_dot_op_b_ex_ |
|        |         |         |            |        |                |         | o_reg[31]/D                                        |
|  -1.071| -708.066|   13.36%|   0:00:00.0|10751.6M|wc_analysis_view|  default| lp_riscv/i_riscv_core_id_stage_i_mult_dot_op_b_ex_ |
|        |         |         |            |        |                |         | o_reg[31]/D                                        |
|  -0.927| -587.804|   13.43%|   0:00:03.0|10751.6M|wc_analysis_view|  default| lp_riscv/i_riscv_core_id_stage_i_mult_operand_b_ex |
|        |         |         |            |        |                |         | _o_reg[29]/D                                       |
|  -0.906| -572.067|   13.44%|   0:00:03.0|10751.6M|wc_analysis_view|  default| lp_riscv/i_riscv_core_id_stage_i_mult_operand_b_ex |
|        |         |         |            |        |                |         | _o_reg[29]/D                                       |
|  -0.906| -572.067|   13.44%|   0:00:01.0|10751.6M|wc_analysis_view|  default| lp_riscv/i_riscv_core_id_stage_i_mult_operand_b_ex |
|        |         |         |            |        |                |         | _o_reg[29]/D                                       |
|  -0.906| -572.067|   13.44%|   0:00:00.0|10751.6M|wc_analysis_view|  default| lp_riscv/i_riscv_core_id_stage_i_mult_operand_b_ex |
|        |         |         |            |        |                |         | _o_reg[29]/D                                       |
|  -0.869| -496.381|   13.49%|   0:00:03.0|10751.6M|wc_analysis_view|  default| lp_riscv/i_riscv_core_id_stage_i_alu_operand_b_ex_ |
|        |         |         |            |        |                |         | o_reg[31]/D                                        |
|  -0.869| -495.101|   13.50%|   0:00:03.0|10751.6M|wc_analysis_view|  default| lp_riscv/i_riscv_core_id_stage_i_alu_operand_b_ex_ |
|        |         |         |            |        |                |         | o_reg[31]/D                                        |
|  -0.869| -495.101|   13.50%|   0:00:00.0|10751.6M|wc_analysis_view|  default| lp_riscv/i_riscv_core_id_stage_i_alu_operand_b_ex_ |
|        |         |         |            |        |                |         | o_reg[31]/D                                        |
|  -0.869| -495.101|   13.50%|   0:00:01.0|10751.6M|wc_analysis_view|  default| lp_riscv/i_riscv_core_id_stage_i_alu_operand_b_ex_ |
|        |         |         |            |        |                |         | o_reg[31]/D                                        |
|  -0.858| -465.203|   13.55%|   0:00:03.0|10751.6M|wc_analysis_view|  default| lp_riscv/i_riscv_core_id_stage_i_alu_operand_b_ex_ |
|        |         |         |            |        |                |         | o_reg[31]/D                                        |
|  -0.858| -465.063|   13.56%|   0:00:02.0|10751.6M|wc_analysis_view|  default| lp_riscv/i_riscv_core_id_stage_i_alu_operand_b_ex_ |
|        |         |         |            |        |                |         | o_reg[31]/D                                        |
|  -0.859| -461.447|   13.56%|   0:00:01.0|10751.6M|wc_analysis_view|  default| lp_riscv/i_riscv_core_id_stage_i_alu_operand_b_ex_ |
|        |         |         |            |        |                |         | o_reg[31]/D                                        |
|  -0.859| -461.447|   13.56%|   0:00:00.0|10751.6M|wc_analysis_view|  default| lp_riscv/i_riscv_core_id_stage_i_alu_operand_b_ex_ |
|        |         |         |            |        |                |         | o_reg[31]/D                                        |
|  -0.869| -463.243|   13.60%|   0:00:02.0|10751.6M|wc_analysis_view|  default| lp_riscv/i_riscv_core_id_stage_i_alu_operand_b_ex_ |
|        |         |         |            |        |                |         | o_reg[31]/D                                        |
|  -0.869| -464.637|   13.59%|   0:00:03.0|10751.6M|wc_analysis_view|  default| lp_riscv/i_riscv_core_id_stage_i_alu_operand_b_ex_ |
|        |         |         |            |        |                |         | o_reg[31]/D                                        |
|  -0.869| -464.637|   13.59%|   0:00:00.0|10751.6M|wc_analysis_view|  default| lp_riscv/i_riscv_core_id_stage_i_alu_operand_b_ex_ |
|        |         |         |            |        |                |         | o_reg[31]/D                                        |
|  -0.869| -464.637|   13.59%|   0:00:00.0|10751.6M|wc_analysis_view|  default| lp_riscv/i_riscv_core_id_stage_i_alu_operand_b_ex_ |
|        |         |         |            |        |                |         | o_reg[31]/D                                        |
|  -0.872| -463.691|   13.60%|   0:00:02.0|10751.6M|wc_analysis_view|  default| lp_riscv/i_riscv_core_id_stage_i_alu_operand_b_ex_ |
|        |         |         |            |        |                |         | o_reg[31]/D                                        |
|  -0.872| -463.310|   13.60%|   0:00:03.0|10751.6M|wc_analysis_view|  default| lp_riscv/i_riscv_core_id_stage_i_alu_operand_b_ex_ |
|        |         |         |            |        |                |         | o_reg[31]/D                                        |
+--------+---------+---------+------------+--------+----------------+---------+----------------------------------------------------+

*** Finish pre-CTS Global Setup Fixing (cpu=0:01:32 real=0:01:32 mem=10751.6M) ***

*** Finish pre-CTS Setup Fixing (cpu=0:01:32 real=0:01:32 mem=10751.6M) ***
Bottom Preferred Layer:
    None
Via Pillar Rule:
    None
** GigaOpt Global Opt End WNS Slack -0.872  TNS Slack -463.310 
*** GlobalOpt #1 [finish] (place_opt_design #1) : cpu/real = 0:01:35.9/0:01:36.1 (1.0), totSession cpu/real = 0:05:41.5/0:07:12.0 (0.8), mem = 10617.5M
End: GigaOpt Global Optimization
*** Timing NOT met, worst failing slack is -0.872
*** Check timing (0:00:00.0)
*** cell filtering : changing from  lvt to svt_lvt
<optDesign CMD> reclaimarea  Use same sized svt + lvt Cells
GigaOpt Checkpoint: Internal reclaim -numThreads 1 -preCTS -force -doRemoveUselessTerm -tgtSlackMult 3 -routeType -noRouteTypeResizePolish -noViewPrune -weedwhack -nonLegal -nativePathGroupFlow
Info: 0 don't touch net , 128 undriven nets excluded from IPO operation.
Info: 35 top-level, potential tri-state nets excluded from IPO operation.
Info: 35 io nets excluded
Info: 60 clock nets excluded from IPO operation.
Begin: Area Reclaim Optimization
*** AreaOpt #1 [begin] (place_opt_design #1) : totSession cpu/real = 0:05:42.4/0:07:12.9 (0.8), mem = 10674.7M
Reclaim Optimization WNS Slack -0.872  TNS Slack -463.310 Density 13.60
+---------+---------+--------+--------+------------+--------+
| Density | Commits |  WNS   |  TNS   |    Real    |  Mem   |
+---------+---------+--------+--------+------------+--------+
|   13.60%|        -|  -0.872|-463.310|   0:00:00.0|10678.7M|
|   13.60%|        3|  -0.872|-463.310|   0:00:02.0|10702.3M|
|   13.60%|        0|  -0.872|-463.310|   0:00:00.0|10702.3M|
|   13.54%|      212|  -0.872|-463.409|   0:00:03.0|10702.3M|
|   13.39%|     1949|  -0.805|-451.151|   0:00:16.0|10702.3M|
|   13.38%|      101|  -0.805|-449.498|   0:00:02.0|10702.3M|
|   13.38%|        4|  -0.805|-449.495|   0:00:00.0|10702.3M|
|   13.38%|        1|  -0.805|-449.495|   0:00:00.0|10702.3M|
|   13.38%|        0|  -0.805|-449.495|   0:00:01.0|10702.3M|
|   13.38%|        0|  -0.805|-449.495|   0:00:00.0|10702.3M|
+---------+---------+--------+--------+------------+--------+
Reclaim Optimization End WNS Slack -0.805  TNS Slack -449.495 Density 13.38
Bottom Preferred Layer:
    None
Via Pillar Rule:
    None

Number of times islegalLocAvaiable called = 0 skipped = 0, called in commitmove = 0, skipped in commitmove = 0
End: Core Area Reclaim Optimization (cpu = 0:00:25.1) (real = 0:00:26.0) **
*** AreaOpt #1 [finish] (place_opt_design #1) : cpu/real = 0:00:25.1/0:00:25.2 (1.0), totSession cpu/real = 0:06:07.5/0:07:38.1 (0.8), mem = 10702.3M
Executing incremental physical updates
Executing incremental physical updates
End: Area Reclaim Optimization (cpu=0:00:25, real=0:00:26, mem=10619.25M, totSessionCpu=0:06:08).
*** IncrReplace #1 [begin] (place_opt_design #1) : totSession cpu/real = 0:06:08.0/0:07:38.7 (0.8), mem = 10619.2M

*** Start incrementalPlace ***
No Views given, use default active views for adaptive view pruning
SKP will enable view:
  wc_analysis_view
[NR-eGR] Track table information for default rule: 
[NR-eGR] M1 has single uniform track structure
[NR-eGR] M2 has single uniform track structure
[NR-eGR] M3 has single uniform track structure
[NR-eGR] M4 has single uniform track structure
[NR-eGR] M5 has single uniform track structure
[NR-eGR] M6 has single uniform track structure
[NR-eGR] M7 has single uniform track structure
[NR-eGR] M8 has single uniform track structure
[NR-eGR] M9 has single uniform track structure
[NR-eGR] AP has single uniform track structure
[NR-eGR] Read 14981 PG shapes
[NR-eGR] Read 0 clock shapes
[NR-eGR] Read 0 other shapes
[NR-eGR] #Routing Blockages  : 44
[NR-eGR] #Instance Blockages : 39256
[NR-eGR] #PG Blockages       : 14981
[NR-eGR] #Halo Blockages     : 0
[NR-eGR] #Boundary Blockages : 0
[NR-eGR] #Clock Blockages    : 0
[NR-eGR] #Other Blockages    : 0
[NR-eGR] Num Prerouted Nets = 0  Num Prerouted Wires = 0
[NR-eGR] Read 26749 nets ( ignored 0 )
[NR-eGR] There are 59 clock nets ( 0 with NDR ).
[NR-eGR] ============ Routing rule table ============
[NR-eGR] Rule id: 0  Nets: 26712
[NR-eGR] ========================================
[NR-eGR] 
[NR-eGR] Layer group 1: route 26712 net(s) in layer range [2, 10]
[NR-eGR] Early Global Route overflow of layer group 1: 0.00% H + 0.00% V. EstWL: 7.396110e+05um
[NR-eGR] Congestion Analysis By layer: (blocked Gcells are excluded) 
[NR-eGR]                        OverCon           OverCon           OverCon           OverCon            
[NR-eGR]                         #Gcell            #Gcell            #Gcell            #Gcell     %Gcell
[NR-eGR]        Layer             (1-4)             (5-8)            (9-12)           (13-15)    OverCon
[NR-eGR] -------------------------------------------------------------------------------------------------
[NR-eGR]      M1 ( 1)         0( 0.00%)         0( 0.00%)         0( 0.00%)         0( 0.00%)   ( 0.00%) 
[NR-eGR]      M2 ( 2)       265( 0.02%)         2( 0.00%)         0( 0.00%)         0( 0.00%)   ( 0.02%) 
[NR-eGR]      M3 ( 3)       114( 0.01%)         1( 0.00%)         0( 0.00%)         0( 0.00%)   ( 0.01%) 
[NR-eGR]      M4 ( 4)        12( 0.00%)         0( 0.00%)         0( 0.00%)         0( 0.00%)   ( 0.00%) 
[NR-eGR]      M5 ( 5)         5( 0.00%)         0( 0.00%)         0( 0.00%)         0( 0.00%)   ( 0.00%) 
[NR-eGR]      M6 ( 6)         1( 0.00%)         0( 0.00%)         0( 0.00%)         0( 0.00%)   ( 0.00%) 
[NR-eGR]      M7 ( 7)         0( 0.00%)         0( 0.00%)         0( 0.00%)         0( 0.00%)   ( 0.00%) 
[NR-eGR]      M8 ( 8)         6( 0.00%)         0( 0.00%)         0( 0.00%)         0( 0.00%)   ( 0.00%) 
[NR-eGR]      M9 ( 9)         0( 0.00%)         5( 0.00%)         0( 0.00%)         5( 0.00%)   ( 0.00%) 
[NR-eGR]      AP (10)        10( 0.00%)         0( 0.00%)         0( 0.00%)         0( 0.00%)   ( 0.00%) 
[NR-eGR] -------------------------------------------------------------------------------------------------
[NR-eGR]        Total       413( 0.00%)         8( 0.00%)         0( 0.00%)         5( 0.00%)   ( 0.00%) 
[NR-eGR] 
[NR-eGR] Overflow after Early Global Route 0.00% H + 0.00% V
Early Global Route congestion estimation runtime: 2.68 seconds, mem = 10818.8M
Local HotSpot Analysis: normalized max congestion hotspot area = 0.00, normalized total congestion hotspot area = 0.00 (area is in unit of 4 std-cell row bins)

=== incrementalPlace Internal Loop 1 ===
*** Finished SKP initialization (cpu=0:00:02.6, real=0:00:03.0)***
Iteration  8: Total net bbox = 5.942e+05 (2.80e+05 3.14e+05)
              Est.  stn bbox = 6.954e+05 (3.33e+05 3.63e+05)
              cpu = 0:00:09.0 real = 0:00:09.0 mem = 10753.0M
Iteration  9: Total net bbox = 6.016e+05 (2.85e+05 3.16e+05)
              Est.  stn bbox = 7.050e+05 (3.40e+05 3.65e+05)
              cpu = 0:00:05.3 real = 0:00:05.0 mem = 10753.2M
Iteration 10: Total net bbox = 5.974e+05 (2.83e+05 3.14e+05)
              Est.  stn bbox = 7.008e+05 (3.38e+05 3.63e+05)
              cpu = 0:00:44.2 real = 0:00:44.0 mem = 10753.4M
Iteration 11: Total net bbox = 6.037e+05 (2.87e+05 3.17e+05)
              Est.  stn bbox = 7.064e+05 (3.42e+05 3.65e+05)
              cpu = 0:01:35 real = 0:01:36 mem = 10862.5M
Iteration 12: Total net bbox = 6.141e+05 (2.93e+05 3.21e+05)
              Est.  stn bbox = 7.167e+05 (3.48e+05 3.69e+05)
              cpu = 0:00:03.4 real = 0:00:03.0 mem = 10754.5M
Move report: Timing Driven Placement moves 26196 insts, mean move: 27.56 um, max move: 521.88 um 
	Max move on inst (lp_riscv/placement_opt_inst_FE_OFC1096_ext_perf_counters_to_core_11): (266.20, 120.00) --> (120.52, 496.20)

Finished Incremental Placement (cpu=0:02:43, real=0:02:45, mem=10754.5M)
**WARN: (IMPSP-9025):	No scan chain specified/traced.
Type 'man IMPSP-9025' for more detail.
*** Starting place_detail (0:08:54 mem=10754.5M) ***
Total net bbox length = 6.200e+05 (2.968e+05 3.232e+05) (ext = 3.050e+04)
Move report: Detail placement moves 26196 insts, mean move: 0.98 um, max move: 23.71 um 
	Max move on inst (lp_riscv/placement_opt_inst_FE_OFC1948_n_11096): (620.49, 1018.20) --> (644.20, 1018.20)
	Runtime: CPU: 0:00:02.9 REAL: 0:00:03.0 MEM: 10754.5MB
Summary Report:
Instances move: 26196 (out of 26196 movable)
Instances flipped: 0
Mean displacement: 0.98 um
Max displacement: 23.71 um (Instance: lp_riscv/placement_opt_inst_FE_OFC1948_n_11096) (620.491, 1018.2) -> (644.2, 1018.2)
	Length: 3 sites, height: 1 rows, site name: sc9_cln65lp, cell type: INV_X1M_A9TL
Total net bbox length = 6.166e+05 (2.898e+05 3.268e+05) (ext = 3.046e+04)
Runtime: CPU: 0:00:03.0 REAL: 0:00:03.0 MEM: 10754.5MB
*** Finished place_detail (0:08:57 mem=10754.5M) ***
[NR-eGR] Track table information for default rule: 
[NR-eGR] M1 has single uniform track structure
[NR-eGR] M2 has single uniform track structure
[NR-eGR] M3 has single uniform track structure
[NR-eGR] M4 has single uniform track structure
[NR-eGR] M5 has single uniform track structure
[NR-eGR] M6 has single uniform track structure
[NR-eGR] M7 has single uniform track structure
[NR-eGR] M8 has single uniform track structure
[NR-eGR] M9 has single uniform track structure
[NR-eGR] AP has single uniform track structure
[NR-eGR] Read 14981 PG shapes
[NR-eGR] Read 0 clock shapes
[NR-eGR] Read 0 other shapes
[NR-eGR] #Routing Blockages  : 44
[NR-eGR] #Instance Blockages : 39256
[NR-eGR] #PG Blockages       : 14981
[NR-eGR] #Halo Blockages     : 0
[NR-eGR] #Boundary Blockages : 0
[NR-eGR] #Clock Blockages    : 0
[NR-eGR] #Other Blockages    : 0
[NR-eGR] Num Prerouted Nets = 0  Num Prerouted Wires = 0
[NR-eGR] Read 26749 nets ( ignored 0 )
[NR-eGR] There are 59 clock nets ( 0 with NDR ).
[NR-eGR] ============ Routing rule table ============
[NR-eGR] Rule id: 0  Nets: 26714
[NR-eGR] ========================================
[NR-eGR] 
[NR-eGR] Layer group 1: route 26714 net(s) in layer range [2, 10]
[NR-eGR] Early Global Route overflow of layer group 1: 0.00% H + 0.00% V. EstWL: 6.733440e+05um
[NR-eGR] Congestion Analysis By layer: (blocked Gcells are excluded) 
[NR-eGR]                        OverCon           OverCon           OverCon           OverCon            
[NR-eGR]                         #Gcell            #Gcell            #Gcell            #Gcell     %Gcell
[NR-eGR]        Layer             (1-4)             (5-8)            (9-12)           (13-15)    OverCon
[NR-eGR] -------------------------------------------------------------------------------------------------
[NR-eGR]      M1 ( 1)         0( 0.00%)         0( 0.00%)         0( 0.00%)         0( 0.00%)   ( 0.00%) 
[NR-eGR]      M2 ( 2)        46( 0.00%)         0( 0.00%)         0( 0.00%)         0( 0.00%)   ( 0.00%) 
[NR-eGR]      M3 ( 3)         0( 0.00%)         0( 0.00%)         0( 0.00%)         0( 0.00%)   ( 0.00%) 
[NR-eGR]      M4 ( 4)         0( 0.00%)         0( 0.00%)         0( 0.00%)         0( 0.00%)   ( 0.00%) 
[NR-eGR]      M5 ( 5)         0( 0.00%)         0( 0.00%)         0( 0.00%)         0( 0.00%)   ( 0.00%) 
[NR-eGR]      M6 ( 6)         0( 0.00%)         0( 0.00%)         0( 0.00%)         0( 0.00%)   ( 0.00%) 
[NR-eGR]      M7 ( 7)         0( 0.00%)         0( 0.00%)         0( 0.00%)         0( 0.00%)   ( 0.00%) 
[NR-eGR]      M8 ( 8)         6( 0.00%)         0( 0.00%)         0( 0.00%)         0( 0.00%)   ( 0.00%) 
[NR-eGR]      M9 ( 9)         0( 0.00%)         5( 0.00%)         0( 0.00%)         5( 0.00%)   ( 0.00%) 
[NR-eGR]      AP (10)        10( 0.00%)         0( 0.00%)         0( 0.00%)         0( 0.00%)   ( 0.00%) 
[NR-eGR] -------------------------------------------------------------------------------------------------
[NR-eGR]        Total        62( 0.00%)         5( 0.00%)         0( 0.00%)         5( 0.00%)   ( 0.00%) 
[NR-eGR] 
[NR-eGR] Overflow after Early Global Route 0.00% H + 0.00% V
Early Global Route congestion estimation runtime: 2.43 seconds, mem = 10900.3M
Local HotSpot Analysis: normalized max congestion hotspot area = 0.00, normalized total congestion hotspot area = 0.00 (area is in unit of 4 std-cell row bins)
[NR-eGR]             Length (um)    Vias 
[NR-eGR] --------------------------------
[NR-eGR]  M1  (1H)             0   93917 
[NR-eGR]  M2  (2V)        172167  132759 
[NR-eGR]  M3  (3H)        217161   14608 
[NR-eGR]  M4  (4V)        116188    5265 
[NR-eGR]  M5  (5H)         84569    1069 
[NR-eGR]  M6  (6V)         74580     156 
[NR-eGR]  M7  (7H)         12213      41 
[NR-eGR]  M8  (8V)          5900      39 
[NR-eGR]  M9  (9H)          8468      24 
[NR-eGR]  AP  (10V)           30       0 
[NR-eGR] --------------------------------
[NR-eGR]      Total       691277  247878 
[NR-eGR] --------------------------------------------------------------------------
[NR-eGR] Total half perimeter of net bounding box: 616555um
[NR-eGR] Total length: 691277um, number of vias: 247878
[NR-eGR] --------------------------------------------------------------------------
[NR-eGR] Total eGR-routed clock nets wire length: 18964um, number of vias: 6735
[NR-eGR] --------------------------------------------------------------------------
Early Global Route wiring runtime: 0.92 seconds, mem = 10740.3M
0 delay mode for cte disabled.

*** Finished incrementalPlace (cpu=0:02:52, real=0:02:54)***
Start to check current routing status for nets...
All nets are already routed correctly.
End to check current routing status for nets (mem=10596.3M)
Extraction called for design 'lp_riscv_top' of instances=46805 and nets=27921 using extraction engine 'pre_route' .
pre_route RC Extraction called for design lp_riscv_top.
RC Extraction called in multi-corner(2) mode.
RCMode: PreRoute
      RC Corner Indexes            0       1   
Capacitance Scaling Factor   : 1.00000 1.00000 
Resistance Scaling Factor    : 1.00000 1.00000 
Clock Cap. Scaling Factor    : 1.00000 1.00000 
Clock Res. Scaling Factor    : 1.00000 1.00000 
Shrink Factor                : 1.00000
PreRoute extraction is honoring NDR/Shielding/ExtraSpace for clock nets.
Using Quantus QRC technology file ...
Updating RC grid for preRoute extraction ...
Initializing multi-corner resistance tables ...
PreRoute RC Extraction DONE (CPU Time: 0:00:00.4  Real Time: 0:00:01.0  MEM: 10598.414M)
Compute RC Scale Done ...
**opt_design ... cpu = 0:05:52, real = 0:05:54, mem = 2702.1M, totSessionCpu=0:09:01 **
AAE_INFO: opIsDesignInPostRouteState() is 0
AAE_WARNING: Waveform propagation feature is not supported in pre-route stage, it is turned off.
Deleting waveform storage...
#################################################################################
# Design Stage: PreRoute
# Design Name: lp_riscv_top
# Design Mode: 65nm
# Analysis Mode: MMMC OCV 
# Parasitics Mode: No SPEF/RCDB 
# Signoff Settings: SI Off (EWM)
#################################################################################
Start delay calculation (fullDC) (1 T). (MEM=10603)
Total number of fetched objects 27008
AAE_INFO: Total number of nets for which stage creation was skipped for all views 0
End delay calculation. (MEM=10668.5 CPU=0:00:05.0 REAL=0:00:05.0)
End delay calculation (fullDC). (MEM=10668.5 CPU=0:00:05.6 REAL=0:00:06.0)
*** IncrReplace #1 [finish] (place_opt_design #1) : cpu/real = 0:03:00.2/0:03:02.3 (1.0), totSession cpu/real = 0:09:08.2/0:10:41.0 (0.9), mem = 10676.5M
*** cell filtering : changing from  svt_lvt to svt_lvt
<optDesign CMD> fixdrv  Use same sized svt + lvt Cells
Begin: GigaOpt DRV Optimization
GigaOpt Checkpoint: Internal optDRV -max_tran -max_cap -maxLocalDensity 1.2 -numThreads 1 -smallScaleFixing -maxIter 3 -setupTNSCostFactor 3.0 -max_fanout -preCTS -preRouteDontEndWithRefinePlaceIncrSteinerRouteDC
*** DrvOpt #3 [begin] (place_opt_design #1) : totSession cpu/real = 0:09:09.0/0:10:41.7 (0.9), mem = 10676.5M
Info: 0 don't touch net , 128 undriven nets excluded from IPO operation.
Info: 35 top-level, potential tri-state nets excluded from IPO operation.
Info: 35 io nets excluded
Info: 60 clock nets excluded from IPO operation.
+-------------------------------------------------------------------------------------------------------------------------------------------------------+
|        max-tran       |        max-cap        |  max-fanout |  max-length |       setup       |        |        |        |       |          |         |
+-------------------------------------------------------------------------------------------------------------------------------------------------------+
| nets | terms|  wViol  | nets | terms|  wViol  | nets | terms| nets | terms|   WNS   |   TNS   |  #Buf  |  #Inv  | #Resize|Density|   Real   |   Mem   |
+-------------------------------------------------------------------------------------------------------------------------------------------------------+
|   199|   538|    -0.81|     0|     0|     0.00|     2|     2|     0|     0|    -1.49|  -990.12|       0|       0|       0| 13.38%|          |         |
|    35|    70|    -0.31|     0|     0|     0.00|     0|     0|     0|     0|    -1.42|  -896.29|      93|      14|      90| 13.43%| 0:00:02.0| 10761.5M|
|    34|    68|    -0.31|     0|     0|     0.00|     0|     0|     0|     0|    -1.42|  -896.29|       0|       0|       1| 13.43%| 0:00:00.0| 10761.5M|
|    34|    68|    -0.31|     0|     0|     0.00|     0|     0|     0|     0|    -1.42|  -896.29|       0|       0|       0| 13.43%| 0:00:00.0| 10761.5M|
+-------------------------------------------------------------------------------------------------------------------------------------------------------+
Bottom Preferred Layer:
    None
Via Pillar Rule:
    None


=======================================================================
                Reasons for remaining drv violations
=======================================================================
*info: Total 34 net(s) have violations which can't be fixed by DRV optimization.

MultiBuffering failure reasons
------------------------------------------------
*info:    33 net(s): Could not be fixed because it is multi driver net.
*info:     1 net(s): Could not be fixed as the net is considered as IPO ignored by the process.


*** Finish DRV Fixing (cpu=0:00:02.4 real=0:00:03.0 mem=10761.5M) ***

*** DrvOpt #3 [finish] (place_opt_design #1) : cpu/real = 0:00:05.3/0:00:05.3 (1.0), totSession cpu/real = 0:09:14.2/0:10:47.0 (0.9), mem = 10655.4M
End: GigaOpt DRV Optimization
GigaOpt DRV: restore maxLocalDensity to 0.98
**opt_design ... cpu = 0:06:05, real = 0:06:08, mem = 2781.8M, totSessionCpu=0:09:14 **
*** Timing NOT met, worst failing slack is -1.424
*** Check timing (0:00:00.0)
*** cell filtering : changing from  svt_lvt to lvt
<optDesign CMD> optcritpath  Use Same Size lvt Cells
Begin: GigaOpt Optimization in TNS mode
GigaOpt Checkpoint: Internal optTiming -allEndPoints -maxLocalDensity 0.95 -maxLocalDensityForHardenOpt 0.92 -numThreads 1 -preCTS -lowEffort -pgMode all -nativePathGroupFlow -skipLowEffortCategoryOptimization -qftns -ftns -integratedAreaOpt -nonLegalPlaceEcoBumpRecoveryInTNSOpt -ipoTgtSlackCoef 0 -effTgtSlackCoef 0
Info: 0 don't touch net , 128 undriven nets excluded from IPO operation.
Info: 35 top-level, potential tri-state nets excluded from IPO operation.
Info: 35 io nets excluded
Info: 60 clock nets excluded from IPO operation.
*** TnsOpt #1 [begin] (place_opt_design #1) : totSession cpu/real = 0:09:16.1/0:10:48.9 (0.9), mem = 10653.4M
*info: 35 io nets excluded
Info: 35 top-level, potential tri-state nets excluded from IPO operation.
*info: 60 clock nets excluded
*info: 1 external net with a tri-state driver excluded.
*info: 34 multi-driver nets excluded.
*info: 568 no-driver nets excluded.
** GigaOpt Optimizer WNS Slack -1.424 TNS Slack -896.286 Density 13.43
Optimizer TNS Opt
OptDebug: Start of Optimizer TNS Pass:
+-----------------------------+------+--------+
|Path Group                   |   WNS|     TNS|
+-----------------------------+------+--------+
|in2out in2reg reg2out default| 0.637|   0.000|
|reg2cgate                    | 0.277|   0.000|
|reg2reg                      |-1.424|-896.286|
|HEPG                         |-1.424|-896.286|
|All Paths                    |-1.424|-896.286|
+-----------------------------+------+--------+

Active Path Group: reg2reg  
+--------+---------+--------+---------+---------+------------+--------+----------------+---------+----------------------------------------------------+
|  WNS   | All WNS |  TNS   | All TNS | Density |    Real    |  Mem   |   Worst View   |Pathgroup|                     End Point                      |
+--------+---------+--------+---------+---------+------------+--------+----------------+---------+----------------------------------------------------+
|  -1.424|   -1.424|-896.286| -896.286|   13.43%|   0:00:00.0|10710.6M|wc_analysis_view|  reg2reg| lp_riscv/i_riscv_core_id_stage_i_mult_dot_op_b_ex_ |
|        |         |        |         |         |            |        |                |         | o_reg[22]/D                                        |
|  -1.374|   -1.374|-836.187| -836.187|   13.43%|   0:00:01.0|10734.2M|wc_analysis_view|  reg2reg| lp_riscv/i_riscv_core_id_stage_i_mult_dot_op_b_ex_ |
|        |         |        |         |         |            |        |                |         | o_reg[22]/D                                        |
|  -1.334|   -1.334|-849.479| -849.479|   13.43%|   0:00:00.0|10737.3M|wc_analysis_view|  reg2reg| lp_riscv/i_riscv_core_id_stage_i_mult_dot_op_b_ex_ |
|        |         |        |         |         |            |        |                |         | o_reg[22]/D                                        |
|  -1.313|   -1.313|-798.972| -798.972|   13.43%|   0:00:00.0|10737.3M|wc_analysis_view|  reg2reg| lp_riscv/i_riscv_core_id_stage_i_mult_dot_op_b_ex_ |
|        |         |        |         |         |            |        |                |         | o_reg[22]/D                                        |
|  -1.297|   -1.297|-791.018| -791.018|   13.43%|   0:00:00.0|10756.4M|wc_analysis_view|  reg2reg| lp_riscv/i_riscv_core_id_stage_i_mult_dot_op_b_ex_ |
|        |         |        |         |         |            |        |                |         | o_reg[22]/D                                        |
|  -1.253|   -1.253|-784.522| -784.522|   13.43%|   0:00:01.0|10756.4M|wc_analysis_view|  reg2reg| lp_riscv/i_riscv_core_id_stage_i_mult_dot_op_b_ex_ |
|        |         |        |         |         |            |        |                |         | o_reg[22]/D                                        |
|  -1.199|   -1.199|-778.390| -778.390|   13.43%|   0:00:00.0|10756.4M|wc_analysis_view|  reg2reg| lp_riscv/i_riscv_core_id_stage_i_mult_operand_b_ex |
|        |         |        |         |         |            |        |                |         | _o_reg[30]/D                                       |
|  -1.159|   -1.159|-770.003| -770.003|   13.44%|   0:00:00.0|10756.4M|wc_analysis_view|  reg2reg| lp_riscv/i_riscv_core_id_stage_i_mult_operand_b_ex |
|        |         |        |         |         |            |        |                |         | _o_reg[21]/D                                       |
|  -1.137|   -1.137|-753.536| -753.536|   13.44%|   0:00:00.0|10756.4M|wc_analysis_view|  reg2reg| lp_riscv/i_riscv_core_id_stage_i_mult_dot_op_b_ex_ |
|        |         |        |         |         |            |        |                |         | o_reg[17]/D                                        |
|  -1.101|   -1.101|-717.391| -717.391|   13.44%|   0:00:01.0|10756.4M|wc_analysis_view|  reg2reg| lp_riscv/i_riscv_core_id_stage_i_mult_dot_op_b_ex_ |
|        |         |        |         |         |            |        |                |         | o_reg[21]/D                                        |
|  -1.095|   -1.095|-705.232| -705.232|   13.44%|   0:00:00.0|10756.4M|wc_analysis_view|  reg2reg| lp_riscv/i_riscv_core_id_stage_i_mult_operand_b_ex |
|        |         |        |         |         |            |        |                |         | _o_reg[21]/D                                       |
|  -1.051|   -1.051|-704.802| -704.802|   13.44%|   0:00:00.0|10756.4M|wc_analysis_view|  reg2reg| lp_riscv/i_riscv_core_id_stage_i_mult_operand_b_ex |
|        |         |        |         |         |            |        |                |         | _o_reg[29]/D                                       |
|  -1.026|   -1.026|-686.249| -686.249|   13.44%|   0:00:01.0|10756.4M|wc_analysis_view|  reg2reg| lp_riscv/i_riscv_core_id_stage_i_mult_operand_b_ex |
|        |         |        |         |         |            |        |                |         | _o_reg[29]/D                                       |
|  -1.004|   -1.004|-646.844| -646.844|   13.45%|   0:00:00.0|10756.4M|wc_analysis_view|  reg2reg| lp_riscv/i_riscv_core_id_stage_i_mult_dot_op_b_ex_ |
|        |         |        |         |         |            |        |                |         | o_reg[21]/D                                        |
|  -0.982|   -0.982|-626.146| -626.146|   13.45%|   0:00:01.0|10756.4M|wc_analysis_view|  reg2reg| lp_riscv/i_riscv_core_id_stage_i_mult_operand_b_ex |
|        |         |        |         |         |            |        |                |         | _o_reg[29]/D                                       |
|  -0.971|   -0.971|-608.893| -608.893|   13.45%|   0:00:00.0|10756.4M|wc_analysis_view|  reg2reg| lp_riscv/i_riscv_core_id_stage_i_mult_operand_b_ex |
|        |         |        |         |         |            |        |                |         | _o_reg[29]/D                                       |
|  -0.961|   -0.961|-600.880| -600.880|   13.45%|   0:00:00.0|10756.4M|wc_analysis_view|  reg2reg| lp_riscv/i_riscv_core_id_stage_i_mult_operand_b_ex |
|        |         |        |         |         |            |        |                |         | _o_reg[29]/D                                       |
|  -0.953|   -0.953|-593.727| -593.727|   13.45%|   0:00:00.0|10756.4M|wc_analysis_view|  reg2reg| lp_riscv/i_riscv_core_id_stage_i_mult_operand_b_ex |
|        |         |        |         |         |            |        |                |         | _o_reg[29]/D                                       |
|  -0.949|   -0.949|-573.125| -573.125|   13.46%|   0:00:01.0|10756.4M|wc_analysis_view|  reg2reg| lp_riscv/i_riscv_core_id_stage_i_mult_operand_b_ex |
|        |         |        |         |         |            |        |                |         | _o_reg[29]/D                                       |
|  -0.935|   -0.935|-559.182| -559.182|   13.46%|   0:00:00.0|10756.4M|wc_analysis_view|  reg2reg| lp_riscv/i_riscv_core_id_stage_i_mult_operand_b_ex |
|        |         |        |         |         |            |        |                |         | _o_reg[29]/D                                       |
|  -0.922|   -0.922|-551.001| -551.001|   13.46%|   0:00:00.0|10756.4M|wc_analysis_view|  reg2reg| lp_riscv/i_riscv_core_id_stage_i_mult_operand_b_ex |
|        |         |        |         |         |            |        |                |         | _o_reg[29]/D                                       |
|  -0.901|   -0.901|-533.857| -533.857|   13.46%|   0:00:00.0|10756.4M|wc_analysis_view|  reg2reg| lp_riscv/i_riscv_core_id_stage_i_mult_operand_b_ex |
|        |         |        |         |         |            |        |                |         | _o_reg[29]/D                                       |
|  -0.889|   -0.889|-518.688| -518.688|   13.46%|   0:00:01.0|10756.4M|wc_analysis_view|  reg2reg| lp_riscv/i_riscv_core_id_stage_i_mult_operand_b_ex |
|        |         |        |         |         |            |        |                |         | _o_reg[29]/D                                       |
|  -0.871|   -0.871|-510.911| -510.911|   13.46%|   0:00:00.0|10756.4M|wc_analysis_view|  reg2reg| lp_riscv/i_riscv_core_id_stage_i_mult_operand_b_ex |
|        |         |        |         |         |            |        |                |         | _o_reg[29]/D                                       |
|  -0.863|   -0.863|-502.934| -502.934|   13.46%|   0:00:01.0|10756.4M|wc_analysis_view|  reg2reg| lp_riscv/i_riscv_core_id_stage_i_mult_operand_b_ex |
|        |         |        |         |         |            |        |                |         | _o_reg[29]/D                                       |
|  -0.853|   -0.853|-494.060| -494.060|   13.47%|   0:00:00.0|10756.4M|wc_analysis_view|  reg2reg| lp_riscv/i_riscv_core_id_stage_i_mult_operand_b_ex |
|        |         |        |         |         |            |        |                |         | _o_reg[29]/D                                       |
|  -0.844|   -0.844|-488.080| -488.080|   13.47%|   0:00:00.0|10756.4M|wc_analysis_view|  reg2reg| lp_riscv/i_riscv_core_id_stage_i_mult_operand_b_ex |
|        |         |        |         |         |            |        |                |         | _o_reg[29]/D                                       |
|  -0.836|   -0.836|-475.725| -475.725|   13.47%|   0:00:01.0|10756.4M|wc_analysis_view|  reg2reg| lp_riscv/i_riscv_core_id_stage_i_mult_operand_b_ex |
|        |         |        |         |         |            |        |                |         | _o_reg[29]/D                                       |
|  -0.825|   -0.825|-459.279| -459.279|   13.47%|   0:00:00.0|10756.4M|wc_analysis_view|  reg2reg| lp_riscv/i_riscv_core_id_stage_i_mult_operand_b_ex |
|        |         |        |         |         |            |        |                |         | _o_reg[29]/D                                       |
|  -0.816|   -0.816|-447.311| -447.311|   13.47%|   0:00:00.0|10756.4M|wc_analysis_view|  reg2reg| lp_riscv/i_riscv_core_id_stage_i_mult_operand_b_ex |
|        |         |        |         |         |            |        |                |         | _o_reg[29]/D                                       |
|  -0.808|   -0.808|-437.418| -437.418|   13.47%|   0:00:00.0|10756.4M|wc_analysis_view|  reg2reg| lp_riscv/i_riscv_core_id_stage_i_mult_operand_b_ex |
|        |         |        |         |         |            |        |                |         | _o_reg[29]/D                                       |
|  -0.789|   -0.789|-425.999| -425.999|   13.48%|   0:00:01.0|10756.4M|wc_analysis_view|  reg2reg| lp_riscv/i_riscv_core_id_stage_i_mult_operand_b_ex |
|        |         |        |         |         |            |        |                |         | _o_reg[29]/D                                       |
|  -0.779|   -0.779|-414.287| -414.287|   13.48%|   0:00:00.0|10756.4M|wc_analysis_view|  reg2reg| lp_riscv/i_riscv_core_id_stage_i_mult_operand_b_ex |
|        |         |        |         |         |            |        |                |         | _o_reg[21]/D                                       |
|  -0.770|   -0.770|-398.078| -398.078|   13.48%|   0:00:01.0|10756.4M|wc_analysis_view|  reg2reg| lp_riscv/i_riscv_core_id_stage_i_mult_operand_b_ex |
|        |         |        |         |         |            |        |                |         | _o_reg[21]/D                                       |
|  -0.762|   -0.762|-386.776| -386.776|   13.49%|   0:00:00.0|10756.4M|wc_analysis_view|  reg2reg| lp_riscv/i_riscv_core_id_stage_i_mult_operand_b_ex |
|        |         |        |         |         |            |        |                |         | _o_reg[29]/D                                       |
|  -0.759|   -0.759|-384.030| -384.030|   13.49%|   0:00:01.0|10756.4M|wc_analysis_view|  reg2reg| lp_riscv/i_riscv_core_id_stage_i_mult_operand_b_ex |
|        |         |        |         |         |            |        |                |         | _o_reg[21]/D                                       |
|  -0.748|   -0.748|-373.020| -373.020|   13.49%|   0:00:00.0|10756.4M|wc_analysis_view|  reg2reg| lp_riscv/i_riscv_core_id_stage_i_mult_operand_b_ex |
|        |         |        |         |         |            |        |                |         | _o_reg[29]/D                                       |
|  -0.744|   -0.744|-368.555| -368.555|   13.49%|   0:00:00.0|10756.4M|wc_analysis_view|  reg2reg| lp_riscv/i_riscv_core_id_stage_i_mult_operand_b_ex |
|        |         |        |         |         |            |        |                |         | _o_reg[29]/D                                       |
|  -0.737|   -0.737|-354.812| -354.812|   13.49%|   0:00:00.0|10756.4M|wc_analysis_view|  reg2reg| lp_riscv/i_riscv_core_id_stage_i_mult_operand_b_ex |
|        |         |        |         |         |            |        |                |         | _o_reg[21]/D                                       |
|  -0.726|   -0.726|-343.294| -343.294|   13.49%|   0:00:01.0|10756.4M|wc_analysis_view|  reg2reg| lp_riscv/i_riscv_core_id_stage_i_mult_operand_b_ex |
|        |         |        |         |         |            |        |                |         | _o_reg[21]/D                                       |
|  -0.718|   -0.718|-335.805| -335.805|   13.50%|   0:00:00.0|10756.4M|wc_analysis_view|  reg2reg| lp_riscv/i_riscv_core_id_stage_i_mult_operand_b_ex |
|        |         |        |         |         |            |        |                |         | _o_reg[29]/D                                       |
|  -0.709|   -0.709|-321.390| -321.390|   13.50%|   0:00:00.0|10756.4M|wc_analysis_view|  reg2reg| lp_riscv/i_riscv_core_id_stage_i_mult_operand_b_ex |
|        |         |        |         |         |            |        |                |         | _o_reg[21]/D                                       |
|  -0.697|   -0.697|-305.257| -305.257|   13.50%|   0:00:01.0|10756.4M|wc_analysis_view|  reg2reg| lp_riscv/i_riscv_core_id_stage_i_mult_operand_b_ex |
|        |         |        |         |         |            |        |                |         | _o_reg[21]/D                                       |
|  -0.687|   -0.687|-296.579| -296.579|   13.50%|   0:00:00.0|10775.4M|wc_analysis_view|  reg2reg| lp_riscv/i_riscv_core_id_stage_i_mult_operand_b_ex |
|        |         |        |         |         |            |        |                |         | _o_reg[21]/D                                       |
|  -0.674|   -0.674|-278.621| -278.621|   13.50%|   0:00:01.0|10775.4M|wc_analysis_view|  reg2reg| lp_riscv/i_riscv_core_id_stage_i_mult_operand_b_ex |
|        |         |        |         |         |            |        |                |         | _o_reg[21]/D                                       |
|  -0.667|   -0.667|-271.642| -271.642|   13.51%|   0:00:00.0|10775.4M|wc_analysis_view|  reg2reg| lp_riscv/i_riscv_core_id_stage_i_mult_operand_b_ex |
|        |         |        |         |         |            |        |                |         | _o_reg[21]/D                                       |
|  -0.654|   -0.654|-258.520| -258.520|   13.51%|   0:00:01.0|10775.4M|wc_analysis_view|  reg2reg| lp_riscv/i_riscv_core_id_stage_i_mult_operand_b_ex |
|        |         |        |         |         |            |        |                |         | _o_reg[29]/D                                       |
|  -0.644|   -0.644|-256.228| -256.228|   13.51%|   0:00:00.0|10775.4M|wc_analysis_view|  reg2reg| lp_riscv/i_riscv_core_id_stage_i_mult_operand_b_ex |
|        |         |        |         |         |            |        |                |         | _o_reg[29]/D                                       |
|  -0.625|   -0.625|-247.230| -247.230|   13.51%|   0:00:01.0|10775.4M|wc_analysis_view|  reg2reg| lp_riscv/i_riscv_core_id_stage_i_alu_operand_b_ex_ |
|        |         |        |         |         |            |        |                |         | o_reg[29]/D                                        |
|  -0.617|   -0.617|-235.375| -235.375|   13.52%|   0:00:01.0|10775.4M|wc_analysis_view|  reg2reg| lp_riscv/i_riscv_core_id_stage_i_mult_dot_op_b_ex_ |
|        |         |        |         |         |            |        |                |         | o_reg[28]/D                                        |
|  -0.614|   -0.614|-229.586| -229.586|   13.53%|   0:00:00.0|10775.4M|wc_analysis_view|  reg2reg| lp_riscv/i_riscv_core_id_stage_i_alu_operand_b_ex_ |
|        |         |        |         |         |            |        |                |         | o_reg[20]/D                                        |
|  -0.603|   -0.603|-227.258| -227.258|   13.53%|   0:00:01.0|10775.4M|wc_analysis_view|  reg2reg| lp_riscv/i_riscv_core_id_stage_i_alu_operand_b_ex_ |
|        |         |        |         |         |            |        |                |         | o_reg[20]/D                                        |
|  -0.577|   -0.577|-225.137| -225.137|   13.53%|   0:00:00.0|10775.4M|wc_analysis_view|  reg2reg| lp_riscv/i_riscv_core_id_stage_i_alu_operand_b_ex_ |
|        |         |        |         |         |            |        |                |         | o_reg[20]/D                                        |
|  -0.561|   -0.561|-211.605| -211.605|   13.54%|   0:00:01.0|10775.4M|wc_analysis_view|  reg2reg| lp_riscv/i_riscv_core_id_stage_i_mult_dot_op_b_ex_ |
|        |         |        |         |         |            |        |                |         | o_reg[28]/D                                        |
|  -0.539|   -0.539|-206.697| -206.697|   13.53%|   0:00:02.0|10832.7M|wc_analysis_view|  reg2reg| lp_riscv/i_riscv_core_id_stage_i_mult_dot_op_b_ex_ |
|        |         |        |         |         |            |        |                |         | o_reg[28]/D                                        |
|  -0.537|   -0.537|-200.652| -200.652|   13.54%|   0:00:01.0|10832.7M|wc_analysis_view|  reg2reg| lp_riscv/i_riscv_core_id_stage_i_mult_operand_b_ex |
|        |         |        |         |         |            |        |                |         | _o_reg[29]/D                                       |
|  -0.529|   -0.529|-195.924| -195.924|   13.54%|   0:00:00.0|10832.7M|wc_analysis_view|  reg2reg| lp_riscv/i_riscv_core_id_stage_i_mult_operand_b_ex |
|        |         |        |         |         |            |        |                |         | _o_reg[29]/D                                       |
|  -0.520|   -0.520|-189.552| -189.552|   13.54%|   0:00:00.0|10832.7M|wc_analysis_view|  reg2reg| lp_riscv/i_riscv_core_id_stage_i_mult_operand_b_ex |
|        |         |        |         |         |            |        |                |         | _o_reg[29]/D                                       |
|  -0.507|   -0.507|-182.122| -182.122|   13.55%|   0:00:02.0|10832.7M|wc_analysis_view|  reg2reg| lp_riscv/i_riscv_core_id_stage_i_mult_dot_op_b_ex_ |
|        |         |        |         |         |            |        |                |         | o_reg[31]/D                                        |
|  -0.500|   -0.500|-174.880| -174.880|   13.55%|   0:00:01.0|10815.7M|wc_analysis_view|  reg2reg| lp_riscv/i_riscv_core_id_stage_i_mult_dot_op_b_ex_ |
|        |         |        |         |         |            |        |                |         | o_reg[31]/D                                        |
|  -0.487|   -0.487|-171.368| -171.368|   13.56%|   0:00:00.0|10815.7M|wc_analysis_view|  reg2reg| lp_riscv/i_riscv_core_id_stage_i_alu_operand_b_ex_ |
|        |         |        |         |         |            |        |                |         | o_reg[20]/D                                        |
|  -0.474|   -0.474|-161.231| -161.231|   13.56%|   0:00:01.0|10815.7M|wc_analysis_view|  reg2reg| lp_riscv/i_riscv_core_id_stage_i_alu_operand_b_ex_ |
|        |         |        |         |         |            |        |                |         | o_reg[26]/D                                        |
|  -0.470|   -0.470|-156.041| -156.041|   13.57%|   0:00:01.0|10815.7M|wc_analysis_view|  reg2reg| lp_riscv/i_riscv_core_id_stage_i_alu_operand_b_ex_ |
|        |         |        |         |         |            |        |                |         | o_reg[26]/D                                        |
|  -0.465|   -0.465|-153.490| -153.490|   13.57%|   0:00:00.0|10815.7M|wc_analysis_view|  reg2reg| lp_riscv/i_riscv_core_id_stage_i_mult_dot_op_b_ex_ |
|        |         |        |         |         |            |        |                |         | o_reg[18]/D                                        |
|  -0.465|   -0.465|-151.122| -151.122|   13.57%|   0:00:01.0|10815.7M|wc_analysis_view|  reg2reg| lp_riscv/i_riscv_core_id_stage_i_mult_dot_op_b_ex_ |
|        |         |        |         |         |            |        |                |         | o_reg[18]/D                                        |
|  -0.454|   -0.454|-144.798| -144.798|   13.59%|   0:00:01.0|10834.8M|wc_analysis_view|  reg2reg| lp_riscv/i_riscv_core_id_stage_i_mult_dot_op_b_ex_ |
|        |         |        |         |         |            |        |                |         | o_reg[18]/D                                        |
|  -0.435|   -0.435|-139.918| -139.918|   13.60%|   0:00:02.0|10834.8M|wc_analysis_view|  reg2reg| lp_riscv/i_riscv_core_id_stage_i_alu_operand_b_ex_ |
|        |         |        |         |         |            |        |                |         | o_reg[20]/D                                        |
|  -0.419|   -0.419|-132.415| -132.415|   13.60%|   0:00:01.0|10834.8M|wc_analysis_view|  reg2reg| lp_riscv/i_riscv_core_id_stage_i_mult_dot_op_b_ex_ |
|        |         |        |         |         |            |        |                |         | o_reg[16]/D                                        |
|  -0.417|   -0.417|-129.376| -129.376|   13.61%|   0:00:01.0|10834.8M|wc_analysis_view|  reg2reg| lp_riscv/i_riscv_core_id_stage_i_alu_operand_b_ex_ |
|        |         |        |         |         |            |        |                |         | o_reg[29]/D                                        |
|  -0.420|   -0.420|-128.213| -128.213|   13.61%|   0:00:01.0|10834.8M|wc_analysis_view|  reg2reg| lp_riscv/i_riscv_core_id_stage_i_alu_operand_b_ex_ |
|        |         |        |         |         |            |        |                |         | o_reg[29]/D                                        |
|  -0.410|   -0.410|-124.416| -124.416|   13.61%|   0:00:00.0|10834.8M|wc_analysis_view|  reg2reg| lp_riscv/i_riscv_core_id_stage_i_alu_operand_b_ex_ |
|        |         |        |         |         |            |        |                |         | o_reg[29]/D                                        |
|  -0.403|   -0.403|-123.286| -123.286|   13.62%|   0:00:01.0|10834.8M|wc_analysis_view|  reg2reg| lp_riscv/i_riscv_core_id_stage_i_mult_dot_op_b_ex_ |
|        |         |        |         |         |            |        |                |         | o_reg[28]/D                                        |
|  -0.398|   -0.398|-119.977| -119.977|   13.62%|   0:00:01.0|10834.8M|wc_analysis_view|  reg2reg| lp_riscv/i_riscv_core_id_stage_i_mult_dot_op_b_ex_ |
|        |         |        |         |         |            |        |                |         | o_reg[31]/D                                        |
|  -0.393|   -0.393|-115.049| -115.049|   13.63%|   0:00:01.0|10834.8M|wc_analysis_view|  reg2reg| lp_riscv/i_riscv_core_id_stage_i_mult_dot_op_b_ex_ |
|        |         |        |         |         |            |        |                |         | o_reg[31]/D                                        |
|  -0.385|   -0.385|-112.655| -112.655|   13.63%|   0:00:01.0|10834.8M|wc_analysis_view|  reg2reg| lp_riscv/i_riscv_core_id_stage_i_mult_operand_b_ex |
|        |         |        |         |         |            |        |                |         | _o_reg[17]/D                                       |
|  -0.382|   -0.382|-109.934| -109.934|   13.63%|   0:00:00.0|10834.8M|wc_analysis_view|  reg2reg| lp_riscv/i_riscv_core_id_stage_i_mult_operand_b_ex |
|        |         |        |         |         |            |        |                |         | _o_reg[17]/D                                       |
|  -0.382|   -0.382|-108.173| -108.173|   13.64%|   0:00:01.0|10834.8M|wc_analysis_view|  reg2reg| lp_riscv/i_riscv_core_id_stage_i_mult_operand_b_ex |
|        |         |        |         |         |            |        |                |         | _o_reg[17]/D                                       |
|  -0.375|   -0.375|-106.094| -106.094|   13.64%|   0:00:00.0|10834.8M|wc_analysis_view|  reg2reg| lp_riscv/i_riscv_core_id_stage_i_mult_dot_op_b_ex_ |
|        |         |        |         |         |            |        |                |         | o_reg[25]/D                                        |
|  -0.357|   -0.357|-101.217| -101.217|   13.65%|   0:00:02.0|10834.8M|wc_analysis_view|  reg2reg| lp_riscv/i_riscv_core_id_stage_i_mult_dot_op_b_ex_ |
|        |         |        |         |         |            |        |                |         | o_reg[31]/D                                        |
|  -0.350|   -0.350| -95.587|  -95.587|   13.65%|   0:00:01.0|10834.8M|wc_analysis_view|  reg2reg| lp_riscv/i_riscv_core_id_stage_i_mult_dot_op_b_ex_ |
|        |         |        |         |         |            |        |                |         | o_reg[31]/D                                        |
|  -0.342|   -0.342| -92.342|  -92.342|   13.65%|   0:00:01.0|10834.8M|wc_analysis_view|  reg2reg| lp_riscv/i_riscv_core_id_stage_i_mult_dot_op_b_ex_ |
|        |         |        |         |         |            |        |                |         | o_reg[24]/D                                        |
|  -0.334|   -0.334| -88.583|  -88.583|   13.66%|   0:00:01.0|10834.8M|wc_analysis_view|  reg2reg| lp_riscv/i_riscv_core_id_stage_i_mult_dot_op_b_ex_ |
|        |         |        |         |         |            |        |                |         | o_reg[24]/D                                        |
|  -0.333|   -0.333| -86.633|  -86.633|   13.66%|   0:00:02.0|10834.8M|wc_analysis_view|  reg2reg| lp_riscv/i_riscv_core_id_stage_i_mult_dot_op_b_ex_ |
|        |         |        |         |         |            |        |                |         | o_reg[24]/D                                        |
|  -0.328|   -0.328| -84.516|  -84.516|   13.66%|   0:00:00.0|10834.8M|wc_analysis_view|  reg2reg| lp_riscv/i_riscv_core_id_stage_i_mult_dot_op_b_ex_ |
|        |         |        |         |         |            |        |                |         | o_reg[24]/D                                        |
|  -0.327|   -0.327| -83.308|  -83.308|   13.67%|   0:00:01.0|10834.8M|wc_analysis_view|  reg2reg| lp_riscv/i_riscv_core_id_stage_i_mult_dot_op_b_ex_ |
|        |         |        |         |         |            |        |                |         | o_reg[24]/D                                        |
|  -0.326|   -0.326| -81.752|  -81.752|   13.67%|   0:00:00.0|10834.8M|wc_analysis_view|  reg2reg| lp_riscv/i_riscv_core_id_stage_i_mult_dot_op_b_ex_ |
|        |         |        |         |         |            |        |                |         | o_reg[24]/D                                        |
|  -0.321|   -0.321| -79.837|  -79.837|   13.67%|   0:00:00.0|10834.8M|wc_analysis_view|  reg2reg| lp_riscv/i_riscv_core_id_stage_i_mult_dot_op_b_ex_ |
|        |         |        |         |         |            |        |                |         | o_reg[24]/D                                        |
|  -0.321|   -0.321| -79.761|  -79.761|   13.67%|   0:00:01.0|10834.8M|wc_analysis_view|  reg2reg| lp_riscv/i_riscv_core_id_stage_i_mult_dot_op_b_ex_ |
|        |         |        |         |         |            |        |                |         | o_reg[24]/D                                        |
|  -0.321|   -0.321| -77.936|  -77.936|   13.68%|   0:00:01.0|10834.8M|wc_analysis_view|  reg2reg| lp_riscv/i_riscv_core_id_stage_i_mult_dot_op_b_ex_ |
|        |         |        |         |         |            |        |                |         | o_reg[28]/D                                        |
|  -0.321|   -0.321| -76.844|  -76.844|   13.68%|   0:00:00.0|10834.8M|wc_analysis_view|  reg2reg| lp_riscv/i_riscv_core_id_stage_i_mult_dot_op_b_ex_ |
|        |         |        |         |         |            |        |                |         | o_reg[28]/D                                        |
|  -0.321|   -0.321| -76.612|  -76.612|   13.68%|   0:00:01.0|10834.8M|wc_analysis_view|  reg2reg| lp_riscv/i_riscv_core_id_stage_i_mult_dot_op_b_ex_ |
|        |         |        |         |         |            |        |                |         | o_reg[28]/D                                        |
|  -0.321|   -0.321| -73.428|  -73.428|   13.69%|   0:00:01.0|10834.8M|wc_analysis_view|  reg2reg| lp_riscv/i_riscv_core_id_stage_i_mult_dot_op_b_ex_ |
|        |         |        |         |         |            |        |                |         | o_reg[0]/D                                         |
|  -0.321|   -0.321| -73.264|  -73.264|   13.69%|   0:00:00.0|10834.8M|wc_analysis_view|  reg2reg| lp_riscv/i_riscv_core_id_stage_i_mult_dot_op_b_ex_ |
|        |         |        |         |         |            |        |                |         | o_reg[0]/D                                         |
|  -0.321|   -0.321| -72.729|  -72.729|   13.69%|   0:00:01.0|10834.8M|wc_analysis_view|  reg2reg| lp_riscv/i_riscv_core_id_stage_i_mult_dot_op_b_ex_ |
|        |         |        |         |         |            |        |                |         | o_reg[0]/D                                         |
|  -0.321|   -0.321| -72.671|  -72.671|   13.69%|   0:00:00.0|10834.8M|wc_analysis_view|  reg2reg| lp_riscv/i_riscv_core_id_stage_i_mult_dot_op_b_ex_ |
|        |         |        |         |         |            |        |                |         | o_reg[0]/D                                         |
|  -0.322|   -0.322| -72.412|  -72.412|   13.69%|   0:00:00.0|10834.8M|wc_analysis_view|  reg2reg| lp_riscv/i_riscv_core_id_stage_i_mult_dot_op_b_ex_ |
|        |         |        |         |         |            |        |                |         | o_reg[0]/D                                         |
|  -0.313|   -0.313| -72.234|  -72.234|   13.69%|   0:00:00.0|10834.8M|wc_analysis_view|  reg2reg| lp_riscv/i_riscv_core_id_stage_i_mult_dot_op_b_ex_ |
|        |         |        |         |         |            |        |                |         | o_reg[18]/D                                        |
|  -0.313|   -0.313| -71.848|  -71.848|   13.70%|   0:00:01.0|10834.8M|wc_analysis_view|  reg2reg| lp_riscv/i_riscv_core_id_stage_i_mult_dot_op_b_ex_ |
|        |         |        |         |         |            |        |                |         | o_reg[18]/D                                        |
|  -0.313|   -0.313| -68.903|  -68.903|   13.71%|   0:00:01.0|10834.8M|wc_analysis_view|  reg2reg| lp_riscv/i_riscv_core_id_stage_i_mult_operand_b_ex |
|        |         |        |         |         |            |        |                |         | _o_reg[0]/D                                        |
|  -0.313|   -0.313| -68.747|  -68.747|   13.71%|   0:00:00.0|10834.8M|wc_analysis_view|  reg2reg| lp_riscv/i_riscv_core_id_stage_i_mult_operand_b_ex |
|        |         |        |         |         |            |        |                |         | _o_reg[0]/D                                        |
|  -0.313|   -0.313| -68.008|  -68.008|   13.71%|   0:00:01.0|10834.8M|wc_analysis_view|  reg2reg| lp_riscv/i_riscv_core_id_stage_i_mult_operand_b_ex |
|        |         |        |         |         |            |        |                |         | _o_reg[0]/D                                        |
|  -0.313|   -0.313| -67.940|  -67.940|   13.71%|   0:00:00.0|10834.8M|wc_analysis_view|  reg2reg| lp_riscv/i_riscv_core_id_stage_i_mult_operand_b_ex |
|        |         |        |         |         |            |        |                |         | _o_reg[0]/D                                        |
|  -0.313|   -0.313| -67.451|  -67.451|   13.71%|   0:00:00.0|10834.8M|wc_analysis_view|  reg2reg| lp_riscv/i_riscv_core_id_stage_i_mult_operand_b_ex |
|        |         |        |         |         |            |        |                |         | _o_reg[0]/D                                        |
|  -0.313|   -0.313| -65.191|  -65.191|   13.71%|   0:00:02.0|10834.8M|wc_analysis_view|  reg2reg| lp_riscv/i_riscv_core_id_stage_i_mult_dot_op_b_ex_ |
|        |         |        |         |         |            |        |                |         | o_reg[22]/D                                        |
|  -0.313|   -0.313| -59.206|  -59.206|   13.71%|   0:00:01.0|10834.8M|wc_analysis_view|  reg2reg| lp_riscv/i_riscv_core_id_stage_i_mult_dot_op_b_ex_ |
|        |         |        |         |         |            |        |                |         | o_reg[22]/D                                        |
|  -0.313|   -0.313| -59.120|  -59.120|   13.71%|   0:00:00.0|10834.8M|wc_analysis_view|  reg2reg| lp_riscv/i_riscv_core_id_stage_i_mult_dot_op_b_ex_ |
|        |         |        |         |         |            |        |                |         | o_reg[22]/D                                        |
|  -0.313|   -0.313| -58.567|  -58.567|   13.71%|   0:00:00.0|10834.8M|wc_analysis_view|  reg2reg| lp_riscv/i_riscv_core_id_stage_i_mult_dot_op_b_ex_ |
|        |         |        |         |         |            |        |                |         | o_reg[22]/D                                        |
|  -0.313|   -0.313| -56.236|  -56.236|   13.71%|   0:00:02.0|10834.8M|wc_analysis_view|  reg2reg| lp_riscv/i_riscv_core_id_stage_i_hwloop_regs_i_hwl |
|        |         |        |         |         |            |        |                |         | p_counter_q_reg[1][19]/D                           |
|  -0.313|   -0.313| -53.781|  -53.781|   13.71%|   0:00:00.0|10834.8M|wc_analysis_view|  reg2reg| lp_riscv/i_riscv_core_id_stage_i_mult_operand_b_ex |
|        |         |        |         |         |            |        |                |         | _o_reg[17]/D                                       |
|  -0.313|   -0.313| -52.543|  -52.543|   13.71%|   0:00:01.0|10834.8M|wc_analysis_view|  reg2reg| lp_riscv/i_riscv_core_id_stage_i_mult_operand_b_ex |
|        |         |        |         |         |            |        |                |         | _o_reg[17]/D                                       |
|  -0.313|   -0.313| -52.415|  -52.415|   13.71%|   0:00:00.0|10834.8M|wc_analysis_view|  reg2reg| lp_riscv/i_riscv_core_id_stage_i_mult_operand_b_ex |
|        |         |        |         |         |            |        |                |         | _o_reg[17]/D                                       |
|  -0.313|   -0.313| -48.277|  -48.277|   13.71%|   0:00:01.0|10834.8M|wc_analysis_view|  reg2reg| lp_riscv/i_riscv_core_id_stage_i_mult_dot_op_a_ex_ |
|        |         |        |         |         |            |        |                |         | o_reg[28]/D                                        |
|  -0.313|   -0.313| -47.211|  -47.211|   13.71%|   0:00:01.0|10834.8M|wc_analysis_view|  reg2reg| lp_riscv/i_riscv_core_id_stage_i_mult_operand_b_ex |
|        |         |        |         |         |            |        |                |         | _o_reg[5]/D                                        |
|  -0.313|   -0.313| -45.720|  -45.720|   13.72%|   0:00:00.0|10834.8M|wc_analysis_view|  reg2reg| lp_riscv/i_riscv_core_id_stage_i_mult_operand_b_ex |
|        |         |        |         |         |            |        |                |         | _o_reg[5]/D                                        |
|  -0.313|   -0.313| -45.400|  -45.400|   13.72%|   0:00:01.0|10834.8M|wc_analysis_view|  reg2reg| lp_riscv/i_riscv_core_id_stage_i_alu_operand_b_ex_ |
|        |         |        |         |         |            |        |                |         | o_reg[2]/D                                         |
|  -0.313|   -0.313| -43.216|  -43.216|   13.72%|   0:00:01.0|10834.8M|wc_analysis_view|  reg2reg| lp_riscv/i_riscv_core_id_stage_i_hwloop_regs_i_hwl |
|        |         |        |         |         |            |        |                |         | p_counter_q_reg[1][22]/D                           |
|  -0.313|   -0.313| -43.166|  -43.166|   13.72%|   0:00:00.0|10834.8M|wc_analysis_view|  reg2reg| lp_riscv/i_riscv_core_id_stage_i_hwloop_regs_i_hwl |
|        |         |        |         |         |            |        |                |         | p_counter_q_reg[0][11]/D                           |
|  -0.313|   -0.313| -42.263|  -42.263|   13.72%|   0:00:00.0|10834.8M|wc_analysis_view|  reg2reg| lp_riscv/i_riscv_core_id_stage_i_mult_operand_a_ex |
|        |         |        |         |         |            |        |                |         | _o_reg[23]/D                                       |
|  -0.313|   -0.313| -42.145|  -42.145|   13.72%|   0:00:01.0|10834.8M|wc_analysis_view|  reg2reg| lp_riscv/i_riscv_core_id_stage_i_mult_operand_a_ex |
|        |         |        |         |         |            |        |                |         | _o_reg[23]/D                                       |
|  -0.313|   -0.313| -42.036|  -42.036|   13.72%|   0:00:00.0|10834.8M|wc_analysis_view|  reg2reg| lp_riscv/i_riscv_core_id_stage_i_mult_operand_a_ex |
|        |         |        |         |         |            |        |                |         | _o_reg[23]/D                                       |
|  -0.313|   -0.313| -40.479|  -40.479|   13.73%|   0:00:01.0|10834.8M|wc_analysis_view|  reg2reg| lp_riscv/i_riscv_core_id_stage_i_mult_dot_op_c_ex_ |
|        |         |        |         |         |            |        |                |         | o_reg[29]/D                                        |
|  -0.313|   -0.313| -39.790|  -39.790|   13.73%|   0:00:01.0|10834.8M|wc_analysis_view|  reg2reg| lp_riscv/i_riscv_core_id_stage_i_mult_dot_op_c_ex_ |
|        |         |        |         |         |            |        |                |         | o_reg[26]/D                                        |
|  -0.313|   -0.313| -39.645|  -39.645|   13.73%|   0:00:01.0|10834.8M|wc_analysis_view|  reg2reg| lp_riscv/i_riscv_core_id_stage_i_mult_dot_op_c_ex_ |
|        |         |        |         |         |            |        |                |         | o_reg[26]/D                                        |
|  -0.313|   -0.313| -38.980|  -38.980|   13.73%|   0:00:00.0|10834.8M|wc_analysis_view|  reg2reg| lp_riscv/i_riscv_core_id_stage_i_mult_dot_op_c_ex_ |
|        |         |        |         |         |            |        |                |         | o_reg[26]/D                                        |
|  -0.313|   -0.313| -37.808|  -37.808|   13.74%|   0:00:02.0|10834.8M|wc_analysis_view|  reg2reg| lp_riscv/i_riscv_core_id_stage_i_hwloop_regs_i_hwl |
|        |         |        |         |         |            |        |                |         | p_counter_q_reg[1][10]/D                           |
|  -0.313|   -0.313| -37.645|  -37.645|   13.74%|   0:00:00.0|10834.8M|wc_analysis_view|  reg2reg| lp_riscv/i_riscv_core_id_stage_i_mult_operand_c_ex |
|        |         |        |         |         |            |        |                |         | _o_reg[8]/D                                        |
|  -0.313|   -0.313| -37.222|  -37.222|   13.75%|   0:00:01.0|10834.8M|wc_analysis_view|  reg2reg| lp_riscv/i_riscv_core_id_stage_i_mult_operand_c_ex |
|        |         |        |         |         |            |        |                |         | _o_reg[8]/D                                        |
|  -0.313|   -0.313| -36.941|  -36.941|   13.75%|   0:00:00.0|10834.8M|wc_analysis_view|  reg2reg| lp_riscv/i_riscv_core_id_stage_i_mult_operand_c_ex |
|        |         |        |         |         |            |        |                |         | _o_reg[8]/D                                        |
|  -0.313|   -0.313| -36.604|  -36.604|   13.75%|   0:00:02.0|10834.8M|wc_analysis_view|  reg2reg| lp_riscv/i_riscv_core_id_stage_i_hwloop_regs_i_hwl |
|        |         |        |         |         |            |        |                |         | p_counter_q_reg[1][10]/D                           |
|  -0.313|   -0.313| -36.567|  -36.567|   13.75%|   0:00:00.0|10834.8M|wc_analysis_view|  reg2reg| lp_riscv/i_riscv_core_id_stage_i_hwloop_regs_i_hwl |
|        |         |        |         |         |            |        |                |         | p_counter_q_reg[1][10]/D                           |
|  -0.313|   -0.313| -36.446|  -36.446|   13.75%|   0:00:00.0|10834.8M|wc_analysis_view|  reg2reg| lp_riscv/i_riscv_core_id_stage_i_hwloop_regs_i_hwl |
|        |         |        |         |         |            |        |                |         | p_counter_q_reg[1][10]/D                           |
|  -0.313|   -0.313| -36.346|  -36.346|   13.75%|   0:00:00.0|10834.8M|wc_analysis_view|  reg2reg| lp_riscv/i_riscv_core_id_stage_i_hwloop_regs_i_hwl |
|        |         |        |         |         |            |        |                |         | p_counter_q_reg[1][10]/D                           |
|  -0.313|   -0.313| -36.052|  -36.052|   13.75%|   0:00:01.0|10834.8M|wc_analysis_view|  reg2reg| lp_riscv/i_riscv_core_id_stage_i_mult_dot_op_c_ex_ |
|        |         |        |         |         |            |        |                |         | o_reg[27]/D                                        |
|  -0.313|   -0.313| -36.044|  -36.044|   13.75%|   0:00:00.0|10834.8M|wc_analysis_view|  reg2reg| lp_riscv/i_riscv_core_id_stage_i_mult_dot_op_c_ex_ |
|        |         |        |         |         |            |        |                |         | o_reg[27]/D                                        |
|  -0.313|   -0.313| -36.027|  -36.027|   13.75%|   0:00:00.0|10834.8M|wc_analysis_view|  reg2reg| lp_riscv/i_riscv_core_id_stage_i_mult_dot_op_c_ex_ |
|        |         |        |         |         |            |        |                |         | o_reg[27]/D                                        |
|  -0.313|   -0.313| -36.009|  -36.009|   13.75%|   0:00:00.0|10834.8M|wc_analysis_view|  reg2reg| lp_riscv/i_riscv_core_id_stage_i_mult_dot_op_c_ex_ |
|        |         |        |         |         |            |        |                |         | o_reg[27]/D                                        |
|  -0.313|   -0.313| -36.008|  -36.008|   13.75%|   0:00:00.0|10834.8M|wc_analysis_view|  reg2reg| lp_riscv/i_riscv_core_id_stage_i_mult_dot_op_c_ex_ |
|        |         |        |         |         |            |        |                |         | o_reg[27]/D                                        |
|  -0.313|   -0.313| -35.991|  -35.991|   13.76%|   0:00:01.0|10834.8M|wc_analysis_view|  reg2reg| lp_riscv/i_riscv_core_id_stage_i_alu_operand_c_ex_ |
|        |         |        |         |         |            |        |                |         | o_reg[12]/D                                        |
|  -0.313|   -0.313| -35.991|  -35.991|   13.76%|   0:00:00.0|10834.8M|wc_analysis_view|  reg2reg| lp_riscv/i_riscv_core_id_stage_i_mult_dot_op_b_ex_ |
|        |         |        |         |         |            |        |                |         | o_reg[24]/D                                        |
+--------+---------+--------+---------+---------+------------+--------+----------------+---------+----------------------------------------------------+

*** Finish Core Optimize Step (cpu=0:01:16 real=0:01:17 mem=10834.8M) ***

*** Finished Optimize Step Cumulative (cpu=0:01:20 real=0:01:21 mem=10834.8M) ***
OptDebug: End of Optimizer TNS Pass:
+-----------------------------+------+-------+
|Path Group                   |   WNS|    TNS|
+-----------------------------+------+-------+
|in2out in2reg reg2out default| 0.637|  0.000|
|reg2cgate                    | 0.184|  0.000|
|reg2reg                      |-0.313|-35.991|
|HEPG                         |-0.313|-35.991|
|All Paths                    |-0.313|-35.991|
+-----------------------------+------+-------+

** GigaOpt Optimizer WNS Slack -0.313 TNS Slack -35.991 Density 13.76
OptDebug: End of Setup Fixing:
+-----------------------------+------+-------+
|Path Group                   |   WNS|    TNS|
+-----------------------------+------+-------+
|in2out in2reg reg2out default| 0.637|  0.000|
|reg2cgate                    | 0.184|  0.000|
|reg2reg                      |-0.313|-35.991|
|HEPG                         |-0.313|-35.991|
|All Paths                    |-0.313|-35.991|
+-----------------------------+------+-------+

Bottom Preferred Layer:
    None
Via Pillar Rule:
    None

*** Finish pre-CTS Setup Fixing (cpu=0:01:21 real=0:01:22 mem=10834.8M) ***

*** TnsOpt #1 [finish] (place_opt_design #1) : cpu/real = 0:01:24.1/0:01:24.5 (1.0), totSession cpu/real = 0:10:40.2/0:12:13.4 (0.9), mem = 10654.7M
End: GigaOpt Optimization in TNS mode
*** IncrReplace #2 [begin] (place_opt_design #1) : totSession cpu/real = 0:10:40.8/0:12:14.0 (0.9), mem = 10654.7M

*** Start incrementalPlace ***
No Views given, use default active views for adaptive view pruning
SKP will enable view:
  wc_analysis_view
[NR-eGR] Track table information for default rule: 
[NR-eGR] M1 has single uniform track structure
[NR-eGR] M2 has single uniform track structure
[NR-eGR] M3 has single uniform track structure
[NR-eGR] M4 has single uniform track structure
[NR-eGR] M5 has single uniform track structure
[NR-eGR] M6 has single uniform track structure
[NR-eGR] M7 has single uniform track structure
[NR-eGR] M8 has single uniform track structure
[NR-eGR] M9 has single uniform track structure
[NR-eGR] AP has single uniform track structure
[NR-eGR] Read 14981 PG shapes
[NR-eGR] Read 0 clock shapes
[NR-eGR] Read 0 other shapes
[NR-eGR] #Routing Blockages  : 44
[NR-eGR] #Instance Blockages : 39256
[NR-eGR] #PG Blockages       : 14981
[NR-eGR] #Halo Blockages     : 0
[NR-eGR] #Boundary Blockages : 0
[NR-eGR] #Clock Blockages    : 0
[NR-eGR] #Other Blockages    : 0
[NR-eGR] Num Prerouted Nets = 0  Num Prerouted Wires = 0
[NR-eGR] Read 27157 nets ( ignored 0 )
[NR-eGR] There are 59 clock nets ( 0 with NDR ).
[NR-eGR] ============ Routing rule table ============
[NR-eGR] Rule id: 0  Nets: 27121
[NR-eGR] ========================================
[NR-eGR] 
[NR-eGR] Layer group 1: route 27121 net(s) in layer range [2, 10]
[NR-eGR] Early Global Route overflow of layer group 1: 0.00% H + 0.00% V. EstWL: 6.754752e+05um
[NR-eGR] Congestion Analysis By layer: (blocked Gcells are excluded) 
[NR-eGR]                        OverCon           OverCon           OverCon           OverCon            
[NR-eGR]                         #Gcell            #Gcell            #Gcell            #Gcell     %Gcell
[NR-eGR]        Layer             (1-4)             (5-8)            (9-12)           (13-15)    OverCon
[NR-eGR] -------------------------------------------------------------------------------------------------
[NR-eGR]      M1 ( 1)         0( 0.00%)         0( 0.00%)         0( 0.00%)         0( 0.00%)   ( 0.00%) 
[NR-eGR]      M2 ( 2)        65( 0.01%)         0( 0.00%)         0( 0.00%)         0( 0.00%)   ( 0.01%) 
[NR-eGR]      M3 ( 3)         0( 0.00%)         0( 0.00%)         0( 0.00%)         0( 0.00%)   ( 0.00%) 
[NR-eGR]      M4 ( 4)         0( 0.00%)         0( 0.00%)         0( 0.00%)         0( 0.00%)   ( 0.00%) 
[NR-eGR]      M5 ( 5)         0( 0.00%)         0( 0.00%)         0( 0.00%)         0( 0.00%)   ( 0.00%) 
[NR-eGR]      M6 ( 6)         0( 0.00%)         0( 0.00%)         0( 0.00%)         0( 0.00%)   ( 0.00%) 
[NR-eGR]      M7 ( 7)         0( 0.00%)         0( 0.00%)         0( 0.00%)         0( 0.00%)   ( 0.00%) 
[NR-eGR]      M8 ( 8)         6( 0.00%)         0( 0.00%)         0( 0.00%)         0( 0.00%)   ( 0.00%) 
[NR-eGR]      M9 ( 9)         0( 0.00%)         5( 0.00%)         0( 0.00%)         5( 0.00%)   ( 0.00%) 
[NR-eGR]      AP (10)        10( 0.00%)         0( 0.00%)         0( 0.00%)         0( 0.00%)   ( 0.00%) 
[NR-eGR] -------------------------------------------------------------------------------------------------
[NR-eGR]        Total        81( 0.00%)         5( 0.00%)         0( 0.00%)         5( 0.00%)   ( 0.00%) 
[NR-eGR] 
[NR-eGR] Overflow after Early Global Route 0.00% H + 0.00% V
Early Global Route congestion estimation runtime: 2.42 seconds, mem = 10854.3M
Local HotSpot Analysis: normalized max congestion hotspot area = 0.00, normalized total congestion hotspot area = 0.00 (area is in unit of 4 std-cell row bins)

=== incrementalPlace Internal Loop 1 ===
*** Finished SKP initialization (cpu=0:00:03.3, real=0:00:03.0)***
Iteration  8: Total net bbox = 5.934e+05 (2.84e+05 3.09e+05)
              Est.  stn bbox = 6.936e+05 (3.37e+05 3.56e+05)
              cpu = 0:00:05.2 real = 0:00:05.0 mem = 10762.0M
Iteration  9: Total net bbox = 6.004e+05 (2.88e+05 3.12e+05)
              Est.  stn bbox = 7.025e+05 (3.43e+05 3.59e+05)
              cpu = 0:00:05.7 real = 0:00:06.0 mem = 10761.8M
Iteration 10: Total net bbox = 5.972e+05 (2.87e+05 3.11e+05)
              Est.  stn bbox = 6.992e+05 (3.41e+05 3.58e+05)
              cpu = 0:00:43.5 real = 0:00:44.0 mem = 10760.8M
Iteration 11: Total net bbox = 6.032e+05 (2.90e+05 3.13e+05)
              Est.  stn bbox = 7.045e+05 (3.45e+05 3.60e+05)
              cpu = 0:01:32 real = 0:01:33 mem = 10869.3M
Iteration 12: Total net bbox = 6.133e+05 (2.96e+05 3.17e+05)
              Est.  stn bbox = 7.145e+05 (3.51e+05 3.64e+05)
              cpu = 0:00:03.5 real = 0:00:04.0 mem = 10760.3M
Move report: Timing Driven Placement moves 26604 insts, mean move: 9.13 um, max move: 333.74 um 
	Max move on inst (lp_riscv/placement_opt_inst_FE_OFC1100_ext_perf_counters_to_core_9): (1185.40, 881.40) --> (990.25, 1019.99)

Finished Incremental Placement (cpu=0:02:38, real=0:02:39, mem=10760.3M)
*** Starting place_detail (0:13:21 mem=10760.3M) ***
Total net bbox length = 6.196e+05 (3.002e+05 3.194e+05) (ext = 3.150e+04)
Move report: Detail placement moves 26604 insts, mean move: 0.93 um, max move: 22.88 um 
	Max move on inst (lp_riscv/placement_opt_inst_FE_OFC6593_i_riscv_core_mult_dot_op_b_ex_3): (383.49, 1054.40) --> (364.00, 1057.80)
	Runtime: CPU: 0:00:02.9 REAL: 0:00:03.0 MEM: 10760.3MB
Summary Report:
Instances move: 26604 (out of 26604 movable)
Instances flipped: 0
Mean displacement: 0.93 um
Max displacement: 22.88 um (Instance: lp_riscv/placement_opt_inst_FE_OFC6593_i_riscv_core_mult_dot_op_b_ex_3) (383.489, 1054.4) -> (364, 1057.8)
	Length: 11 sites, height: 1 rows, site name: sc9_cln65lp, cell type: BUF_X5M_A9TL
Total net bbox length = 6.150e+05 (2.922e+05 3.228e+05) (ext = 3.147e+04)
Runtime: CPU: 0:00:02.9 REAL: 0:00:03.0 MEM: 10760.3MB
*** Finished place_detail (0:13:24 mem=10760.3M) ***
[NR-eGR] Track table information for default rule: 
[NR-eGR] M1 has single uniform track structure
[NR-eGR] M2 has single uniform track structure
[NR-eGR] M3 has single uniform track structure
[NR-eGR] M4 has single uniform track structure
[NR-eGR] M5 has single uniform track structure
[NR-eGR] M6 has single uniform track structure
[NR-eGR] M7 has single uniform track structure
[NR-eGR] M8 has single uniform track structure
[NR-eGR] M9 has single uniform track structure
[NR-eGR] AP has single uniform track structure
[NR-eGR] Read 14981 PG shapes
[NR-eGR] Read 0 clock shapes
[NR-eGR] Read 0 other shapes
[NR-eGR] #Routing Blockages  : 44
[NR-eGR] #Instance Blockages : 39256
[NR-eGR] #PG Blockages       : 14981
[NR-eGR] #Halo Blockages     : 0
[NR-eGR] #Boundary Blockages : 0
[NR-eGR] #Clock Blockages    : 0
[NR-eGR] #Other Blockages    : 0
[NR-eGR] Num Prerouted Nets = 0  Num Prerouted Wires = 0
[NR-eGR] Read 27157 nets ( ignored 0 )
[NR-eGR] There are 59 clock nets ( 0 with NDR ).
[NR-eGR] ============ Routing rule table ============
[NR-eGR] Rule id: 0  Nets: 27122
[NR-eGR] ========================================
[NR-eGR] 
[NR-eGR] Layer group 1: route 27122 net(s) in layer range [2, 10]
[NR-eGR] Early Global Route overflow of layer group 1: 0.00% H + 0.00% V. EstWL: 6.697098e+05um
[NR-eGR] Congestion Analysis By layer: (blocked Gcells are excluded) 
[NR-eGR]                        OverCon           OverCon           OverCon           OverCon            
[NR-eGR]                         #Gcell            #Gcell            #Gcell            #Gcell     %Gcell
[NR-eGR]        Layer             (1-4)             (5-8)            (9-12)           (13-15)    OverCon
[NR-eGR] -------------------------------------------------------------------------------------------------
[NR-eGR]      M1 ( 1)         0( 0.00%)         0( 0.00%)         0( 0.00%)         0( 0.00%)   ( 0.00%) 
[NR-eGR]      M2 ( 2)        38( 0.00%)         0( 0.00%)         0( 0.00%)         0( 0.00%)   ( 0.00%) 
[NR-eGR]      M3 ( 3)         2( 0.00%)         0( 0.00%)         0( 0.00%)         0( 0.00%)   ( 0.00%) 
[NR-eGR]      M4 ( 4)         0( 0.00%)         0( 0.00%)         0( 0.00%)         0( 0.00%)   ( 0.00%) 
[NR-eGR]      M5 ( 5)         0( 0.00%)         0( 0.00%)         0( 0.00%)         0( 0.00%)   ( 0.00%) 
[NR-eGR]      M6 ( 6)         0( 0.00%)         0( 0.00%)         0( 0.00%)         0( 0.00%)   ( 0.00%) 
[NR-eGR]      M7 ( 7)         0( 0.00%)         0( 0.00%)         0( 0.00%)         0( 0.00%)   ( 0.00%) 
[NR-eGR]      M8 ( 8)         7( 0.00%)         0( 0.00%)         0( 0.00%)         0( 0.00%)   ( 0.00%) 
[NR-eGR]      M9 ( 9)         0( 0.00%)         3( 0.00%)         0( 0.00%)         3( 0.00%)   ( 0.00%) 
[NR-eGR]      AP (10)         6( 0.00%)         0( 0.00%)         0( 0.00%)         0( 0.00%)   ( 0.00%) 
[NR-eGR] -------------------------------------------------------------------------------------------------
[NR-eGR]        Total        53( 0.00%)         3( 0.00%)         0( 0.00%)         3( 0.00%)   ( 0.00%) 
[NR-eGR] 
[NR-eGR] Overflow after Early Global Route 0.00% H + 0.00% V
Early Global Route congestion estimation runtime: 2.42 seconds, mem = 10941.3M
Local HotSpot Analysis: normalized max congestion hotspot area = 0.00, normalized total congestion hotspot area = 0.00 (area is in unit of 4 std-cell row bins)
[NR-eGR]             Length (um)    Vias 
[NR-eGR] --------------------------------
[NR-eGR]  M1  (1H)             0   94767 
[NR-eGR]  M2  (2V)        170566  133635 
[NR-eGR]  M3  (3H)        216953   14334 
[NR-eGR]  M4  (4V)        113169    5249 
[NR-eGR]  M5  (5H)         86285    1026 
[NR-eGR]  M6  (6V)         75448     139 
[NR-eGR]  M7  (7H)         11915      41 
[NR-eGR]  M8  (8V)          5365      39 
[NR-eGR]  M9  (9H)          8523      22 
[NR-eGR]  AP  (10V)           24       0 
[NR-eGR] --------------------------------
[NR-eGR]      Total       688248  249252 
[NR-eGR] --------------------------------------------------------------------------
[NR-eGR] Total half perimeter of net bounding box: 614974um
[NR-eGR] Total length: 688248um, number of vias: 249252
[NR-eGR] --------------------------------------------------------------------------
[NR-eGR] Total eGR-routed clock nets wire length: 18891um, number of vias: 6779
[NR-eGR] --------------------------------------------------------------------------
Early Global Route wiring runtime: 0.94 seconds, mem = 10777.4M
0 delay mode for cte disabled.

*** Finished incrementalPlace (cpu=0:02:46, real=0:02:48)***
Start to check current routing status for nets...
All nets are already routed correctly.
End to check current routing status for nets (mem=10628.4M)
Extraction called for design 'lp_riscv_top' of instances=47213 and nets=28329 using extraction engine 'pre_route' .
pre_route RC Extraction called for design lp_riscv_top.
RC Extraction called in multi-corner(2) mode.
RCMode: PreRoute
      RC Corner Indexes            0       1   
Capacitance Scaling Factor   : 1.00000 1.00000 
Resistance Scaling Factor    : 1.00000 1.00000 
Clock Cap. Scaling Factor    : 1.00000 1.00000 
Clock Res. Scaling Factor    : 1.00000 1.00000 
Shrink Factor                : 1.00000
PreRoute extraction is honoring NDR/Shielding/ExtraSpace for clock nets.
Using Quantus QRC technology file ...
Updating RC grid for preRoute extraction ...
Initializing multi-corner resistance tables ...
PreRoute RC Extraction DONE (CPU Time: 0:00:00.4  Real Time: 0:00:00.0  MEM: 10628.367M)
Compute RC Scale Done ...
**opt_design ... cpu = 0:10:19, real = 0:10:24, mem = 2739.1M, totSessionCpu=0:13:28 **
AAE_INFO: opIsDesignInPostRouteState() is 0
#################################################################################
# Design Stage: PreRoute
# Design Name: lp_riscv_top
# Design Mode: 65nm
# Analysis Mode: MMMC OCV 
# Parasitics Mode: No SPEF/RCDB 
# Signoff Settings: SI Off (EWM)
#################################################################################
Start delay calculation (fullDC) (1 T). (MEM=10633)
Total number of fetched objects 27416
AAE_INFO: Total number of nets for which stage creation was skipped for all views 0
End delay calculation. (MEM=10700.4 CPU=0:00:05.0 REAL=0:00:05.0)
End delay calculation (fullDC). (MEM=10700.4 CPU=0:00:05.7 REAL=0:00:06.0)
*** IncrReplace #2 [finish] (place_opt_design #1) : cpu/real = 0:02:54.7/0:02:56.9 (1.0), totSession cpu/real = 0:13:35.5/0:15:10.9 (0.9), mem = 10708.4M
*** cell filtering : changing from  lvt to svt_lvt
<optDesign CMD> fixdrv  Use same sized svt + lvt Cells
Begin: GigaOpt DRV Optimization
GigaOpt Checkpoint: Internal optDRV -max_tran -max_cap -maxLocalDensity 1.2 -numThreads 1 -smallScaleFixing -maxIter 3 -setupTNSCostFactor 3.0 -max_fanout -preCTS
*** DrvOpt #4 [begin] (place_opt_design #1) : totSession cpu/real = 0:13:36.4/0:15:11.8 (0.9), mem = 10708.4M
Info: 0 don't touch net , 128 undriven nets excluded from IPO operation.
Info: 35 top-level, potential tri-state nets excluded from IPO operation.
Info: 35 io nets excluded
Info: 60 clock nets excluded from IPO operation.
+-------------------------------------------------------------------------------------------------------------------------------------------------------+
|        max-tran       |        max-cap        |  max-fanout |  max-length |       setup       |        |        |        |       |          |         |
+-------------------------------------------------------------------------------------------------------------------------------------------------------+
| nets | terms|  wViol  | nets | terms|  wViol  | nets | terms| nets | terms|   WNS   |   TNS   |  #Buf  |  #Inv  | #Resize|Density|   Real   |   Mem   |
+-------------------------------------------------------------------------------------------------------------------------------------------------------+
|   680|  2857|    -0.38|     0|     0|     0.00|     1|     1|     0|     0|    -0.50|  -103.25|       0|       0|       0| 13.76%|          |         |
|    46|   127|    -0.38|     0|     0|     0.00|     0|     0|     0|     0|    -0.45|   -80.27|     374|      18|     377| 13.92%| 0:00:07.0| 10775.9M|
|    34|    68|    -0.38|     0|     0|     0.00|     0|     0|     0|     0|    -0.45|   -77.66|       7|       0|      10| 13.92%| 0:00:01.0| 10775.9M|
|    34|    68|    -0.38|     0|     0|     0.00|     0|     0|     0|     0|    -0.45|   -77.66|       0|       0|       0| 13.92%| 0:00:00.0| 10775.9M|
+-------------------------------------------------------------------------------------------------------------------------------------------------------+
Bottom Preferred Layer:
    None
Via Pillar Rule:
    None


=======================================================================
                Reasons for remaining drv violations
=======================================================================
*info: Total 34 net(s) have violations which can't be fixed by DRV optimization.

MultiBuffering failure reasons
------------------------------------------------
*info:    33 net(s): Could not be fixed because it is multi driver net.
*info:     1 net(s): Could not be fixed as the net is considered as IPO ignored by the process.


*** Finish DRV Fixing (cpu=0:00:08.5 real=0:00:09.0 mem=10775.9M) ***

*** Starting place_detail (0:13:48 mem=10776.0M) ***
Total net bbox length = 6.160e+05 (2.926e+05 3.234e+05) (ext = 3.034e+04)
Move report: Detail placement moves 1783 insts, mean move: 0.94 um, max move: 11.80 um 
	Max move on inst (lp_riscv/placement_opt_inst_FE_OFC7696_csa_tree_i_riscv_core_ex_stage_i_mult_i_add_254_96_n_1215): (473.40, 1047.00) --> (468.80, 1039.80)
	Runtime: CPU: 0:00:00.9 REAL: 0:00:01.0 MEM: 10782.2MB
Summary Report:
Instances move: 1783 (out of 27003 movable)
Instances flipped: 0
Mean displacement: 0.94 um
Max displacement: 11.80 um (Instance: lp_riscv/placement_opt_inst_FE_OFC7696_csa_tree_i_riscv_core_ex_stage_i_mult_i_add_254_96_n_1215) (473.4, 1047) -> (468.8, 1039.8)
	Length: 4 sites, height: 1 rows, site name: sc9_cln65lp, cell type: BUF_X1M_A9TL
Total net bbox length = 6.174e+05 (2.934e+05 3.239e+05) (ext = 3.034e+04)
Runtime: CPU: 0:00:00.9 REAL: 0:00:01.0 MEM: 10782.2MB
*** Finished place_detail (0:13:49 mem=10782.2M) ***
Finished re-routing un-routed nets (0:00:00.0 10774.2M)


Density : 0.1392
Max route overflow : 0.0000


*** Finish Physical Update (cpu=0:00:01.8 real=0:00:02.0 mem=10774.2M) ***
*** DrvOpt #4 [finish] (place_opt_design #1) : cpu/real = 0:00:13.4/0:00:13.4 (1.0), totSession cpu/real = 0:13:49.7/0:15:25.2 (0.9), mem = 10689.1M
End: GigaOpt DRV Optimization
GigaOpt DRV: restore maxLocalDensity to 0.98
** Profile ** Start :  cpu=0:00:00.0, mem=10689.1M
** Profile ** Other data :  cpu=0:00:00.2, mem=10689.1M
** Profile ** Overall slacks :  cpu=0:00:00.1, mem=10699.1M
** Profile ** DRVs :  cpu=0:00:00.3, mem=10735.3M

------------------------------------------------------------------
     Summary (cpu=0.22min real=0.23min mem=10689.1M)
------------------------------------------------------------------

Setup views included:
 wc_analysis_view 

+--------------------+---------+---------+---------+---------+---------+---------+---------+
|     Setup mode     |   all   | reg2reg |reg2cgate| in2reg  | reg2out | in2out  | default |
+--------------------+---------+---------+---------+---------+---------+---------+---------+
|           WNS (ns):| -0.450  | -0.450  |  0.131  |  0.623  |  1.590  |   N/A   |  0.000  |
|           TNS (ns):| -77.664 | -77.664 |  0.000  |  0.000  |  0.000  |   N/A   |  0.000  |
|    Violating Paths:|   631   |   631   |    0    |    0    |    0    |   N/A   |    0    |
|          All Paths:|  4434   |  2148   |   52    |  2454   |    1    |   N/A   |    0    |
+--------------------+---------+---------+---------+---------+---------+---------+---------+

+----------------+-------------------------------+------------------+
|                |              Real             |       Total      |
|    DRVs        +------------------+------------+------------------|
|                |  Nr nets(terms)  | Worst Vio  |  Nr nets(terms)  |
+----------------+------------------+------------+------------------+
|   max_cap      |      0 (0)       |   0.000    |     50 (50)      |
|   max_tran     |      0 (0)       |   0.000    |     34 (68)      |
|   max_fanout   |      0 (0)       |     0      |     54 (54)      |
|   max_length   |      0 (0)       |     0      |      0 (0)       |
+----------------+------------------+------------+------------------+

Density: 13.920%
Routing Overflow: 0.00% H and 0.00% V
------------------------------------------------------------------
** Profile ** Report data :  cpu=0:00:00.2, mem=10735.3M
**opt_design ... cpu = 0:10:41, real = 0:10:47, mem = 2797.3M, totSessionCpu=0:13:51 **
*** Timing NOT met, worst failing slack is -0.450
*** Check timing (0:00:00.0)
*** cell filtering : changing from  svt_lvt to lvt
<optDesign CMD> optcritpath  Use Same Size lvt Cells
Begin: GigaOpt Optimization in WNS mode
GigaOpt Checkpoint: Internal optTiming -maxLocalDensity 1.0 -maxLocalDensityForHardenOpt 0.92 -numThreads 1 -preCTS -wtns -integratedAreaOpt -pgMode all -ipoTgtSlackCoef 1.5 -effTgtSlackCoef 1 -nativePathGroupFlow -NDROptEffortAuto -usefulSkew -nonLegalPlaceEcoBumpRecoveryInWNSOpt
Info: 0 don't touch net , 128 undriven nets excluded from IPO operation.
Info: 35 top-level, potential tri-state nets excluded from IPO operation.
Info: 35 io nets excluded
Info: 60 clock nets excluded from IPO operation.
*** WnsOpt #1 [begin] (place_opt_design #1) : totSession cpu/real = 0:13:50.8/0:15:26.3 (0.9), mem = 10689.3M
*info: 35 io nets excluded
Info: 35 top-level, potential tri-state nets excluded from IPO operation.
*info: 60 clock nets excluded
*info: 1 external net with a tri-state driver excluded.
*info: 34 multi-driver nets excluded.
*info: 568 no-driver nets excluded.
** GigaOpt Optimizer WNS Slack -0.450 TNS Slack -77.663 Density 13.92
Optimizer WNS Pass 0
OptDebug: Start of Optimizer WNS Pass 0:
+-----------------------------+------+-------+
|Path Group                   |   WNS|    TNS|
+-----------------------------+------+-------+
|in2out in2reg reg2out default| 0.623|  0.000|
|reg2cgate                    | 0.131|  0.000|
|reg2reg                      |-0.450|-77.663|
|HEPG                         |-0.450|-77.663|
|All Paths                    |-0.450|-77.663|
+-----------------------------+------+-------+

Active Path Group: reg2cgate reg2reg  
+--------+---------+--------+---------+---------+------------+--------+----------------+---------+----------------------------------------------------+
|  WNS   | All WNS |  TNS   | All TNS | Density |    Real    |  Mem   |   Worst View   |Pathgroup|                     End Point                      |
+--------+---------+--------+---------+---------+------------+--------+----------------+---------+----------------------------------------------------+
|  -0.450|   -0.450| -77.663|  -77.663|   13.92%|   0:00:00.0|10748.5M|wc_analysis_view|  reg2reg| lp_riscv/i_riscv_core_id_stage_i_mult_dot_op_b_ex_ |
|        |         |        |         |         |            |        |                |         | o_reg[12]/D                                        |
|  -0.444|   -0.444| -75.830|  -75.830|   13.92%|   0:00:00.0|10775.2M|wc_analysis_view|  reg2reg| lp_riscv/i_riscv_core_id_stage_i_mult_dot_op_b_ex_ |
|        |         |        |         |         |            |        |                |         | o_reg[12]/D                                        |
|  -0.430|   -0.430| -67.298|  -67.298|   13.92%|   0:00:01.0|10775.2M|wc_analysis_view|  reg2reg| lp_riscv/i_riscv_core_id_stage_i_mult_dot_op_b_ex_ |
|        |         |        |         |         |            |        |                |         | o_reg[12]/D                                        |
|  -0.412|   -0.412| -62.517|  -62.517|   13.92%|   0:00:00.0|10775.2M|wc_analysis_view|  reg2reg| lp_riscv/i_riscv_core_id_stage_i_mult_dot_op_b_ex_ |
|        |         |        |         |         |            |        |                |         | o_reg[12]/D                                        |
|  -0.389|   -0.389| -52.311|  -52.311|   13.93%|   0:00:00.0|10775.2M|wc_analysis_view|  reg2reg| lp_riscv/i_riscv_core_id_stage_i_mult_dot_op_b_ex_ |
|        |         |        |         |         |            |        |                |         | o_reg[12]/D                                        |
|  -0.344|   -0.344| -50.002|  -50.002|   13.93%|   0:00:00.0|10775.2M|wc_analysis_view|  reg2reg| lp_riscv/i_riscv_core_id_stage_i_mult_dot_op_b_ex_ |
|        |         |        |         |         |            |        |                |         | o_reg[26]/D                                        |
|  -0.324|   -0.324| -44.550|  -44.550|   13.93%|   0:00:01.0|10775.2M|wc_analysis_view|  reg2reg| lp_riscv/i_riscv_core_id_stage_i_mult_dot_op_b_ex_ |
|        |         |        |         |         |            |        |                |         | o_reg[29]/D                                        |
|  -0.319|   -0.319| -42.344|  -42.344|   13.93%|   0:00:00.0|10775.2M|wc_analysis_view|  reg2reg| lp_riscv/i_riscv_core_id_stage_i_mult_dot_op_b_ex_ |
|        |         |        |         |         |            |        |                |         | o_reg[26]/D                                        |
|  -0.303|   -0.303| -43.582|  -43.582|   13.94%|   0:00:01.0|10775.2M|wc_analysis_view|  reg2reg| lp_riscv/i_riscv_core_id_stage_i_mult_dot_op_b_ex_ |
|        |         |        |         |         |            |        |                |         | o_reg[29]/D                                        |
|  -0.288|   -0.288| -39.369|  -39.369|   13.94%|   0:00:00.0|10775.2M|wc_analysis_view|  reg2reg| lp_riscv/i_riscv_core_id_stage_i_mult_dot_op_b_ex_ |
|        |         |        |         |         |            |        |                |         | o_reg[21]/D                                        |
|  -0.275|   -0.275| -35.723|  -35.723|   13.95%|   0:00:00.0|10775.2M|wc_analysis_view|  reg2reg| lp_riscv/i_riscv_core_id_stage_i_mult_dot_op_b_ex_ |
|        |         |        |         |         |            |        |                |         | o_reg[29]/D                                        |
|  -0.258|   -0.258| -32.210|  -32.210|   13.95%|   0:00:01.0|10775.2M|wc_analysis_view|  reg2reg| lp_riscv/i_riscv_core_id_stage_i_mult_dot_op_b_ex_ |
|        |         |        |         |         |            |        |                |         | o_reg[21]/D                                        |
|  -0.260|   -0.260| -31.224|  -31.224|   13.96%|   0:00:01.0|10775.2M|wc_analysis_view|  reg2reg| lp_riscv/i_riscv_core_id_stage_i_mult_dot_op_b_ex_ |
|        |         |        |         |         |            |        |                |         | o_reg[25]/D                                        |
|  -0.257|   -0.257| -31.132|  -31.132|   13.96%|   0:00:00.0|10775.2M|wc_analysis_view|  reg2reg| lp_riscv/i_riscv_core_id_stage_i_mult_dot_op_b_ex_ |
|        |         |        |         |         |            |        |                |         | o_reg[25]/D                                        |
|  -0.243|   -0.243| -28.024|  -28.024|   13.96%|   0:00:00.0|10775.2M|wc_analysis_view|  reg2reg| lp_riscv/i_riscv_core_id_stage_i_mult_dot_op_b_ex_ |
|        |         |        |         |         |            |        |                |         | o_reg[25]/D                                        |
|  -0.238|   -0.238| -28.272|  -28.272|   13.97%|   0:00:01.0|10775.2M|wc_analysis_view|  reg2reg| lp_riscv/i_riscv_core_id_stage_i_mult_dot_op_b_ex_ |
|        |         |        |         |         |            |        |                |         | o_reg[31]/D                                        |
|  -0.234|   -0.234| -28.350|  -28.350|   13.97%|   0:00:00.0|10775.2M|wc_analysis_view|  reg2reg| lp_riscv/i_riscv_core_id_stage_i_mult_operand_b_ex |
|        |         |        |         |         |            |        |                |         | _o_reg[24]/D                                       |
|  -0.217|   -0.217| -25.316|  -25.316|   13.97%|   0:00:00.0|10775.2M|wc_analysis_view|  reg2reg| lp_riscv/i_riscv_core_id_stage_i_mult_dot_op_b_ex_ |
|        |         |        |         |         |            |        |                |         | o_reg[12]/D                                        |
|  -0.205|   -0.205| -20.910|  -20.910|   13.98%|   0:00:01.0|10775.2M|wc_analysis_view|  reg2reg| lp_riscv/i_riscv_core_id_stage_i_mult_dot_op_b_ex_ |
|        |         |        |         |         |            |        |                |         | o_reg[12]/D                                        |
|  -0.191|   -0.191| -19.299|  -19.299|   13.98%|   0:00:01.0|10775.2M|wc_analysis_view|  reg2reg| lp_riscv/i_riscv_core_id_stage_i_mult_dot_op_b_ex_ |
|        |         |        |         |         |            |        |                |         | o_reg[25]/D                                        |
|  -0.180|   -0.180| -16.181|  -16.181|   13.99%|   0:00:00.0|10775.2M|wc_analysis_view|  reg2reg| lp_riscv/i_riscv_core_id_stage_i_mult_dot_op_b_ex_ |
|        |         |        |         |         |            |        |                |         | o_reg[29]/D                                        |
|  -0.176|   -0.176| -16.568|  -16.568|   14.00%|   0:00:01.0|10775.2M|wc_analysis_view|  reg2reg| lp_riscv/i_riscv_core_id_stage_i_mult_dot_op_b_ex_ |
|        |         |        |         |         |            |        |                |         | o_reg[21]/D                                        |
|  -0.191|   -0.191| -16.449|  -16.449|   14.00%|   0:00:00.0|10775.2M|wc_analysis_view|  reg2reg| lp_riscv/i_riscv_core_id_stage_i_mult_dot_op_b_ex_ |
|        |         |        |         |         |            |        |                |         | o_reg[29]/D                                        |
|  -0.172|   -0.172| -13.989|  -13.989|   14.02%|   0:00:02.0|10775.2M|wc_analysis_view|  reg2reg| lp_riscv/i_riscv_core_id_stage_i_mult_dot_op_b_ex_ |
|        |         |        |         |         |            |        |                |         | o_reg[31]/D                                        |
|  -0.154|   -0.154| -13.954|  -13.954|   14.02%|   0:00:00.0|10775.2M|wc_analysis_view|  reg2reg| lp_riscv/i_riscv_core_id_stage_i_mult_dot_op_b_ex_ |
|        |         |        |         |         |            |        |                |         | o_reg[12]/D                                        |
|  -0.143|   -0.143| -11.639|  -11.639|   14.02%|   0:00:01.0|10775.2M|wc_analysis_view|  reg2reg| lp_riscv/i_riscv_core_id_stage_i_alu_operand_b_ex_ |
|        |         |        |         |         |            |        |                |         | o_reg[29]/D                                        |
|  -0.125|   -0.125| -10.447|  -10.447|   14.03%|   0:00:00.0|10777.2M|wc_analysis_view|  reg2reg| lp_riscv/i_riscv_core_id_stage_i_mult_operand_b_ex |
|        |         |        |         |         |            |        |                |         | _o_reg[24]/D                                       |
|  -0.119|   -0.119|  -9.319|   -9.319|   14.04%|   0:00:01.0|10777.2M|wc_analysis_view|  reg2reg| lp_riscv/i_riscv_core_id_stage_i_alu_operand_b_ex_ |
|        |         |        |         |         |            |        |                |         | o_reg[19]/D                                        |
|  -0.110|   -0.110|  -8.849|   -8.849|   14.04%|   0:00:00.0|10777.2M|wc_analysis_view|  reg2reg| lp_riscv/i_riscv_core_id_stage_i_mult_dot_op_b_ex_ |
|        |         |        |         |         |            |        |                |         | o_reg[29]/D                                        |
|  -0.102|   -0.102|  -7.796|   -7.796|   14.05%|   0:00:01.0|10777.2M|wc_analysis_view|  reg2reg| lp_riscv/i_riscv_core_id_stage_i_mult_dot_op_b_ex_ |
|        |         |        |         |         |            |        |                |         | o_reg[29]/D                                        |
|  -0.099|   -0.099|  -7.121|   -7.121|   14.06%|   0:00:01.0|10777.2M|wc_analysis_view|  reg2reg| lp_riscv/i_riscv_core_id_stage_i_mult_operand_b_ex |
|        |         |        |         |         |            |        |                |         | _o_reg[29]/D                                       |
|  -0.082|   -0.082|  -6.145|   -6.145|   14.07%|   0:00:01.0|10780.3M|wc_analysis_view|  reg2reg| lp_riscv/i_riscv_core_id_stage_i_mult_dot_op_b_ex_ |
|        |         |        |         |         |            |        |                |         | o_reg[31]/D                                        |
|  -0.081|   -0.081|  -5.421|   -5.421|   14.08%|   0:00:01.0|10780.3M|wc_analysis_view|  reg2reg| lp_riscv/i_riscv_core_id_stage_i_mult_dot_op_b_ex_ |
|        |         |        |         |         |            |        |                |         | o_reg[23]/D                                        |
|  -0.081|   -0.081|  -4.969|   -4.969|   14.08%|   0:00:00.0|10780.3M|wc_analysis_view|  reg2reg| lp_riscv/i_riscv_core_id_stage_i_mult_dot_op_b_ex_ |
|        |         |        |         |         |            |        |                |         | o_reg[31]/D                                        |
|  -0.074|   -0.074|  -4.550|   -4.550|   14.08%|   0:00:00.0|10780.3M|wc_analysis_view|  reg2reg| lp_riscv/i_riscv_core_id_stage_i_mult_dot_op_b_ex_ |
|        |         |        |         |         |            |        |                |         | o_reg[31]/D                                        |
|  -0.069|   -0.069|  -4.267|   -4.267|   14.10%|   0:00:03.0|10780.3M|wc_analysis_view|  reg2reg| lp_riscv/i_riscv_core_id_stage_i_mult_operand_b_ex |
|        |         |        |         |         |            |        |                |         | _o_reg[29]/D                                       |
|  -0.067|   -0.067|  -3.709|   -3.709|   14.11%|   0:00:00.0|10780.3M|wc_analysis_view|  reg2reg| lp_riscv/i_riscv_core_id_stage_i_mult_dot_op_b_ex_ |
|        |         |        |         |         |            |        |                |         | o_reg[31]/D                                        |
|  -0.051|   -0.051|  -2.190|   -2.190|   14.11%|   0:00:01.0|10780.3M|wc_analysis_view|  reg2reg| lp_riscv/i_riscv_core_id_stage_i_mult_dot_op_b_ex_ |
|        |         |        |         |         |            |        |                |         | o_reg[25]/D                                        |
|  -0.044|   -0.044|  -1.852|   -1.852|   14.11%|   0:00:01.0|10780.3M|wc_analysis_view|  reg2reg| lp_riscv/i_riscv_core_id_stage_i_mult_operand_b_ex |
|        |         |        |         |         |            |        |                |         | _o_reg[24]/D                                       |
|  -0.028|   -0.028|  -0.908|   -0.908|   14.12%|   0:00:00.0|10780.3M|wc_analysis_view|  reg2reg| lp_riscv/i_riscv_core_id_stage_i_mult_operand_b_ex |
|        |         |        |         |         |            |        |                |         | _o_reg[24]/D                                       |
|  -0.014|   -0.014|  -0.295|   -0.295|   14.12%|   0:00:01.0|10780.3M|wc_analysis_view|  reg2reg| lp_riscv/i_riscv_core_id_stage_i_mult_operand_b_ex |
|        |         |        |         |         |            |        |                |         | _o_reg[24]/D                                       |
|  -0.003|   -0.003|  -0.015|   -0.015|   14.13%|   0:00:00.0|10780.3M|wc_analysis_view|  reg2reg| lp_riscv/i_riscv_core_id_stage_i_mult_operand_b_ex |
|        |         |        |         |         |            |        |                |         | _o_reg[24]/D                                       |
|   0.004|    0.004|   0.000|    0.000|   14.14%|   0:00:02.0|10780.3M|wc_analysis_view|  reg2reg| lp_riscv/i_riscv_core_id_stage_i_mult_dot_op_b_ex_ |
|        |         |        |         |         |            |        |                |         | o_reg[31]/D                                        |
|   0.011|    0.011|   0.000|    0.000|   14.14%|   0:00:01.0|10780.3M|wc_analysis_view|  reg2reg| lp_riscv/i_riscv_core_id_stage_i_mult_operand_b_ex |
|        |         |        |         |         |            |        |                |         | _o_reg[26]/D                                       |
|   0.025|    0.025|   0.000|    0.000|   14.14%|   0:00:01.0|10799.3M|wc_analysis_view|  reg2reg| lp_riscv/i_riscv_core_id_stage_i_mult_operand_b_ex |
|        |         |        |         |         |            |        |                |         | _o_reg[26]/D                                       |
|   0.030|    0.030|   0.000|    0.000|   14.16%|   0:00:01.0|10799.3M|wc_analysis_view|  reg2reg| lp_riscv/i_riscv_core_id_stage_i_mult_dot_op_b_ex_ |
|        |         |        |         |         |            |        |                |         | o_reg[29]/D                                        |
|   0.029|    0.029|   0.000|    0.000|   14.16%|   0:00:00.0|10799.3M|wc_analysis_view|  reg2reg| lp_riscv/i_riscv_core_id_stage_i_mult_dot_op_b_ex_ |
|        |         |        |         |         |            |        |                |         | o_reg[29]/D                                        |
+--------+---------+--------+---------+---------+------------+--------+----------------+---------+----------------------------------------------------+

*** Finish Core Optimize Step (cpu=0:00:27.7 real=0:00:28.0 mem=10799.3M) ***

*** Finished Optimize Step Cumulative (cpu=0:00:27.7 real=0:00:28.0 mem=10799.3M) ***
OptDebug: End of Optimizer WNS Pass 0:
+-----------------------------+-----+-----+
|Path Group                   |  WNS|  TNS|
+-----------------------------+-----+-----+
|in2out in2reg reg2out default|0.623|0.000|
|reg2cgate                    |0.130|0.000|
|reg2reg                      |0.029|0.000|
|HEPG                         |0.029|0.000|
|All Paths                    |0.029|0.000|
+-----------------------------+-----+-----+

** GigaOpt Optimizer WNS Slack 0.029 TNS Slack 0.000 Density 14.16
*** Starting place_detail (0:14:23 mem=10775.3M) ***
Total net bbox length = 6.182e+05 (2.939e+05 3.243e+05) (ext = 3.034e+04)

Starting Small incrNP...
Skipped incrNP (cpu=0:00:00.0, real=0:00:00.0, mem=10775.3M)
End of Small incrNP (cpu=0:00:00.0, real=0:00:00.0)
Move report: Detail placement moves 2085 insts, mean move: 1.53 um, max move: 15.20 um 
	Max move on inst (lp_riscv/g80572): (168.20, 1092.00) --> (154.80, 1093.80)
	Runtime: CPU: 0:00:00.9 REAL: 0:00:01.0 MEM: 10781.6MB
Summary Report:
Instances move: 2085 (out of 27043 movable)
Instances flipped: 0
Mean displacement: 1.53 um
Max displacement: 15.20 um (Instance: lp_riscv/g80572) (168.2, 1092) -> (154.8, 1093.8)
	Length: 17 sites, height: 1 rows, site name: sc9_cln65lp, cell type: NAND2_X6B_A9TL
Total net bbox length = 6.207e+05 (2.953e+05 3.254e+05) (ext = 3.034e+04)
Runtime: CPU: 0:00:01.0 REAL: 0:00:01.0 MEM: 10781.6MB
*** Finished place_detail (0:14:24 mem=10781.6M) ***
Finished re-routing un-routed nets (0:00:00.0 10776.6M)


Density : 0.1416
Max route overflow : 0.0000


*** Finish Physical Update (cpu=0:00:02.0 real=0:00:02.0 mem=10776.6M) ***
** GigaOpt Optimizer WNS Slack 0.029 TNS Slack 0.000 Density 14.16
OptDebug: End of Setup Fixing:
+-----------------------------+-----+-----+
|Path Group                   |  WNS|  TNS|
+-----------------------------+-----+-----+
|in2out in2reg reg2out default|0.623|0.000|
|reg2cgate                    |0.130|0.000|
|reg2reg                      |0.029|0.000|
|HEPG                         |0.029|0.000|
|All Paths                    |0.029|0.000|
+-----------------------------+-----+-----+

Bottom Preferred Layer:
    None
Via Pillar Rule:
    None

*** Finish pre-CTS Setup Fixing (cpu=0:00:31.2 real=0:00:31.0 mem=10776.6M) ***

*** WnsOpt #1 [finish] (place_opt_design #1) : cpu/real = 0:00:34.1/0:00:34.3 (1.0), totSession cpu/real = 0:14:24.9/0:16:00.5 (0.9), mem = 10691.5M
End: GigaOpt Optimization in WNS mode
*** Timing Is met
*** Check timing (0:00:00.0)
GigaOpt Checkpoint: Internal reclaim -noViewPrune -rebufferOnly -costCleanup -preRouteDontEndWithRefinePlaceIncrSteinerRouteDC -force -numThreads 1 -preCTS
Info: 0 don't touch net , 128 undriven nets excluded from IPO operation.
Info: 35 top-level, potential tri-state nets excluded from IPO operation.
Info: 35 io nets excluded
Info: 60 clock nets excluded from IPO operation.
Begin: Area Reclaim Optimization
*** AreaOpt #2 [begin] (place_opt_design #1) : totSession cpu/real = 0:14:25.5/0:16:01.2 (0.9), mem = 10748.7M
Reclaim Optimization WNS Slack 0.000  TNS Slack 0.000 Density 14.16
+---------+---------+--------+--------+------------+--------+
| Density | Commits |  WNS   |  TNS   |    Real    |  Mem   |
+---------+---------+--------+--------+------------+--------+
|   14.16%|        -|   0.000|   0.000|   0:00:00.0|10748.7M|
|   13.68%|     1975|  -0.005|  -0.055|   0:01:24.0|10917.3M|
+---------+---------+--------+--------+------------+--------+
Reclaim Optimization End WNS Slack -0.005  TNS Slack -0.055 Density 13.68
Bottom Preferred Layer:
    None
Via Pillar Rule:
    None

Number of times islegalLocAvaiable called = 0 skipped = 0, called in commitmove = 0, skipped in commitmove = 0
End: Core Area Reclaim Optimization (cpu = 0:01:24) (real = 0:01:24) **
*** AreaOpt #2 [finish] (place_opt_design #1) : cpu/real = 0:01:23.7/0:01:24.0 (1.0), totSession cpu/real = 0:15:49.3/0:17:25.2 (0.9), mem = 10917.3M
End: Area Reclaim Optimization (cpu=0:01:24, real=0:01:24, mem=10732.27M, totSessionCpu=0:15:49).
GigaOpt Checkpoint: Internal reclaim -numThreads 1 -customPhyUpdate -noGCompAndPhase -ensureOneAreaReclaim -force -svrReclaim -rtrShortNets -allowDegradingShortNetRemoval -preCTS -tgtSlackMult 2 -wtns -noRouteTypeResizePolish -noViewPrune -nativePathGroupFlow
Info: 0 don't touch net , 128 undriven nets excluded from IPO operation.
Info: 35 top-level, potential tri-state nets excluded from IPO operation.
Info: 35 io nets excluded
Info: 60 clock nets excluded from IPO operation.
Begin: Area Reclaim Optimization
*** AreaOpt #3 [begin] (place_opt_design #1) : totSession cpu/real = 0:15:49.9/0:17:25.8 (0.9), mem = 10789.5M
Reclaim Optimization WNS Slack -0.005  TNS Slack -0.055 Density 13.68
+---------+---------+--------+--------+------------+--------+
| Density | Commits |  WNS   |  TNS   |    Real    |  Mem   |
+---------+---------+--------+--------+------------+--------+
|   13.68%|        -|  -0.005|  -0.055|   0:00:00.0|10789.5M|
|   13.68%|        0|  -0.005|  -0.055|   0:00:00.0|10789.5M|
|   13.62%|      217|  -0.023|  -0.637|   0:00:04.0|10814.3M|
|   13.28%|     2644|   0.000|   0.000|   0:00:19.0|10814.3M|
|   13.23%|      446|   0.000|   0.000|   0:00:08.0|10814.3M|
|   13.22%|       75|   0.000|   0.000|   0:00:02.0|10814.3M|
|   13.22%|        5|   0.000|   0.000|   0:00:00.0|10814.3M|
|   13.22%|        1|   0.000|   0.000|   0:00:00.0|10814.3M|
|   13.22%|        0|   0.000|   0.000|   0:00:01.0|10814.3M|
+---------+---------+--------+--------+------------+--------+
Reclaim Optimization End WNS Slack 0.000  TNS Slack 0.000 Density 13.22
Bottom Preferred Layer:
    None
Via Pillar Rule:
    None

Number of times islegalLocAvaiable called = 5625 skipped = 0, called in commitmove = 3171, skipped in commitmove = 0
End: Core Area Reclaim Optimization (cpu = 0:00:34.0) (real = 0:00:35.0) **
*** Starting place_detail (0:16:24 mem=10814.3M) ***
Total net bbox length = 6.200e+05 (2.949e+05 3.251e+05) (ext = 3.076e+04)
Move report: Detail placement moves 1804 insts, mean move: 1.43 um, max move: 12.00 um 
	Max move on inst (lp_riscv/placement_opt_inst_FE_RC_486_0): (214.60, 1093.80) --> (204.40, 1095.60)
	Runtime: CPU: 0:00:00.5 REAL: 0:00:00.0 MEM: 10817.3MB
Summary Report:
Instances move: 1804 (out of 25906 movable)
Instances flipped: 0
Mean displacement: 1.43 um
Max displacement: 12.00 um (Instance: lp_riscv/placement_opt_inst_FE_RC_486_0) (214.6, 1093.8) -> (204.4, 1095.6)
	Length: 3 sites, height: 1 rows, site name: sc9_cln65lp, cell type: INV_X1M_A9TL
Total net bbox length = 6.216e+05 (2.959e+05 3.257e+05) (ext = 3.076e+04)
Runtime: CPU: 0:00:00.6 REAL: 0:00:00.0 MEM: 10817.3MB
*** Finished place_detail (0:16:25 mem=10817.3M) ***
Finished re-routing un-routed nets (0:00:00.0 10814.3M)


Density : 0.1322
Max route overflow : 0.0000


*** Finish Physical Update (cpu=0:00:01.5 real=0:00:01.0 mem=10814.3M) ***
*** AreaOpt #3 [finish] (place_opt_design #1) : cpu/real = 0:00:35.4/0:00:35.7 (1.0), totSession cpu/real = 0:16:25.3/0:18:01.5 (0.9), mem = 10814.3M
End: Area Reclaim Optimization (cpu=0:00:36, real=0:00:36, mem=10730.23M, totSessionCpu=0:16:25).
Begin: GigaOpt postEco DRV Optimization
GigaOpt Checkpoint: Internal optDRV -inPostEcoStage -smallScaleFixing -maxIter 3 -max_tran -max_cap -maxLocalDensity 0.98 -numThreads 1 -preRouteDontEndWithRefinePlaceIncrSteinerRouteDC -preCTS -max_fanout
*** DrvOpt #5 [begin] (place_opt_design #1) : totSession cpu/real = 0:16:25.6/0:18:01.8 (0.9), mem = 10730.2M
Info: 0 don't touch net , 128 undriven nets excluded from IPO operation.
Info: 35 top-level, potential tri-state nets excluded from IPO operation.
Info: 35 io nets excluded
Info: 60 clock nets excluded from IPO operation.
+-------------------------------------------------------------------------------------------------------------------------------------------------------+
|        max-tran       |        max-cap        |  max-fanout |  max-length |       setup       |        |        |        |       |          |         |
+-------------------------------------------------------------------------------------------------------------------------------------------------------+
| nets | terms|  wViol  | nets | terms|  wViol  | nets | terms| nets | terms|   WNS   |   TNS   |  #Buf  |  #Inv  | #Resize|Density|   Real   |   Mem   |
+-------------------------------------------------------------------------------------------------------------------------------------------------------+
|   165|   438|    -0.38|     0|     0|     0.00|     0|     0|     0|     0|     0.00|     0.00|       0|       0|       0| 13.22%|          |         |
|    35|    69|    -0.38|     0|     0|     0.00|     0|     0|     0|     0|    -0.08|   -10.25|     111|       8|      22| 13.25%| 0:00:01.0| 10814.1M|
|    34|    68|    -0.38|     0|     0|     0.00|     0|     0|     0|     0|    -0.08|   -10.25|       0|       0|       1| 13.25%| 0:00:00.0| 10814.1M|
|    34|    68|    -0.38|     0|     0|     0.00|     0|     0|     0|     0|    -0.08|   -10.25|       0|       0|       0| 13.25%| 0:00:00.0| 10814.1M|
+-------------------------------------------------------------------------------------------------------------------------------------------------------+
Bottom Preferred Layer:
    None
Via Pillar Rule:
    None


=======================================================================
                Reasons for remaining drv violations
=======================================================================
*info: Total 34 net(s) have violations which can't be fixed by DRV optimization.

MultiBuffering failure reasons
------------------------------------------------
*info:    33 net(s): Could not be fixed because it is multi driver net.
*info:     1 net(s): Could not be fixed as the net is considered as IPO ignored by the process.


*** Finish DRV Fixing (cpu=0:00:01.6 real=0:00:01.0 mem=10814.1M) ***

*** DrvOpt #5 [finish] (place_opt_design #1) : cpu/real = 0:00:03.0/0:00:03.0 (1.0), totSession cpu/real = 0:16:28.6/0:18:04.8 (0.9), mem = 10729.0M
End: GigaOpt postEco DRV Optimization
GigaOpt: WNS changes after postEco optimization: 0.000 -> -0.076 (bump = 0.076)
Begin: GigaOpt nonLegal postEco optimization
GigaOpt Checkpoint: Internal optTiming -setupRecovery -newSetupRecovery -maxLocalDensity 1.0 -numThreads 1 -maxSmoothenIter 1 -nativePathGroupFlow  -NDROptEffortAuto -ipoTgtSlackCoef 0 -effTgtSlackCoef 0
Info: 0 don't touch net , 128 undriven nets excluded from IPO operation.
Info: 35 top-level, potential tri-state nets excluded from IPO operation.
Info: 35 io nets excluded
Info: 60 clock nets excluded from IPO operation.
*** WnsOpt #2 [begin] (place_opt_design #1) : totSession cpu/real = 0:16:28.9/0:18:05.2 (0.9), mem = 10729.0M
*info: 35 io nets excluded
Info: 35 top-level, potential tri-state nets excluded from IPO operation.
*info: 60 clock nets excluded
*info: 1 external net with a tri-state driver excluded.
*info: 34 multi-driver nets excluded.
*info: 571 no-driver nets excluded.
** GigaOpt Optimizer WNS Slack -0.076 TNS Slack -10.249 Density 13.25
Optimizer WNS Pass 0
OptDebug: Start of Optimizer WNS Pass 0:
+-----------------------------+------+-------+
|Path Group                   |   WNS|    TNS|
+-----------------------------+------+-------+
|in2out in2reg reg2out default| 0.465|  0.000|
|reg2cgate                    | 0.005|  0.000|
|reg2reg                      |-0.076|-10.249|
|HEPG                         |-0.076|-10.249|
|All Paths                    |-0.076|-10.249|
+-----------------------------+------+-------+

Active Path Group: reg2cgate reg2reg  
+--------+---------+--------+---------+---------+------------+--------+----------------+---------+----------------------------------------------------+
|  WNS   | All WNS |  TNS   | All TNS | Density |    Real    |  Mem   |   Worst View   |Pathgroup|                     End Point                      |
+--------+---------+--------+---------+---------+------------+--------+----------------+---------+----------------------------------------------------+
|  -0.076|   -0.076| -10.249|  -10.249|   13.25%|   0:00:00.0|10788.3M|wc_analysis_view|  reg2reg| lp_riscv/i_riscv_core_id_stage_i_mult_operand_b_ex |
|        |         |        |         |         |            |        |                |         | _o_reg[15]/D                                       |
|  -0.061|   -0.061|  -8.508|   -8.508|   13.25%|   0:00:01.0|10814.9M|wc_analysis_view|  reg2reg| lp_riscv/i_riscv_core_id_stage_i_mult_operand_b_ex |
|        |         |        |         |         |            |        |                |         | _o_reg[9]/D                                        |
|  -0.037|   -0.037|  -3.445|   -3.445|   13.25%|   0:00:00.0|10814.9M|wc_analysis_view|  reg2reg| lp_riscv/i_riscv_core_id_stage_i_mult_operand_b_ex |
|        |         |        |         |         |            |        |                |         | _o_reg[9]/D                                        |
|  -0.043|   -0.043|  -2.125|   -2.125|   13.26%|   0:00:01.0|10818.0M|wc_analysis_view|  reg2reg| lp_riscv/i_riscv_core_id_stage_i_mult_operand_b_ex |
|        |         |        |         |         |            |        |                |         | _o_reg[23]/D                                       |
|  -0.030|   -0.030|  -1.671|   -1.671|   13.27%|   0:00:00.0|10818.0M|wc_analysis_view|  reg2reg| lp_riscv/i_riscv_core_id_stage_i_mult_operand_b_ex |
|        |         |        |         |         |            |        |                |         | _o_reg[9]/D                                        |
|  -0.024|   -0.024|  -0.664|   -0.664|   13.27%|   0:00:01.0|10837.1M|wc_analysis_view|  reg2reg| lp_riscv/i_riscv_core_id_stage_i_mult_operand_b_ex |
|        |         |        |         |         |            |        |                |         | _o_reg[23]/D                                       |
|  -0.005|   -0.005|  -0.038|   -0.038|   13.28%|   0:00:01.0|10837.1M|wc_analysis_view|  reg2reg| lp_riscv/i_riscv_core_id_stage_i_mult_operand_b_ex |
|        |         |        |         |         |            |        |                |         | _o_reg[26]/D                                       |
|  -0.001|   -0.001|  -0.003|   -0.003|   13.28%|   0:00:01.0|10837.1M|wc_analysis_view|  reg2reg| lp_riscv/i_riscv_core_id_stage_i_mult_operand_b_ex |
|        |         |        |         |         |            |        |                |         | _o_reg[24]/D                                       |
|  -0.001|   -0.001|  -0.002|   -0.002|   13.28%|   0:00:00.0|10837.1M|wc_analysis_view|  reg2reg| lp_riscv/i_riscv_core_id_stage_i_mult_operand_b_ex |
|        |         |        |         |         |            |        |                |         | _o_reg[11]/D                                       |
|  -0.001|   -0.001|  -0.001|   -0.001|   13.28%|   0:00:00.0|10837.1M|wc_analysis_view|  reg2reg| lp_riscv/i_riscv_core_id_stage_i_hwloop_regs_i_hwl |
|        |         |        |         |         |            |        |                |         | p_counter_q_reg[1][3]/D                            |
|   0.000|    0.001|   0.000|    0.000|   13.28%|   0:00:00.0|10837.1M|              NA|       NA| NA                                                 |
|   0.000|    0.001|   0.000|    0.000|   13.28%|   0:00:00.0|10837.1M|wc_analysis_view|       NA| NA                                                 |
+--------+---------+--------+---------+---------+------------+--------+----------------+---------+----------------------------------------------------+

*** Finish Core Optimize Step (cpu=0:00:04.7 real=0:00:05.0 mem=10837.1M) ***

*** Finished Optimize Step Cumulative (cpu=0:00:04.7 real=0:00:05.0 mem=10837.1M) ***
OptDebug: End of Optimizer WNS Pass 0:
+-----------------------------+-----+-----+
|Path Group                   |  WNS|  TNS|
+-----------------------------+-----+-----+
|in2out in2reg reg2out default|0.465|0.000|
|reg2cgate                    |0.005|0.000|
|reg2reg                      |0.001|0.000|
|HEPG                         |0.001|0.000|
|All Paths                    |0.001|0.000|
+-----------------------------+-----+-----+

** GigaOpt Optimizer WNS Slack 0.000 TNS Slack 0.000 Density 13.28
*** Starting place_detail (0:16:37 mem=10814.1M) ***
Total net bbox length = 6.219e+05 (2.960e+05 3.259e+05) (ext = 3.034e+04)
Move report: Detail placement moves 644 insts, mean move: 1.06 um, max move: 12.00 um 
	Max move on inst (lp_riscv/g127899): (223.80, 1068.60) --> (213.60, 1070.40)
	Runtime: CPU: 0:00:00.8 REAL: 0:00:01.0 MEM: 10820.2MB
Summary Report:
Instances move: 644 (out of 26049 movable)
Instances flipped: 0
Mean displacement: 1.06 um
Max displacement: 12.00 um (Instance: lp_riscv/g127899) (223.8, 1068.6) -> (213.6, 1070.4)
	Length: 5 sites, height: 1 rows, site name: sc9_cln65lp, cell type: OR2_X0P5M_A9TL
Total net bbox length = 6.224e+05 (2.963e+05 3.261e+05) (ext = 3.034e+04)
Runtime: CPU: 0:00:00.9 REAL: 0:00:01.0 MEM: 10820.2MB
*** Finished place_detail (0:16:37 mem=10820.2M) ***
Finished re-routing un-routed nets (0:00:00.0 10815.2M)


Density : 0.1328
Max route overflow : 0.0000


*** Finish Physical Update (cpu=0:00:01.8 real=0:00:02.0 mem=10815.2M) ***
** GigaOpt Optimizer WNS Slack 0.000 TNS Slack 0.000 Density 13.28
OptDebug: End of Setup Fixing:
+-----------------------------+-----+-----+
|Path Group                   |  WNS|  TNS|
+-----------------------------+-----+-----+
|in2out in2reg reg2out default|0.465|0.000|
|reg2cgate                    |0.005|0.000|
|reg2reg                      |0.001|0.000|
|HEPG                         |0.001|0.000|
|All Paths                    |0.001|0.000|
+-----------------------------+-----+-----+

Bottom Preferred Layer:
    None
Via Pillar Rule:
    None

*** Finish pre-CTS Setup Fixing (cpu=0:00:08.0 real=0:00:08.0 mem=10815.2M) ***

*** WnsOpt #2 [finish] (place_opt_design #1) : cpu/real = 0:00:09.3/0:00:09.4 (1.0), totSession cpu/real = 0:16:38.3/0:18:14.6 (0.9), mem = 10729.1M
End: GigaOpt nonLegal postEco optimization
Register exp ratio and priority group on 0 nets on 26887 nets : 

Active setup views:
 wc_analysis_view
  Dominating endpoints: 0
  Dominating TNS: -0.000

Extraction called for design 'lp_riscv_top' of instances=46658 and nets=27776 using extraction engine 'pre_route' .
pre_route RC Extraction called for design lp_riscv_top.
RC Extraction called in multi-corner(2) mode.
RCMode: PreRoute
      RC Corner Indexes            0       1   
Capacitance Scaling Factor   : 1.00000 1.00000 
Resistance Scaling Factor    : 1.00000 1.00000 
Clock Cap. Scaling Factor    : 1.00000 1.00000 
Clock Res. Scaling Factor    : 1.00000 1.00000 
Shrink Factor                : 1.00000
PreRoute extraction is honoring NDR/Shielding/ExtraSpace for clock nets.
Using Quantus QRC technology file ...
Skipped RC grid update for preRoute extraction.
Initializing multi-corner resistance tables ...
PreRoute RC Extraction DONE (CPU Time: 0:00:00.4  Real Time: 0:00:01.0  MEM: 10669.242M)
Skewing Data Summary (End_of_FINAL)
--------------------------------------------------
 Total skewed count:0
--------------------------------------------------
Starting delay calculation for Setup views
AAE_INFO: opIsDesignInPostRouteState() is 0
#################################################################################
# Design Stage: PreRoute
# Design Name: lp_riscv_top
# Design Mode: 65nm
# Analysis Mode: MMMC OCV 
# Parasitics Mode: No SPEF/RCDB 
# Signoff Settings: SI Off (EWM)
#################################################################################
Start delay calculation (fullDC) (1 T). (MEM=10673.8)
Total number of fetched objects 26857
AAE_INFO: Total number of nets for which stage creation was skipped for all views 0
End delay calculation. (MEM=10741.2 CPU=0:00:05.0 REAL=0:00:05.0)
End delay calculation (fullDC). (MEM=10741.2 CPU=0:00:05.6 REAL=0:00:06.0)
*** Done Building Timing Graph (cpu=0:00:07.0 real=0:00:07.0 totSessionCpu=0:16:47 mem=10749.2M)
[NR-eGR] Track table information for default rule: 
[NR-eGR] M1 has single uniform track structure
[NR-eGR] M2 has single uniform track structure
[NR-eGR] M3 has single uniform track structure
[NR-eGR] M4 has single uniform track structure
[NR-eGR] M5 has single uniform track structure
[NR-eGR] M6 has single uniform track structure
[NR-eGR] M7 has single uniform track structure
[NR-eGR] M8 has single uniform track structure
[NR-eGR] M9 has single uniform track structure
[NR-eGR] AP has single uniform track structure
[NR-eGR] Read 14981 PG shapes
[NR-eGR] Read 0 clock shapes
[NR-eGR] Read 0 other shapes
[NR-eGR] #Routing Blockages  : 44
[NR-eGR] #Instance Blockages : 39256
[NR-eGR] #PG Blockages       : 14981
[NR-eGR] #Halo Blockages     : 0
[NR-eGR] #Boundary Blockages : 0
[NR-eGR] #Clock Blockages    : 0
[NR-eGR] #Other Blockages    : 0
[NR-eGR] Num Prerouted Nets = 0  Num Prerouted Wires = 0
[NR-eGR] Read 26601 nets ( ignored 0 )
[NR-eGR] There are 59 clock nets ( 0 with NDR ).
[NR-eGR] ============ Routing rule table ============
[NR-eGR] Rule id: 0  Nets: 26566
[NR-eGR] ========================================
[NR-eGR] 
[NR-eGR] Layer group 1: route 26566 net(s) in layer range [2, 10]
[NR-eGR] Early Global Route overflow of layer group 1: 0.00% H + 0.00% V. EstWL: 6.751476e+05um
[NR-eGR] Congestion Analysis By layer: (blocked Gcells are excluded) 
[NR-eGR]                        OverCon           OverCon           OverCon           OverCon            
[NR-eGR]                         #Gcell            #Gcell            #Gcell            #Gcell     %Gcell
[NR-eGR]        Layer             (1-4)             (5-8)            (9-12)           (13-15)    OverCon
[NR-eGR] -------------------------------------------------------------------------------------------------
[NR-eGR]      M1 ( 1)         0( 0.00%)         0( 0.00%)         0( 0.00%)         0( 0.00%)   ( 0.00%) 
[NR-eGR]      M2 ( 2)        33( 0.00%)         0( 0.00%)         0( 0.00%)         0( 0.00%)   ( 0.00%) 
[NR-eGR]      M3 ( 3)         0( 0.00%)         0( 0.00%)         0( 0.00%)         0( 0.00%)   ( 0.00%) 
[NR-eGR]      M4 ( 4)         0( 0.00%)         0( 0.00%)         0( 0.00%)         0( 0.00%)   ( 0.00%) 
[NR-eGR]      M5 ( 5)         0( 0.00%)         0( 0.00%)         0( 0.00%)         0( 0.00%)   ( 0.00%) 
[NR-eGR]      M6 ( 6)         0( 0.00%)         0( 0.00%)         0( 0.00%)         0( 0.00%)   ( 0.00%) 
[NR-eGR]      M7 ( 7)         0( 0.00%)         0( 0.00%)         0( 0.00%)         0( 0.00%)   ( 0.00%) 
[NR-eGR]      M8 ( 8)         8( 0.00%)         0( 0.00%)         0( 0.00%)         0( 0.00%)   ( 0.00%) 
[NR-eGR]      M9 ( 9)         0( 0.00%)         3( 0.00%)         0( 0.00%)         3( 0.00%)   ( 0.00%) 
[NR-eGR]      AP (10)         6( 0.00%)         0( 0.00%)         0( 0.00%)         0( 0.00%)   ( 0.00%) 
[NR-eGR] -------------------------------------------------------------------------------------------------
[NR-eGR]        Total        47( 0.00%)         3( 0.00%)         0( 0.00%)         3( 0.00%)   ( 0.00%) 
[NR-eGR] 
[NR-eGR] Overflow after Early Global Route 0.00% H + 0.00% V
[NR-eGR] Finished Early Global Route kernel ( CPU: 2.04 sec, Real: 2.44 sec, Curr Mem: 10930.29 MB )
[hotspot] +------------+---------------+---------------+
[hotspot] |            |   max hotspot | total hotspot |
[hotspot] +------------+---------------+---------------+
[hotspot] | normalized |          0.00 |          0.00 |
[hotspot] +------------+---------------+---------------+
Local HotSpot Analysis: normalized max congestion hotspot area = 0.00, normalized total congestion hotspot area = 0.00 (area is in unit of 4 std-cell row bins)
[hotspot] Hotspot report including placement blocked areas
[hotspot] +------------+---------------+---------------+
[hotspot] |            |   max hotspot | total hotspot |
[hotspot] +------------+---------------+---------------+
[hotspot] | normalized |          0.00 |          0.00 |
[hotspot] +------------+---------------+---------------+
Local HotSpot Analysis (blockage included): normalized max congestion hotspot area = 0.00, normalized total congestion hotspot area = 0.00 (area is in unit of 4 std-cell row bins)
cleaningup cpe interface
Reported timing to dir /data/project/tsmc65/users/liosky/ws/DVD25/hw7/workspace/../reports/placement/place_opt_design
**opt_design ... cpu = 0:13:39, real = 0:13:46, mem = 2821.7M, totSessionCpu=0:16:49 **
** Profile ** Start :  cpu=0:00:00.0, mem=10707.3M
** Profile ** Other data :  cpu=0:00:00.2, mem=10707.3M
** Profile ** Overall slacks :  cpu=0:00:00.1, mem=10717.3M
** Profile ** wc_analysis_view slacks :  cpu=0:00:00.1, mem=10717.3M
** Profile ** Total reports :  cpu=0:00:00.1, mem=10709.3M
** Profile ** wc_analysis_view reports :  cpu=0:00:00.1, mem=10709.4M
** Profile ** DRVs :  cpu=0:00:00.7, mem=10722.8M

------------------------------------------------------------------
     opt_design Final Summary
------------------------------------------------------------------

Setup views included:
 wc_analysis_view 

+--------------------+---------+---------+---------+---------+---------+---------+---------+
|     Setup mode     |   all   | reg2reg |reg2cgate| in2reg  | reg2out | in2out  | default |
+--------------------+---------+---------+---------+---------+---------+---------+---------+
|           WNS (ns):|  0.000  |  0.000  |  0.006  |  0.465  |  1.555  |   N/A   |  0.000  |
|           TNS (ns):|  0.000  |  0.000  |  0.000  |  0.000  |  0.000  |   N/A   |  0.000  |
|    Violating Paths:|    0    |    0    |    0    |    0    |    0    |   N/A   |    0    |
|          All Paths:|  4434   |  2148   |   52    |  2454   |    1    |   N/A   |    0    |
+--------------------+---------+---------+---------+---------+---------+---------+---------+
|wc_analysis_view    |  0.000  |  0.000  |  0.006  |  0.465  |  1.555  |   N/A   |  0.000  |
|                    |  0.000  |  0.000  |  0.000  |  0.000  |  0.000  |   N/A   |  0.000  |
|                    |    0    |    0    |    0    |    0    |    0    |   N/A   |    0    |
|                    |  4434   |  2148   |   52    |  2454   |    1    |   N/A   |    0    |
+--------------------+---------+---------+---------+---------+---------+---------+---------+

+----------------+-------------------------------+------------------+
|                |              Real             |       Total      |
|    DRVs        +------------------+------------+------------------|
|                |  Nr nets(terms)  | Worst Vio  |  Nr nets(terms)  |
+----------------+------------------+------------+------------------+
|   max_cap      |      0 (0)       |   0.000    |     50 (50)      |
|   max_tran     |      0 (0)       |   0.000    |     34 (68)      |
|   max_fanout   |      0 (0)       |     0      |     54 (54)      |
|   max_length   |      0 (0)       |     0      |      0 (0)       |
+----------------+------------------+------------+------------------+

Density: 13.277%
Routing Overflow: 0.00% H and 0.00% V
------------------------------------------------------------------
** Profile ** Report data :  cpu=0:00:00.4, mem=10722.8M
**opt_design ... cpu = 0:13:41, real = 0:13:48, mem = 2817.5M, totSessionCpu=0:16:51 **
**WARN: (IMPOPT-3195):	Analysis mode has changed.
Type 'man IMPOPT-3195' for more detail.
*** Finished opt_design ***
      flow.cputime  flow.realtime  timing.setup.tns  timing.setup.wns  snapshot
UM:*                                       0.000 ns          0.000 ns  final
UM: Running design category ...
------------------------------------------------------------
	Current design flip-flop statistics

Single-Bit FF Count          :         2188
Multi-Bit FF Count           :            0
Total Bit Count              :         2188
Total FF Count               :         2188
Bits Per Flop                :        1.000
Total Clock Pin Cap(FF)      :     1899.636
Multibit Conversion Ratio(%) :         0.00
------------------------------------------------------------
------------------------------------------------------------
            Multi-bit cell usage statistics

------------------------------------------------------------
============================================================
Sequential Multibit cells usage statistics
------------------------------------------------------------
            Not Merged-bits         Merged-bits     Multibit Conversion %     Bits Per Flop
------------------------------------------------------------
-FlipFlops             2188                    0        0.00                    1.00
------------------------------------------------------------

------------------------------------------------------------
Seq_Mbit libcell              Bitwidth        Count
------------------------------------------------------------
Total 0
============================================================
------------------------------------------------------------
Category            Num of Insts Rejected     Reasons
------------------------------------------------------------
------------------------------------------------------------
      flow.cputime  flow.realtime  timing.setup.tns  timing.setup.wns  snapshot
UM:         822.39            829          0.000 ns          0.000 ns  opt_design_prects
cleaningup cpe interface
Disable CTE adjustment.
cleaningup cpe interface
#optDebug: fT-D <X 1 0 0 0>
**place_opt_design ... cpu = 0:15:36, real = 0:15:48, mem = 10620.9M **
*** Finished GigaPlace ***

*** Summary of all messages that are not suppressed in this session:
Severity  ID               Count  Summary                                  
WARNING   IMPMSMV-1810       346  Net %s, driver %s (cell %s) voltage %g d...
WARNING   IMPSP-157            2  Macro '%s' is not placed within core bou...
WARNING   IMPSP-9025           2  No scan chain specified/traced.          
WARNING   IMPSP-2020           2  Cannot find a legal location for instanc...
WARNING   IMPOPT-7233          1  Resetting delaycal_enable_si in pre rout...
WARNING   IMPOPT-3195          2  Analysis mode has changed.               
WARNING   IMPOPT-7098        128  WARNING: %s is an undriven net with %d f...
*** Message Summary: 483 warning(s), 0 error(s)

*** place_opt_design #1 [finish] : cpu/real = 0:15:36.2/0:15:47.5 (1.0), totSession cpu/real = 0:16:51.8/0:18:29.0 (0.9), mem = 10620.9M
@innovus 209> enics_message "Finished place_opt_design"
enics_message "Finished place_opt_design"
ENICSINFO: Finished place_opt_design
@innovus 210
> 
@innovus 210> # -------# -------------
------
@innovus 211> # Add Ti# Add Tie Cells
e Cells
@innovus 212> # ------------# -------------
-
@innovus 213> enics_message "Adding Tie Cells" mediuenics_message "Adding Tie Cells" medium
m

ENICSINFO: Adding Tie Cells
---------------------------
@innovus 214> add_tieoffs
add_tieoffs
Options: Max Distance = 19.000 microns, Max Fan-out = 19.
Re-routed 42 nets
INFO: Total Number of Tie Cells (TIEHI_X1M_A9TR) placed: 42  
Re-routed 127 nets
INFO: Total Number of Tie Cells (TIELO_X1M_A9TR) placed: 127  
@innovus 215> 

@innovus 215> # ------------# -------------
-
@innovus 216> # Fix DRV
# Fix DRV
@innovus 217> # ------------# -------------
-
@innovus 218> enics_message "Fixing DRVs before CTS" medium
enics_message "Fixing DRVs before CTS" medium
opt_design -pre_cts -drv

ENICSINFO: Fixing DRVs before CTS
---------------------------------
@innovus 219> opt_design -pre_cts -drv
**opt_design ... cpu = 0:00:00, real = 0:00:00, mem = 2812.2M, totSessionCpu=0:16:55 **
*** opt_design #1 [begin] : totSession cpu/real = 0:16:55.3/0:18:32.5 (0.9), mem = 10694.9M
GigaOpt running with 1 threads.
*** InitOpt #1 [begin] (opt_design #1) : totSession cpu/real = 0:16:55.3/0:18:32.5 (0.9), mem = 10694.9M
**INFO: User settings:
delaycal_enable_high_fanout                                    true
delaycal_equivalent_waveform_model                             propagation
delaycal_ignore_net_load                                       false
delaycal_socv_accuracy_mode                                    low
setAnalysisMode -cts                                           postCTS
setDelayCalMode -engine                                        aae
design_process_node                                            65
extract_rc_coupled                                             true
extract_rc_coupling_cap_threshold                              3.0
extract_rc_effort_level                                        medium
extract_rc_engine                                              pre_route
extract_rc_relative_cap_threshold                              0.03
extract_rc_shrink_factor                                       1.0
extract_rc_total_cap_threshold                                 5.0
opt_drv_margin                                                 0.0
opt_fix_drv                                                    true
opt_fix_fanout_load                                            true
opt_fix_hold_verbose                                           true
opt_new_inst_prefix                                            placement_opt_inst_
opt_new_net_prefix                                             placement_opt_inst_
opt_resize_flip_flops                                          true
opt_setup_target_slack                                         0.0
opt_time_design_compress_reports                               false
opt_time_design_expanded_view                                  true
opt_time_design_num_paths                                      10
opt_time_design_report_net                                     false
opt_view_pruning_hold_views_active_list                        { bc_analysis_view }
opt_view_pruning_setup_views_active_list                       { wc_analysis_view }
opt_view_pruning_setup_views_persistent_list                   { wc_analysis_view}
opt_view_pruning_tdgr_setup_views_persistent_list              { wc_analysis_view}
place_global_cong_effort                                       auto
reorder_scan_allow_swapping                                    true
getAnalysisMode -cts                                           postCTS
getDelayCalMode -engine                                        aae
getIlmMode -keepHighFanoutCriticalInsts                        false
get_power_analysis_mode -report_power_quiet                    false
getAnalysisMode -cts                                           postCTS
**INFO: set_db design_flow_effort standard -> setting 'set_db opt_all_end_points true' for the duration of this command.
**INFO: Enabling NR-eGR flow for DRV Fixing.
**opt_design ... cpu = 0:00:08, real = 0:00:08, mem = 2711.5M, totSessionCpu=0:17:04 **
*** opt_design -pre_cts ***
DRC Margin: user margin 0.0; extra margin 0.2
Setup Target Slack: user slack 0; extra slack 0.0
Hold Target Slack: user slack 0
Start to check current routing status for nets...
All nets are already routed correctly.
End to check current routing status for nets (mem=10610.9M)
Extraction called for design 'lp_riscv_top' of instances=46827 and nets=27945 using extraction engine 'pre_route' .
pre_route RC Extraction called for design lp_riscv_top.
RC Extraction called in multi-corner(2) mode.
RCMode: PreRoute
      RC Corner Indexes            0       1   
Capacitance Scaling Factor   : 1.00000 1.00000 
Resistance Scaling Factor    : 1.00000 1.00000 
Clock Cap. Scaling Factor    : 1.00000 1.00000 
Clock Res. Scaling Factor    : 1.00000 1.00000 
Shrink Factor                : 1.00000
PreRoute extraction is honoring NDR/Shielding/ExtraSpace for clock nets.
Using Quantus QRC technology file ...
Skipped RC grid update for preRoute extraction.
Initializing multi-corner resistance tables ...
PreRoute RC Extraction DONE (CPU Time: 0:00:00.4  Real Time: 0:00:01.0  MEM: 10610.938M)
** Profile ** Start :  cpu=0:00:00.0, mem=10593.2M
** Profile ** Other data :  cpu=0:00:00.3, mem=10593.2M
Starting delay calculation for Setup views
AAE_INFO: opIsDesignInPostRouteState() is 0
#################################################################################
# Design Stage: PreRoute
# Design Name: lp_riscv_top
# Design Mode: 65nm
# Analysis Mode: MMMC OCV 
# Parasitics Mode: No SPEF/RCDB 
# Signoff Settings: SI Off (EWM)
#################################################################################
Start delay calculation (fullDC) (1 T). (MEM=10591.2)
**WARN: (IMPMSMV-1810):	Net i_ioring/TIE_LTIELO_39_NET, driver i_ioring/TIE_LTIELO_39/Y (cell TIELO_X1M_A9TR) voltage 0.9 does not match receiver i_ioring/i_EXT_PERF_COUNTERS_9/I (cell PDDW1216SCDG) voltage 1.08 for view wc_analysis_view.
Type 'man IMPMSMV-1810' for more detail.
**WARN: (IMPMSMV-1810):	Net i_ioring/TIE_LTIELO_38_NET, driver i_ioring/TIE_LTIELO_38/Y (cell TIELO_X1M_A9TR) voltage 0.9 does not match receiver i_ioring/i_EXT_PERF_COUNTERS_8/I (cell PDDW1216SCDG) voltage 1.08 for view wc_analysis_view.
Type 'man IMPMSMV-1810' for more detail.
**WARN: (IMPMSMV-1810):	Net i_ioring/TIE_LTIELO_37_NET, driver i_ioring/TIE_LTIELO_37/Y (cell TIELO_X1M_A9TR) voltage 0.9 does not match receiver i_ioring/i_EXT_PERF_COUNTERS_7/I (cell PDDW1216SCDG) voltage 1.08 for view wc_analysis_view.
Type 'man IMPMSMV-1810' for more detail.
**WARN: (IMPMSMV-1810):	Net i_ioring/TIE_LTIELO_36_NET, driver i_ioring/TIE_LTIELO_36/Y (cell TIELO_X1M_A9TR) voltage 0.9 does not match receiver i_ioring/i_EXT_PERF_COUNTERS_6/I (cell PDDW1216SCDG) voltage 1.08 for view wc_analysis_view.
Type 'man IMPMSMV-1810' for more detail.
**WARN: (IMPMSMV-1810):	Net i_ioring/TIE_LTIELO_35_NET, driver i_ioring/TIE_LTIELO_35/Y (cell TIELO_X1M_A9TR) voltage 0.9 does not match receiver i_ioring/i_EXT_PERF_COUNTERS_5/I (cell PDDW1216SCDG) voltage 1.08 for view wc_analysis_view.
Type 'man IMPMSMV-1810' for more detail.
**WARN: (IMPMSMV-1810):	Net i_ioring/TIE_LTIELO_34_NET, driver i_ioring/TIE_LTIELO_34/Y (cell TIELO_X1M_A9TR) voltage 0.9 does not match receiver i_ioring/i_EXT_PERF_COUNTERS_4/I (cell PDDW1216SCDG) voltage 1.08 for view wc_analysis_view.
Type 'man IMPMSMV-1810' for more detail.
**WARN: (IMPMSMV-1810):	Net i_ioring/TIE_LTIELO_33_NET, driver i_ioring/TIE_LTIELO_33/Y (cell TIELO_X1M_A9TR) voltage 0.9 does not match receiver i_ioring/i_EXT_PERF_COUNTERS_3/I (cell PDDW1216SCDG) voltage 1.08 for view wc_analysis_view.
Type 'man IMPMSMV-1810' for more detail.
**WARN: (IMPMSMV-1810):	Net i_ioring/TIE_LTIELO_32_NET, driver i_ioring/TIE_LTIELO_32/Y (cell TIELO_X1M_A9TR) voltage 0.9 does not match receiver i_ioring/i_CLK/I (cell PDDW1216SCDG) voltage 1.08 for view wc_analysis_view.
Type 'man IMPMSMV-1810' for more detail.
**WARN: (IMPMSMV-1810):	Net i_ioring/TIE_LTIELO_31_NET, driver i_ioring/TIE_LTIELO_31/Y (cell TIELO_X1M_A9TR) voltage 0.9 does not match receiver i_ioring/i_EXT_PERF_COUNTERS_2/I (cell PDDW1216SCDG) voltage 1.08 for view wc_analysis_view.
Type 'man IMPMSMV-1810' for more detail.
**WARN: (IMPMSMV-1810):	Net i_ioring/TIE_LTIELO_30_NET, driver i_ioring/TIE_LTIELO_30/Y (cell TIELO_X1M_A9TR) voltage 0.9 does not match receiver i_ioring/i_EXT_PERF_COUNTERS_1/I (cell PDDW1216SCDG) voltage 1.08 for view wc_analysis_view.
Type 'man IMPMSMV-1810' for more detail.
**WARN: (IMPMSMV-1810):	Net i_ioring/TIE_LTIELO_29_NET, driver i_ioring/TIE_LTIELO_29/Y (cell TIELO_X1M_A9TR) voltage 0.9 does not match receiver i_ioring/i_EXT_PERF_COUNTERS_0/I (cell PDDW1216SCDG) voltage 1.08 for view wc_analysis_view.
Type 'man IMPMSMV-1810' for more detail.
**WARN: (IMPMSMV-1810):	Net i_ioring/TIE_LTIELO_28_NET, driver i_ioring/TIE_LTIELO_28/Y (cell TIELO_X1M_A9TR) voltage 0.9 does not match receiver i_ioring/i_DONE_FLAG/IE (cell PDUW1216SCDG) voltage 1.08 for view wc_analysis_view.
Type 'man IMPMSMV-1810' for more detail.
**WARN: (IMPMSMV-1810):	Net i_ioring/TIE_LTIELO_28_NET, driver i_ioring/TIE_LTIELO_28/Y (cell TIELO_X1M_A9TR) voltage 0.9 does not match receiver i_ioring/i_DONE_FLAG/OEN (cell PDUW1216SCDG) voltage 1.08 for view wc_analysis_view.
Type 'man IMPMSMV-1810' for more detail.
**WARN: (IMPMSMV-1810):	Net i_ioring/TIE_LTIELO_27_NET, driver i_ioring/TIE_LTIELO_27/Y (cell TIELO_X1M_A9TR) voltage 0.9 does not match receiver i_ioring/i_CLOCK_EN/I (cell PDDW1216SCDG) voltage 1.08 for view wc_analysis_view.
Type 'man IMPMSMV-1810' for more detail.
**WARN: (IMPMSMV-1810):	Net i_ioring/TIE_LTIELO_26_NET, driver i_ioring/TIE_LTIELO_26/Y (cell TIELO_X1M_A9TR) voltage 0.9 does not match receiver i_ioring/i_IRAM_PROG_BYTE_3/I (cell PDDW1216SCDG) voltage 1.08 for view wc_analysis_view.
Type 'man IMPMSMV-1810' for more detail.
**WARN: (IMPMSMV-1810):	Net i_ioring/TIE_LTIELO_25_NET, driver i_ioring/TIE_LTIELO_25/Y (cell TIELO_X1M_A9TR) voltage 0.9 does not match receiver i_ioring/i_IRAM_PROG_BYTE_2/I (cell PDDW1216SCDG) voltage 1.08 for view wc_analysis_view.
Type 'man IMPMSMV-1810' for more detail.
**WARN: (IMPMSMV-1810):	Net i_ioring/TIE_LTIELO_24_NET, driver i_ioring/TIE_LTIELO_24/Y (cell TIELO_X1M_A9TR) voltage 0.9 does not match receiver i_ioring/i_IRAM_PROG_BYTE_1/I (cell PDDW1216SCDG) voltage 1.08 for view wc_analysis_view.
Type 'man IMPMSMV-1810' for more detail.
**WARN: (IMPMSMV-1810):	Net i_ioring/TIE_LTIELO_23_NET, driver i_ioring/TIE_LTIELO_23/Y (cell TIELO_X1M_A9TR) voltage 0.9 does not match receiver i_ioring/i_IRAM_PROG_BYTE_0/I (cell PDDW1216SCDG) voltage 1.08 for view wc_analysis_view.
Type 'man IMPMSMV-1810' for more detail.
**WARN: (IMPMSMV-1810):	Net i_ioring/TIE_LTIELO_22_NET, driver i_ioring/TIE_LTIELO_22/Y (cell TIELO_X1M_A9TR) voltage 0.9 does not match receiver i_ioring/i_IRAM_PROG_ADDR_BYTE/I (cell PDDW1216SCDG) voltage 1.08 for view wc_analysis_view.
Type 'man IMPMSMV-1810' for more detail.
**WARN: (IMPMSMV-1810):	Net i_ioring/TIE_LTIELO_21_NET, driver i_ioring/TIE_LTIELO_21/Y (cell TIELO_X1M_A9TR) voltage 0.9 does not match receiver i_ioring/i_IO_PLACEHOLD_50/IE (cell PDDW1216CDG) voltage 1.08 for view wc_analysis_view.
Type 'man IMPMSMV-1810' for more detail.
**WARN: (EMS-27):	Message (IMPMSMV-1810) has exceeded the current message display limit of 20.
To increase the message display limit, refer to the product command reference manual.
Total number of fetched objects 27026
AAE_INFO: Total number of nets for which stage creation was skipped for all views 0
End delay calculation. (MEM=10658.6 CPU=0:00:05.1 REAL=0:00:05.0)
End delay calculation (fullDC). (MEM=10658.6 CPU=0:00:05.7 REAL=0:00:05.0)
*** Done Building Timing Graph (cpu=0:00:07.1 real=0:00:07.0 totSessionCpu=0:17:12 mem=10666.6M)
** Profile ** Overall slacks :  cpu=0:00:07.2, mem=10666.6M
** Profile ** DRVs :  cpu=0:00:00.3, mem=10681.9M

------------------------------------------------------------------
             Initial Summary
------------------------------------------------------------------

Setup views included:
 wc_analysis_view 

+--------------------+---------+
|     Setup mode     |   all   |
+--------------------+---------+
|           WNS (ns):|  0.000  |
|           TNS (ns):|  0.000  |
|    Violating Paths:|    0    |
|          All Paths:|  4434   |
+--------------------+---------+

+----------------+-------------------------------+------------------+
|                |              Real             |       Total      |
|    DRVs        +------------------+------------+------------------|
|                |  Nr nets(terms)  | Worst Vio  |  Nr nets(terms)  |
+----------------+------------------+------------+------------------+
|   max_cap      |     24 (24)      |   -0.065   |     74 (74)      |
|   max_tran     |     24 (89)      |   -0.415   |     58 (157)     |
|   max_fanout   |      0 (0)       |     0      |     54 (54)      |
|   max_length   |      0 (0)       |     0      |      0 (0)       |
+----------------+------------------+------------+------------------+

Density: 13.316%
------------------------------------------------------------------
** Profile ** Report data :  cpu=0:00:00.2, mem=10681.9M
**opt_design ... cpu = 0:00:18, real = 0:00:18, mem = 2711.3M, totSessionCpu=0:17:13 **
*** InitOpt #1 [finish] (opt_design #1) : cpu/real = 0:00:17.6/0:00:17.6 (1.0), totSession cpu/real = 0:17:12.9/0:18:50.2 (0.9), mem = 10634.9M
*** Starting optimizing excluded clock nets MEM= 10634.9M) ***
*info: No excluded clock nets to be optimized.
*** Finished optimizing excluded clock nets (CPU Time= 0:00:00.0  MEM= 10634.9M) ***
[NR-eGR] Started Early Global Route kernel ( Curr Mem: 10625.65 MB )
[NR-eGR] Track table information for default rule: 
[NR-eGR] M1 has single uniform track structure
[NR-eGR] M2 has single uniform track structure
[NR-eGR] M3 has single uniform track structure
[NR-eGR] M4 has single uniform track structure
[NR-eGR] M5 has single uniform track structure
[NR-eGR] M6 has single uniform track structure
[NR-eGR] M7 has single uniform track structure
[NR-eGR] M8 has single uniform track structure
[NR-eGR] M9 has single uniform track structure
[NR-eGR] AP has single uniform track structure
[NR-eGR] Read 14981 PG shapes
[NR-eGR] Read 0 clock shapes
[NR-eGR] Read 0 other shapes
[NR-eGR] #Routing Blockages  : 44
[NR-eGR] #Instance Blockages : 39256
[NR-eGR] #PG Blockages       : 14981
[NR-eGR] #Halo Blockages     : 0
[NR-eGR] #Boundary Blockages : 0
[NR-eGR] #Clock Blockages    : 0
[NR-eGR] #Other Blockages    : 0
[NR-eGR] Num Prerouted Nets = 0  Num Prerouted Wires = 0
[NR-eGR] Read 26770 nets ( ignored 0 )
[NR-eGR] There are 59 clock nets ( 0 with NDR ).
[NR-eGR] ============ Routing rule table ============
[NR-eGR] Rule id: 0  Nets: 26735
[NR-eGR] ========================================
[NR-eGR] 
[NR-eGR] Layer group 1: route 26735 net(s) in layer range [2, 10]
[NR-eGR] Early Global Route overflow of layer group 1: 0.00% H + 0.00% V. EstWL: 7.277058e+05um
[NR-eGR] Congestion Analysis By layer: (blocked Gcells are excluded) 
[NR-eGR]                        OverCon           OverCon           OverCon           OverCon            
[NR-eGR]                         #Gcell            #Gcell            #Gcell            #Gcell     %Gcell
[NR-eGR]        Layer             (1-4)             (5-8)            (9-12)           (13-15)    OverCon
[NR-eGR] -------------------------------------------------------------------------------------------------
[NR-eGR]      M1 ( 1)         0( 0.00%)         0( 0.00%)         0( 0.00%)         0( 0.00%)   ( 0.00%) 
[NR-eGR]      M2 ( 2)        27( 0.00%)         0( 0.00%)         0( 0.00%)         0( 0.00%)   ( 0.00%) 
[NR-eGR]      M3 ( 3)         1( 0.00%)         0( 0.00%)         0( 0.00%)         0( 0.00%)   ( 0.00%) 
[NR-eGR]      M4 ( 4)         0( 0.00%)         0( 0.00%)         0( 0.00%)         0( 0.00%)   ( 0.00%) 
[NR-eGR]      M5 ( 5)         0( 0.00%)         0( 0.00%)         0( 0.00%)         0( 0.00%)   ( 0.00%) 
[NR-eGR]      M6 ( 6)         0( 0.00%)         0( 0.00%)         0( 0.00%)         0( 0.00%)   ( 0.00%) 
[NR-eGR]      M7 ( 7)         4( 0.00%)         0( 0.00%)         0( 0.00%)         0( 0.00%)   ( 0.00%) 
[NR-eGR]      M8 ( 8)        10( 0.00%)         0( 0.00%)         0( 0.00%)         0( 0.00%)   ( 0.00%) 
[NR-eGR]      M9 ( 9)         0( 0.00%)        16( 0.00%)         0( 0.00%)        16( 0.00%)   ( 0.00%) 
[NR-eGR]      AP (10)        32( 0.01%)         0( 0.00%)         0( 0.00%)         0( 0.00%)   ( 0.01%) 
[NR-eGR] -------------------------------------------------------------------------------------------------
[NR-eGR]        Total        74( 0.00%)        16( 0.00%)         0( 0.00%)        16( 0.00%)   ( 0.00%) 
[NR-eGR] 
[NR-eGR] Overflow after Early Global Route 0.00% H + 0.00% V
[NR-eGR]             Length (um)    Vias 
[NR-eGR] --------------------------------
[NR-eGR]  M1  (1H)             0   94031 
[NR-eGR]  M2  (2V)        166345  133122 
[NR-eGR]  M3  (3H)        217763   15128 
[NR-eGR]  M4  (4V)        117941    5990 
[NR-eGR]  M5  (5H)         94470    1152 
[NR-eGR]  M6  (6V)         83265     237 
[NR-eGR]  M7  (7H)         34575     140 
[NR-eGR]  M8  (8V)         14313     213 
[NR-eGR]  M9  (9H)         17972     184 
[NR-eGR]  AP  (10V)          178       0 
[NR-eGR] --------------------------------
[NR-eGR]      Total       746820  250197 
[NR-eGR] --------------------------------------------------------------------------
[NR-eGR] Total half perimeter of net bounding box: 672248um
[NR-eGR] Total length: 746820um, number of vias: 250197
[NR-eGR] --------------------------------------------------------------------------
[NR-eGR] Total eGR-routed clock nets wire length: 19188um, number of vias: 6770
[NR-eGR] --------------------------------------------------------------------------
[NR-eGR] Finished Early Global Route kernel ( CPU: 3.23 sec, Real: 3.61 sec, Curr Mem: 10661.53 MB )
Updating RC grid for preRoute extraction ...
Initializing multi-corner resistance tables ...
Extraction called for design 'lp_riscv_top' of instances=46827 and nets=27945 using extraction engine 'pre_route' .
pre_route RC Extraction called for design lp_riscv_top.
RC Extraction called in multi-corner(2) mode.
RCMode: PreRoute
      RC Corner Indexes            0       1   
Capacitance Scaling Factor   : 1.00000 1.00000 
Resistance Scaling Factor    : 1.00000 1.00000 
Clock Cap. Scaling Factor    : 1.00000 1.00000 
Clock Res. Scaling Factor    : 1.00000 1.00000 
Shrink Factor                : 1.00000
PreRoute extraction is honoring NDR/Shielding/ExtraSpace for clock nets.
Using Quantus QRC technology file ...
Updating RC grid for preRoute extraction ...
Initializing multi-corner resistance tables ...
PreRoute RC Extraction DONE (CPU Time: 0:00:00.4  Real Time: 0:00:01.0  MEM: 10583.531M)
AAE_INFO: opIsDesignInPostRouteState() is 0
#################################################################################
# Design Stage: PreRoute
# Design Name: lp_riscv_top
# Design Mode: 65nm
# Analysis Mode: MMMC OCV 
# Parasitics Mode: No SPEF/RCDB 
# Signoff Settings: SI Off (EWM)
#################################################################################
Start delay calculation (fullDC) (1 T). (MEM=10596.1)
Total number of fetched objects 27026
AAE_INFO: Total number of nets for which stage creation was skipped for all views 0
End delay calculation. (MEM=10663.5 CPU=0:00:05.1 REAL=0:00:06.0)
End delay calculation (fullDC). (MEM=10663.5 CPU=0:00:05.8 REAL=0:00:06.0)
*** cell filtering : changing from  lvt to svt_lvt
<optDesign CMD> fixdrv  Use same sized svt + lvt Cells
Begin: GigaOpt high fanout net optimization
GigaOpt HFN: use maxLocalDensity 1.2
GigaOpt Checkpoint: Internal optDRV -useLevelizedBufferTreeOnly -auxMaxFanoutCountLimit 500 -largeScaleFixing -maxIter 1 -maxLocalDensity 1.2 -numThreads 1 -preCTS -preRouteDontEndWithRefinePlaceIncrSteinerRouteDC
*** DrvOpt #1 [begin] (opt_design #1) : totSession cpu/real = 0:17:26.9/0:19:04.5 (0.9), mem = 10671.5M
Info: 0 don't touch net , 128 undriven nets excluded from IPO operation.
Info: 35 top-level, potential tri-state nets excluded from IPO operation.
Info: 35 io nets excluded
Info: 60 clock nets excluded from IPO operation.
*** DrvOpt #1 [finish] (opt_design #1) : cpu/real = 0:00:03.3/0:00:03.3 (1.0), totSession cpu/real = 0:17:30.1/0:19:07.7 (0.9), mem = 10722.4M
GigaOpt HFN: restore maxLocalDensity to 0.98
End: GigaOpt high fanout net optimization
Begin: GigaOpt DRV Optimization
GigaOpt Checkpoint: Internal optDRV -max_tran -max_cap -maxLocalDensity 1.2 -numThreads 1 -largeScaleFixing -maxIter 2 -max_fanout -preCTS
*** DrvOpt #2 [begin] (opt_design #1) : totSession cpu/real = 0:17:30.1/0:19:07.7 (0.9), mem = 10722.4M
Info: 0 don't touch net , 128 undriven nets excluded from IPO operation.
Info: 35 top-level, potential tri-state nets excluded from IPO operation.
Info: 35 io nets excluded
Info: 60 clock nets excluded from IPO operation.
+-------------------------------------------------------------------------------------------------------------------------------------------------------+
|        max-tran       |        max-cap        |  max-fanout |  max-length |       setup       |        |        |        |       |          |         |
+-------------------------------------------------------------------------------------------------------------------------------------------------------+
| nets | terms|  wViol  | nets | terms|  wViol  | nets | terms| nets | terms|   WNS   |   TNS   |  #Buf  |  #Inv  | #Resize|Density|   Real   |   Mem   |
+-------------------------------------------------------------------------------------------------------------------------------------------------------+
|   133|   446|    -0.48|    39|    39|    -0.10|     0|     0|     0|     0|    -0.16|   -35.08|       0|       0|       0| 13.32%|          |         |
|    98|   201|    -0.71|     0|     0|     0.00|     0|     0|     0|     0|    -0.29|   -82.08|      89|      22|      51| 13.36%| 0:00:01.0| 10819.3M|
|   100|   209|    -0.78|     0|     0|     0.00|     0|     0|     0|     0|    -0.29|   -82.08|       4|     112|      49| 13.40%| 0:00:00.0| 10819.3M|
+-------------------------------------------------------------------------------------------------------------------------------------------------------+
Bottom Preferred Layer:
    None
Via Pillar Rule:
    None


=======================================================================
                Reasons for remaining drv violations
=======================================================================
*info: Total 41 net(s) have violations which can't be fixed by DRV optimization.

MultiBuffering failure reasons
------------------------------------------------
*info:     5 net(s): Could not be fixed because the net has less than two terms.
*info:    33 net(s): Could not be fixed because it is multi driver net.
*info:     1 net(s): Could not be fixed as the net is considered as IPO ignored by the process.
*info:     2 net(s): Could not be fixed because buffering engine can't find a solution.

*info: Total 59 net(s) were new nets created by previous iteration of DRV buffering. Further DRV fixing might remove some violations.


*** Finish DRV Fixing (cpu=0:00:01.6 real=0:00:01.0 mem=10819.3M) ***

*** Starting place_detail (0:17:33 mem=10816.3M) ***
Total net bbox length = 7.085e+05 (3.594e+05 3.491e+05) (ext = 1.130e+05)
Move report: Detail placement moves 2264 insts, mean move: 1.32 um, max move: 18.00 um 
	Max move on inst (i_ioring/TIE_LTIEHI_3): (122.40, 120.00) --> (131.40, 129.00)
	Runtime: CPU: 0:00:00.9 REAL: 0:00:00.0 MEM: 10824.3MB
Summary Report:
Instances move: 2264 (out of 26445 movable)
Instances flipped: 0
Mean displacement: 1.32 um
Max displacement: 18.00 um (Instance: i_ioring/TIE_LTIEHI_3) (122.4, 120) -> (131.4, 129)
	Length: 4 sites, height: 1 rows, site name: sc9_cln65lp, cell type: TIEHI_X1M_A9TR
Total net bbox length = 7.109e+05 (3.607e+05 3.502e+05) (ext = 1.135e+05)
Runtime: CPU: 0:00:01.0 REAL: 0:00:01.0 MEM: 10824.3MB
*** Finished place_detail (0:17:34 mem=10824.3M) ***
Finished re-routing un-routed nets (0:00:00.0 10819.3M)


Density : 0.1340
Max route overflow : 0.0000


*** Finish Physical Update (cpu=0:00:01.8 real=0:00:02.0 mem=10819.3M) ***
*** DrvOpt #2 [finish] (opt_design #1) : cpu/real = 0:00:05.0/0:00:05.1 (1.0), totSession cpu/real = 0:17:35.2/0:19:12.8 (0.9), mem = 10734.2M
End: GigaOpt DRV Optimization
GigaOpt: Cleaning up trial route
[NR-eGR] Track table information for default rule: 
[NR-eGR] M1 has single uniform track structure
[NR-eGR] M2 has single uniform track structure
[NR-eGR] M3 has single uniform track structure
[NR-eGR] M4 has single uniform track structure
[NR-eGR] M5 has single uniform track structure
[NR-eGR] M6 has single uniform track structure
[NR-eGR] M7 has single uniform track structure
[NR-eGR] M8 has single uniform track structure
[NR-eGR] M9 has single uniform track structure
[NR-eGR] AP has single uniform track structure
[NR-eGR] Read 14981 PG shapes
[NR-eGR] Read 0 clock shapes
[NR-eGR] Read 0 other shapes
[NR-eGR] #Routing Blockages  : 44
[NR-eGR] #Instance Blockages : 39256
[NR-eGR] #PG Blockages       : 14981
[NR-eGR] #Halo Blockages     : 0
[NR-eGR] #Boundary Blockages : 0
[NR-eGR] #Clock Blockages    : 0
[NR-eGR] #Other Blockages    : 0
[NR-eGR] Num Prerouted Nets = 0  Num Prerouted Wires = 0
[NR-eGR] Read 26997 nets ( ignored 0 )
[NR-eGR] There are 59 clock nets ( 0 with NDR ).
[NR-eGR] ============ Routing rule table ============
[NR-eGR] Rule id: 0  Nets: 26962
[NR-eGR] ========================================
[NR-eGR] 
[NR-eGR] Layer group 1: route 26962 net(s) in layer range [2, 10]
[NR-eGR] Early Global Route overflow of layer group 1: 0.00% H + 0.00% V. EstWL: 7.637508e+05um
[NR-eGR] Congestion Analysis By layer: (blocked Gcells are excluded) 
[NR-eGR]                        OverCon           OverCon           OverCon           OverCon            
[NR-eGR]                         #Gcell            #Gcell            #Gcell            #Gcell     %Gcell
[NR-eGR]        Layer             (1-4)             (5-8)            (9-12)           (13-15)    OverCon
[NR-eGR] -------------------------------------------------------------------------------------------------
[NR-eGR]      M1 ( 1)         0( 0.00%)         0( 0.00%)         0( 0.00%)         0( 0.00%)   ( 0.00%) 
[NR-eGR]      M2 ( 2)        13( 0.00%)         0( 0.00%)         0( 0.00%)         0( 0.00%)   ( 0.00%) 
[NR-eGR]      M3 ( 3)         0( 0.00%)         0( 0.00%)         0( 0.00%)         0( 0.00%)   ( 0.00%) 
[NR-eGR]      M4 ( 4)         0( 0.00%)         0( 0.00%)         0( 0.00%)         0( 0.00%)   ( 0.00%) 
[NR-eGR]      M5 ( 5)         0( 0.00%)         0( 0.00%)         0( 0.00%)         0( 0.00%)   ( 0.00%) 
[NR-eGR]      M6 ( 6)         1( 0.00%)         0( 0.00%)         0( 0.00%)         0( 0.00%)   ( 0.00%) 
[NR-eGR]      M7 ( 7)         4( 0.00%)         0( 0.00%)         0( 0.00%)         0( 0.00%)   ( 0.00%) 
[NR-eGR]      M8 ( 8)        13( 0.00%)         0( 0.00%)         0( 0.00%)         0( 0.00%)   ( 0.00%) 
[NR-eGR]      M9 ( 9)         4( 0.00%)        26( 0.00%)         0( 0.00%)        26( 0.00%)   ( 0.00%) 
[NR-eGR]      AP (10)        52( 0.01%)         0( 0.00%)         0( 0.00%)         0( 0.00%)   ( 0.01%) 
[NR-eGR] -------------------------------------------------------------------------------------------------
[NR-eGR]        Total        87( 0.00%)        26( 0.00%)         0( 0.00%)        26( 0.00%)   ( 0.00%) 
[NR-eGR] 
[NR-eGR] Overflow after Early Global Route 0.00% H + 0.00% V
[NR-eGR]             Length (um)    Vias 
[NR-eGR] --------------------------------
[NR-eGR]  M1  (1H)             0   94485 
[NR-eGR]  M2  (2V)        167743  133365 
[NR-eGR]  M3  (3H)        218005   15162 
[NR-eGR]  M4  (4V)        119270    5983 
[NR-eGR]  M5  (5H)         94438    1241 
[NR-eGR]  M6  (6V)         84353     280 
[NR-eGR]  M7  (7H)         55782     189 
[NR-eGR]  M8  (8V)         19628     225 
[NR-eGR]  M9  (9H)         23295     190 
[NR-eGR]  AP  (10V)          202       0 
[NR-eGR] --------------------------------
[NR-eGR]      Total       782716  251120 
[NR-eGR] --------------------------------------------------------------------------
[NR-eGR] Total half perimeter of net bounding box: 710941um
[NR-eGR] Total length: 782716um, number of vias: 251120
[NR-eGR] --------------------------------------------------------------------------
[NR-eGR] Total eGR-routed clock nets wire length: 18880um, number of vias: 6686
[NR-eGR] --------------------------------------------------------------------------
[NR-eGR] Finished Early Global Route kernel ( CPU: 3.35 sec, Real: 3.73 sec, Curr Mem: 10750.85 MB )
GigaOpt: Cleaning up extraction
Extraction called for design 'lp_riscv_top' of instances=47054 and nets=28172 using extraction engine 'pre_route' .
pre_route RC Extraction called for design lp_riscv_top.
RC Extraction called in multi-corner(2) mode.
RCMode: PreRoute
      RC Corner Indexes            0       1   
Capacitance Scaling Factor   : 1.00000 1.00000 
Resistance Scaling Factor    : 1.00000 1.00000 
Clock Cap. Scaling Factor    : 1.00000 1.00000 
Clock Res. Scaling Factor    : 1.00000 1.00000 
Shrink Factor                : 1.00000
PreRoute extraction is honoring NDR/Shielding/ExtraSpace for clock nets.
Using Quantus QRC technology file ...
Updating RC grid for preRoute extraction ...
Initializing multi-corner resistance tables ...
PreRoute RC Extraction DONE (CPU Time: 0:00:00.4  Real Time: 0:00:01.0  MEM: 10677.852M)
GigaOpt: Cleaning up delay & timing
AAE_INFO: opIsDesignInPostRouteState() is 0
#################################################################################
# Design Stage: PreRoute
# Design Name: lp_riscv_top
# Design Mode: 65nm
# Analysis Mode: MMMC OCV 
# Parasitics Mode: No SPEF/RCDB 
# Signoff Settings: SI Off (EWM)
#################################################################################
Start delay calculation (fullDC) (1 T). (MEM=10682.4)
Total number of fetched objects 27253
AAE_INFO: Total number of nets for which stage creation was skipped for all views 0
End delay calculation. (MEM=10749.8 CPU=0:00:05.1 REAL=0:00:05.0)
End delay calculation (fullDC). (MEM=10749.8 CPU=0:00:05.8 REAL=0:00:06.0)
Begin: GigaOpt DRV Optimization (small scale fixing)
GigaOpt Checkpoint: Internal optDRV -max_tran -max_cap -numThreads 1 -max_fanout -preCTS -maxLocalDensity 1.2 -smallScaleFixing  -maxIter 3 -setupTNSCostFactor 3.0
*** DrvOpt #3 [begin] (opt_design #1) : totSession cpu/real = 0:17:46.2/0:19:24.2 (0.9), mem = 10757.8M
Info: 0 don't touch net , 128 undriven nets excluded from IPO operation.
Info: 35 top-level, potential tri-state nets excluded from IPO operation.
Info: 35 io nets excluded
Info: 60 clock nets excluded from IPO operation.
+-------------------------------------------------------------------------------------------------------------------------------------------------------+
|        max-tran       |        max-cap        |  max-fanout |  max-length |       setup       |        |        |        |       |          |         |
+-------------------------------------------------------------------------------------------------------------------------------------------------------+
| nets | terms|  wViol  | nets | terms|  wViol  | nets | terms| nets | terms|   WNS   |   TNS   |  #Buf  |  #Inv  | #Resize|Density|   Real   |   Mem   |
+-------------------------------------------------------------------------------------------------------------------------------------------------------+
|   111|   320|    -0.76|     0|     0|     0.00|     0|     0|     0|     0|    -0.32|   -89.66|       0|       0|       0| 13.40%|          |         |
|    83|   156|    -0.63|     0|     0|     0.00|     0|     0|     0|     0|    -0.32|   -89.58|      13|      26|      68| 13.44%| 0:00:01.0| 10814.3M|
|    81|   146|    -0.52|     0|     0|     0.00|     0|     0|     0|     0|    -0.32|   -89.58|       1|      16|      17| 13.46%| 0:00:01.0| 10814.3M|
|    79|   139|    -0.51|     0|     0|     0.00|     0|     0|     0|     0|    -0.32|   -89.58|       4|       4|       7| 13.47%| 0:00:01.0| 10814.3M|
+-------------------------------------------------------------------------------------------------------------------------------------------------------+
Bottom Preferred Layer:
    None
Via Pillar Rule:
    None


=======================================================================
                Reasons for remaining drv violations
=======================================================================
*info: Total 75 net(s) have violations which can't be fixed by DRV optimization.

MultiBuffering failure reasons
------------------------------------------------
*info:    36 net(s): Could not be fixed because the gain is not enough.
*info:     5 net(s): Could not be fixed because the net has less than two terms.
*info:    33 net(s): Could not be fixed because it is multi driver net.
*info:     1 net(s): Could not be fixed as the net is considered as IPO ignored by the process.

*info: Total 4 net(s) were new nets created by previous iteration of DRV buffering. Further DRV fixing might remove some violations.


*** Finish DRV Fixing (cpu=0:00:03.7 real=0:00:04.0 mem=10814.3M) ***

*** Starting place_detail (0:17:52 mem=10811.3M) ***
Total net bbox length = 7.115e+05 (3.608e+05 3.507e+05) (ext = 1.135e+05)
Move report: Detail placement moves 402 insts, mean move: 4.84 um, max move: 21.60 um 
	Max move on inst (i_ioring/placement_opt_inst_FE_OFC10254_placement_opt_inst_FE_OFN14884_n): (120.80, 1185.60) --> (120.80, 1164.00)
	Runtime: CPU: 0:00:00.9 REAL: 0:00:01.0 MEM: 10819.3MB
Summary Report:
Instances move: 402 (out of 26509 movable)
Instances flipped: 0
Mean displacement: 4.84 um
Max displacement: 21.60 um (Instance: i_ioring/placement_opt_inst_FE_OFC10254_placement_opt_inst_FE_OFN14884_n) (120.8, 1185.6) -> (120.8, 1164)
	Length: 4 sites, height: 1 rows, site name: sc9_cln65lp, cell type: INV_X2M_A9TL
Total net bbox length = 7.134e+05 (3.619e+05 3.514e+05) (ext = 1.140e+05)
Runtime: CPU: 0:00:00.9 REAL: 0:00:01.0 MEM: 10819.3MB
*** Finished place_detail (0:17:53 mem=10819.3M) ***
Finished re-routing un-routed nets (0:00:00.0 10812.3M)


Density : 0.1347
Max route overflow : 0.0000


*** Finish Physical Update (cpu=0:00:01.9 real=0:00:02.0 mem=10812.3M) ***
*** DrvOpt #3 [finish] (opt_design #1) : cpu/real = 0:00:07.2/0:00:07.2 (1.0), totSession cpu/real = 0:17:53.4/0:19:31.4 (0.9), mem = 10729.2M
End: GigaOpt DRV Optimization (small scale fixing)
GigaOpt: Cleaning up delay & timing
GigaOpt DRV: restore maxLocalDensity to 0.98
** Profile ** Start :  cpu=0:00:00.0, mem=10729.2M
** Profile ** Other data :  cpu=0:00:00.2, mem=10729.2M
** Profile ** Overall slacks :  cpu=0:00:00.1, mem=10739.2M
** Profile ** DRVs :  cpu=0:00:00.3, mem=10775.3M

------------------------------------------------------------------
     Summary (cpu=0.44min real=0.45min mem=10729.2M)
------------------------------------------------------------------

Setup views included:
 wc_analysis_view 

+--------------------+---------+
|     Setup mode     |   all   |
+--------------------+---------+
|           WNS (ns):| -0.322  |
|           TNS (ns):| -89.577 |
|    Violating Paths:|   689   |
|          All Paths:|  4434   |
+--------------------+---------+

+----------------+-------------------------------+------------------+
|                |              Real             |       Total      |
|    DRVs        +------------------+------------+------------------|
|                |  Nr nets(terms)  | Worst Vio  |  Nr nets(terms)  |
+----------------+------------------+------------+------------------+
|   max_cap      |      0 (0)       |   0.000    |     50 (50)      |
|   max_tran     |     24 (48)      |   -0.444   |     63 (121)     |
|   max_fanout   |      0 (0)       |     0      |     54 (54)      |
|   max_length   |      0 (0)       |     0      |      0 (0)       |
+----------------+------------------+------------+------------------+

Density: 13.473%
Routing Overflow: 0.00% H and 0.00% V
------------------------------------------------------------------
** Profile ** Report data :  cpu=0:00:00.2, mem=10775.3M
**opt_design ... cpu = 0:00:59, real = 0:01:00, mem = 2821.7M, totSessionCpu=0:17:54 **
[NR-eGR] Track table information for default rule: 
[NR-eGR] M1 has single uniform track structure
[NR-eGR] M2 has single uniform track structure
[NR-eGR] M3 has single uniform track structure
[NR-eGR] M4 has single uniform track structure
[NR-eGR] M5 has single uniform track structure
[NR-eGR] M6 has single uniform track structure
[NR-eGR] M7 has single uniform track structure
[NR-eGR] M8 has single uniform track structure
[NR-eGR] M9 has single uniform track structure
[NR-eGR] AP has single uniform track structure
[NR-eGR] Read 14981 PG shapes
[NR-eGR] Read 0 clock shapes
[NR-eGR] Read 0 other shapes
[NR-eGR] #Routing Blockages  : 44
[NR-eGR] #Instance Blockages : 39256
[NR-eGR] #PG Blockages       : 14981
[NR-eGR] #Halo Blockages     : 0
[NR-eGR] #Boundary Blockages : 0
[NR-eGR] #Clock Blockages    : 0
[NR-eGR] #Other Blockages    : 0
[NR-eGR] Num Prerouted Nets = 0  Num Prerouted Wires = 0
[NR-eGR] Read 27061 nets ( ignored 0 )
[NR-eGR] There are 59 clock nets ( 0 with NDR ).
[NR-eGR] ============ Routing rule table ============
[NR-eGR] Rule id: 0  Nets: 27026
[NR-eGR] ========================================
[NR-eGR] 
[NR-eGR] Layer group 1: route 27026 net(s) in layer range [2, 10]
[NR-eGR] Early Global Route overflow of layer group 1: 0.00% H + 0.00% V. EstWL: 7.662150e+05um
[NR-eGR] Congestion Analysis By layer: (blocked Gcells are excluded) 
[NR-eGR]                        OverCon           OverCon           OverCon           OverCon            
[NR-eGR]                         #Gcell            #Gcell            #Gcell            #Gcell     %Gcell
[NR-eGR]        Layer             (1-4)             (5-8)            (9-12)           (13-15)    OverCon
[NR-eGR] -------------------------------------------------------------------------------------------------
[NR-eGR]      M1 ( 1)         0( 0.00%)         0( 0.00%)         0( 0.00%)         0( 0.00%)   ( 0.00%) 
[NR-eGR]      M2 ( 2)        10( 0.00%)         0( 0.00%)         0( 0.00%)         0( 0.00%)   ( 0.00%) 
[NR-eGR]      M3 ( 3)         0( 0.00%)         0( 0.00%)         0( 0.00%)         0( 0.00%)   ( 0.00%) 
[NR-eGR]      M4 ( 4)         0( 0.00%)         0( 0.00%)         0( 0.00%)         0( 0.00%)   ( 0.00%) 
[NR-eGR]      M5 ( 5)         0( 0.00%)         0( 0.00%)         0( 0.00%)         0( 0.00%)   ( 0.00%) 
[NR-eGR]      M6 ( 6)         0( 0.00%)         0( 0.00%)         0( 0.00%)         0( 0.00%)   ( 0.00%) 
[NR-eGR]      M7 ( 7)         4( 0.00%)         0( 0.00%)         0( 0.00%)         0( 0.00%)   ( 0.00%) 
[NR-eGR]      M8 ( 8)        12( 0.00%)         0( 0.00%)         0( 0.00%)         0( 0.00%)   ( 0.00%) 
[NR-eGR]      M9 ( 9)         5( 0.00%)        26( 0.00%)         0( 0.00%)        26( 0.00%)   ( 0.00%) 
[NR-eGR]      AP (10)        52( 0.01%)         0( 0.00%)         0( 0.00%)         0( 0.00%)   ( 0.01%) 
[NR-eGR] -------------------------------------------------------------------------------------------------
[NR-eGR]        Total        83( 0.00%)        26( 0.00%)         0( 0.00%)        26( 0.00%)   ( 0.00%) 
[NR-eGR] 
[NR-eGR] Overflow after Early Global Route 0.00% H + 0.00% V
[NR-eGR] Finished Early Global Route kernel ( CPU: 2.28 sec, Real: 2.68 sec, Curr Mem: 10936.95 MB )
[hotspot] +------------+---------------+---------------+
[hotspot] |            |   max hotspot | total hotspot |
[hotspot] +------------+---------------+---------------+
[hotspot] | normalized |          0.00 |          0.00 |
[hotspot] +------------+---------------+---------------+
Local HotSpot Analysis: normalized max congestion hotspot area = 0.00, normalized total congestion hotspot area = 0.00 (area is in unit of 4 std-cell row bins)
[hotspot] Hotspot report including placement blocked areas
[hotspot] +------------+---------------+---------------+
[hotspot] |            |   max hotspot | total hotspot |
[hotspot] +------------+---------------+---------------+
[hotspot] | normalized |          0.00 |          0.00 |
[hotspot] +------------+---------------+---------------+
Local HotSpot Analysis (blockage included): normalized max congestion hotspot area = 0.00, normalized total congestion hotspot area = 0.00 (area is in unit of 4 std-cell row bins)
cleaningup cpe interface
Reported timing to dir ./timingReports
**opt_design ... cpu = 0:01:01, real = 0:01:03, mem = 2822.5M, totSessionCpu=0:17:57 **
** Profile ** Start :  cpu=0:00:00.0, mem=10710.0M
** Profile ** Other data :  cpu=0:00:00.2, mem=10710.0M
** Profile ** Overall slacks :  cpu=0:00:01.0, mem=10728.0M
** Profile ** wc_analysis_view slacks :  cpu=0:00:00.1, mem=10728.0M
** Profile ** Total reports :  cpu=0:00:00.1, mem=10720.0M
** Profile ** wc_analysis_view reports :  cpu=0:00:00.0, mem=10719.0M
** Profile ** DRVs :  cpu=0:00:00.7, mem=10731.5M

------------------------------------------------------------------
     opt_design Final Summary
------------------------------------------------------------------

Setup views included:
 wc_analysis_view 

+--------------------+---------+---------+---------+---------+---------+---------+---------+
|     Setup mode     |   all   | reg2reg |reg2cgate| in2reg  | reg2out | in2out  | default |
+--------------------+---------+---------+---------+---------+---------+---------+---------+
|           WNS (ns):| -0.322  | -0.322  | -0.001  |  0.489  |  1.553  |   N/A   |  0.000  |
|           TNS (ns):| -89.577 | -89.576 | -0.001  |  0.000  |  0.000  |   N/A   |  0.000  |
|    Violating Paths:|   689   |   688   |    1    |    0    |    0    |   N/A   |    0    |
|          All Paths:|  4434   |  2148   |   52    |  2454   |    1    |   N/A   |    0    |
+--------------------+---------+---------+---------+---------+---------+---------+---------+
|wc_analysis_view    | -0.322  | -0.322  | -0.001  |  0.489  |  1.553  |   N/A   |  0.000  |
|                    | -89.577 | -89.576 | -0.001  |  0.000  |  0.000  |   N/A   |  0.000  |
|                    |   689   |   688   |    1    |    0    |    0    |   N/A   |    0    |
|                    |  4434   |  2148   |   52    |  2454   |    1    |   N/A   |    0    |
+--------------------+---------+---------+---------+---------+---------+---------+---------+

+----------------+-------------------------------+------------------+
|                |              Real             |       Total      |
|    DRVs        +------------------+------------+------------------|
|                |  Nr nets(terms)  | Worst Vio  |  Nr nets(terms)  |
+----------------+------------------+------------+------------------+
|   max_cap      |      0 (0)       |   0.000    |     50 (50)      |
|   max_tran     |     24 (48)      |   -0.444   |     63 (121)     |
|   max_fanout   |      0 (0)       |     0      |     54 (54)      |
|   max_length   |      0 (0)       |     0      |      0 (0)       |
+----------------+------------------+------------+------------------+

Density: 13.473%
Routing Overflow: 0.00% H and 0.00% V
------------------------------------------------------------------
** Profile ** Report data :  cpu=0:00:00.4, mem=10731.5M
**opt_design ... cpu = 0:01:04, real = 0:01:05, mem = 2822.9M, totSessionCpu=0:17:59 **
*** Finished opt_design ***
cleaningup cpe interface
      flow.cputime  flow.realtime  timing.setup.tns  timing.setup.wns  snapshot
UM:*                                     -89.577 ns         -0.322 ns  final
UM: Running design category ...
------------------------------------------------------------
	Current design flip-flop statistics

Single-Bit FF Count          :         2188
Multi-Bit FF Count           :            0
Total Bit Count              :         2188
Total FF Count               :         2188
Bits Per Flop                :        1.000
Total Clock Pin Cap(FF)      :     1899.636
Multibit Conversion Ratio(%) :         0.00
------------------------------------------------------------
------------------------------------------------------------
            Multi-bit cell usage statistics

------------------------------------------------------------
============================================================
Sequential Multibit cells usage statistics
------------------------------------------------------------
            Not Merged-bits         Merged-bits     Multibit Conversion %     Bits Per Flop
------------------------------------------------------------
-FlipFlops             2188                    0        0.00                    1.00
------------------------------------------------------------

------------------------------------------------------------
Seq_Mbit libcell              Bitwidth        Count
------------------------------------------------------------
Total 0
============================================================
------------------------------------------------------------
Category            Num of Insts Rejected     Reasons
------------------------------------------------------------
------------------------------------------------------------
      flow.cputime  flow.realtime  timing.setup.tns  timing.setup.wns  snapshot
UM:          68.61             71        -89.577 ns         -0.322 ns  opt_design_prects_drv
cleaningup cpe interface
*** opt_design #1 [finish] : cpu/real = 0:01:05.0/0:01:06.7 (1.0), totSession cpu/real = 0:18:00.3/0:19:39.3 (0.9), mem = 10737.4M
@innovus 220> 

@innovus 220> enics_create_stage_reports -pop_snapshot yes
enics_create_stage_reports -pop_snapshot yes

ENICSINFO: Starting to create reports for stage: placement
----------------------------------------------------------
ENICSINFO: Reports directory is: /data/project/tsmc65/users/liosky/ws/DVD25/hw7/workspace/../reports/placement/ 
ENICSINFO: Export directory is: /data/project/tsmc65/users/liosky/ws/DVD25/hw7/workspace/../export/placement/ 
ENICSINFO: Export directory is: /data/project/tsmc65/users/liosky/ws/DVD25/hw7/workspace/../export/placement/ 
ENICSINFO: Reporting Timing
ENICSINFO: Writing out Database
wc_timing_condition bc_timing_condition tc_timing_condition
#% Begin save design ... (date=02/10 16:08:27, mem=2718.6M)
% Begin Save ccopt configuration ... (date=02/10 16:08:27, mem=2718.6M)
% End Save ccopt configuration ... (date=02/10 16:08:27, total cpu=0:00:00.0, real=0:00:00.0, peak res=2718.7M, current mem=2718.7M)
% Begin Save netlist data ... (date=02/10 16:08:27, mem=2718.7M)
Writing Binary DB to /data/project/tsmc65/users/liosky/ws/DVD25/hw7/workspace/../dbs/placement.tmp/lp_riscv_top.v.bin in single-threaded mode...
% End Save netlist data ... (date=02/10 16:08:27, total cpu=0:00:00.1, real=0:00:00.0, peak res=2718.7M, current mem=2718.7M)
Writing Netlist "/data/project/tsmc65/users/liosky/ws/DVD25/hw7/workspace/../dbs/placement.tmp/lp_riscv_top.v.gz" ...
Saving symbol-table file ...
Saving congestion map file /data/project/tsmc65/users/liosky/ws/DVD25/hw7/workspace/../dbs/placement.tmp/lp_riscv_top.route.congmap.gz ...
% Begin Save AAE data ... (date=02/10 16:08:28, mem=2718.8M)
Saving AAE Data ...
% End Save AAE data ... (date=02/10 16:08:28, total cpu=0:00:00.0, real=0:00:00.0, peak res=2719.0M, current mem=2719.0M)
Saving preference file /data/project/tsmc65/users/liosky/ws/DVD25/hw7/workspace/../dbs/placement.tmp/gui.pref.tcl ...
Saving mode setting ...
Saving root attributes to be loaded post write_db ...
Saving global file ...
Saving root attributes to be loaded previous write_db ...
% Begin Save floorplan data ... (date=02/10 16:08:29, mem=2720.2M)
Saving floorplan file ...
% End Save floorplan data ... (date=02/10 16:08:30, total cpu=0:00:00.1, real=0:00:01.0, peak res=2720.2M, current mem=2720.2M)
Saving PG file /data/project/tsmc65/users/liosky/ws/DVD25/hw7/workspace/../dbs/placement.tmp/lp_riscv_top.pg.gz, version#2, (Created by Innovus v21.15-s110_1 on Mon Feb 10 16:08:30 2025)
*** Completed savePGFile (cpu=0:00:00.0 real=0:00:00.0 mem=10648.9M) ***
Saving Drc markers ...
... 2 markers are saved ...
... 0 geometry drc markers are saved ...
... 0 antenna drc markers are saved ...
% Begin Save placement data ... (date=02/10 16:08:30, mem=2720.2M)
** Saving stdCellPlacement_binary (version# 2) ...
Save Adaptive View Pruning View Names to Binary file
% End Save placement data ... (date=02/10 16:08:30, total cpu=0:00:00.0, real=0:00:00.0, peak res=2720.2M, current mem=2720.2M)
% Begin Save routing data ... (date=02/10 16:08:30, mem=2720.2M)
Saving route file ...
*** Completed saveRoute (cpu=0:00:00.2 real=0:00:01.0 mem=10648.9M) ***
% End Save routing data ... (date=02/10 16:08:31, total cpu=0:00:00.2, real=0:00:01.0, peak res=2720.2M, current mem=2720.2M)
Saving property file /data/project/tsmc65/users/liosky/ws/DVD25/hw7/workspace/../dbs/placement.tmp/lp_riscv_top.prop
*** Completed saveProperty (cpu=0:00:00.0 real=0:00:00.0 mem=10651.9M) ***
Saving rc congestion map /data/project/tsmc65/users/liosky/ws/DVD25/hw7/workspace/../dbs/placement.tmp/lp_riscv_top.congmap.gz ...
Saving preRoute extracted patterns in file '/data/project/tsmc65/users/liosky/ws/DVD25/hw7/workspace/../dbs/placement.tmp/lp_riscv_top.techData.gz' ...
Saving preRoute extraction data in directory '/data/project/tsmc65/users/liosky/ws/DVD25/hw7/workspace/../dbs/placement.tmp/extraction/' ...
% Begin Save power constraints data ... (date=02/10 16:08:31, mem=2720.3M)
% End Save power constraints data ... (date=02/10 16:08:31, total cpu=0:00:00.0, real=0:00:00.0, peak res=2720.3M, current mem=2720.3M)
tc_rc_corner bc_rc_corner wc_rc_corner
tc_rc_corner bc_rc_corner wc_rc_corner
tc_rc_corner bc_rc_corner wc_rc_corner
tc_rc_corner bc_rc_corner wc_rc_corner
tc_rc_corner bc_rc_corner wc_rc_corner
tc_rc_corner bc_rc_corner wc_rc_corner
tc_rc_corner bc_rc_corner wc_rc_corner
Generated self-contained design placement.tmp
#% End save design ... (date=02/10 16:08:33, total cpu=0:00:02.2, real=0:00:06.0, peak res=2721.0M, current mem=2721.0M)
*** Message Summary: 0 warning(s), 0 error(s)

ENICSINFO: Starting specific reports for post placement stage
Begin checking placement ... (start mem=10629.7M, init mem=10629.7M)
Not Placed on Placement Grid:	2
Overlapping with other instance:	7122
IO instance overlap:4
*info: Placed = 43762          (Fixed = 17253)
*info: Unplaced = 0           
Placement Density:13.47%(84246/625313)
Placement Density (including fixed std cells):15.16%(96667/637734)
Finished check_place (total: cpu=0:00:00.9, real=0:00:01.0; vio checks: cpu=0:00:00.6, real=0:00:01.0; mem=10629.7M)
default core: bins with density > 0.750 = 45.36 % ( 1633 / 3600 )
bin size: 90 sites by 10 row(s). total 3600 bins ( 60 by 60 )
  density range     #bins    %
  (0.750 - 0.800]      77   2.14
  (0.800 - 0.850]      27   0.75
  (0.850 - 0.900]       7   0.19
  (0.900 - 0.950]      29   0.81
  (0.950 - 1.000]      78   2.17
  (1.000 - 1.050]     689  19.14
  (1.050 - 1.100]       1   0.03
  (1.150 - 1.200]       3   0.08
  > 1.200             722  20.06
  total              1633  45.36

Density distribution unevenness ratio = 52.331%
**WARN: (IMPSP-9005):	The command 'queryPlaceDensity' is obsolete.  To check the density of each constraint, use the 'checkFPlan -reportUtil' command.
Average module density = 0.135.
Density for the design = 0.135.
       = stdcell_area 234018 sites (84246 um^2) / alloc_area 1736980 sites (625313 um^2).
Pin Density = 0.03015.
            = total # of pins 95409 / total area 3164841.
@innovus 221> 

@innovus 221> 

############################################
# Clock Tree Synthesis
############################################
enics_start_stage "cts"
@innovus 221> ############################################
@innovus 222> # Clock Tree Synthesis
@innovus 223> ############################################
@innovus 224> enics_start_stage "cts"
***************************************
***************************************
**   ENICSINFO: Starting stage cts   **
***************************************
***************************************
ENICSINFO: Current time is: 10/02/2025 16:08
ENICSINFO: ----------------------------------
@innovus 225> 

@innovus 225> # -----------------------------
# -----------------------------
@innovus 226> # Load Clock Tree Configuration
# Load Clock Tree Configuration
@innovus 227> # -----------------------------
# -----------------------------
@innovus 228> # create_clock_tree_spec -out_file tmp_clock_spec.ccopt# create_clock_tree_spec -out_file tmp_clock_spec.ccopt

@innovus 229> enics_message "Reading in clock spec from $design(clock_tree_spec) [1G"
enics_message "Reading in clock spec from $design(clock_tree_spec)"
ENICSINFO: Reading in clock spec from /data/project/tsmc65/users/liosky/ws/DVD25/hw7/workspace/../inputs/lp_riscv_top.ccopt
@innovus 230> reset_ccopt_creset_ccopt_config
onfig
@innovus 231> source $design(clock_tree_spec)
source $design(clock_tree_spec)
#@ Begin verbose source (pre): source $design(clock_tree_spec)
@file 1: # To get a list of all properties:
@file 2: # get_db -category cts * 
@file 3:
@file 4: # Define Clock Trees and Skew Groups
@file 5:
@file 6: foreach clk_name $design(clock_list) \
        clk_port $design(clock_port_list) \
        clk_period $design(clock_period_list) {
            create_clock_tree -name $clk_name -source $clk_port -no_skew_group
            create_skew_group -name $clk_name -sources $clk_port -auto_sinks
            set_db clock_tree:$clk_name .cts_source_driver $tech(CCOPT_DRIVING_PIN)
            set_db port:$clk_port .cts_clock_period $clk_period
        }
Extracting original clock gating for CLK...
  clock_tree CLK contains 2191 sinks and 58 clock gates.
Extracting original clock gating for CLK done.
The skew group CLK was created. It contains 2191 sinks and 1 sources.
**WARN: (IMPDBTCL-299):	The attribute 'cts_source_driver' still works but will be obsolete in a future major release. You should remove it from your script before the next major release to avoid errors. It should be changed to the new name of 'cts_clock_tree_source_driver'.
@file 14:
@file 15: # To define specific CTS members:
@file 16: # Add pins to a skew group
@file 17: #   update_skew_group -skew_group $skew_group -add_sinks $pins
@file 18: # Or define Stop Pins
@file 19: #   set_db pin:$pin .cts_sink_type stop
@file 20: # Define an Ignore Pin
@file 21: #   set_db pin:$pin .cts_sink_type ignore
@file 22: # Define an Exclude Pin
@file 23: #   set_db pin:$pin .cts_sink_type exclude
@file 24:
@file 25: # SDC Style Constraints
@@file 26: set_db cts_target_max_transition_time $design(CLOCK_MAX_TRANSITION)
@@file 27: set_db cts_max_fanout  $design(CLOCK_MAX_FANOUT)
@@file 28: set_db cts_target_max_capacitance $design(CLOCK_MAX_CAPACITANCE)
@file 29: # set_db cts_target_insertion_delay   0
@file 30: # set_db cts_target_skew 0.2
@file 31:
@file 32:
@file 33: # Library Cells
@@file 34: set_db cts_buffer_cells $tech(CLOCK_BUFFERS)
@@file 35: set_db cts_clock_gating_cells $tech(CLOCK_GATES)
@@file 36: set_db cts_inverter_cells  $tech(CLOCK_INVERTERS)
@@file 37: set_db cts_logic_cells $tech(CLOCK_LOGIC)
@@file 38: set_db cts_delay_cells $tech(CLOCK_DELAYS)
@file 39:
@file 40: # Define Non-Default Clock Routing Rules
@file 41: # --------------------------------------
@file 42: # create_route_rule -name CTS_2S2W   \
@file 43: #           -spacing_multiplier "M7:M8 2" \
@file 44: #           -width_multiplier   "M7:M8 2" \
@file 45: #           -min_cut            "VIA6:VIA8 2"
@file 46: # create_route_type -name clk_top  -route_rule CTS_2S2W \
@file 47: #           -top_preferred_layer M8 -bottom_preferred_layer M7 \
@file 48: #           -shield_net VSS
@file 49: # create_route_type -name clk_trunk  -route_rule CTS_2S2W \
@file 50: #           -top_preferred_layer M8 -bottom_preferred_layer M7 \
@file 51: #           -shield_net VSS
@file 52: # set_db cts_route_type_top   clk_top
@file 53: # set_db cts_route_type_trunk clk_trunk
@file 54: # set_db cts_route_type_leaf  clk_leaf
@file 55:
@file 56: # Allow CTS to resize dont_touch cells (such as clock gates and muxes)
@file 57: #set_db cts_allow_resize_of_dont_touch_cells     true
@file 58:
@file 59:
@@file 60: check_clock_tree_convergence
Checking clock tree convergence...
Checking clock tree convergence done.
@file 61:
@file 62:
@file 63:
#@ End verbose source: /data/project/tsmc65/users/liosky/ws/DVD25/hw7/workspace/../inputs/lp_riscv_top.ccopt
@innovus 232> 

@innovus 232> enics_message "Starting ccopt_design" medium
enics_message "Starting ccopt_design" medium

ENICSINFO: Starting ccopt_design
--------------------------------
@innovus 233> ccopt_design -report_dir "$design(reports_dir)/cts/ccopt_design"   [1G
ccopt_design -report_dir "$design(reports_dir)/cts/ccopt_design"  
#% Begin ccopt_design (date=02/10 16:08:35, mem=2722.1M)
Turning off fast DC mode.
*** ccopt_design #1 [begin] : totSession cpu/real = 0:18:04.4/0:19:47.3 (0.9), mem = 10603.9M
Runtime...
**INFO: User's settings:
delaycal_enable_high_fanout                                    true
delaycal_equivalent_waveform_model                             propagation
delaycal_ignore_net_load                                       false
delaycal_socv_accuracy_mode                                    low
setAnalysisMode -cts                                           postCTS
setDelayCalMode -engine                                        aae
design_process_node                                            65
extract_rc_coupled                                             true
extract_rc_coupling_cap_threshold                              3.0
extract_rc_effort_level                                        medium
extract_rc_engine                                              pre_route
extract_rc_relative_cap_threshold                              0.03
extract_rc_shrink_factor                                       1.0
extract_rc_total_cap_threshold                                 5.0
opt_drv_margin                                                 0.0
opt_fix_drv                                                    true
opt_fix_fanout_load                                            true
opt_fix_hold_verbose                                           true
opt_new_inst_prefix                                            cts_opt_inst_
opt_new_net_prefix                                             cts_opt_inst_
opt_preserve_all_sequential                                    true
opt_resize_flip_flops                                          true
opt_setup_target_slack                                         0.0
opt_time_design_compress_reports                               false
opt_time_design_expanded_view                                  true
opt_time_design_num_paths                                      10
opt_time_design_report_net                                     false
opt_view_pruning_hold_views_active_list                        { bc_analysis_view }
opt_view_pruning_setup_views_active_list                       { wc_analysis_view }
opt_view_pruning_setup_views_persistent_list                   { wc_analysis_view}
opt_view_pruning_tdgr_setup_views_persistent_list              { wc_analysis_view}
place_global_cong_effort                                       auto
reorder_scan_allow_swapping                                    true
route_design_extract_third_party_compatible                    false
route_design_filler_inst_prefix                                FILLDECAP
route_design_global_exp_timing_driven_std_delay                29.0
route_design_re_insert_filler_cell_list                        {FILLCAP128_A9TR FILLCAP65_A9TR FILLCAP32_A9TR FILLCAP17_A9TR FILLCAP8_A9TR FILLCAP6_A9TR FILL128_A9TR FILL64_A9TR FILL32_A9TR FILL16_A9TR FILL8_A9TR FILL4_A9TR FILL2_A9TR FILL1_A9TR}
route_design_re_insert_filler_cell_list_from_file              false
route_design_with_via_in_pin                                   true
getAnalysisMode -cts                                           postCTS
getDelayCalMode -engine                                        aae
getIlmMode -keepHighFanoutCriticalInsts                        false
get_power_analysis_mode -report_power_quiet                    false
getAnalysisMode -cts                                           postCTS
(ccopt_design): CTS Engine: auto. Used Spec: pre-existing CCOPT spec.
Placement constraints of type 'region' or 'fence' will not be downgraded to 'guide' because the attribute cts_change_fences_to_guides has been set to false.
Set place::cacheFPlanSiteMark to 1
'setDesignMode -flowEffort standard' => 'setOptMode -usefulSkewCCOpt standard' 
Using CCOpt effort standard.
CCOpt::Phase::Initialization...
Check Prerequisites...
Leaving CCOpt scope - CheckPlace...
Begin checking placement ... (start mem=10603.9M, init mem=10603.9M)
Not Placed on Placement Grid:	2
Overlapping with other instance:	7122
IO instance overlap:4
*info: Placed = 43762          (Fixed = 17253)
*info: Unplaced = 0           
Placement Density:13.47%(84246/625313)
Placement Density (including fixed std cells):15.16%(96667/637734)
Finished check_place (total: cpu=0:00:00.5, real=0:00:01.0; vio checks: cpu=0:00:00.4, real=0:00:01.0; mem=10603.9M)
**WARN: (IMPCCOPT-2030):	Found placement violations. Run check_place for more details.
Leaving CCOpt scope - CheckPlace done. (took cpu=0:00:00.5 real=0:00:00.5)
Innovus will update I/O latencies
Found 0 ideal nets, 0 pins with transition annotations, 0 instances with delay annotations, 0 nets with delay annotations, refer to logv for details.

Check Prerequisites done. (took cpu=0:00:00.5 real=0:00:00.6)
      flow.cputime  flow.realtime  timing.setup.tns  timing.setup.wns  snapshot
UM:*                                                                   Check Prerequisites
CCOpt::Phase::Initialization done. (took cpu=0:00:00.6 real=0:00:00.6)
      flow.cputime  flow.realtime  timing.setup.tns  timing.setup.wns  snapshot
UM:*                                                                   CCOpt::Phase::Initialization
Executing ccopt post-processing.
Synthesizing clock trees with CCOpt...
*** CTS #1 [begin] (ccopt_design #1) : totSession cpu/real = 0:18:12.6/0:19:55.5 (0.9), mem = 10603.9M
CCOpt::Phase::PreparingToBalance...
Leaving CCOpt scope - Initializing power interface...
Leaving CCOpt scope - Initializing power interface done. (took cpu=0:00:00.0 real=0:00:00.0)
Found 0 advancing pin insertion delay (0.000% of 2191 clock tree sinks)
Found 0 delaying pin insertion delay (0.000% of 2191 clock tree sinks)
Leaving CCOpt scope - optDesignGlobalRouteStep...
[NR-eGR] Started Early Global Route kernel ( Curr Mem: 10585.94 MB )
[NR-eGR] Track table information for default rule: 
[NR-eGR] M1 has single uniform track structure
[NR-eGR] M2 has single uniform track structure
[NR-eGR] M3 has single uniform track structure
[NR-eGR] M4 has single uniform track structure
[NR-eGR] M5 has single uniform track structure
[NR-eGR] M6 has single uniform track structure
[NR-eGR] M7 has single uniform track structure
[NR-eGR] M8 has single uniform track structure
[NR-eGR] M9 has single uniform track structure
[NR-eGR] AP has single uniform track structure
[NR-eGR] Read 14981 PG shapes
[NR-eGR] Read 0 clock shapes
[NR-eGR] Read 0 other shapes
[NR-eGR] #Routing Blockages  : 44
[NR-eGR] #Instance Blockages : 39256
[NR-eGR] #PG Blockages       : 14981
[NR-eGR] #Halo Blockages     : 0
[NR-eGR] #Boundary Blockages : 0
[NR-eGR] #Clock Blockages    : 0
[NR-eGR] #Other Blockages    : 0
[NR-eGR] Num Prerouted Nets = 0  Num Prerouted Wires = 0
[NR-eGR] Read 27061 nets ( ignored 0 )
[NR-eGR] There are 59 clock nets ( 0 with NDR ).
[NR-eGR] ============ Routing rule table ============
[NR-eGR] Rule id: 0  Nets: 27026
[NR-eGR] ========================================
[NR-eGR] 
[NR-eGR] Layer group 1: route 27026 net(s) in layer range [2, 10]
[NR-eGR] Early Global Route overflow of layer group 1: 0.00% H + 0.00% V. EstWL: 7.662150e+05um
[NR-eGR] Congestion Analysis By layer: (blocked Gcells are excluded) 
[NR-eGR]                        OverCon           OverCon           OverCon           OverCon            
[NR-eGR]                         #Gcell            #Gcell            #Gcell            #Gcell     %Gcell
[NR-eGR]        Layer             (1-4)             (5-8)            (9-12)           (13-15)    OverCon
[NR-eGR] -------------------------------------------------------------------------------------------------
[NR-eGR]      M1 ( 1)         0( 0.00%)         0( 0.00%)         0( 0.00%)         0( 0.00%)   ( 0.00%) 
[NR-eGR]      M2 ( 2)        10( 0.00%)         0( 0.00%)         0( 0.00%)         0( 0.00%)   ( 0.00%) 
[NR-eGR]      M3 ( 3)         0( 0.00%)         0( 0.00%)         0( 0.00%)         0( 0.00%)   ( 0.00%) 
[NR-eGR]      M4 ( 4)         0( 0.00%)         0( 0.00%)         0( 0.00%)         0( 0.00%)   ( 0.00%) 
[NR-eGR]      M5 ( 5)         0( 0.00%)         0( 0.00%)         0( 0.00%)         0( 0.00%)   ( 0.00%) 
[NR-eGR]      M6 ( 6)         0( 0.00%)         0( 0.00%)         0( 0.00%)         0( 0.00%)   ( 0.00%) 
[NR-eGR]      M7 ( 7)         4( 0.00%)         0( 0.00%)         0( 0.00%)         0( 0.00%)   ( 0.00%) 
[NR-eGR]      M8 ( 8)        12( 0.00%)         0( 0.00%)         0( 0.00%)         0( 0.00%)   ( 0.00%) 
[NR-eGR]      M9 ( 9)         5( 0.00%)        26( 0.00%)         0( 0.00%)        26( 0.00%)   ( 0.00%) 
[NR-eGR]      AP (10)        52( 0.01%)         0( 0.00%)         0( 0.00%)         0( 0.00%)   ( 0.01%) 
[NR-eGR] -------------------------------------------------------------------------------------------------
[NR-eGR]        Total        83( 0.00%)        26( 0.00%)         0( 0.00%)        26( 0.00%)   ( 0.00%) 
[NR-eGR] 
[NR-eGR] Overflow after Early Global Route 0.00% H + 0.00% V
[NR-eGR]             Length (um)    Vias 
[NR-eGR] --------------------------------
[NR-eGR]  M1  (1H)             0   94613 
[NR-eGR]  M2  (2V)        168663  133551 
[NR-eGR]  M3  (3H)        218377   15199 
[NR-eGR]  M4  (4V)        119582    5958 
[NR-eGR]  M5  (5H)         94206    1208 
[NR-eGR]  M6  (6V)         82718     279 
[NR-eGR]  M7  (7H)         52278     191 
[NR-eGR]  M8  (8V)         21349     225 
[NR-eGR]  M9  (9H)         27897     186 
[NR-eGR]  AP  (10V)          200       0 
[NR-eGR] --------------------------------
[NR-eGR]      Total       785269  251410 
[NR-eGR] --------------------------------------------------------------------------
[NR-eGR] Total half perimeter of net bounding box: 713352um
[NR-eGR] Total length: 785269um, number of vias: 251410
[NR-eGR] --------------------------------------------------------------------------
[NR-eGR] Total eGR-routed clock nets wire length: 18883um, number of vias: 6677
[NR-eGR] --------------------------------------------------------------------------
[NR-eGR] Finished Early Global Route kernel ( CPU: 3.24 sec, Real: 3.61 sec, Curr Mem: 10664.48 MB )
Leaving CCOpt scope - optDesignGlobalRouteStep done. (took cpu=0:00:03.3 real=0:00:03.7)
Legalization setup...
Using cell based legalization.
Initializing placement interface...
  Use check_library -place or consult logv if problems occur.
  Leaving CCOpt scope - Initializing placement interface...
  Leaving CCOpt scope - Initializing placement interface done. (took cpu=0:00:00.3 real=0:00:00.3)
Initializing placement interface done.
Leaving CCOpt scope - Cleaning up placement interface...
Leaving CCOpt scope - Cleaning up placement interface done. (took cpu=0:00:00.1 real=0:00:00.1)
Leaving CCOpt scope - Initializing placement interface...
Leaving CCOpt scope - Initializing placement interface done. (took cpu=0:00:00.2 real=0:00:00.2)
Legalization setup done. (took cpu=0:00:00.6 real=0:00:00.6)
      flow.cputime  flow.realtime  timing.setup.tns  timing.setup.wns  snapshot
UM:*                                                                   Legalization setup
Validating CTS configuration...
Checking module port directions...
Checking module port directions done. (took cpu=0:00:00.0 real=0:00:00.0)
Non-default attributes:
  Public non-default attributes:
    cts_buffer_cells is set for at least one object
    cts_clock_gating_cells is set for at least one object
    cts_clock_tree_source_driver is set for at least one object
    cts_delay_cells is set for at least one object
    cts_inverter_cells is set for at least one object
    cts_logic_cells is set for at least one object
    cts_merge_clock_gates is set for at least one object
    cts_merge_clock_logic is set for at least one object
    cts_route_type is set for at least one object
    cts_target_max_transition_time is set for at least one object
  No private non-default attributes
Route type trimming info:
  No route type modifications were made.
**ERROR: (IMPCCOPT-1349):	Clock tree CLK connects to 4 module(s) without definitions in the netlist.
Type 'man IMPCCOPT-1349' for more detail.
Updating RC grid for preRoute extraction ...
Initializing multi-corner resistance tables ...
**WARN: (IMPCCOPT-4385):	The user specified some logic cells to use for clock tree CLK, but none are suitable for resizing one or more preexisting instances of library cell PDDW1216SCDG. These cells from the library may be used for resizing insts of this type: PDDW1216SCDG 
Clock tree balancer configuration for clock_tree CLK:
Non-default attributes:
  Public non-default attributes:
    cts_clock_tree_source_driver: PDDW1216SCDG/C (default: )
    cts_merge_clock_gates: true (default: false)
    cts_merge_clock_logic: true (default: false)
    cts_route_type (leaf): default_route_type_leaf (default: default)
    cts_route_type (top): default_route_type_nonleaf (default: default)
    cts_route_type (trunk): default_route_type_nonleaf (default: default)
  No private non-default attributes
Found 1 module instances of undefined cell sp_hde_8192_m16
Found 1 module instances of undefined cell sp_hde_8192_m16
Found 1 module instances of undefined cell sp_hde_8192_m16
Found 1 module instances of undefined cell sp_hde_8192_m16
CTS will not run on this clock tree.
For power domain auto-default:
  Buffers:     BUF_X16B_A9TR BUF_X13B_A9TR BUF_X11B_A9TR BUF_X9B_A9TR BUF_X4B_A9TR 
  Inverters:   INV_X16B_A9TR INV_X13B_A9TR INV_X11B_A9TR INV_X9B_A9TR INV_X5B_A9TR INV_X3B_A9TR 
  Delay buffers: DLY2_X4M_A9TR DLY2_X2M_A9TR DLY4_X4M_A9TR DLY2_X1M_A9TR DLY4_X2M_A9TR DLY2_X0P5M_A9TR DLY4_X0P5M_A9TR DLY4_X1M_A9TR 
  Clock gates: POSTICG_X9B_A9TR POSTICG_X6B_A9TR POSTICG_X4B_A9TR POSTICG_X1P4B_A9TR POSTICG_X1B_A9TR 
  Unblocked area available for placement of any clock cells in power_domain auto-default: 631753.200um^2
Top Routing info:
  Route-type name: default_route_type_nonleaf; Top/bottom preferred layer name: M4/M3; 
  Unshielded; Mask Constraint: 0; Source: cts_route_type.
Trunk Routing info:
  Route-type name: default_route_type_nonleaf; Top/bottom preferred layer name: M4/M3; 
  Unshielded; Preferred extra space: 1; Mask Constraint: 0; Source: cts_route_type.
Leaf Routing info:
  Route-type name: default_route_type_leaf; Top/bottom preferred layer name: M4/M3; 
  Unshielded; Preferred extra space: 1; Mask Constraint: 0; Source: cts_route_type.
For timing_corner wc_dly_corner:setup, late and power domain auto-default:
  Slew time target (leaf):    0.250ns
  Slew time target (trunk):   0.250ns
  Slew time target (top):     0.250ns (Note: no nets are considered top nets in this clock tree)
  Buffer unit delay: 0.186ns
  Buffer max distance: 564.000um
Fastest wire driving cells and distances:
  Buffer    : {lib_cell:BUF_X16B_A9TR, fastest_considered_half_corner=wc_dly_corner:setup.late, optimalDrivingDistance=564.000um, saturatedSlew=0.204ns, speed=2026.590um per ns, cellArea=18.511um^2 per 1000um}
  Inverter  : {lib_cell:INV_X16B_A9TR, fastest_considered_half_corner=wc_dly_corner:setup.late, optimalDrivingDistance=515.750um, saturatedSlew=0.206ns, speed=2678.525um per ns, cellArea=16.054um^2 per 1000um}
  Clock gate: {lib_cell:POSTICG_X9B_A9TR, fastest_considered_half_corner=wc_dly_corner:setup.late, optimalDrivingDistance=352.218um, saturatedSlew=0.206ns, speed=1214.126um per ns, cellArea=31.685um^2 per 1000um}


Logic Sizing Table:

-----------------------------------------------------------------------
Cell            Instance count    Source         Eligible library cells
-----------------------------------------------------------------------
PDDW1216SCDG          1           library set    {PDDW1216SCDG}
-----------------------------------------------------------------------


Clock tree timing engine global stage delay update for wc_dly_corner:setup.late...
**WARN: (IMPCCOPT-2169):	Cannot extract parasitics for non-ILM net 'PAD_CLK' in RC corner wc_rc_corner.
**WARN: (IMPCCOPT-2171):	Unable to get/extract RC parasitics for net 'PAD_CLK'. Using estimated values, based on estimated route, as a fallback.
Clock tree timing engine global stage delay update for wc_dly_corner:setup.late done. (took cpu=0:00:00.0 real=0:00:00.0)
Clock tree CLK has 1 slew violation.
Clock tree balancer configuration for skew_group CLK:
  Sources:                     pin PAD_CLK
  Total number of sinks:       2191
  Delay constrained sinks:     2190
  Constrains:                  default
  Non-leaf sinks:              0
  Ignore pins:                 0
 Timing corner wc_dly_corner:setup.late:
  Skew target:                 0.000ns

Clock Tree Violations Report
============================

The clock tree has violations that CCOpt may not be able to correct due to the design settings.
A common cause is that the violation occurs in a part of the design (e.g. an ILM) that CCOpt cannot change.
Consider reviewing your design and relaunching CCOpt.


Max Slew Violations
-------------------

Found 2 slew violations below the root driver for clock_tree CLK at (552.530,1552.200), in power domain auto-default, which drives a net PAD_CLK which has internal don't touch reasons: {is_pad_net} with half corner wc_dly_corner:setup.late. The worst violation was at the pin PAD_CLK with a slew time target of 0.250ns. Achieved a slew time of 0.304ns.



**WARN: (IMPCCOPT-2237):	More than half the existing clock gates in the netlist are cells that cannot be used by CTS because of the clock tree setup. This suggests that the clock tree setup is wrong, or at least inconsistent. You should check the clock gate setup to make sure it is correct.
Primary reporting skew groups are:
skew_group CLK with 2191 clock sinks
Clock gate count:
	AND2_X0P7M_A9TR: 1
	PREICG_X0P5B_A9TR: 57
Allowable clock gates per clock tree:
	CLK: POSTICG_X9B_A9TR POSTICG_X6B_A9TR POSTICG_X4B_A9TR POSTICG_X1P4B_A9TR POSTICG_X1B_A9TR 

Clock DAG stats initial state:
  cell counts      : b=0, i=0, icg=57, dcg=1, l=1, total=59
  sink counts      : regular=2190, enable_latch=1, load_capacitance=0, antenna=0, node_sink=0, total=2191
  misc counts      : r=1, pp=4
  cell areas       : b=0.000um^2, i=0.000um^2, icg=369.360um^2, dcg=1.800um^2, l=6000.000um^2, total=6371.160um^2
  hp wire lengths  : top=0.000um, trunk=0.000um, leaf=9991.895um, total=9991.895um
Clock DAG library cell distribution initial state {count}:
   ICGs: PREICG_X0P5B_A9TR: 57 
   DCGs: AND2_X0P7M_A9TR: 1 
 Logics: PDDW1216SCDG: 1 
      flow.cputime  flow.realtime  timing.setup.tns  timing.setup.wns  snapshot
UM:*                                                                   InitialState

Distribution of half-perimeter wire length by ICG depth:

--------------------------------------------------------------------------------
Min ICG    Max ICG    Count    HPWL
Depth      Depth               (um)
--------------------------------------------------------------------------------
   0          0        57      [min=23, max=238, avg=138, sd=51, total=7852]
   0          1         1      [min=514, max=514, avg=514, sd=0, total=514]
   0          2         2      [min=144, max=1625, avg=884, sd=1048, total=1769]
--------------------------------------------------------------------------------

No ideal or dont_touch nets found in the clock tree
No dont_touch hnets found in the clock tree

Total number of dont_touch hpins in the clock network: 4
  Large numbers of dont_touch hpins may damage runtime and QoR.
  Use report_clock_tree_structure or the Clock Tree Debugger in unit delay mode to debug these.

Summary of reasons for dont_touch hpins in the clock network:

----------------------
Reason           Count
----------------------
missing_hinst      4
----------------------

Total number of dont_touch hpins in the clock network with a physical location (typically partition pins): 0

Summary of dont_touch hpins in the clock network representing physical hierarchy:

---------------------
Type            Count
---------------------
ilm               0
partition         0
power_domain      0
fence             0
none              4
---------------------
Total             4
---------------------

Checking for illegal sizes of clock logic instances...
Checking for illegal sizes of clock logic instances done. (took cpu=0:00:00.0 real=0:00:00.0)
      flow.cputime  flow.realtime  timing.setup.tns  timing.setup.wns  snapshot
UM:*                                                                   Checking for illegal sizes of clock logic instances
Validating CTS configuration done. (took cpu=0:00:02.7 real=0:00:02.7)
      flow.cputime  flow.realtime  timing.setup.tns  timing.setup.wns  snapshot
UM:*                                                                   Validating CTS configuration

CCOpt configuration status: cannot run ccopt_design.
Check the log for details of problem(s) found:

---------------------------------------------------
Design configuration problems
---------------------------------------------------
One or more clock trees have configuration problems
---------------------------------------------------

Clock tree configuration problems:

------------------------------------------------------------------------
Clock tree    Problem
------------------------------------------------------------------------
CLK           Contains instances which have no definition in the netlist
------------------------------------------------------------------------


CCOpt::Phase::PreparingToBalance done. (took cpu=0:00:06.7 real=0:00:07.1)
      flow.cputime  flow.realtime  timing.setup.tns  timing.setup.wns  snapshot
UM:*                                                                   CCOpt::Phase::PreparingToBalance
Runtime done. (took cpu=0:00:14.9 real=0:00:15.3)
Runtime Summary
===============
Clock Runtime:  (44%) Core CTS           3.45 (Init 3.45, Construction 0.00, Implementation 0.00, eGRPC 0.00, PostConditioning 0.00, Other 0.00)
Clock Runtime:   (0%) CTS services       0.00 (RefinePlace 0.00, EarlyGlobalClock 0.00, NanoRoute 0.00, ExtractRC 0.00, TimingAnalysis 0.00)
Clock Runtime:  (55%) Other CTS          4.24 (Init 4.24, CongRepair/EGR-DP 0.00, TimingUpdate 0.00, Other 0.00)
Clock Runtime: (100%) Total              7.69

Leaving CCOpt scope - Cleaning up placement interface...
Leaving CCOpt scope - Cleaning up placement interface done. (took cpu=0:00:00.1 real=0:00:00.1)
**ERROR: 3
*** CTS #1 [finish] (ccopt_design #1) : cpu/real = 0:00:06.8/0:00:07.2 (0.9), totSession cpu/real = 0:18:19.4/0:20:02.7 (0.9), mem = 10605.1M
**ERROR: (IMPCCOPT-2196):	Cannot run ccopt_design because the command prerequisites were not met. Review the previous error messages for more details about the failure.
Set place::cacheFPlanSiteMark to 0
cleaningup cpe interface

*** Summary of all messages that are not suppressed in this session:
Severity  ID               Count  Summary                                  
WARNING   IMPCCOPT-4385        1  The user specified some logic cells to u...
ERROR     IMPCCOPT-1349        1  Clock tree %s connects to %d module(s) w...
WARNING   IMPCCOPT-2171        1  Unable to get/extract RC parasitics for ...
WARNING   IMPCCOPT-2169        1  Cannot extract parasitics for %s net '%s...
ERROR     IMPCCOPT-2196        1  Cannot run ccopt_design because the comm...
WARNING   IMPCCOPT-2237        1  More than half the existing clock gates ...
WARNING   IMPCCOPT-2030        1  Found placement violations. Run check_pl...
*** Message Summary: 5 warning(s), 2 error(s)

*** ccopt_design #1 [finish] : cpu/real = 0:00:15.0/0:00:15.4 (1.0), totSession cpu/real = 0:18:19.4/0:20:02.7 (0.9), mem = 10605.1M
#% End ccopt_design (date=02/10 16:08:50, total cpu=0:00:15.2, real=0:00:15.0, peak res=3036.1M, current mem=2678.3M)


@innovus 234> # skew balanced clock tree
# skew balanced clock tree
@innovus 235> # clock_design
# clock_design
@innovus 236> enics_message "Finished running ccopt_design"
enics_message "Finished running ccopt_design"
ENICSINFO: Finished running ccopt_design
@innovus 237>
 
@innovus 237> enics_create_stage_reports -pop_snapshot yes
enics_create_stage_reports -pop_snapshot yes

ENICSINFO: Starting to create reports for stage: cts
----------------------------------------------------
ENICSINFO: Reports directory is: /data/project/tsmc65/users/liosky/ws/DVD25/hw7/workspace/../reports/cts/ 
ENICSINFO: Export directory is: /data/project/tsmc65/users/liosky/ws/DVD25/hw7/workspace/../export/cts/ 
ENICSINFO: Export directory is: /data/project/tsmc65/users/liosky/ws/DVD25/hw7/workspace/../export/cts/ 
ENICSINFO: Reporting Timing
AAE_INFO: opIsDesignInPostRouteState() is 0
#################################################################################
# Design Stage: PreRoute
# Design Name: lp_riscv_top
# Design Mode: 65nm
# Analysis Mode: MMMC OCV 
# Parasitics Mode: No SPEF/RCDB 
# Signoff Settings: SI Off (EWM)
#################################################################################
Extraction called for design 'lp_riscv_top' of instances=47118 and nets=28236 using extraction engine 'pre_route' .
pre_route RC Extraction called for design lp_riscv_top.
RC Extraction called in multi-corner(2) mode.
RCMode: PreRoute
      RC Corner Indexes            0       1   
Capacitance Scaling Factor   : 1.00000 1.00000 
Resistance Scaling Factor    : 1.00000 1.00000 
Clock Cap. Scaling Factor    : 1.00000 1.00000 
Clock Res. Scaling Factor    : 1.00000 1.00000 
Shrink Factor                : 1.00000
PreRoute extraction is honoring NDR/Shielding/ExtraSpace for clock nets.
Using Quantus QRC technology file ...
Updating RC grid for preRoute extraction ...
Initializing multi-corner resistance tables ...
PreRoute RC Extraction DONE (CPU Time: 0:00:00.4  Real Time: 0:00:00.0  MEM: 10591.062M)
Start delay calculation (fullDC) (1 T). (MEM=10605.6)
**WARN: (IMPMSMV-1810):	Net i_ioring/placement_opt_inst_FE_OFN10257_placement_opt_inst_FE_OFN14845_n, driver i_ioring/placement_opt_inst_FE_OFC10257_placement_opt_inst_FE_OFN14845_n/Y (cell BUF_X16M_A9TL) voltage 0.9 does not match receiver i_ioring/i_EXT_PERF_COUNTERS_11/IE (cell PDDW1216SCDG) voltage 1.08 for view wc_analysis_view.
Type 'man IMPMSMV-1810' for more detail.
**WARN: (IMPMSMV-1810):	Net i_ioring/placement_opt_inst_FE_OFN10256_placement_opt_inst_FE_OFN14821_n, driver i_ioring/placement_opt_inst_FE_OFC10256_placement_opt_inst_FE_OFN14821_n/Y (cell BUFH_X16M_A9TL) voltage 0.9 does not match receiver i_ioring/i_IRAM_PROG_BYTE_5/PE (cell PDDW1216SCDG) voltage 1.08 for view wc_analysis_view.
Type 'man IMPMSMV-1810' for more detail.
**WARN: (IMPMSMV-1810):	Net i_ioring/placement_opt_inst_FE_OFN14986_n, driver i_ioring/placement_opt_inst_FE_OFC10311_n/Y (cell INV_X4M_A9TL) voltage 0.9 does not match receiver i_ioring/i_IRAM_PROG_BYTE_2/DS (cell PDDW1216SCDG) voltage 1.08 for view wc_analysis_view.
Type 'man IMPMSMV-1810' for more detail.
**WARN: (IMPMSMV-1810):	Net i_ioring/placement_opt_inst_FE_OFN10255_placement_opt_inst_FE_OFN14819_n, driver i_ioring/placement_opt_inst_FE_OFC10255_placement_opt_inst_FE_OFN14819_n/Y (cell BUFH_X16M_A9TL) voltage 0.9 does not match receiver i_ioring/i_IRAM_PROG_BYTE_5/DS (cell PDDW1216SCDG) voltage 1.08 for view wc_analysis_view.
Type 'man IMPMSMV-1810' for more detail.
**WARN: (IMPMSMV-1810):	Net i_ioring/placement_opt_inst_FE_OFN10254_placement_opt_inst_FE_OFN14886_n, driver i_ioring/placement_opt_inst_FE_OFC10254_placement_opt_inst_FE_OFN14886_n/Y (cell BUFH_X16M_A9TL) voltage 0.9 does not match receiver i_ioring/i_CLOCK_EN/DS (cell PDDW1216SCDG) voltage 1.08 for view wc_analysis_view.
Type 'man IMPMSMV-1810' for more detail.
**WARN: (IMPMSMV-1810):	Net i_ioring/placement_opt_inst_FE_OFN14984_n, driver i_ioring/placement_opt_inst_FE_OFC10309_n/Y (cell INV_X6M_A9TL) voltage 0.9 does not match receiver i_ioring/i_EXT_PERF_COUNTERS_11/DS (cell PDDW1216SCDG) voltage 1.08 for view wc_analysis_view.
Type 'man IMPMSMV-1810' for more detail.
**WARN: (IMPMSMV-1810):	Net i_ioring/placement_opt_inst_FE_OFN14984_n, driver i_ioring/placement_opt_inst_FE_OFC10309_n/Y (cell INV_X6M_A9TL) voltage 0.9 does not match receiver i_ioring/i_EXT_PERF_COUNTERS_11/PE (cell PDDW1216SCDG) voltage 1.08 for view wc_analysis_view.
Type 'man IMPMSMV-1810' for more detail.
**WARN: (IMPMSMV-1810):	Net i_ioring/placement_opt_inst_FE_OFN10253_n, driver i_ioring/placement_opt_inst_FE_OFC10253_n/Y (cell BUFH_X16M_A9TL) voltage 0.9 does not match receiver i_ioring/i_EXT_PERF_COUNTERS_10/PE (cell PDDW1216SCDG) voltage 1.08 for view wc_analysis_view.
Type 'man IMPMSMV-1810' for more detail.
**WARN: (IMPMSMV-1810):	Net i_ioring/placement_opt_inst_FE_OFN10253_n, driver i_ioring/placement_opt_inst_FE_OFC10253_n/Y (cell BUFH_X16M_A9TL) voltage 0.9 does not match receiver i_ioring/i_EXT_PERF_COUNTERS_10/DS (cell PDDW1216SCDG) voltage 1.08 for view wc_analysis_view.
Type 'man IMPMSMV-1810' for more detail.
**WARN: (IMPMSMV-1810):	Net i_ioring/placement_opt_inst_FE_OFN14980_n, driver i_ioring/placement_opt_inst_FE_OFC10305_placement_opt_inst_FE_OFN14917_n/Y (cell INV_X16M_A9TL) voltage 0.9 does not match receiver i_ioring/i_EXT_PERF_COUNTERS_9/PE (cell PDDW1216SCDG) voltage 1.08 for view wc_analysis_view.
Type 'man IMPMSMV-1810' for more detail.
**WARN: (IMPMSMV-1810):	Net i_ioring/placement_opt_inst_FE_OFN14978_n, driver i_ioring/placement_opt_inst_FE_OFC10303_placement_opt_inst_FE_OFN14863_n/Y (cell INV_X16B_A9TL) voltage 0.9 does not match receiver i_ioring/i_FETCH_EN/DS (cell PDDW1216SCDG) voltage 1.08 for view wc_analysis_view.
Type 'man IMPMSMV-1810' for more detail.
**WARN: (IMPMSMV-1810):	Net i_ioring/placement_opt_inst_FE_OFN14978_n, driver i_ioring/placement_opt_inst_FE_OFC10303_placement_opt_inst_FE_OFN14863_n/Y (cell INV_X16B_A9TL) voltage 0.9 does not match receiver i_ioring/i_FETCH_EN/PE (cell PDDW1216SCDG) voltage 1.08 for view wc_analysis_view.
Type 'man IMPMSMV-1810' for more detail.
**WARN: (IMPMSMV-1810):	Net i_ioring/placement_opt_inst_FE_OFN14976_n, driver i_ioring/placement_opt_inst_FE_OFC10301_placement_opt_inst_FE_OFN14859_n/Y (cell INV_X16B_A9TL) voltage 0.9 does not match receiver i_ioring/i_EXT_PERF_COUNTERS_15/DS (cell PDDW1216SCDG) voltage 1.08 for view wc_analysis_view.
Type 'man IMPMSMV-1810' for more detail.
**WARN: (IMPMSMV-1810):	Net i_ioring/placement_opt_inst_FE_OFN14976_n, driver i_ioring/placement_opt_inst_FE_OFC10301_placement_opt_inst_FE_OFN14859_n/Y (cell INV_X16B_A9TL) voltage 0.9 does not match receiver i_ioring/i_EXT_PERF_COUNTERS_15/PE (cell PDDW1216SCDG) voltage 1.08 for view wc_analysis_view.
Type 'man IMPMSMV-1810' for more detail.
**WARN: (IMPMSMV-1810):	Net i_ioring/placement_opt_inst_FE_OFN14974_n, driver i_ioring/placement_opt_inst_FE_OFC10299_placement_opt_inst_FE_OFN14851_n/Y (cell INV_X16B_A9TL) voltage 0.9 does not match receiver i_ioring/i_EXT_PERF_COUNTERS_13/DS (cell PDDW1216SCDG) voltage 1.08 for view wc_analysis_view.
Type 'man IMPMSMV-1810' for more detail.
**WARN: (IMPMSMV-1810):	Net i_ioring/placement_opt_inst_FE_OFN14974_n, driver i_ioring/placement_opt_inst_FE_OFC10299_placement_opt_inst_FE_OFN14851_n/Y (cell INV_X16B_A9TL) voltage 0.9 does not match receiver i_ioring/i_EXT_PERF_COUNTERS_13/PE (cell PDDW1216SCDG) voltage 1.08 for view wc_analysis_view.
Type 'man IMPMSMV-1810' for more detail.
**WARN: (IMPMSMV-1810):	Net i_ioring/placement_opt_inst_FE_OFN14972_n, driver i_ioring/placement_opt_inst_FE_OFC10297_placement_opt_inst_FE_OFN14813_n/Y (cell INV_X16B_A9TL) voltage 0.9 does not match receiver i_ioring/i_IRAM_PROG_BYTE_4/DS (cell PDDW1216SCDG) voltage 1.08 for view wc_analysis_view.
Type 'man IMPMSMV-1810' for more detail.
**WARN: (IMPMSMV-1810):	Net i_ioring/placement_opt_inst_FE_OFN14972_n, driver i_ioring/placement_opt_inst_FE_OFC10297_placement_opt_inst_FE_OFN14813_n/Y (cell INV_X16B_A9TL) voltage 0.9 does not match receiver i_ioring/i_IRAM_PROG_BYTE_4/IE (cell PDDW1216SCDG) voltage 1.08 for view wc_analysis_view.
Type 'man IMPMSMV-1810' for more detail.
**WARN: (IMPMSMV-1810):	Net i_ioring/placement_opt_inst_FE_OFN14968_n, driver i_ioring/placement_opt_inst_FE_OFC10293_placement_opt_inst_FE_OFN14884_n/Y (cell INV_X16M_A9TL) voltage 0.9 does not match receiver i_ioring/i_IRAM_PROG_BYTE_3/DS (cell PDDW1216SCDG) voltage 1.08 for view wc_analysis_view.
Type 'man IMPMSMV-1810' for more detail.
**WARN: (IMPMSMV-1810):	Net i_ioring/placement_opt_inst_FE_OFN14963_placement_opt_inst_FE_OFN14825_n, driver i_ioring/placement_opt_inst_FE_OFC10288_placement_opt_inst_FE_OFN14825_n/Y (cell INV_X9M_A9TL) voltage 0.9 does not match receiver i_ioring/i_IRAM_PROG_BYTE_7/IE (cell PDDW1216SCDG) voltage 1.08 for view wc_analysis_view.
Type 'man IMPMSMV-1810' for more detail.
**WARN: (EMS-27):	Message (IMPMSMV-1810) has exceeded the current message display limit of 20.
To increase the message display limit, refer to the product command reference manual.
Total number of fetched objects 27317
AAE_INFO: Total number of nets for which stage creation was skipped for all views 0
End delay calculation. (MEM=10673 CPU=0:00:05.1 REAL=0:00:05.0)
End delay calculation (fullDC). (MEM=10673 CPU=0:00:05.7 REAL=0:00:05.0)
ENICSINFO: Writing out Database
wc_timing_condition bc_timing_condition tc_timing_condition
#% Begin save design ... (date=02/10 16:08:58, mem=2733.3M)
% Begin Save ccopt configuration ... (date=02/10 16:08:58, mem=2733.3M)
% End Save ccopt configuration ... (date=02/10 16:08:58, total cpu=0:00:00.1, real=0:00:00.0, peak res=2733.6M, current mem=2733.6M)
% Begin Save netlist data ... (date=02/10 16:08:58, mem=2733.6M)
Writing Binary DB to /data/project/tsmc65/users/liosky/ws/DVD25/hw7/workspace/../dbs/cts.tmp/lp_riscv_top.v.bin in single-threaded mode...
% End Save netlist data ... (date=02/10 16:08:58, total cpu=0:00:00.1, real=0:00:00.0, peak res=2733.6M, current mem=2733.6M)
Writing Netlist "/data/project/tsmc65/users/liosky/ws/DVD25/hw7/workspace/../dbs/cts.tmp/lp_riscv_top.v.gz" ...
Saving symbol-table file ...
Saving congestion map file /data/project/tsmc65/users/liosky/ws/DVD25/hw7/workspace/../dbs/cts.tmp/lp_riscv_top.route.congmap.gz ...
% Begin Save AAE data ... (date=02/10 16:08:59, mem=2733.7M)
Saving AAE Data ...
% End Save AAE data ... (date=02/10 16:08:59, total cpu=0:00:00.0, real=0:00:00.0, peak res=2733.7M, current mem=2733.7M)
Saving preference file /data/project/tsmc65/users/liosky/ws/DVD25/hw7/workspace/../dbs/cts.tmp/gui.pref.tcl ...
Saving mode setting ...
Saving root attributes to be loaded post write_db ...
Saving global file ...
Saving root attributes to be loaded previous write_db ...
% Begin Save floorplan data ... (date=02/10 16:09:01, mem=2735.6M)
Saving floorplan file ...
% End Save floorplan data ... (date=02/10 16:09:01, total cpu=0:00:00.1, real=0:00:00.0, peak res=2735.6M, current mem=2735.6M)
Saving PG file /data/project/tsmc65/users/liosky/ws/DVD25/hw7/workspace/../dbs/cts.tmp/lp_riscv_top.pg.gz, version#2, (Created by Innovus v21.15-s110_1 on Mon Feb 10 16:09:01 2025)
*** Completed savePGFile (cpu=0:00:00.0 real=0:00:00.0 mem=10637.6M) ***
Saving Drc markers ...
... 7130 markers are saved ...
... 0 geometry drc markers are saved ...
... 0 antenna drc markers are saved ...
% Begin Save placement data ... (date=02/10 16:09:01, mem=2735.6M)
** Saving stdCellPlacement_binary (version# 2) ...
Save Adaptive View Pruning View Names to Binary file
% End Save placement data ... (date=02/10 16:09:01, total cpu=0:00:00.0, real=0:00:00.0, peak res=2735.6M, current mem=2735.6M)
% Begin Save routing data ... (date=02/10 16:09:01, mem=2735.6M)
Saving route file ...
*** Completed saveRoute (cpu=0:00:00.2 real=0:00:01.0 mem=10637.6M) ***
% End Save routing data ... (date=02/10 16:09:02, total cpu=0:00:00.2, real=0:00:01.0, peak res=2735.6M, current mem=2735.6M)
Saving property file /data/project/tsmc65/users/liosky/ws/DVD25/hw7/workspace/../dbs/cts.tmp/lp_riscv_top.prop
*** Completed saveProperty (cpu=0:00:00.0 real=0:00:00.0 mem=10640.6M) ***
Saving preRoute extracted patterns in file '/data/project/tsmc65/users/liosky/ws/DVD25/hw7/workspace/../dbs/cts.tmp/lp_riscv_top.techData.gz' ...
Saving preRoute extraction data in directory '/data/project/tsmc65/users/liosky/ws/DVD25/hw7/workspace/../dbs/cts.tmp/extraction/' ...
% Begin Save power constraints data ... (date=02/10 16:09:02, mem=2736.0M)
% End Save power constraints data ... (date=02/10 16:09:02, total cpu=0:00:00.0, real=0:00:00.0, peak res=2736.0M, current mem=2736.0M)
tc_rc_corner bc_rc_corner wc_rc_corner
tc_rc_corner bc_rc_corner wc_rc_corner
tc_rc_corner bc_rc_corner wc_rc_corner
tc_rc_corner bc_rc_corner wc_rc_corner
tc_rc_corner bc_rc_corner wc_rc_corner
tc_rc_corner bc_rc_corner wc_rc_corner
tc_rc_corner bc_rc_corner wc_rc_corner
Generated self-contained design cts.tmp
#% End save design ... (date=02/10 16:09:04, total cpu=0:00:02.0, real=0:00:06.0, peak res=2736.4M, current mem=2736.4M)
*** Message Summary: 0 warning(s), 0 error(s)

ENICSINFO: Starting specific reports for post CTS stage
*** time_design #1 [begin] : totSession cpu/real = 0:18:29.4/0:20:16.1 (0.9), mem = 10637.6M
Start to check current routing status for nets...
All nets are already routed correctly.
End to check current routing status for nets (mem=10594.8M)
** Profile ** Start :  cpu=0:00:00.0, mem=10594.8M
** Profile ** Other data :  cpu=0:00:00.3, mem=10594.8M
Starting delay calculation for Setup views
AAE_INFO: opIsDesignInPostRouteState() is 0
#################################################################################
# Design Stage: PreRoute
# Design Name: lp_riscv_top
# Design Mode: 65nm
# Analysis Mode: MMMC OCV 
# Parasitics Mode: No SPEF/RCDB 
# Signoff Settings: SI Off (EWM)
#################################################################################
Start delay calculation (fullDC) (1 T). (MEM=10607.4)
**WARN: (IMPMSMV-1810):	Net i_ioring/placement_opt_inst_FE_OFN10257_placement_opt_inst_FE_OFN14845_n, driver i_ioring/placement_opt_inst_FE_OFC10257_placement_opt_inst_FE_OFN14845_n/Y (cell BUF_X16M_A9TL) voltage 0.9 does not match receiver i_ioring/i_EXT_PERF_COUNTERS_11/IE (cell PDDW1216SCDG) voltage 1.08 for view wc_analysis_view.
Type 'man IMPMSMV-1810' for more detail.
**WARN: (IMPMSMV-1810):	Net i_ioring/placement_opt_inst_FE_OFN10256_placement_opt_inst_FE_OFN14821_n, driver i_ioring/placement_opt_inst_FE_OFC10256_placement_opt_inst_FE_OFN14821_n/Y (cell BUFH_X16M_A9TL) voltage 0.9 does not match receiver i_ioring/i_IRAM_PROG_BYTE_5/PE (cell PDDW1216SCDG) voltage 1.08 for view wc_analysis_view.
Type 'man IMPMSMV-1810' for more detail.
**WARN: (IMPMSMV-1810):	Net i_ioring/placement_opt_inst_FE_OFN14986_n, driver i_ioring/placement_opt_inst_FE_OFC10311_n/Y (cell INV_X4M_A9TL) voltage 0.9 does not match receiver i_ioring/i_IRAM_PROG_BYTE_2/DS (cell PDDW1216SCDG) voltage 1.08 for view wc_analysis_view.
Type 'man IMPMSMV-1810' for more detail.
**WARN: (IMPMSMV-1810):	Net i_ioring/placement_opt_inst_FE_OFN10255_placement_opt_inst_FE_OFN14819_n, driver i_ioring/placement_opt_inst_FE_OFC10255_placement_opt_inst_FE_OFN14819_n/Y (cell BUFH_X16M_A9TL) voltage 0.9 does not match receiver i_ioring/i_IRAM_PROG_BYTE_5/DS (cell PDDW1216SCDG) voltage 1.08 for view wc_analysis_view.
Type 'man IMPMSMV-1810' for more detail.
**WARN: (IMPMSMV-1810):	Net i_ioring/placement_opt_inst_FE_OFN10254_placement_opt_inst_FE_OFN14886_n, driver i_ioring/placement_opt_inst_FE_OFC10254_placement_opt_inst_FE_OFN14886_n/Y (cell BUFH_X16M_A9TL) voltage 0.9 does not match receiver i_ioring/i_CLOCK_EN/DS (cell PDDW1216SCDG) voltage 1.08 for view wc_analysis_view.
Type 'man IMPMSMV-1810' for more detail.
**WARN: (IMPMSMV-1810):	Net i_ioring/placement_opt_inst_FE_OFN14984_n, driver i_ioring/placement_opt_inst_FE_OFC10309_n/Y (cell INV_X6M_A9TL) voltage 0.9 does not match receiver i_ioring/i_EXT_PERF_COUNTERS_11/DS (cell PDDW1216SCDG) voltage 1.08 for view wc_analysis_view.
Type 'man IMPMSMV-1810' for more detail.
**WARN: (IMPMSMV-1810):	Net i_ioring/placement_opt_inst_FE_OFN14984_n, driver i_ioring/placement_opt_inst_FE_OFC10309_n/Y (cell INV_X6M_A9TL) voltage 0.9 does not match receiver i_ioring/i_EXT_PERF_COUNTERS_11/PE (cell PDDW1216SCDG) voltage 1.08 for view wc_analysis_view.
Type 'man IMPMSMV-1810' for more detail.
**WARN: (IMPMSMV-1810):	Net i_ioring/placement_opt_inst_FE_OFN10253_n, driver i_ioring/placement_opt_inst_FE_OFC10253_n/Y (cell BUFH_X16M_A9TL) voltage 0.9 does not match receiver i_ioring/i_EXT_PERF_COUNTERS_10/PE (cell PDDW1216SCDG) voltage 1.08 for view wc_analysis_view.
Type 'man IMPMSMV-1810' for more detail.
**WARN: (IMPMSMV-1810):	Net i_ioring/placement_opt_inst_FE_OFN10253_n, driver i_ioring/placement_opt_inst_FE_OFC10253_n/Y (cell BUFH_X16M_A9TL) voltage 0.9 does not match receiver i_ioring/i_EXT_PERF_COUNTERS_10/DS (cell PDDW1216SCDG) voltage 1.08 for view wc_analysis_view.
Type 'man IMPMSMV-1810' for more detail.
**WARN: (IMPMSMV-1810):	Net i_ioring/placement_opt_inst_FE_OFN14980_n, driver i_ioring/placement_opt_inst_FE_OFC10305_placement_opt_inst_FE_OFN14917_n/Y (cell INV_X16M_A9TL) voltage 0.9 does not match receiver i_ioring/i_EXT_PERF_COUNTERS_9/PE (cell PDDW1216SCDG) voltage 1.08 for view wc_analysis_view.
Type 'man IMPMSMV-1810' for more detail.
**WARN: (IMPMSMV-1810):	Net i_ioring/placement_opt_inst_FE_OFN14978_n, driver i_ioring/placement_opt_inst_FE_OFC10303_placement_opt_inst_FE_OFN14863_n/Y (cell INV_X16B_A9TL) voltage 0.9 does not match receiver i_ioring/i_FETCH_EN/DS (cell PDDW1216SCDG) voltage 1.08 for view wc_analysis_view.
Type 'man IMPMSMV-1810' for more detail.
**WARN: (IMPMSMV-1810):	Net i_ioring/placement_opt_inst_FE_OFN14978_n, driver i_ioring/placement_opt_inst_FE_OFC10303_placement_opt_inst_FE_OFN14863_n/Y (cell INV_X16B_A9TL) voltage 0.9 does not match receiver i_ioring/i_FETCH_EN/PE (cell PDDW1216SCDG) voltage 1.08 for view wc_analysis_view.
Type 'man IMPMSMV-1810' for more detail.
**WARN: (IMPMSMV-1810):	Net i_ioring/placement_opt_inst_FE_OFN14976_n, driver i_ioring/placement_opt_inst_FE_OFC10301_placement_opt_inst_FE_OFN14859_n/Y (cell INV_X16B_A9TL) voltage 0.9 does not match receiver i_ioring/i_EXT_PERF_COUNTERS_15/DS (cell PDDW1216SCDG) voltage 1.08 for view wc_analysis_view.
Type 'man IMPMSMV-1810' for more detail.
**WARN: (IMPMSMV-1810):	Net i_ioring/placement_opt_inst_FE_OFN14976_n, driver i_ioring/placement_opt_inst_FE_OFC10301_placement_opt_inst_FE_OFN14859_n/Y (cell INV_X16B_A9TL) voltage 0.9 does not match receiver i_ioring/i_EXT_PERF_COUNTERS_15/PE (cell PDDW1216SCDG) voltage 1.08 for view wc_analysis_view.
Type 'man IMPMSMV-1810' for more detail.
**WARN: (IMPMSMV-1810):	Net i_ioring/placement_opt_inst_FE_OFN14974_n, driver i_ioring/placement_opt_inst_FE_OFC10299_placement_opt_inst_FE_OFN14851_n/Y (cell INV_X16B_A9TL) voltage 0.9 does not match receiver i_ioring/i_EXT_PERF_COUNTERS_13/DS (cell PDDW1216SCDG) voltage 1.08 for view wc_analysis_view.
Type 'man IMPMSMV-1810' for more detail.
**WARN: (IMPMSMV-1810):	Net i_ioring/placement_opt_inst_FE_OFN14974_n, driver i_ioring/placement_opt_inst_FE_OFC10299_placement_opt_inst_FE_OFN14851_n/Y (cell INV_X16B_A9TL) voltage 0.9 does not match receiver i_ioring/i_EXT_PERF_COUNTERS_13/PE (cell PDDW1216SCDG) voltage 1.08 for view wc_analysis_view.
Type 'man IMPMSMV-1810' for more detail.
**WARN: (IMPMSMV-1810):	Net i_ioring/placement_opt_inst_FE_OFN14972_n, driver i_ioring/placement_opt_inst_FE_OFC10297_placement_opt_inst_FE_OFN14813_n/Y (cell INV_X16B_A9TL) voltage 0.9 does not match receiver i_ioring/i_IRAM_PROG_BYTE_4/DS (cell PDDW1216SCDG) voltage 1.08 for view wc_analysis_view.
Type 'man IMPMSMV-1810' for more detail.
**WARN: (IMPMSMV-1810):	Net i_ioring/placement_opt_inst_FE_OFN14972_n, driver i_ioring/placement_opt_inst_FE_OFC10297_placement_opt_inst_FE_OFN14813_n/Y (cell INV_X16B_A9TL) voltage 0.9 does not match receiver i_ioring/i_IRAM_PROG_BYTE_4/IE (cell PDDW1216SCDG) voltage 1.08 for view wc_analysis_view.
Type 'man IMPMSMV-1810' for more detail.
**WARN: (IMPMSMV-1810):	Net i_ioring/placement_opt_inst_FE_OFN14968_n, driver i_ioring/placement_opt_inst_FE_OFC10293_placement_opt_inst_FE_OFN14884_n/Y (cell INV_X16M_A9TL) voltage 0.9 does not match receiver i_ioring/i_IRAM_PROG_BYTE_3/DS (cell PDDW1216SCDG) voltage 1.08 for view wc_analysis_view.
Type 'man IMPMSMV-1810' for more detail.
**WARN: (IMPMSMV-1810):	Net i_ioring/placement_opt_inst_FE_OFN14963_placement_opt_inst_FE_OFN14825_n, driver i_ioring/placement_opt_inst_FE_OFC10288_placement_opt_inst_FE_OFN14825_n/Y (cell INV_X9M_A9TL) voltage 0.9 does not match receiver i_ioring/i_IRAM_PROG_BYTE_7/IE (cell PDDW1216SCDG) voltage 1.08 for view wc_analysis_view.
Type 'man IMPMSMV-1810' for more detail.
**WARN: (EMS-27):	Message (IMPMSMV-1810) has exceeded the current message display limit of 20.
To increase the message display limit, refer to the product command reference manual.
Total number of fetched objects 27317
AAE_INFO: Total number of nets for which stage creation was skipped for all views 0
End delay calculation. (MEM=10674.8 CPU=0:00:05.1 REAL=0:00:05.0)
End delay calculation (fullDC). (MEM=10674.8 CPU=0:00:05.8 REAL=0:00:06.0)
*** Done Building Timing Graph (cpu=0:00:07.3 real=0:00:08.0 totSessionCpu=0:18:37 mem=10682.8M)
** Profile ** Overall slacks :  cpu=0:00:07.4, mem=10682.8M
** Profile ** wc_analysis_view slacks :  cpu=0:00:00.1, mem=10682.8M
** Profile ** Total reports :  cpu=0:00:00.1, mem=10639.8M
** Profile ** wc_analysis_view reports :  cpu=0:00:00.0, mem=10639.9M
** Profile ** DRVs :  cpu=0:00:00.7, mem=10653.3M

------------------------------------------------------------------
         time_design Summary
------------------------------------------------------------------

Setup views included:
 wc_analysis_view 

+--------------------+---------+---------+---------+---------+---------+---------+---------+
|     Setup mode     |   all   | reg2reg |reg2cgate| in2reg  | reg2out | in2out  | default |
+--------------------+---------+---------+---------+---------+---------+---------+---------+
|           WNS (ns):| -0.329  | -0.329  | -0.008  |  0.489  |  1.562  |   N/A   |  0.000  |
|           TNS (ns):| -93.320 | -93.312 | -0.008  |  0.000  |  0.000  |   N/A   |  0.000  |
|    Violating Paths:|   698   |   697   |    1    |    0    |    0    |   N/A   |    0    |
|          All Paths:|  4434   |  2148   |   52    |  2454   |    1    |   N/A   |    0    |
+--------------------+---------+---------+---------+---------+---------+---------+---------+
|wc_analysis_view    | -0.329  | -0.329  | -0.008  |  0.489  |  1.562  |   N/A   |  0.000  |
|                    | -93.320 | -93.312 | -0.008  |  0.000  |  0.000  |   N/A   |  0.000  |
|                    |   698   |   697   |    1    |    0    |    0    |   N/A   |    0    |
|                    |  4434   |  2148   |   52    |  2454   |    1    |   N/A   |    0    |
+--------------------+---------+---------+---------+---------+---------+---------+---------+

+----------------+-------------------------------+------------------+
|                |              Real             |       Total      |
|    DRVs        +------------------+------------+------------------|
|                |  Nr nets(terms)  | Worst Vio  |  Nr nets(terms)  |
+----------------+------------------+------------+------------------+
|   max_cap      |      0 (0)       |   0.000    |     50 (50)      |
|   max_tran     |     25 (49)      |   -0.476   |    119 (235)     |
|   max_fanout   |      0 (0)       |     0      |     54 (54)      |
|   max_length   |      0 (0)       |     0      |      0 (0)       |
+----------------+------------------+------------+------------------+

Density: 13.473%
Routing Overflow: 0.00% H and 0.00% V
------------------------------------------------------------------
** Profile ** Report data :  cpu=0:00:00.5, mem=10653.3M
Reported timing to dir /data/project/tsmc65/users/liosky/ws/DVD25/hw7/workspace/../reports/cts/
Total CPU time: 9.41 sec
Total Real time: 9.0 sec
Total Memory Usage: 10653.292969 Mbytes
*** time_design #1 [finish] : cpu/real = 0:00:09.4/0:00:09.6 (1.0), totSession cpu/real = 0:18:38.8/0:20:25.8 (0.9), mem = 10653.3M
Clock tree timing engine global stage delay update for wc_dly_corner:setup.early...
**WARN: (IMPCCOPT-2169):	Cannot extract parasitics for non-ILM net 'PAD_CLK' in RC corner wc_rc_corner.
**WARN: (IMPCCOPT-2171):	Unable to get/extract RC parasitics for net 'PAD_CLK'. Using estimated values, based on estimated route, as a fallback.
**WARN: (IMPCCOPT-2169):	Cannot extract parasitics for non-ILM net 'PAD_CLK' in RC corner bc_rc_corner.
**WARN: (IMPCCOPT-2171):	Unable to get/extract RC parasitics for net 'PAD_CLK'. Using estimated values, based on estimated route, as a fallback.
Clock tree timing engine global stage delay update for wc_dly_corner:setup.early done. (took cpu=0:00:01.7 real=0:00:01.7)
Clock tree timing engine global stage delay update for wc_dly_corner:setup.late...
Clock tree timing engine global stage delay update for wc_dly_corner:setup.late done. (took cpu=0:00:00.1 real=0:00:00.1)
Clock tree timing engine global stage delay update for bc_dly_corner:hold.early...
Clock tree timing engine global stage delay update for bc_dly_corner:hold.early done. (took cpu=0:00:00.1 real=0:00:00.1)
Clock tree timing engine global stage delay update for bc_dly_corner:hold.late...
Clock tree timing engine global stage delay update for bc_dly_corner:hold.late done. (took cpu=0:00:00.1 real=0:00:00.1)
Clock tree timing engine global stage delay update for wc_dly_corner:setup.early...
**WARN: (IMPCCOPT-2169):	Cannot extract parasitics for non-ILM net 'PAD_CLK' in RC corner wc_rc_corner.
**WARN: (IMPCCOPT-2171):	Unable to get/extract RC parasitics for net 'PAD_CLK'. Using estimated values, based on estimated route, as a fallback.
**WARN: (IMPCCOPT-2169):	Cannot extract parasitics for non-ILM net 'PAD_CLK' in RC corner bc_rc_corner.
**WARN: (IMPCCOPT-2171):	Unable to get/extract RC parasitics for net 'PAD_CLK'. Using estimated values, based on estimated route, as a fallback.
Clock tree timing engine global stage delay update for wc_dly_corner:setup.early done. (took cpu=0:00:01.6 real=0:00:01.6)
Clock tree timing engine global stage delay update for wc_dly_corner:setup.late...
Clock tree timing engine global stage delay update for wc_dly_corner:setup.late done. (took cpu=0:00:00.1 real=0:00:00.1)
Clock tree timing engine global stage delay update for bc_dly_corner:hold.early...
Clock tree timing engine global stage delay update for bc_dly_corner:hold.early done. (took cpu=0:00:00.1 real=0:00:00.1)
Clock tree timing engine global stage delay update for bc_dly_corner:hold.late...
Clock tree timing engine global stage delay update for bc_dly_corner:hold.late done. (took cpu=0:00:00.1 real=0:00:00.1)
@innovus 238> 

@innovus 238> # Open the clock tree debugger
# Open the clock tree debugger
@innovus 239> #gui_open_ctd
#gui_open_ctd
@innovus 240> 

@innovus 240> # --------------------
# --------------------
@innovus 241> # Post CTS Hold Fixing
# Post CTS Hold Fixing
@innovus 242> # --------------------
# --------------------
@innovus 243> enics_start_stage "post_cts_hold"
enics_start_stage "post_cts_hold"
*************************************************
*************************************************
**   ENICSINFO: Starting stage post_cts_hold   **
*************************************************
*************************************************
ENICSINFO: Current time is: 10/02/2025 16:09
ENICSINFO: ----------------------------------
@innovus 244> opt_design -post_cts -hold
opt_design -post_cts -hold
**opt_design ... cpu = 0:00:00, real = 0:00:00, mem = 2747.3M, totSessionCpu=0:18:43 **
*** opt_design #2 [begin] : totSession cpu/real = 0:18:42.6/0:20:29.6 (0.9), mem = 10656.3M
GigaOpt running with 1 threads.
*** InitOpt #1 [begin] (opt_design #2) : totSession cpu/real = 0:18:42.6/0:20:29.6 (0.9), mem = 10656.3M
**INFO: User settings:
delaycal_enable_high_fanout                                    true
delaycal_equivalent_waveform_model                             propagation
delaycal_ignore_net_load                                       false
delaycal_socv_accuracy_mode                                    low
setAnalysisMode -cts                                           postCTS
setAnalysisMode -skew                                          true
setDelayCalMode -engine                                        aae
design_process_node                                            65
extract_rc_coupled                                             true
extract_rc_coupling_cap_threshold                              3.0
extract_rc_effort_level                                        medium
extract_rc_engine                                              pre_route
extract_rc_relative_cap_threshold                              0.03
extract_rc_shrink_factor                                       1.0
extract_rc_total_cap_threshold                                 5.0
opt_drv_margin                                                 0.0
opt_fix_drv                                                    true
opt_fix_fanout_load                                            true
opt_fix_hold_verbose                                           true
opt_new_inst_prefix                                            post_cts_hold_opt_inst_
opt_new_net_prefix                                             post_cts_hold_opt_inst_
opt_preserve_all_sequential                                    false
opt_resize_flip_flops                                          true
opt_setup_target_slack                                         0.0
opt_time_design_compress_reports                               false
opt_time_design_expanded_view                                  true
opt_time_design_num_paths                                      10
opt_time_design_report_net                                     false
opt_view_pruning_hold_views_active_list                        { bc_analysis_view }
opt_view_pruning_setup_views_active_list                       { wc_analysis_view }
opt_view_pruning_setup_views_persistent_list                   { wc_analysis_view}
opt_view_pruning_tdgr_setup_views_persistent_list              { wc_analysis_view}
place_global_cong_effort                                       auto
getAnalysisMode -cts                                           postCTS
getAnalysisMode -skew                                          true
getDelayCalMode -engine                                        aae
getIlmMode -keepHighFanoutCriticalInsts                        false
get_power_analysis_mode -report_power_quiet                    false
getAnalysisMode -cts                                           postCTS
getAnalysisMode -skew                                          true
**INFO: set_db design_flow_effort standard -> setting 'set_db opt_all_end_points true' for the duration of this command.
Need call spDPlaceInit before registerPrioInstLoc.
**opt_design ... cpu = 0:00:11, real = 0:00:11, mem = 2747.3M, totSessionCpu=0:18:54 **
*** opt_design -post_cts ***
DRC Margin: user margin 0.0
Hold Target Slack: user slack 0
Setup Target Slack: user slack 0;
set_db opt_useful_skew_eco_route false
Start to check current routing status for nets...
All nets are already routed correctly.
End to check current routing status for nets (mem=10641.1M)
Compute RC Scale Done ...
*** InitOpt #1 [finish] (opt_design #2) : cpu/real = 0:00:14.2/0:00:14.2 (1.0), totSession cpu/real = 0:18:56.8/0:20:43.9 (0.9), mem = 10832.4M
GigaOpt Hold Optimizer is used
Starting initialization (fixHold) cpu=0:00:00.0 real=0:00:00.0 totSessionCpu=0:18:59 mem=10744.4M ***
*** BuildHoldData #1 [begin] (opt_design #2) : totSession cpu/real = 0:18:58.9/0:20:45.9 (0.9), mem = 10744.4M
Saving timing graph ...
Done save timing graph
Starting delay calculation for Hold views
AAE_INFO: opIsDesignInPostRouteState() is 0
#################################################################################
# Design Stage: PreRoute
# Design Name: lp_riscv_top
# Design Mode: 65nm
# Analysis Mode: MMMC OCV 
# Parasitics Mode: No SPEF/RCDB 
# Signoff Settings: SI Off (EWM)
#################################################################################
Start delay calculation (fullDC) (1 T). (MEM=10747.2)
*** Calculating scaling factor for bc_libset libraries using the default operating condition of each library.
Total number of fetched objects 27317
AAE_INFO: Total number of nets for which stage creation was skipped for all views 0
End delay calculation. (MEM=10786 CPU=0:00:05.0 REAL=0:00:05.0)
End delay calculation (fullDC). (MEM=10786 CPU=0:00:05.7 REAL=0:00:06.0)
*** Done Building Timing Graph (cpu=0:00:06.7 real=0:00:07.0 totSessionCpu=0:19:08 mem=10794.0M)

Active hold views:
 bc_analysis_view
  Dominating endpoints: 0
  Dominating TNS: -0.000

Done building cte hold timing graph (fixHold) cpu=0:00:09.9 real=0:00:10.0 totSessionCpu=0:19:09 mem=10809.3M ***
** Profile ** Start :  cpu=0:00:00.0, mem=10809.3M
** Profile ** Overall slacks :  cpu=0:00:00.1, mem=10809.3M
Done building hold timer [22410 node(s), 27647 edge(s), 1 view(s)] (fixHold) cpu=0:00:10.8 real=0:00:11.0 totSessionCpu=0:19:10 mem=10809.3M ***
Restoring timing graph ...
AAE_INFO: Resetting and re-constructing cache for AAE clocks ...
Done restore timing graph
Done building cte setup timing graph (fixHold) cpu=0:00:11.7 real=0:00:12.0 totSessionCpu=0:19:11 mem=10801.3M ***
** Profile ** Start :  cpu=0:00:00.0, mem=10801.3M
** Profile ** Overall slacks :  cpu=0:00:00.2, mem=10809.3M

*Info: minBufDelay = 74.6 ps, libStdDelay = 30.4 ps, minBufSize = 5760000 (4.0)
*Info: worst delay setup view: wc_analysis_view
** Profile ** Start :  cpu=0:00:00.0, mem=10794.0M
** Profile ** Other data :  cpu=0:00:00.2, mem=10794.0M
** Profile ** DRVs :  cpu=0:00:00.3, mem=10828.3M

------------------------------------------------------------------
     Hold Opt Initial Summary
------------------------------------------------------------------

Setup views included:
 wc_analysis_view
Hold views included:
 bc_analysis_view

+--------------------+---------+---------+---------+---------+---------+---------+---------+
|     Setup mode     |   all   | reg2reg |reg2cgate| in2reg  | reg2out | in2out  | default |
+--------------------+---------+---------+---------+---------+---------+---------+---------+
|           WNS (ns):| -0.329  | -0.329  | -0.008  |  0.489  |  1.562  |   N/A   |  0.000  |
|           TNS (ns):| -93.320 | -93.312 | -0.008  |  0.000  |  0.000  |   N/A   |  0.000  |
|    Violating Paths:|   698   |   697   |    1    |    0    |    0    |   N/A   |    0    |
|          All Paths:|  4434   |  2148   |   52    |  2454   |    1    |   N/A   |    0    |
+--------------------+---------+---------+---------+---------+---------+---------+---------+

+--------------------+---------+---------+---------+---------+---------+---------+---------+
|     Hold mode      |   all   | reg2reg |reg2cgate| in2reg  | reg2out | in2out  | default |
+--------------------+---------+---------+---------+---------+---------+---------+---------+
|           WNS (ns):| -0.041  | -0.041  |  0.009  |  1.926  |  2.556  |   N/A   |  0.000  |
|           TNS (ns):| -6.079  | -6.079  |  0.000  |  0.000  |  0.000  |   N/A   |  0.000  |
|    Violating Paths:|   350   |   350   |    0    |    0    |    0    |   N/A   |    0    |
|          All Paths:|  4434   |  2148   |   52    |  2454   |    1    |   N/A   |    0    |
+--------------------+---------+---------+---------+---------+---------+---------+---------+

+----------------+-------------------------------+------------------+
|                |              Real             |       Total      |
|    DRVs        +------------------+------------+------------------|
|                |  Nr nets(terms)  | Worst Vio  |  Nr nets(terms)  |
+----------------+------------------+------------+------------------+
|   max_cap      |      0 (0)       |   0.000    |     50 (50)      |
|   max_tran     |     25 (49)      |   -0.476   |    119 (235)     |
|   max_fanout   |      0 (0)       |     0      |     54 (54)      |
|   max_length   |      0 (0)       |     0      |      0 (0)       |
+----------------+------------------+------------+------------------+

Density: 13.473%
------------------------------------------------------------------
**opt_design ... cpu = 0:00:35, real = 0:00:35, mem = 2856.6M, totSessionCpu=0:19:17 **
*** BuildHoldData #1 [finish] (opt_design #2) : cpu/real = 0:00:18.5/0:00:18.7 (1.0), totSession cpu/real = 0:19:17.3/0:21:04.6 (0.9), mem = 10737.3M
*** HoldOpt #1 [begin] (opt_design #2) : totSession cpu/real = 0:19:17.3/0:21:04.6 (0.9), mem = 10737.3M
*info: Run opt_design holdfix with 1 thread.
Info: 0 don't touch net , 128 undriven nets excluded from IPO operation.
Info: 35 top-level, potential tri-state nets excluded from IPO operation.
Info: 35 io nets excluded
Info: 60 clock nets excluded from IPO operation.
Info: Done creating the CCOpt slew target map.

*** Starting Core Fixing (fixHold) cpu=0:00:19.3 real=0:00:20.0 totSessionCpu=0:19:18 mem=10794.6M density=13.473% ***
** Profile ** Start :  cpu=0:00:00.0, mem=10794.6M
** Profile ** Other data :  cpu=0:00:00.0, mem=10794.6M
** Profile ** Overall slacks :  cpu=0:00:00.1, mem=10804.6M

Phase I ......
Executing transform: ECO Safe Resize
===========================================================================================
  Phase 1 : Step 1 Iter 0 Summary (ECO Safe Resize)
------------------------------------------------------------------------------------------
 Hold WNS :      -0.0414
      TNS :      -6.0782
      #VP :          349
  Density :      13.473%
------------------------------------------------------------------------------------------
 iteration   cpu=0:00:00.0 real=0:00:00.0
 accumulated cpu=0:00:20.2 real=0:00:21.0 totSessionCpu=0:19:19 mem=10804.6M
===========================================================================================

Starting Phase 1 Step 1 Iter 1 ...
    Committed inst lp_riscv/i_riscv_core_if_stage_i_prefetch_32.prefetch_buffer_i_fifo_i_addr_Q_reg[1][15], resized cell DFFRPQN_X1M_A9TL -> cell DFFRPQN_X1M_A9TH
    Committed inst lp_riscv/i_riscv_core_if_stage_i_prefetch_32.prefetch_buffer_i_fifo_i_addr_Q_reg[1][5], resized cell DFFRPQN_X1M_A9TL -> cell DFFRPQN_X1M_A9TH
    Committed inst lp_riscv/i_riscv_core_if_stage_i_prefetch_32.prefetch_buffer_i_fifo_i_addr_Q_reg[1][12], resized cell DFFRPQN_X1M_A9TL -> cell DFFRPQN_X1M_A9TH
    Committed inst lp_riscv/i_riscv_core_if_stage_i_prefetch_32.prefetch_buffer_i_fifo_i_addr_Q_reg[1][3], resized cell DFFRPQN_X1M_A9TL -> cell DFFRPQN_X1M_A9TH
    Committed inst lp_riscv/i_riscv_core_if_stage_i_prefetch_32.prefetch_buffer_i_fifo_i_addr_Q_reg[1][8], resized cell DFFRPQN_X1M_A9TL -> cell DFFRPQN_X1M_A9TH
    Committed inst lp_riscv/i_riscv_core_if_stage_i_prefetch_32.prefetch_buffer_i_fifo_i_addr_Q_reg[1][9], resized cell DFFRPQN_X1M_A9TL -> cell DFFRPQN_X1M_A9TH
    Committed inst lp_riscv/i_riscv_core_if_stage_i_prefetch_32.prefetch_buffer_i_fifo_i_addr_Q_reg[1][7], resized cell DFFRPQN_X1M_A9TL -> cell DFFRPQN_X1M_A9TH
    Committed inst lp_riscv/i_riscv_core_if_stage_i_prefetch_32.prefetch_buffer_i_fifo_i_addr_Q_reg[1][2], resized cell DFFRPQN_X1M_A9TL -> cell DFFRPQN_X1M_A9TH
    Committed inst lp_riscv/i_riscv_core_if_stage_i_prefetch_32.prefetch_buffer_i_fifo_i_addr_Q_reg[1][13], resized cell DFFRPQN_X1M_A9TL -> cell DFFRPQN_X1M_A9TH
    Committed inst lp_riscv/i_riscv_core_if_stage_i_prefetch_32.prefetch_buffer_i_fifo_i_addr_Q_reg[1][4], resized cell DFFRPQN_X1M_A9TL -> cell DFFRPQN_X1M_A9TH
    Committed inst lp_riscv/i_riscv_core_if_stage_i_prefetch_32.prefetch_buffer_i_fifo_i_addr_Q_reg[1][22], resized cell DFFRPQN_X1M_A9TL -> cell DFFRPQN_X1M_A9TH
    Committed inst lp_riscv/i_riscv_core_if_stage_i_prefetch_32.prefetch_buffer_i_fifo_i_addr_Q_reg[1][31], resized cell DFFRPQN_X1M_A9TL -> cell DFFRPQN_X1M_A9TH
    Committed inst lp_riscv/i_riscv_core_if_stage_i_prefetch_32.prefetch_buffer_i_fifo_i_addr_Q_reg[1][10], resized cell DFFRPQN_X1M_A9TL -> cell DFFRPQN_X1M_A9TH
    Committed inst lp_riscv/i_riscv_core_if_stage_i_prefetch_32.prefetch_buffer_i_fifo_i_addr_Q_reg[1][6], resized cell DFFRPQN_X1M_A9TL -> cell DFFRPQN_X1M_A9TH
    Committed inst lp_riscv/i_riscv_core_if_stage_i_prefetch_32.prefetch_buffer_i_fifo_i_addr_Q_reg[1][14], resized cell DFFRPQN_X1M_A9TL -> cell DFFRPQN_X1M_A9TH
    Committed inst lp_riscv/i_riscv_core_if_stage_i_prefetch_32.prefetch_buffer_i_fifo_i_addr_Q_reg[1][17], resized cell DFFRPQN_X1M_A9TL -> cell DFFRPQN_X1M_A9TH
    Committed inst lp_riscv/i_riscv_core_if_stage_i_prefetch_32.prefetch_buffer_i_fifo_i_addr_Q_reg[1][24], resized cell DFFRPQN_X1M_A9TL -> cell DFFRPQN_X1M_A9TH
    Committed inst lp_riscv/i_riscv_core_if_stage_i_prefetch_32.prefetch_buffer_i_fifo_i_addr_Q_reg[1][28], resized cell DFFRPQN_X1M_A9TL -> cell DFFRPQN_X1M_A9TH
    Committed inst lp_riscv/i_riscv_core_if_stage_i_prefetch_32.prefetch_buffer_i_fifo_i_addr_Q_reg[1][26], resized cell DFFRPQN_X1M_A9TL -> cell DFFRPQN_X1M_A9TH
    Committed inst lp_riscv/i_riscv_core_if_stage_i_prefetch_32.prefetch_buffer_i_fifo_i_addr_Q_reg[1][29], resized cell DFFRPQN_X1M_A9TL -> cell DFFRPQN_X1M_A9TH
    Committed inst lp_riscv/i_riscv_core_if_stage_i_prefetch_32.prefetch_buffer_i_fifo_i_addr_Q_reg[1][25], resized cell DFFRPQN_X1M_A9TL -> cell DFFRPQN_X1M_A9TH
    Committed inst lp_riscv/i_riscv_core_if_stage_i_prefetch_32.prefetch_buffer_i_fifo_i_addr_Q_reg[1][23], resized cell DFFRPQN_X1M_A9TL -> cell DFFRPQN_X1M_A9TH
    Committed inst lp_riscv/i_riscv_core_if_stage_i_prefetch_32.prefetch_buffer_i_fifo_i_addr_Q_reg[1][19], resized cell DFFRPQN_X1M_A9TL -> cell DFFRPQN_X1M_A9TH
    Committed inst lp_riscv/i_riscv_core_id_stage_i_exc_controller_i_cause_int_q_reg[1], resized cell DFFRPQN_X1M_A9TL -> cell DFFRPQN_X1M_A9TH
    Committed inst lp_riscv/i_riscv_core_if_stage_i_prefetch_32.prefetch_buffer_i_fifo_i_addr_Q_reg[1][11], resized cell DFFRPQN_X1M_A9TL -> cell DFFRPQN_X1M_A9TH
    Committed inst lp_riscv/i_riscv_core_if_stage_i_prefetch_32.prefetch_buffer_i_fifo_i_rdata_Q_reg[3][4], resized cell DFFRPQN_X1M_A9TL -> cell DFFRPQN_X1M_A9TH
    Committed inst lp_riscv/i_riscv_core_id_stage_i_pc_ex_o_reg[9], resized cell DFFRPQ_X1M_A9TL -> cell DFFRPQ_X1M_A9TH
    Committed inst lp_riscv/i_riscv_core_id_stage_i_exc_controller_i_cause_int_q_reg[0], resized cell DFFRPQN_X1M_A9TL -> cell DFFRPQN_X1M_A9TH
    Committed inst lp_riscv/i_riscv_core_if_stage_i_prefetch_32.prefetch_buffer_i_fifo_i_rdata_Q_reg[3][5], resized cell DFFRPQN_X1M_A9TL -> cell DFFRPQN_X1M_A9TH
    Committed inst lp_riscv/i_riscv_core_if_stage_i_prefetch_32.prefetch_buffer_i_fifo_i_rdata_Q_reg[3][3], resized cell DFFRPQN_X1M_A9TL -> cell DFFRPQN_X1M_A9TH
    Committed inst lp_riscv/i_riscv_core_if_stage_i_prefetch_32.prefetch_buffer_i_fifo_i_rdata_Q_reg[3][19], resized cell DFFRPQN_X1M_A9TL -> cell DFFRPQN_X1M_A9TH
    Committed inst lp_riscv/i_riscv_core_if_stage_i_prefetch_32.prefetch_buffer_i_fifo_i_addr_Q_reg[1][18], resized cell DFFRPQN_X1M_A9TL -> cell DFFRPQN_X1M_A9TH
    Committed inst lp_riscv/i_riscv_core_if_stage_i_prefetch_32.prefetch_buffer_i_fifo_i_rdata_Q_reg[3][9], resized cell DFFRPQN_X1M_A9TL -> cell DFFRPQN_X1M_A9TH
    Committed inst lp_riscv/i_riscv_core_if_stage_i_prefetch_32.prefetch_buffer_i_fifo_i_rdata_Q_reg[2][11], resized cell DFFRPQN_X1M_A9TL -> cell DFFRPQN_X1M_A9TH
    Committed inst lp_riscv/i_riscv_core_cs_registers_i_PCER_q_reg[3], resized cell DFFRPQ_X1M_A9TL -> cell DFFRPQ_X1M_A9TH
    Committed inst lp_riscv/i_riscv_core_if_stage_i_prefetch_32.prefetch_buffer_i_fifo_i_rdata_Q_reg[3][13], resized cell DFFRPQN_X1M_A9TL -> cell DFFRPQN_X1M_A9TH
    Committed inst lp_riscv/i_riscv_core_if_stage_i_prefetch_32.prefetch_buffer_i_fifo_i_rdata_Q_reg[3][11], resized cell DFFRPQN_X1M_A9TL -> cell DFFRPQN_X1M_A9TH
    Committed inst lp_riscv/i_riscv_core_id_stage_i_pc_ex_o_reg[8], resized cell DFFRPQ_X1M_A9TL -> cell DFFRPQ_X1M_A9TH
    Committed inst lp_riscv/i_riscv_core_if_stage_i_prefetch_32.prefetch_buffer_i_fifo_i_rdata_Q_reg[3][8], resized cell DFFRPQN_X1M_A9TL -> cell DFFRPQN_X1M_A9TH
    Committed inst lp_riscv/i_riscv_core_id_stage_i_pc_ex_o_reg[6], resized cell DFFRPQ_X1M_A9TL -> cell DFFRPQ_X1M_A9TH
    Committed inst lp_riscv/i_riscv_core_if_stage_i_prefetch_32.prefetch_buffer_i_fifo_i_rdata_Q_reg[2][13], resized cell DFFRPQN_X1M_A9TL -> cell DFFRPQN_X1M_A9TH
    Committed inst lp_riscv/i_riscv_core_id_stage_i_pc_ex_o_reg[11], resized cell DFFRPQ_X1M_A9TL -> cell DFFRPQ_X1M_A9TH
    Committed inst lp_riscv/i_riscv_core_if_stage_i_prefetch_32.prefetch_buffer_i_fifo_i_addr_Q_reg[1][20], resized cell DFFRPQN_X1M_A9TL -> cell DFFRPQN_X1M_A9TH
    Committed inst lp_riscv/i_riscv_core_if_stage_i_prefetch_32.prefetch_buffer_i_fifo_i_rdata_Q_reg[3][6], resized cell DFFRPQN_X1M_A9TL -> cell DFFRPQN_X1M_A9TH
    Committed inst lp_riscv/i_riscv_core_if_stage_i_prefetch_32.prefetch_buffer_i_fifo_i_rdata_Q_reg[3][23], resized cell DFFRPQN_X1M_A9TL -> cell DFFRPQN_X1M_A9TH
    Committed inst lp_riscv/i_riscv_core_if_stage_i_prefetch_32.prefetch_buffer_i_fifo_i_rdata_Q_reg[2][9], resized cell DFFRPQN_X1M_A9TL -> cell DFFRPQN_X1M_A9TH
    Committed inst lp_riscv/i_riscv_core_if_stage_i_prefetch_32.prefetch_buffer_i_fifo_i_rdata_Q_reg[3][2], resized cell DFFRPQN_X1M_A9TL -> cell DFFRPQN_X1M_A9TH
    Committed inst lp_riscv/i_riscv_core_if_stage_i_hwlp_dec_cnt_if_reg[1], resized cell DFFRPQ_X1M_A9TL -> cell DFFRPQ_X1M_A9TR
    Committed inst lp_riscv/i_riscv_core_if_stage_i_prefetch_32.prefetch_buffer_i_fifo_i_rdata_Q_reg[2][6], resized cell DFFRPQN_X1M_A9TL -> cell DFFRPQN_X1M_A9TH
    Committed inst lp_riscv/i_riscv_core_if_stage_i_prefetch_32.prefetch_buffer_i_fifo_i_rdata_Q_reg[3][29], resized cell DFFRPQN_X1M_A9TL -> cell DFFRPQN_X1M_A9TH
    Committed inst lp_riscv/i_riscv_core_if_stage_i_hwlp_dec_cnt_if_reg[0], resized cell DFFRPQ_X1M_A9TL -> cell DFFRPQ_X1M_A9TR
    Committed inst lp_riscv/i_riscv_core_if_stage_i_prefetch_32.prefetch_buffer_i_fifo_i_rdata_Q_reg[3][26], resized cell DFFRPQN_X1M_A9TL -> cell DFFRPQN_X1M_A9TH
    Committed inst lp_riscv/i_riscv_core_if_stage_i_prefetch_32.prefetch_buffer_i_fifo_i_rdata_Q_reg[3][31], resized cell DFFRPQN_X1M_A9TL -> cell DFFRPQN_X1M_A9TR
    Committed inst lp_riscv/iram_prog_addr_reg[0][2], resized cell DFFRPQ_X1M_A9TL -> cell DFFRPQ_X1M_A9TH
    Committed inst lp_riscv/i_riscv_core_if_stage_i_prefetch_32.prefetch_buffer_i_fifo_i_rdata_Q_reg[2][28], resized cell DFFRPQN_X1M_A9TL -> cell DFFRPQN_X1M_A9TH
    Committed inst lp_riscv/iram_prog_addr_reg[0][4], resized cell DFFRPQ_X1M_A9TL -> cell DFFRPQ_X1M_A9TH
    Committed inst lp_riscv/iram_prog_addr_reg[0][6], resized cell DFFRPQ_X1M_A9TL -> cell DFFRPQ_X1M_A9TH
    Committed inst lp_riscv/i_riscv_core_if_stage_i_prefetch_32.prefetch_buffer_i_fifo_i_rdata_Q_reg[3][24], resized cell DFFRPQN_X1M_A9TL -> cell DFFRPQN_X1M_A9TR
    Committed inst lp_riscv/i_riscv_core_if_stage_i_prefetch_32.prefetch_buffer_i_fifo_i_rdata_Q_reg[2][25], resized cell DFFRPQN_X1M_A9TL -> cell DFFRPQN_X1M_A9TR
    Committed inst lp_riscv/i_riscv_core_id_stage_i_pc_ex_o_reg[27], resized cell DFFRPQ_X1M_A9TL -> cell DFFRPQ_X1M_A9TH
    Committed inst lp_riscv/i_riscv_core_if_stage_i_prefetch_32.prefetch_buffer_i_fifo_i_rdata_Q_reg[3][14], resized cell DFFRPQN_X1M_A9TL -> cell DFFRPQN_X1M_A9TR
    Committed inst lp_riscv/i_riscv_core_id_stage_i_pc_ex_o_reg[10], resized cell DFFRPQ_X1M_A9TL -> cell DFFRPQ_X1M_A9TH
    Committed inst lp_riscv/i_riscv_core_id_stage_i_pc_ex_o_reg[28], resized cell DFFRPQ_X1M_A9TL -> cell DFFRPQ_X1M_A9TH
    Committed inst lp_riscv/i_riscv_core_if_stage_i_prefetch_32.prefetch_buffer_i_fifo_i_rdata_Q_reg[2][3], resized cell DFFRPQN_X1M_A9TL -> cell DFFRPQN_X1M_A9TR
    Committed inst lp_riscv/i_riscv_core_if_stage_i_prefetch_32.prefetch_buffer_i_fifo_i_rdata_Q_reg[3][15], resized cell DFFRPQN_X1M_A9TL -> cell DFFRPQN_X1M_A9TR
    Committed inst lp_riscv/i_riscv_core_if_stage_i_prefetch_32.prefetch_buffer_i_fifo_i_rdata_Q_reg[2][21], resized cell DFFRPQN_X1M_A9TL -> cell DFFRPQN_X1M_A9TR
    Committed inst lp_riscv/iram_prog_addr_reg[0][7], resized cell DFFRPQ_X1M_A9TL -> cell DFFRPQ_X1M_A9TR
    Committed inst lp_riscv/iram_prog_addr_reg[0][3], resized cell DFFRPQ_X1M_A9TL -> cell DFFRPQ_X1M_A9TR
    Committed inst lp_riscv/iram_prog_addr_reg[0][5], resized cell DFFRPQ_X1M_A9TL -> cell DFFRPQ_X1M_A9TR
    Committed inst lp_riscv/i_riscv_core_if_stage_i_prefetch_32.prefetch_buffer_i_fifo_i_rdata_Q_reg[2][12], resized cell DFFRPQN_X1M_A9TL -> cell DFFRPQN_X1M_A9TR
    Committed inst lp_riscv/i_riscv_core_id_stage_i_pc_ex_o_reg[29], resized cell DFFRPQ_X1M_A9TL -> cell DFFRPQ_X1M_A9TR
    Committed inst lp_riscv/i_riscv_core_if_stage_i_prefetch_32.prefetch_buffer_i_fifo_i_rdata_Q_reg[3][16], resized cell DFFRPQ_X1M_A9TL -> cell DFFRPQ_X1M_A9TR
    Committed inst lp_riscv/i_riscv_core_if_stage_i_prefetch_32.prefetch_buffer_i_fifo_i_rdata_Q_reg[2][27], resized cell DFFRPQN_X1M_A9TL -> cell DFFRPQN_X1M_A9TR
    Committed inst lp_riscv/i_riscv_core_if_stage_i_prefetch_32.prefetch_buffer_i_fifo_i_rdata_Q_reg[2][20], resized cell DFFRPQN_X1M_A9TL -> cell DFFRPQN_X1M_A9TR
    Committed inst lp_riscv/i_riscv_core_if_stage_i_prefetch_32.prefetch_buffer_i_fifo_i_addr_Q_reg[1][0], resized cell DFFRPQ_X1M_A9TL -> cell DFFRPQ_X1M_A9TR
    Committed inst lp_riscv/i_riscv_core_id_stage_i_pc_ex_o_reg[31], resized cell DFFRPQ_X1M_A9TL -> cell DFFRPQ_X1M_A9TR
    Committed inst lp_riscv/i_riscv_core_if_stage_i_prefetch_32.prefetch_buffer_i_fifo_i_rdata_Q_reg[3][1], resized cell DFFRPQN_X1M_A9TL -> cell DFFRPQN_X1M_A9TR
    Committed inst lp_riscv/i_riscv_core_if_stage_i_prefetch_32.prefetch_buffer_i_fifo_i_rdata_Q_reg[2][26], resized cell DFFRPQN_X1M_A9TL -> cell DFFRPQN_X1M_A9TR
    Committed inst lp_riscv/i_riscv_core_if_stage_i_prefetch_32.prefetch_buffer_i_fifo_i_rdata_Q_reg[2][5], resized cell DFFRPQN_X1M_A9TL -> cell DFFRPQN_X1M_A9TR
    Committed inst lp_riscv/i_riscv_core_id_stage_i_pc_ex_o_reg[22], resized cell DFFRPQ_X1M_A9TL -> cell DFFRPQ_X1M_A9TR
    Committed inst lp_riscv/i_riscv_core_if_stage_i_prefetch_32.prefetch_buffer_i_fifo_i_rdata_Q_reg[0][13], resized cell DFFRPQN_X1M_A9TL -> cell DFFRPQN_X1M_A9TR
    Committed inst lp_riscv/i_riscv_core_id_stage_i_pc_ex_o_reg[12], resized cell DFFRPQ_X1M_A9TL -> cell DFFRPQ_X1M_A9TR
    Committed inst lp_riscv/i_riscv_core_if_stage_i_prefetch_32.prefetch_buffer_i_fifo_i_rdata_Q_reg[3][0], resized cell DFFRPQN_X1M_A9TL -> cell DFFRPQN_X1M_A9TR
    Committed inst lp_riscv/i_riscv_core_if_stage_i_prefetch_32.prefetch_buffer_i_fifo_i_rdata_Q_reg[2][1], resized cell DFFRPQN_X1M_A9TL -> cell DFFRPQN_X1M_A9TR
    Committed inst lp_riscv/i_riscv_core_if_stage_i_prefetch_32.prefetch_buffer_i_fifo_i_rdata_Q_reg[3][27], resized cell DFFRPQN_X1M_A9TL -> cell DFFRPQN_X1M_A9TR
    Committed inst lp_riscv/i_riscv_core_if_stage_i_prefetch_32.prefetch_buffer_i_fifo_i_rdata_Q_reg[1][26], resized cell DFFRPQ_X1M_A9TL -> cell DFFRPQ_X1M_A9TR
    Committed inst lp_riscv/i_riscv_core_id_stage_i_pc_ex_o_reg[4], resized cell DFFRPQ_X1M_A9TL -> cell DFFRPQ_X1M_A9TR
    Committed inst lp_riscv/i_riscv_core_if_stage_i_prefetch_32.prefetch_buffer_i_fifo_i_rdata_Q_reg[2][19], resized cell DFFRPQN_X1M_A9TL -> cell DFFRPQN_X1M_A9TR
    Committed inst lp_riscv/i_riscv_core_id_stage_i_pc_ex_o_reg[20], resized cell DFFRPQ_X1M_A9TL -> cell DFFRPQ_X1M_A9TR
    Committed inst lp_riscv/i_riscv_core_id_stage_i_pc_ex_o_reg[24], resized cell DFFRPQ_X1M_A9TL -> cell DFFRPQ_X1M_A9TR
    Committed inst lp_riscv/i_riscv_core_id_stage_i_pc_ex_o_reg[13], resized cell DFFRPQ_X1M_A9TL -> cell DFFRPQ_X1M_A9TR
    Committed inst lp_riscv/i_riscv_core_if_stage_i_prefetch_32.prefetch_buffer_i_fifo_i_rdata_Q_reg[2][30], resized cell DFFRPQN_X1M_A9TL -> cell DFFRPQN_X1M_A9TR
    Committed inst lp_riscv/i_riscv_core_if_stage_i_prefetch_32.prefetch_buffer_i_fifo_i_rdata_Q_reg[3][17], resized cell DFFRPQ_X1M_A9TL -> cell DFFRPQ_X1M_A9TR
    Committed inst lp_riscv/i_riscv_core_id_stage_i_pc_ex_o_reg[25], resized cell DFFRPQ_X1M_A9TL -> cell DFFRPQ_X1M_A9TR
    Committed inst lp_riscv/i_riscv_core_if_stage_i_prefetch_32.prefetch_buffer_i_fifo_i_rdata_Q_reg[3][25], resized cell DFFRPQN_X1M_A9TL -> cell DFFRPQN_X1M_A9TR
    Committed inst lp_riscv/i_riscv_core_if_stage_i_prefetch_32.prefetch_buffer_i_fifo_i_rdata_Q_reg[1][17], resized cell DFFRPQ_X1M_A9TL -> cell DFFRPQ_X1M_A9TR
    Committed inst lp_riscv/i_riscv_core_id_stage_i_pc_ex_o_reg[30], resized cell DFFRPQ_X1M_A9TL -> cell DFFRPQ_X1M_A9TR
    Committed inst lp_riscv/i_riscv_core_if_stage_i_prefetch_32.prefetch_buffer_i_fifo_i_rdata_Q_reg[2][18], resized cell DFFRPQN_X1M_A9TL -> cell DFFRPQN_X1M_A9TR
    Committed inst lp_riscv/i_riscv_core_if_stage_i_prefetch_32.prefetch_buffer_i_fifo_i_rdata_Q_reg[3][7], resized cell DFFRPQN_X1M_A9TL -> cell DFFRPQN_X1M_A9TR
    Committed inst lp_riscv/i_riscv_core_if_stage_i_prefetch_32.prefetch_buffer_i_fifo_i_rdata_Q_reg[2][8], resized cell DFFRPQN_X1M_A9TL -> cell DFFRPQN_X1M_A9TR
    Committed inst lp_riscv/i_riscv_core_id_stage_i_pc_ex_o_reg[14], resized cell DFFRPQ_X1M_A9TL -> cell DFFRPQ_X1M_A9TR
    Committed inst lp_riscv/i_riscv_core_if_stage_i_prefetch_32.prefetch_buffer_i_fifo_i_rdata_Q_reg[2][0], resized cell DFFRPQN_X1M_A9TL -> cell DFFRPQN_X1M_A9TR
    Committed inst lp_riscv/i_riscv_core_if_stage_i_prefetch_32.prefetch_buffer_i_fifo_i_rdata_Q_reg[2][10], resized cell DFFRPQN_X1M_A9TL -> cell DFFRPQN_X1M_A9TR
    Committed inst lp_riscv/i_riscv_core_id_stage_i_pc_ex_o_reg[16], resized cell DFFRPQ_X1M_A9TL -> cell DFFRPQ_X1M_A9TR
    Committed inst lp_riscv/i_riscv_core_id_stage_i_pc_ex_o_reg[26], resized cell DFFRPQ_X1M_A9TL -> cell DFFRPQ_X1M_A9TR
    Committed inst lp_riscv/i_riscv_core_id_stage_i_pc_ex_o_reg[3], resized cell DFFRPQ_X1M_A9TL -> cell DFFRPQ_X1M_A9TR
    Committed inst lp_riscv/i_riscv_core_if_stage_i_prefetch_32.prefetch_buffer_i_fifo_i_rdata_Q_reg[2][7], resized cell DFFRPQN_X1M_A9TL -> cell DFFRPQN_X1M_A9TR
    Committed inst lp_riscv/i_riscv_core_id_stage_i_pc_ex_o_reg[0], resized cell DFFRPQ_X1M_A9TL -> cell DFFRPQ_X1M_A9TR
    Committed inst lp_riscv/i_riscv_core_if_stage_i_prefetch_32.prefetch_buffer_i_fifo_i_rdata_Q_reg[2][2], resized cell DFFRPQN_X1M_A9TL -> cell DFFRPQN_X1M_A9TR
    Committed inst lp_riscv/i_riscv_core_if_stage_i_prefetch_32.prefetch_buffer_i_fifo_i_rdata_Q_reg[0][4], resized cell DFFRPQN_X1M_A9TL -> cell DFFRPQN_X1M_A9TR
    Committed inst lp_riscv/i_riscv_core_id_stage_i_pc_ex_o_reg[23], resized cell DFFRPQ_X1M_A9TL -> cell DFFRPQ_X1M_A9TR
    Committed inst lp_riscv/i_riscv_core_id_stage_i_data_sign_ext_ex_o_reg, resized cell DFFRPQN_X1M_A9TL -> cell DFFRPQN_X1M_A9TR
    Committed inst lp_riscv/i_riscv_core_id_stage_i_pc_ex_o_reg[1], resized cell DFFRPQ_X1M_A9TL -> cell DFFRPQ_X1M_A9TR
    Committed inst lp_riscv/i_riscv_core_id_stage_i_pc_ex_o_reg[15], resized cell DFFRPQ_X1M_A9TL -> cell DFFRPQ_X1M_A9TR
    Committed inst lp_riscv/i_riscv_core_if_stage_i_prefetch_32.prefetch_buffer_i_fifo_i_rdata_Q_reg[2][15], resized cell DFFRPQN_X1M_A9TL -> cell DFFRPQN_X1M_A9TR
    Committed inst lp_riscv/i_riscv_core_id_stage_i_pc_ex_o_reg[7], resized cell DFFRPQ_X1M_A9TL -> cell DFFRPQ_X1M_A9TR
    Committed inst lp_riscv/i_riscv_core_if_stage_i_prefetch_32.prefetch_buffer_i_fifo_i_rdata_Q_reg[0][6], resized cell DFFRPQN_X1M_A9TL -> cell DFFRPQN_X1M_A9TR
    Committed inst lp_riscv/i_riscv_core_if_stage_i_prefetch_32.prefetch_buffer_i_fifo_i_rdata_Q_reg[1][24], resized cell DFFRPQ_X1M_A9TL -> cell DFFRPQ_X1M_A9TR
    Committed inst lp_riscv/i_riscv_core_if_stage_i_prefetch_32.prefetch_buffer_i_fifo_i_rdata_Q_reg[2][4], resized cell DFFRPQN_X1M_A9TL -> cell DFFRPQN_X1M_A9TR
    Committed inst lp_riscv/i_riscv_core_load_store_unit_i_data_we_q_reg, resized cell DFFRPQ_X1M_A9TL -> cell DFFRPQ_X1M_A9TR
    Committed inst lp_riscv/i_riscv_core_if_stage_i_prefetch_32.prefetch_buffer_i_fifo_i_rdata_Q_reg[3][30], resized cell DFFRPQN_X1M_A9TL -> cell DFFRPQN_X1M_A9TR
    Committed inst lp_riscv/i_riscv_core_if_stage_i_prefetch_32.prefetch_buffer_i_fifo_i_rdata_Q_reg[3][12], resized cell DFFRPQN_X1M_A9TL -> cell DFFRPQN_X1M_A9TR
    Committed inst lp_riscv/i_riscv_core_if_stage_i_prefetch_32.prefetch_buffer_i_fifo_i_rdata_Q_reg[1][27], resized cell DFFRPQ_X1M_A9TL -> cell DFFRPQ_X1M_A9TR
    Committed inst lp_riscv/i_riscv_core_if_stage_i_prefetch_32.prefetch_buffer_i_fifo_i_rdata_Q_reg[1][16], resized cell DFFRPQ_X1M_A9TL -> cell DFFRPQ_X1M_A9TR
    Committed inst lp_riscv/i_riscv_core_if_stage_i_prefetch_32.prefetch_buffer_i_fifo_i_rdata_Q_reg[3][22], resized cell DFFRPQN_X1M_A9TL -> cell DFFRPQN_X1M_A9TR
    Committed inst lp_riscv/i_riscv_core_if_stage_i_prefetch_32.prefetch_buffer_i_fifo_i_rdata_Q_reg[3][20], resized cell DFFRPQN_X1M_A9TL -> cell DFFRPQN_X1M_A9TR
    Committed inst lp_riscv/i_riscv_core_if_stage_i_prefetch_32.prefetch_buffer_i_fifo_i_rdata_Q_reg[3][18], resized cell DFFRPQN_X1M_A9TL -> cell DFFRPQN_X1M_A9TR
    Committed inst lp_riscv/i_riscv_core_if_stage_i_prefetch_32.prefetch_buffer_i_fifo_i_rdata_Q_reg[3][10], resized cell DFFRPQN_X1M_A9TL -> cell DFFRPQN_X1M_A9TR
    Committed inst lp_riscv/i_riscv_core_if_stage_i_prefetch_32.prefetch_buffer_i_fifo_i_rdata_Q_reg[2][22], resized cell DFFRPQN_X1M_A9TL -> cell DFFRPQN_X1M_A9TR
    Committed inst lp_riscv/i_riscv_core_if_stage_i_prefetch_32.prefetch_buffer_i_fifo_i_rdata_Q_reg[3][21], resized cell DFFRPQN_X1M_A9TL -> cell DFFRPQN_X1M_A9TR
    Committed inst lp_riscv/i_riscv_core_if_stage_i_prefetch_32.prefetch_buffer_i_fifo_i_rdata_Q_reg[2][24], resized cell DFFRPQN_X1M_A9TL -> cell DFFRPQN_X1M_A9TR
    Committed inst lp_riscv/i_riscv_core_id_stage_i_pc_ex_o_reg[21], resized cell DFFRPQ_X1M_A9TL -> cell DFFRPQ_X1M_A9TR
    Committed inst lp_riscv/i_riscv_core_if_stage_i_prefetch_32.prefetch_buffer_i_fifo_i_rdata_Q_reg[2][16], resized cell DFFRPQ_X1M_A9TL -> cell DFFRPQ_X1M_A9TR
    Committed inst lp_riscv/i_riscv_core_if_stage_i_prefetch_32.prefetch_buffer_i_fifo_i_rdata_Q_reg[1][31], resized cell DFFRPQ_X1M_A9TL -> cell DFFRPQ_X1M_A9TR
    Committed inst lp_riscv/i_riscv_core_id_stage_i_pc_ex_o_reg[5], resized cell DFFRPQ_X1M_A9TL -> cell DFFRPQ_X1M_A9TR
    Committed inst lp_riscv/i_riscv_core_if_stage_i_prefetch_32.prefetch_buffer_i_fifo_i_rdata_Q_reg[2][17], resized cell DFFRPQ_X1M_A9TL -> cell DFFRPQ_X1M_A9TR
    Committed inst lp_riscv/i_riscv_core_if_stage_i_prefetch_32.prefetch_buffer_i_fifo_i_rdata_Q_reg[3][28], resized cell DFFRPQN_X1M_A9TL -> cell DFFRPQN_X1M_A9TR
    Committed inst lp_riscv/i_riscv_core_if_stage_i_prefetch_32.prefetch_buffer_i_fifo_i_rdata_Q_reg[1][9], resized cell DFFRPQ_X1M_A9TL -> cell DFFRPQ_X1M_A9TR
    Committed inst lp_riscv/i_riscv_core_if_stage_i_prefetch_32.prefetch_buffer_i_fifo_i_rdata_Q_reg[0][5], resized cell DFFRPQN_X1M_A9TL -> cell DFFRPQN_X1M_A9TR
    Committed inst lp_riscv/i_riscv_core_id_stage_i_pc_ex_o_reg[2], resized cell DFFRPQ_X1M_A9TL -> cell DFFRPQ_X1M_A9TR
    Committed inst lp_riscv/i_riscv_core_load_store_unit_i_data_type_q_reg[0], resized cell DFFRPQN_X1M_A9TL -> cell DFFRPQN_X1M_A9TR
    Committed inst lp_riscv/i_riscv_core_if_stage_i_prefetch_32.prefetch_buffer_i_fifo_i_rdata_Q_reg[1][23], resized cell DFFRPQ_X1M_A9TL -> cell DFFRPQ_X1M_A9TR
    Committed inst lp_riscv/i_riscv_core_id_stage_i_pc_ex_o_reg[19], resized cell DFFRPQ_X1M_A9TL -> cell DFFRPQ_X1M_A9TR
    Committed inst lp_riscv/i_riscv_core_if_stage_i_prefetch_32.prefetch_buffer_i_fifo_i_rdata_Q_reg[1][29], resized cell DFFRPQ_X1M_A9TL -> cell DFFRPQ_X1M_A9TR
    Committed inst lp_riscv/i_riscv_core_id_stage_i_exc_controller_i_cause_int_q_reg[3], resized cell DFFRPQ_X1M_A9TL -> cell DFFRPQ_X1M_A9TR
    Committed inst lp_riscv/i_riscv_core_if_stage_i_prefetch_32.prefetch_buffer_i_fifo_i_rdata_Q_reg[0][11], resized cell DFFRPQN_X1M_A9TL -> cell DFFRPQN_X1M_A9TR
    Committed inst lp_riscv/i_riscv_core_if_stage_i_prefetch_32.prefetch_buffer_i_fifo_i_rdata_Q_reg[0][8], resized cell DFFRPQN_X1M_A9TL -> cell DFFRPQN_X1M_A9TR
    Committed inst lp_riscv/i_riscv_core_if_stage_i_prefetch_32.prefetch_buffer_i_fifo_i_rdata_Q_reg[1][18], resized cell DFFRPQ_X1M_A9TL -> cell DFFRPQ_X1M_A9TR
    Committed inst lp_riscv/i_riscv_core_if_stage_i_prefetch_32.prefetch_buffer_i_fifo_i_rdata_Q_reg[1][28], resized cell DFFRPQ_X1M_A9TL -> cell DFFRPQ_X1M_A9TR
    Committed inst lp_riscv/i_riscv_core_if_stage_i_prefetch_32.prefetch_buffer_i_fifo_i_rdata_Q_reg[1][8], resized cell DFFRPQN_X1M_A9TL -> cell DFFRPQN_X1M_A9TR
    Committed inst lp_riscv/i_riscv_core_if_stage_i_prefetch_32.prefetch_buffer_i_fifo_i_rdata_Q_reg[1][30], resized cell DFFRPQ_X1M_A9TL -> cell DFFRPQ_X1M_A9TR
    Committed inst lp_riscv/i_riscv_core_if_stage_i_prefetch_32.prefetch_buffer_i_fifo_i_rdata_Q_reg[1][3], resized cell DFFRPQ_X1M_A9TL -> cell DFFRPQ_X1M_A9TH
    Committed inst lp_riscv/i_riscv_core_id_stage_i_pc_ex_o_reg[18], resized cell DFFRPQ_X1M_A9TL -> cell DFFRPQ_X1M_A9TR
    Committed inst lp_riscv/i_riscv_core_if_stage_i_prefetch_32.prefetch_buffer_i_fifo_i_rdata_Q_reg[1][0], resized cell DFFRPQ_X1M_A9TL -> cell DFFRPQ_X1M_A9TH
    Committed inst lp_riscv/i_riscv_core_if_stage_i_prefetch_32.prefetch_buffer_i_fifo_i_rdata_Q_reg[1][25], resized cell DFFRPQ_X1M_A9TL -> cell DFFRPQ_X1M_A9TH
    Committed inst lp_riscv/i_riscv_core_if_stage_i_prefetch_32.prefetch_buffer_i_fifo_i_rdata_Q_reg[1][22], resized cell DFFRPQ_X1M_A9TL -> cell DFFRPQ_X1M_A9TH
    Committed inst lp_riscv/i_riscv_core_if_stage_i_prefetch_32.prefetch_buffer_i_fifo_i_rdata_Q_reg[0][28], resized cell DFFRPQN_X1M_A9TL -> cell DFFRPQN_X1M_A9TR
    Committed inst lp_riscv/i_riscv_core_if_stage_i_prefetch_32.prefetch_buffer_i_fifo_i_rdata_Q_reg[0][26], resized cell DFFRPQN_X1M_A9TL -> cell DFFRPQN_X1M_A9TR
    Committed inst lp_riscv/i_riscv_core_if_stage_i_prefetch_32.prefetch_buffer_i_fifo_i_rdata_Q_reg[0][31], resized cell DFFRPQN_X1M_A9TL -> cell DFFRPQN_X1M_A9TR
    Committed inst lp_riscv/i_riscv_core_if_stage_i_prefetch_32.prefetch_buffer_i_fifo_i_addr_Q_reg[1][1], resized cell DFFRPQN_X1M_A9TL -> cell DFFRPQN_X1M_A9TR
    Committed inst lp_riscv/i_riscv_core_if_stage_i_prefetch_32.prefetch_buffer_i_fifo_i_rdata_Q_reg[0][30], resized cell DFFRPQN_X1M_A9TL -> cell DFFRPQN_X1M_A9TR
    Committed inst lp_riscv/i_riscv_core_id_stage_i_pc_ex_o_reg[17], resized cell DFFRPQ_X1M_A9TL -> cell DFFRPQ_X1M_A9TR
    Committed inst lp_riscv/i_riscv_core_ex_stage_i_alu_i_div_i_Cnt_DP_reg[5], resized cell DFFRPQN_X1M_A9TL -> cell DFFRPQN_X1M_A9TR
    Committed inst lp_riscv/i_riscv_core_if_stage_i_prefetch_32.prefetch_buffer_i_fifo_i_rdata_Q_reg[1][11], resized cell DFFRPQN_X1M_A9TL -> cell DFFRPQN_X1M_A9TR
    Committed inst lp_riscv/i_riscv_core_if_stage_i_prefetch_32.prefetch_buffer_i_fifo_i_rdata_Q_reg[0][25], resized cell DFFRPQN_X1M_A9TL -> cell DFFRPQN_X1M_A9TR
    Committed inst lp_riscv/i_riscv_core_if_stage_i_prefetch_32.prefetch_buffer_i_fifo_i_rdata_Q_reg[0][24], resized cell DFFRPQN_X1M_A9TL -> cell DFFRPQN_X1M_A9TR
    Committed inst lp_riscv/i_riscv_core_if_stage_i_prefetch_32.prefetch_buffer_i_fifo_i_rdata_Q_reg[1][15], resized cell DFFRPQ_X1M_A9TL -> cell DFFRPQ_X1M_A9TH
    Committed inst lp_riscv/i_riscv_core_cs_registers_i_exc_cause_reg[5], resized cell DFFRPQN_X1M_A9TL -> cell DFFRPQN_X1M_A9TH
    Committed inst lp_riscv/i_riscv_core_if_stage_i_prefetch_32.prefetch_buffer_i_fifo_i_rdata_Q_reg[1][1], resized cell DFFRPQ_X1M_A9TL -> cell DFFRPQ_X1M_A9TH
    Committed inst lp_riscv/i_riscv_core_if_stage_i_prefetch_32.prefetch_buffer_i_fifo_i_rdata_Q_reg[0][29], resized cell DFFRPQN_X1M_A9TL -> cell DFFRPQN_X1M_A9TR
    Committed inst lp_riscv/i_riscv_core_if_stage_i_prefetch_32.prefetch_buffer_i_fifo_i_rdata_Q_reg[0][22], resized cell DFFRPQN_X1M_A9TL -> cell DFFRPQN_X1M_A9TR
    Committed inst lp_riscv/i_riscv_core_if_stage_i_prefetch_32.prefetch_buffer_i_fifo_i_rdata_Q_reg[0][18], resized cell DFFRPQN_X1M_A9TL -> cell DFFRPQN_X1M_A9TR
    Committed inst lp_riscv/i_riscv_core_if_stage_i_prefetch_32.prefetch_buffer_i_fifo_i_rdata_Q_reg[0][19], resized cell DFFRPQN_X1M_A9TL -> cell DFFRPQN_X1M_A9TR
    Committed inst lp_riscv/i_riscv_core_if_stage_i_prefetch_32.prefetch_buffer_i_fifo_i_rdata_Q_reg[0][23], resized cell DFFRPQN_X1M_A9TL -> cell DFFRPQN_X1M_A9TR
    Committed inst lp_riscv/i_riscv_core_if_stage_i_prefetch_32.prefetch_buffer_i_fifo_i_rdata_Q_reg[0][27], resized cell DFFRPQN_X1M_A9TL -> cell DFFRPQN_X1M_A9TR
    Committed inst lp_riscv/i_riscv_core_if_stage_i_prefetch_32.prefetch_buffer_i_fifo_i_rdata_Q_reg[0][21], resized cell DFFRPQN_X1M_A9TL -> cell DFFRPQN_X1M_A9TR
    Committed inst lp_riscv/i_riscv_core_cs_registers_i_exc_cause_reg[2], resized cell DFFRPQN_X1M_A9TL -> cell DFFRPQN_X1M_A9TH
    Committed inst lp_riscv/i_riscv_core_cs_registers_i_exc_cause_reg[3], resized cell DFFRPQN_X1M_A9TL -> cell DFFRPQN_X1M_A9TH
    Committed inst lp_riscv/i_riscv_core_cs_registers_i_exc_cause_reg[0], resized cell DFFRPQN_X1M_A9TL -> cell DFFRPQN_X1M_A9TH
    Committed inst lp_riscv/i_riscv_core_if_stage_i_pc_id_o_reg[0], resized cell DFFRPQN_X1M_A9TL -> cell DFFRPQN_X1M_A9TH
    Committed inst lp_riscv/i_riscv_core_cs_registers_i_PCER_q_reg[10], resized cell DFFRPQ_X1M_A9TL -> cell DFFRPQ_X1M_A9TR
    Committed inst lp_riscv/i_riscv_core_cs_registers_i_PCER_q_reg[6], resized cell DFFRPQ_X1M_A9TL -> cell DFFRPQ_X1M_A9TR
    Committed inst lp_riscv/i_riscv_core_cs_registers_i_exc_cause_reg[1], resized cell DFFRPQN_X1M_A9TL -> cell DFFRPQN_X1M_A9TR
    Committed inst lp_riscv/i_riscv_core_id_stage_i_data_load_event_ex_o_reg, resized cell DFFRPQN_X1M_A9TL -> cell DFFRPQN_X1M_A9TH
    Committed inst lp_riscv/i_riscv_core_if_stage_i_prefetch_32.prefetch_buffer_i_fifo_i_addr_Q_reg[1][21], resized cell DFFRPQN_X1M_A9TL -> cell DFFRPQN_X1M_A9TH
    Committed inst lp_riscv/i_riscv_core_cs_registers_i_PCER_q_reg[24], resized cell DFFRPQ_X1M_A9TL -> cell DFFRPQ_X1M_A9TR
    Committed inst lp_riscv/i_riscv_core_cs_registers_i_PCMR_q_reg[0], resized cell DFFSQN_X1M_A9TL -> cell DFFSQN_X1M_A9TR
    Committed inst lp_riscv/i_riscv_core_if_stage_i_prefetch_32.prefetch_buffer_i_fifo_i_is_hwlp_Q_reg[0], resized cell DFFRPQ_X1M_A9TL -> cell DFFRPQ_X1M_A9TR
    Committed inst lp_riscv/i_riscv_core_if_stage_i_prefetch_32.prefetch_buffer_i_fifo_i_addr_Q_reg[1][27], resized cell DFFRPQN_X1M_A9TL -> cell DFFRPQN_X1M_A9TR
    Committed inst lp_riscv/i_riscv_core_cs_registers_i_PCER_q_reg[17], resized cell DFFRPQ_X1M_A9TL -> cell DFFRPQ_X1M_A9TR
    Committed inst lp_riscv/i_riscv_core_cs_registers_i_PCER_q_reg[18], resized cell DFFRPQ_X1M_A9TL -> cell DFFRPQ_X1M_A9TR
    Committed inst lp_riscv/i_riscv_core_if_stage_i_prefetch_32.prefetch_buffer_i_fifo_i_addr_Q_reg[1][16], resized cell DFFRPQN_X1M_A9TL -> cell DFFRPQN_X1M_A9TH
    Committed inst lp_riscv/i_riscv_core_ex_stage_i_alu_i_div_i_Cnt_DP_reg[0], resized cell DFFRPQN_X1M_A9TL -> cell DFFRPQN_X1M_A9TR
    Committed inst lp_riscv/i_riscv_core_cs_registers_i_PCER_q_reg[14], resized cell DFFRPQ_X1M_A9TL -> cell DFFRPQ_X1M_A9TR
    Committed inst lp_riscv/i_riscv_core_cs_registers_i_PCER_q_reg[25], resized cell DFFRPQ_X1M_A9TL -> cell DFFRPQ_X1M_A9TR
    Committed inst lp_riscv/i_riscv_core_cs_registers_i_PCER_q_reg[7], resized cell DFFRPQ_X1M_A9TL -> cell DFFRPQ_X1M_A9TR
    Committed inst lp_riscv/i_riscv_core_cs_registers_i_PCER_q_reg[22], resized cell DFFRPQ_X1M_A9TL -> cell DFFRPQ_X1M_A9TR
    Committed inst lp_riscv/i_riscv_core_cs_registers_i_mestatus_q_reg[0], resized cell DFFRPQN_X1M_A9TL -> cell DFFRPQN_X1M_A9TR
    Committed inst lp_riscv/i_riscv_core_ex_stage_i_alu_i_div_i_ResReg_DP_reg[1], resized cell DFFRPQ_X1M_A9TL -> cell DFFRPQ_X1M_A9TH
    Committed inst lp_riscv/i_riscv_core_cs_registers_i_PCER_q_reg[11], resized cell DFFRPQ_X1M_A9TL -> cell DFFRPQ_X1M_A9TR
    Committed inst lp_riscv/i_riscv_core_cs_registers_i_exc_cause_reg[4], resized cell DFFRPQN_X1M_A9TL -> cell DFFRPQN_X1M_A9TR
    Committed inst lp_riscv/i_riscv_core_cs_registers_i_PCER_q_reg[13], resized cell DFFRPQ_X1M_A9TL -> cell DFFRPQ_X1M_A9TR
    Committed inst lp_riscv/i_riscv_core_cs_registers_i_PCER_q_reg[9], resized cell DFFRPQ_X1M_A9TL -> cell DFFRPQ_X1M_A9TR
    Committed inst lp_riscv/i_riscv_core_ex_stage_i_alu_i_div_i_Cnt_DP_reg[2], resized cell DFFRPQN_X1M_A9TL -> cell DFFRPQN_X1M_A9TR
    Committed inst lp_riscv/i_riscv_core_cs_registers_i_PCER_q_reg[23], resized cell DFFRPQ_X1M_A9TL -> cell DFFRPQ_X1M_A9TR
    Committed inst lp_riscv/i_riscv_core_cs_registers_i_PCER_q_reg[26], resized cell DFFRPQ_X1M_A9TL -> cell DFFRPQ_X1M_A9TR
    Committed inst lp_riscv/i_riscv_core_ex_stage_i_alu_i_div_i_ResReg_DP_reg[2], resized cell DFFRPQ_X1M_A9TL -> cell DFFRPQ_X1M_A9TR
    Committed inst lp_riscv/i_riscv_core_if_stage_i_prefetch_32.prefetch_buffer_i_fifo_i_rdata_Q_reg[1][10], resized cell DFFRPQ_X1M_A9TL -> cell DFFRPQ_X1M_A9TH
    Committed inst lp_riscv/i_riscv_core_cs_registers_i_PCER_q_reg[16], resized cell DFFRPQ_X1M_A9TL -> cell DFFRPQ_X1M_A9TR
    Committed inst lp_riscv/i_riscv_core_if_stage_i_prefetch_32.prefetch_buffer_i_fifo_i_addr_Q_reg[1][30], resized cell DFFRPQN_X1M_A9TL -> cell DFFRPQN_X1M_A9TR
    Committed inst lp_riscv/i_riscv_core_ex_stage_i_alu_i_div_i_ResReg_DP_reg[3], resized cell DFFRPQ_X1M_A9TL -> cell DFFRPQ_X1M_A9TH
    Committed inst lp_riscv/i_riscv_core_ex_stage_i_alu_i_div_i_ResReg_DP_reg[4], resized cell DFFRPQ_X1M_A9TL -> cell DFFRPQ_X1M_A9TR
    Committed inst lp_riscv/i_riscv_core_ex_stage_i_alu_i_div_i_ResReg_DP_reg[5], resized cell DFFRPQ_X1M_A9TL -> cell DFFRPQ_X1M_A9TR
    Committed inst lp_riscv/i_riscv_core_ex_stage_i_alu_i_div_i_ResReg_DP_reg[6], resized cell DFFRPQ_X1M_A9TL -> cell DFFRPQ_X1M_A9TH
    Committed inst lp_riscv/i_riscv_core_ex_stage_i_alu_i_div_i_ResReg_DP_reg[7], resized cell DFFRPQ_X1M_A9TL -> cell DFFRPQ_X1M_A9TH
    Committed inst lp_riscv/i_riscv_core_cs_registers_i_PCER_q_reg[4], resized cell DFFRPQ_X1M_A9TL -> cell DFFRPQ_X1M_A9TR
    Committed inst lp_riscv/i_riscv_core_cs_registers_i_PCER_q_reg[21], resized cell DFFRPQ_X1M_A9TL -> cell DFFRPQ_X1M_A9TR
    Committed inst lp_riscv/i_riscv_core_if_stage_i_hwlp_dec_cnt_id_o_reg[1], resized cell DFFRPQ_X1M_A9TL -> cell DFFRPQ_X1M_A9TR
    Committed inst lp_riscv/i_riscv_core_if_stage_i_prefetch_32.prefetch_buffer_i_instr_addr_q_reg[17], resized cell DFFRPQN_X1M_A9TL -> cell DFFRPQN_X1M_A9TH
    Committed inst lp_riscv/i_riscv_core_ex_stage_i_alu_i_div_i_ResReg_DP_reg[8], resized cell DFFRPQ_X1M_A9TL -> cell DFFRPQ_X1M_A9TR
    Committed inst lp_riscv/i_riscv_core_if_stage_i_prefetch_32.prefetch_buffer_i_instr_addr_q_reg[14], resized cell DFFRPQN_X1M_A9TL -> cell DFFRPQN_X1M_A9TH
    Committed inst lp_riscv/i_riscv_core_ex_stage_i_alu_i_div_i_ResReg_DP_reg[9], resized cell DFFRPQ_X1M_A9TL -> cell DFFRPQ_X1M_A9TH
    Committed inst lp_riscv/i_riscv_core_ex_stage_i_alu_i_div_i_ResReg_DP_reg[10], resized cell DFFRPQ_X1M_A9TL -> cell DFFRPQ_X1M_A9TH
    Committed inst lp_riscv/i_riscv_core_if_stage_i_pc_id_o_reg[12], resized cell DFFRPQ_X1M_A9TL -> cell DFFRPQ_X1M_A9TR
    Committed inst lp_riscv/i_riscv_core_if_stage_i_hwlp_dec_cnt_id_o_reg[0], resized cell DFFRPQ_X1M_A9TL -> cell DFFRPQ_X1M_A9TR
    Committed inst lp_riscv/i_riscv_core_ex_stage_i_alu_i_div_i_ResReg_DP_reg[11], resized cell DFFRPQ_X1M_A9TL -> cell DFFRPQ_X1M_A9TR
    Committed inst lp_riscv/i_riscv_core_if_stage_i_pc_id_o_reg[9], resized cell DFFRPQ_X1M_A9TL -> cell DFFRPQ_X1M_A9TR
    Committed inst lp_riscv/i_riscv_core_if_stage_i_prefetch_32.prefetch_buffer_i_instr_addr_q_reg[12], resized cell DFFRPQN_X1M_A9TL -> cell DFFRPQN_X1M_A9TH
    Committed inst lp_riscv/i_riscv_core_if_stage_i_prefetch_32.prefetch_buffer_i_instr_addr_q_reg[10], resized cell DFFRPQN_X1M_A9TL -> cell DFFRPQN_X1M_A9TH
    Committed inst lp_riscv/i_riscv_core_ex_stage_i_alu_i_div_i_ResReg_DP_reg[12], resized cell DFFRPQ_X1M_A9TL -> cell DFFRPQ_X1M_A9TR
    Committed inst lp_riscv/i_riscv_core_ex_stage_i_alu_i_div_i_ResReg_DP_reg[13], resized cell DFFRPQ_X1M_A9TL -> cell DFFRPQ_X1M_A9TH
    Committed inst lp_riscv/i_riscv_core_if_stage_i_prefetch_32.prefetch_buffer_i_instr_addr_q_reg[26], resized cell DFFRPQN_X1M_A9TL -> cell DFFRPQN_X1M_A9TH
    Committed inst lp_riscv/i_riscv_core_if_stage_i_prefetch_32.prefetch_buffer_i_instr_addr_q_reg[6], resized cell DFFRPQN_X1M_A9TL -> cell DFFRPQN_X1M_A9TH
    Committed inst lp_riscv/i_riscv_core_ex_stage_i_alu_i_div_i_ResReg_DP_reg[14], resized cell DFFRPQ_X1M_A9TL -> cell DFFRPQ_X1M_A9TR
    Committed inst lp_riscv/i_riscv_core_ex_stage_i_alu_i_div_i_ResReg_DP_reg[17], resized cell DFFRPQ_X1M_A9TL -> cell DFFRPQ_X1M_A9TH
    Committed inst lp_riscv/i_riscv_core_if_stage_i_prefetch_32.prefetch_buffer_i_instr_addr_q_reg[18], resized cell DFFRPQN_X1M_A9TL -> cell DFFRPQN_X1M_A9TH
    Committed inst lp_riscv/i_riscv_core_ex_stage_i_alu_i_div_i_ResReg_DP_reg[15], resized cell DFFRPQ_X1M_A9TL -> cell DFFRPQ_X1M_A9TR
    Committed inst lp_riscv/i_riscv_core_ex_stage_i_alu_i_div_i_ResReg_DP_reg[18], resized cell DFFRPQ_X1M_A9TL -> cell DFFRPQ_X1M_A9TH
    Committed inst lp_riscv/i_riscv_core_if_stage_i_prefetch_32.prefetch_buffer_i_instr_addr_q_reg[25], resized cell DFFRPQN_X1M_A9TL -> cell DFFRPQN_X1M_A9TH
    Committed inst lp_riscv/i_riscv_core_if_stage_i_prefetch_32.prefetch_buffer_i_instr_addr_q_reg[28], resized cell DFFRPQN_X1M_A9TL -> cell DFFRPQN_X1M_A9TH
    Committed inst lp_riscv/i_riscv_core_ex_stage_i_alu_i_div_i_ResReg_DP_reg[19], resized cell DFFRPQ_X1M_A9TL -> cell DFFRPQ_X1M_A9TH
    Committed inst lp_riscv/i_riscv_core_ex_stage_i_alu_i_div_i_ResInv_SP_reg, resized cell DFFRPQN_X1M_A9TL -> cell DFFRPQN_X1M_A9TH
    Committed inst lp_riscv/i_riscv_core_ex_stage_i_alu_i_div_i_ResReg_DP_reg[16], resized cell DFFRPQ_X1M_A9TL -> cell DFFRPQ_X1M_A9TR
    Committed inst lp_riscv/i_riscv_core_if_stage_i_prefetch_32.prefetch_buffer_i_instr_addr_q_reg[11], resized cell DFFRPQN_X1M_A9TL -> cell DFFRPQN_X1M_A9TH
    Committed inst lp_riscv/i_riscv_core_cs_registers_i_PCER_q_reg[12], resized cell DFFRPQ_X1M_A9TL -> cell DFFRPQ_X1M_A9TR
    Committed inst lp_riscv/i_riscv_core_if_stage_i_prefetch_32.prefetch_buffer_i_fifo_i_rdata_Q_reg[0][1], resized cell DFFRPQN_X1M_A9TL -> cell DFFRPQN_X1M_A9TR
    Committed inst lp_riscv/i_riscv_core_if_stage_i_prefetch_32.prefetch_buffer_i_fifo_i_rdata_Q_reg[0][0], resized cell DFFRPQN_X1M_A9TL -> cell DFFRPQN_X1M_A9TR
    Committed inst lp_riscv/i_riscv_core_ex_stage_i_alu_i_div_i_ResReg_DP_reg[23], resized cell DFFRPQ_X1M_A9TL -> cell DFFRPQ_X1M_A9TR
    Committed inst lp_riscv/i_riscv_core_ex_stage_i_alu_i_div_i_ResReg_DP_reg[21], resized cell DFFRPQ_X1M_A9TL -> cell DFFRPQ_X1M_A9TR
    Committed inst lp_riscv/i_riscv_core_ex_stage_i_alu_i_div_i_ResReg_DP_reg[25], resized cell DFFRPQ_X1M_A9TL -> cell DFFRPQ_X1M_A9TH
    Committed inst lp_riscv/i_riscv_core_ex_stage_i_alu_i_div_i_ResReg_DP_reg[26], resized cell DFFRPQ_X1M_A9TL -> cell DFFRPQ_X1M_A9TH
    Committed inst lp_riscv/i_riscv_core_ex_stage_i_alu_i_div_i_ResReg_DP_reg[24], resized cell DFFRPQ_X1M_A9TL -> cell DFFRPQ_X1M_A9TR
    Committed inst lp_riscv/i_riscv_core_ex_stage_i_alu_i_div_i_ResReg_DP_reg[22], resized cell DFFRPQ_X1M_A9TL -> cell DFFRPQ_X1M_A9TR
    Committed inst lp_riscv/i_riscv_core_ex_stage_i_alu_i_div_i_ResReg_DP_reg[27], resized cell DFFRPQ_X1M_A9TL -> cell DFFRPQ_X1M_A9TR
    Committed inst lp_riscv/i_riscv_core_ex_stage_i_alu_i_div_i_ResReg_DP_reg[20], resized cell DFFRPQ_X1M_A9TL -> cell DFFRPQ_X1M_A9TR
    Committed inst lp_riscv/i_riscv_core_if_stage_i_prefetch_32.prefetch_buffer_i_instr_addr_q_reg[3], resized cell DFFRPQN_X1M_A9TL -> cell DFFRPQN_X1M_A9TR
    Committed inst lp_riscv/i_riscv_core_if_stage_i_prefetch_32.prefetch_buffer_i_instr_addr_q_reg[9], resized cell DFFRPQN_X1M_A9TL -> cell DFFRPQN_X1M_A9TR
    Committed inst lp_riscv/i_riscv_core_if_stage_i_prefetch_32.prefetch_buffer_i_instr_addr_q_reg[5], resized cell DFFRPQN_X1M_A9TL -> cell DFFRPQN_X1M_A9TR
    Committed inst lp_riscv/i_riscv_core_ex_stage_i_alu_i_div_i_ResReg_DP_reg[28], resized cell DFFRPQ_X1M_A9TL -> cell DFFRPQ_X1M_A9TR
    Committed inst lp_riscv/i_riscv_core_ex_stage_i_alu_i_div_i_ResReg_DP_reg[30], resized cell DFFRPQ_X1M_A9TL -> cell DFFRPQ_X1M_A9TR
    Committed inst lp_riscv/i_riscv_core_ex_stage_i_alu_i_div_i_ResReg_DP_reg[31], resized cell DFFRPQ_X1M_A9TL -> cell DFFRPQ_X1M_A9TR
    Committed inst lp_riscv/i_riscv_core_if_stage_i_prefetch_32.prefetch_buffer_i_instr_addr_q_reg[13], resized cell DFFRPQN_X1M_A9TL -> cell DFFRPQN_X1M_A9TR
    Committed inst lp_riscv/i_riscv_core_if_stage_i_offset_fsm_cs_reg[0], resized cell DFFSQ_X1M_A9TL -> cell DFFSQ_X1M_A9TR
    Committed inst lp_riscv/i_riscv_core_if_stage_i_prefetch_32.prefetch_buffer_i_instr_addr_q_reg[8], resized cell DFFRPQN_X1M_A9TL -> cell DFFRPQN_X1M_A9TR
    Committed inst lp_riscv/i_riscv_core_if_stage_i_prefetch_32.prefetch_buffer_i_instr_addr_q_reg[2], resized cell DFFRPQN_X1M_A9TL -> cell DFFRPQN_X1M_A9TR
    Committed inst lp_riscv/i_riscv_core_if_stage_i_prefetch_32.prefetch_buffer_i_instr_addr_q_reg[19], resized cell DFFRPQN_X1M_A9TL -> cell DFFRPQN_X1M_A9TR
    Committed inst lp_riscv/i_riscv_core_if_stage_i_prefetch_32.prefetch_buffer_i_instr_addr_q_reg[4], resized cell DFFRPQN_X1M_A9TL -> cell DFFRPQN_X1M_A9TR
    Committed inst lp_riscv/i_riscv_core_ex_stage_i_alu_i_div_i_ResReg_DP_reg[29], resized cell DFFRPQ_X1M_A9TL -> cell DFFRPQ_X1M_A9TR
    Committed inst lp_riscv/i_riscv_core_cs_registers_i_PCMR_q_reg[1], resized cell DFFSQ_X1M_A9TL -> cell DFFSQ_X1M_A9TR
    Committed inst lp_riscv/i_riscv_core_ex_stage_i_alu_i_div_i_BReg_DP_reg[24], resized cell DFFRPQ_X1M_A9TL -> cell DFFRPQ_X1M_A9TR
    Committed inst lp_riscv/i_riscv_core_if_stage_i_prefetch_32.prefetch_buffer_i_fifo_i_addr_Q_reg[0][0], resized cell DFFRPQ_X1M_A9TL -> cell DFFRPQ_X1M_A9TR
    Committed inst lp_riscv/i_riscv_core_ex_stage_i_mult_i_mulh_carry_q_reg, resized cell DFFRPQ_X1M_A9TL -> cell DFFRPQ_X1M_A9TR
    Committed inst lp_riscv/i_riscv_core_if_stage_i_prefetch_32.prefetch_buffer_i_fifo_i_rdata_Q_reg[0][16], resized cell DFFRPQ_X1M_A9TL -> cell DFFRPQ_X1M_A9TR
    Committed inst lp_riscv/i_riscv_core_if_stage_i_prefetch_32.prefetch_buffer_i_instr_addr_q_reg[20], resized cell DFFRPQN_X1M_A9TL -> cell DFFRPQN_X1M_A9TR
    Committed inst lp_riscv/i_riscv_core_if_stage_i_prefetch_32.prefetch_buffer_i_fifo_i_rdata_Q_reg[0][17], resized cell DFFRPQ_X1M_A9TL -> cell DFFRPQ_X1M_A9TR
    Committed inst lp_riscv/i_riscv_core_if_stage_i_prefetch_32.prefetch_buffer_i_instr_addr_q_reg[1], resized cell DFFRPQN_X1M_A9TL -> cell DFFRPQN_X1M_A9TR
    Committed inst lp_riscv/i_riscv_core_id_stage_i_branch_in_ex_o_reg, resized cell DFFRPQ_X1M_A9TL -> cell DFFRPQ_X1M_A9TR
    Committed inst lp_riscv/i_riscv_core_load_store_unit_i_rdata_offset_q_reg[0], resized cell DFFRPQN_X1M_A9TL -> cell DFFRPQN_X1M_A9TR
    Committed inst lp_riscv/i_riscv_core_ex_stage_i_alu_i_div_i_BReg_DP_reg[21], resized cell DFFRPQ_X1M_A9TL -> cell DFFRPQ_X1M_A9TR
    Committed inst lp_riscv/i_riscv_core_load_store_unit_i_rdata_offset_q_reg[1], resized cell DFFRPQN_X1M_A9TL -> cell DFFRPQN_X1M_A9TR
    Committed inst lp_riscv/i_riscv_core_ex_stage_i_alu_i_div_i_BReg_DP_reg[1], resized cell DFFRPQ_X1M_A9TL -> cell DFFRPQ_X1M_A9TR
    Committed inst lp_riscv/i_riscv_core_ex_stage_i_regfile_we_wb_o_reg, resized cell DFFRPQ_X1M_A9TL -> cell DFFRPQ_X1M_A9TR
    Committed inst lp_riscv/i_riscv_core_id_stage_i_regfile_alu_we_ex_o_reg, resized cell DFFRPQ_X1M_A9TL -> cell DFFRPQ_X1M_A9TR
    Committed inst lp_riscv/i_riscv_core_id_stage_i_data_type_ex_o_reg[0], resized cell DFFRPQ_X1M_A9TL -> cell DFFRPQ_X1M_A9TR
    Committed inst lp_riscv/i_riscv_core_id_stage_i_regfile_waddr_ex_o_reg[0], resized cell DFFRPQ_X1M_A9TL -> cell DFFRPQ_X1M_A9TR
    Committed inst lp_riscv/i_riscv_core_id_stage_i_data_req_ex_o_reg, resized cell DFFRPQ_X1M_A9TL -> cell DFFRPQ_X1M_A9TR
    Uncommitted inst lp_riscv/i_riscv_core_if_stage_i_prefetch_32.prefetch_buffer_i_fifo_i_rdata_Q_reg[1][10], resized cell DFFRPQ_X1M_A9TH -> cell DFFRPQ_X1M_A9TL
===========================================================================================
  Phase 1 : Step 1 Iter 1 Summary (ECO Safe Resize)
------------------------------------------------------------------------------------------
 Hold WNS :      -0.0349
      TNS :      -1.5400
      #VP :          104
      TNS+:       4.5382/285 improved (0.0159 per commit, 74.664%)
  Density :      13.473%
------------------------------------------------------------------------------------------
 285 inst resized (phase total 285, total 285)
   including 285 FF resized (phase total 285, total 285)
------------------------------------------------------------------------------------------
 iteration   cpu=0:00:03.7 real=0:00:04.0
 accumulated cpu=0:00:24.0 real=0:00:25.0 totSessionCpu=0:19:23 mem=10833.7M
===========================================================================================

Starting Phase 1 Step 1 Iter 2 ...
    Committed inst lp_riscv/i_riscv_core_if_stage_i_prefetch_32.prefetch_buffer_i_fifo_i_addr_Q_reg[1][27], resized cell DFFRPQN_X1M_A9TR -> cell DFFRPQN_X1M_A9TH
    Committed inst lp_riscv/i_riscv_core_if_stage_i_prefetch_32.prefetch_buffer_i_fifo_i_addr_Q_reg[1][1], resized cell DFFRPQN_X1M_A9TR -> cell DFFRPQN_X1M_A9TH
    Committed inst lp_riscv/i_riscv_core_if_stage_i_prefetch_32.prefetch_buffer_i_fifo_i_addr_Q_reg[1][30], resized cell DFFRPQN_X1M_A9TR -> cell DFFRPQN_X1M_A9TH
    Committed inst lp_riscv/i_riscv_core_id_stage_i_pc_ex_o_reg[14], resized cell DFFRPQ_X1M_A9TR -> cell DFFRPQ_X1M_A9TH
    Committed inst lp_riscv/i_riscv_core_id_stage_i_pc_ex_o_reg[13], resized cell DFFRPQ_X1M_A9TR -> cell DFFRPQ_X1M_A9TH
    Committed inst lp_riscv/i_riscv_core_id_stage_i_pc_ex_o_reg[15], resized cell DFFRPQ_X1M_A9TR -> cell DFFRPQ_X1M_A9TH
    Committed inst lp_riscv/i_riscv_core_if_stage_i_pc_id_o_reg[30], resized cell DFFRPQ_X1M_A9TL -> cell DFFRPQ_X1M_A9TR
    Committed inst lp_riscv/i_riscv_core_if_stage_i_pc_id_o_reg[28], resized cell DFFRPQ_X1M_A9TL -> cell DFFRPQ_X1M_A9TR
    Committed inst lp_riscv/i_riscv_core_ex_stage_i_alu_i_div_i_ResReg_DP_reg[28], resized cell DFFRPQ_X1M_A9TR -> cell DFFRPQ_X1M_A9TH
    Committed inst lp_riscv/i_riscv_core_if_stage_i_pc_id_o_reg[26], resized cell DFFRPQ_X1M_A9TL -> cell DFFRPQ_X1M_A9TR
    Committed inst lp_riscv/i_riscv_core_if_stage_i_pc_id_o_reg[24], resized cell DFFRPQ_X1M_A9TL -> cell DFFRPQ_X1M_A9TR
    Committed inst lp_riscv/i_riscv_core_if_stage_i_pc_id_o_reg[3], resized cell DFFRPQ_X1M_A9TL -> cell DFFRPQ_X1M_A9TR
    Committed inst lp_riscv/i_riscv_core_if_stage_i_pc_id_o_reg[4], resized cell DFFRPQ_X1M_A9TL -> cell DFFRPQ_X1M_A9TR
    Committed inst lp_riscv/i_riscv_core_if_stage_i_pc_id_o_reg[7], resized cell DFFRPQ_X1M_A9TL -> cell DFFRPQ_X1M_A9TR
    Committed inst lp_riscv/i_riscv_core_if_stage_i_pc_id_o_reg[5], resized cell DFFRPQ_X1M_A9TL -> cell DFFRPQ_X1M_A9TR
    Committed inst lp_riscv/i_riscv_core_if_stage_i_prefetch_32.prefetch_buffer_i_instr_addr_q_reg[24], resized cell DFFRPQN_X1M_A9TL -> cell DFFRPQN_X1M_A9TH
    Committed inst lp_riscv/i_riscv_core_if_stage_i_prefetch_32.prefetch_buffer_i_instr_addr_q_reg[27], resized cell DFFRPQN_X1M_A9TL -> cell DFFRPQN_X1M_A9TH
    Committed inst lp_riscv/i_riscv_core_if_stage_i_prefetch_32.prefetch_buffer_i_instr_addr_q_reg[15], resized cell DFFRPQN_X1M_A9TL -> cell DFFRPQN_X1M_A9TH
    Committed inst lp_riscv/i_riscv_core_if_stage_i_prefetch_32.prefetch_buffer_i_instr_addr_q_reg[7], resized cell DFFRPQN_X1M_A9TL -> cell DFFRPQN_X1M_A9TR
    Committed inst lp_riscv/i_riscv_core_if_stage_i_prefetch_32.prefetch_buffer_i_instr_addr_q_reg[16], resized cell DFFRPQN_X1M_A9TL -> cell DFFRPQN_X1M_A9TR
    Committed inst lp_riscv/i_riscv_core_if_stage_i_prefetch_32.prefetch_buffer_i_instr_addr_q_reg[0], resized cell DFFRPQ_X1M_A9TL -> cell DFFRPQ_X1M_A9TR
    Committed inst lp_riscv/i_riscv_core_if_stage_i_prefetch_32.prefetch_buffer_i_fifo_i_rdata_Q_reg[1][31], resized cell DFFRPQ_X1M_A9TR -> cell DFFRPQ_X1M_A9TH
    Uncommitted inst lp_riscv/i_riscv_core_if_stage_i_pc_id_o_reg[30], resized cell DFFRPQ_X1M_A9TR -> cell DFFRPQ_X1M_A9TL
    Uncommitted inst lp_riscv/i_riscv_core_if_stage_i_pc_id_o_reg[28], resized cell DFFRPQ_X1M_A9TR -> cell DFFRPQ_X1M_A9TL
    Uncommitted inst lp_riscv/i_riscv_core_if_stage_i_pc_id_o_reg[26], resized cell DFFRPQ_X1M_A9TR -> cell DFFRPQ_X1M_A9TL
    Uncommitted inst lp_riscv/i_riscv_core_if_stage_i_pc_id_o_reg[24], resized cell DFFRPQ_X1M_A9TR -> cell DFFRPQ_X1M_A9TL
    Uncommitted inst lp_riscv/i_riscv_core_if_stage_i_pc_id_o_reg[3], resized cell DFFRPQ_X1M_A9TR -> cell DFFRPQ_X1M_A9TL
    Uncommitted inst lp_riscv/i_riscv_core_if_stage_i_pc_id_o_reg[4], resized cell DFFRPQ_X1M_A9TR -> cell DFFRPQ_X1M_A9TL
    Uncommitted inst lp_riscv/i_riscv_core_if_stage_i_pc_id_o_reg[5], resized cell DFFRPQ_X1M_A9TR -> cell DFFRPQ_X1M_A9TL
===========================================================================================
  Phase 1 : Step 1 Iter 2 Summary (ECO Safe Resize)
------------------------------------------------------------------------------------------
 Hold WNS :      -0.0349
      TNS :      -1.3528
      #VP :           98
      TNS+:       0.1872/15 improved (0.0125 per commit, 12.156%)
  Density :      13.473%
------------------------------------------------------------------------------------------
 15 inst resized (phase total 300, total 300)
   including 15 FF resized (phase total 300, total 300)
------------------------------------------------------------------------------------------
 iteration   cpu=0:00:00.6 real=0:00:00.0
 accumulated cpu=0:00:24.6 real=0:00:25.0 totSessionCpu=0:19:23 mem=10833.7M
===========================================================================================

Starting Phase 1 Step 1 Iter 3 ...
===========================================================================================
  Phase 1 : Step 1 Iter 3 Summary (ECO Safe Resize)
------------------------------------------------------------------------------------------
 Hold WNS :      -0.0349
      TNS :      -1.3528
      #VP :           98
  Density :      13.473%
------------------------------------------------------------------------------------------
 iteration   cpu=0:00:00.0 real=0:00:00.0
 accumulated cpu=0:00:24.6 real=0:00:25.0 totSessionCpu=0:19:23 mem=10833.7M
===========================================================================================

Executing transform: AddBuffer + LegalResize
===========================================================================================
  Phase 1 : Step 2 Iter 0 Summary (AddBuffer + LegalResize)
------------------------------------------------------------------------------------------
 Hold WNS :      -0.0349
      TNS :      -1.3528
      #VP :           98
  Density :      13.473%
------------------------------------------------------------------------------------------
 iteration   cpu=0:00:00.0 real=0:00:00.0
 accumulated cpu=0:00:24.7 real=0:00:25.0 totSessionCpu=0:19:24 mem=10833.7M
===========================================================================================

Starting Phase 1 Step 2 Iter 1 ...
    Committed inst lp_riscv/i_riscv_core_id_stage_i_pc_ex_o_reg[5], resized cell DFFRPQ_X1M_A9TR -> cell DFFRPQ_X0P5M_A9TH
    Committed inst lp_riscv/i_riscv_core_id_stage_i_pc_ex_o_reg[24], resized cell DFFRPQ_X1M_A9TR -> cell DFFRPQ_X0P5M_A9TH
    Committed inst lp_riscv/i_riscv_core_id_stage_i_pc_ex_o_reg[3], resized cell DFFRPQ_X1M_A9TR -> cell DFFRPQ_X0P5M_A9TH
    Committed inst lp_riscv/i_riscv_core_id_stage_i_pc_ex_o_reg[26], resized cell DFFRPQ_X1M_A9TR -> cell DFFRPQ_X0P5M_A9TH
    Committed inst lp_riscv/i_riscv_core_id_stage_i_pc_ex_o_reg[4], resized cell DFFRPQ_X1M_A9TR -> cell DFFRPQ_X0P5M_A9TH
    Committed inst lp_riscv/i_riscv_core_id_stage_i_pc_ex_o_reg[2], resized cell DFFRPQ_X1M_A9TR -> cell DFFRPQ_X0P5M_A9TH
    Committed inst lp_riscv/i_riscv_core_id_stage_i_pc_ex_o_reg[25], resized cell DFFRPQ_X1M_A9TR -> cell DFFRPQ_X4M_A9TH
    Committed inst lp_riscv/i_riscv_core_id_stage_i_pc_ex_o_reg[7], resized cell DFFRPQ_X1M_A9TR -> cell DFFRPQ_X4M_A9TH
    Committed inst lp_riscv/i_riscv_core_id_stage_i_pc_ex_o_reg[11], resized cell DFFRPQ_X1M_A9TH -> cell DFFRPQ_X0P5M_A9TH
    Committed inst lp_riscv/i_riscv_core_id_stage_i_pc_ex_o_reg[15], resized cell DFFRPQ_X1M_A9TH -> cell DFFRPQ_X0P5M_A9TH
    Committed inst lp_riscv/i_riscv_core_id_stage_i_pc_ex_o_reg[30], resized cell DFFRPQ_X1M_A9TR -> cell DFFRPQ_X0P5M_A9TH
    Committed inst lp_riscv/i_riscv_core_id_stage_i_pc_ex_o_reg[29], resized cell DFFRPQ_X1M_A9TR -> cell DFFRPQ_X4M_A9TH
    Committed inst lp_riscv/i_riscv_core_id_stage_i_pc_ex_o_reg[1], resized cell DFFRPQ_X1M_A9TR -> cell DFFRPQ_X0P5M_A9TH
    Committed inst lp_riscv/i_riscv_core_id_stage_i_pc_ex_o_reg[31], resized cell DFFRPQ_X1M_A9TR -> cell DFFRPQ_X0P5M_A9TH
    Committed inst lp_riscv/i_riscv_core_id_stage_i_pc_ex_o_reg[14], resized cell DFFRPQ_X1M_A9TH -> cell DFFRPQ_X0P5M_A9TH
  Added 2 buffers
    Added inst lp_riscv/post_cts_hold_opt_inst_FE_PHC10258_i_riscv_core_if_stage_i_prefetch_32_prefetch_buffer_i_fifo_i_rdata_Q_0_14 (BUFH_X0P8M_A9TH) (r=144000)
    Added inst lp_riscv/post_cts_hold_opt_inst_FE_PHC10258_i_riscv_core_if_stage_i_prefetch_32_prefetch_buffer_i_fifo_i_rdata_Q_0_14 (BUFH_X0P8M_A9TH) (r=144000)
  Added 2 buffers
    Added inst lp_riscv/post_cts_hold_opt_inst_FE_PHC10259_i_riscv_core_if_stage_i_prefetch_32_prefetch_buffer_i_fifo_i_rdata_Q_0_10 (BUFH_X0P8M_A9TH) (r=144000)
    Added inst lp_riscv/post_cts_hold_opt_inst_FE_PHC10259_i_riscv_core_if_stage_i_prefetch_32_prefetch_buffer_i_fifo_i_rdata_Q_0_10 (BUFH_X0P8M_A9TH) (r=144000)
  Added 2 buffers
    Added inst lp_riscv/post_cts_hold_opt_inst_FE_PHC10260_i_riscv_core_if_stage_i_prefetch_32_prefetch_buffer_i_fifo_i_rdata_Q_0_2 (BUF_X0P7B_A9TR) (r=144000)
    Added inst lp_riscv/post_cts_hold_opt_inst_FE_PHC10260_i_riscv_core_if_stage_i_prefetch_32_prefetch_buffer_i_fifo_i_rdata_Q_0_2 (BUF_X0P7B_A9TR) (r=144000)
  Added 2 buffers
    Added inst lp_riscv/post_cts_hold_opt_inst_FE_PHC10261_i_riscv_core_if_stage_i_prefetch_32_prefetch_buffer_i_fifo_i_rdata_Q_0_15 (BUFH_X0P8M_A9TH) (r=144000)
    Added inst lp_riscv/post_cts_hold_opt_inst_FE_PHC10261_i_riscv_core_if_stage_i_prefetch_32_prefetch_buffer_i_fifo_i_rdata_Q_0_15 (BUFH_X0P8M_A9TH) (r=144000)
  Added 2 buffers
    Added inst lp_riscv/post_cts_hold_opt_inst_FE_PHC10262_i_riscv_core_if_stage_i_prefetch_32_prefetch_buffer_i_fifo_i_rdata_Q_0_3 (BUF_X0P7B_A9TR) (r=144000)
    Added inst lp_riscv/post_cts_hold_opt_inst_FE_PHC10262_i_riscv_core_if_stage_i_prefetch_32_prefetch_buffer_i_fifo_i_rdata_Q_0_3 (BUF_X0P7B_A9TR) (r=144000)
  Added 2 buffers
    Added inst lp_riscv/post_cts_hold_opt_inst_FE_PHC10263_i_riscv_core_if_stage_i_prefetch_32_prefetch_buffer_i_fifo_i_rdata_Q_0_20 (BUFH_X1M_A9TH) (r=144000)
    Added inst lp_riscv/post_cts_hold_opt_inst_FE_PHC10263_i_riscv_core_if_stage_i_prefetch_32_prefetch_buffer_i_fifo_i_rdata_Q_0_20 (BUFH_X1M_A9TH) (r=144000)
  Added 2 buffers
    Added inst lp_riscv/post_cts_hold_opt_inst_FE_PHC10264_i_riscv_core_if_stage_i_prefetch_32_prefetch_buffer_i_fifo_i_rdata_Q_0_12 (BUFH_X0P8M_A9TH) (r=144000)
    Added inst lp_riscv/post_cts_hold_opt_inst_FE_PHC10264_i_riscv_core_if_stage_i_prefetch_32_prefetch_buffer_i_fifo_i_rdata_Q_0_12 (BUFH_X0P8M_A9TH) (r=144000)
  Added 2 buffers
    Added inst lp_riscv/post_cts_hold_opt_inst_FE_PHC10265_i_riscv_core_if_stage_i_prefetch_32_prefetch_buffer_i_fifo_i_rdata_Q_0_9 (BUFH_X0P8M_A9TH) (r=144000)
    Added inst lp_riscv/post_cts_hold_opt_inst_FE_PHC10265_i_riscv_core_if_stage_i_prefetch_32_prefetch_buffer_i_fifo_i_rdata_Q_0_9 (BUFH_X0P8M_A9TH) (r=144000)
  Added 2 buffers
    Added inst lp_riscv/post_cts_hold_opt_inst_FE_PHC10266_i_riscv_core_if_stage_i_prefetch_32_prefetch_buffer_i_fifo_i_rdata_Q_0_7 (BUFH_X0P8M_A9TH) (r=144000)
    Added inst lp_riscv/post_cts_hold_opt_inst_FE_PHC10266_i_riscv_core_if_stage_i_prefetch_32_prefetch_buffer_i_fifo_i_rdata_Q_0_7 (BUFH_X0P8M_A9TH) (r=144000)
  Added 2 buffers
    Added inst lp_riscv/post_cts_hold_opt_inst_FE_PHC10267_n_8134 (BUFH_X1M_A9TH) (r=144000)
    Added inst lp_riscv/post_cts_hold_opt_inst_FE_PHC10267_n_8134 (BUFH_X1M_A9TH) (r=144000)
  Added 2 buffers
    Added inst lp_riscv/post_cts_hold_opt_inst_FE_PHC10268_n_8142 (BUFH_X1M_A9TH) (r=144000)
    Added inst lp_riscv/post_cts_hold_opt_inst_FE_PHC10268_n_8142 (BUFH_X1M_A9TH) (r=144000)
  Added 2 buffers
    Added inst lp_riscv/post_cts_hold_opt_inst_FE_PHC10269_n_8143 (BUFH_X1M_A9TH) (r=144000)
    Added inst lp_riscv/post_cts_hold_opt_inst_FE_PHC10269_n_8143 (BUFH_X1M_A9TH) (r=144000)
  Added 2 buffers
    Added inst lp_riscv/post_cts_hold_opt_inst_FE_PHC10270_n_8135 (BUFH_X1M_A9TH) (r=144000)
    Added inst lp_riscv/post_cts_hold_opt_inst_FE_PHC10270_n_8135 (BUFH_X1M_A9TH) (r=144000)
  Added 2 buffers
    Added inst lp_riscv/post_cts_hold_opt_inst_FE_PHC10271_i_riscv_core_if_stage_i_prefetch_32_prefetch_buffer_i_fifo_i_rdata_Q_0_0 (BUFH_X0P7M_A9TL) (r=144000)
    Added inst lp_riscv/post_cts_hold_opt_inst_FE_PHC10271_i_riscv_core_if_stage_i_prefetch_32_prefetch_buffer_i_fifo_i_rdata_Q_0_0 (BUFH_X0P7M_A9TL) (r=144000)
  Added 2 buffers
    Added inst lp_riscv/post_cts_hold_opt_inst_FE_PHC10272_i_riscv_core_if_stage_i_prefetch_32_prefetch_buffer_i_fifo_i_rdata_Q_0_21 (BUFH_X0P7M_A9TL) (r=144000)
    Added inst lp_riscv/post_cts_hold_opt_inst_FE_PHC10272_i_riscv_core_if_stage_i_prefetch_32_prefetch_buffer_i_fifo_i_rdata_Q_0_21 (BUFH_X0P7M_A9TL) (r=144000)
  Added 2 buffers
    Added inst lp_riscv/post_cts_hold_opt_inst_FE_PHC10273_i_riscv_core_if_stage_i_prefetch_32_prefetch_buffer_i_fifo_i_rdata_Q_0_23 (BUFH_X0P7M_A9TL) (r=144000)
    Added inst lp_riscv/post_cts_hold_opt_inst_FE_PHC10273_i_riscv_core_if_stage_i_prefetch_32_prefetch_buffer_i_fifo_i_rdata_Q_0_23 (BUFH_X0P7M_A9TL) (r=144000)
  Added 2 buffers
    Added inst lp_riscv/post_cts_hold_opt_inst_FE_PHC10274_i_riscv_core_if_stage_i_prefetch_32_prefetch_buffer_i_fifo_i_rdata_Q_0_24 (BUFH_X0P7M_A9TL) (r=144000)
    Added inst lp_riscv/post_cts_hold_opt_inst_FE_PHC10274_i_riscv_core_if_stage_i_prefetch_32_prefetch_buffer_i_fifo_i_rdata_Q_0_24 (BUFH_X0P7M_A9TL) (r=144000)
  Added 2 buffers
    Added inst lp_riscv/post_cts_hold_opt_inst_FE_PHC10275_i_riscv_core_if_stage_i_prefetch_32_prefetch_buffer_i_fifo_i_rdata_Q_0_27 (BUFH_X0P7M_A9TL) (r=144000)
    Added inst lp_riscv/post_cts_hold_opt_inst_FE_PHC10275_i_riscv_core_if_stage_i_prefetch_32_prefetch_buffer_i_fifo_i_rdata_Q_0_27 (BUFH_X0P7M_A9TL) (r=144000)
  Added 2 buffers
    Added inst lp_riscv/post_cts_hold_opt_inst_FE_PHC10276_i_riscv_core_if_stage_i_prefetch_32_prefetch_buffer_i_fifo_i_rdata_Q_0_29 (BUFH_X0P7M_A9TL) (r=144000)
    Added inst lp_riscv/post_cts_hold_opt_inst_FE_PHC10276_i_riscv_core_if_stage_i_prefetch_32_prefetch_buffer_i_fifo_i_rdata_Q_0_29 (BUFH_X0P7M_A9TL) (r=144000)
  Added 2 buffers
    Added inst lp_riscv/post_cts_hold_opt_inst_FE_PHC10277_i_riscv_core_if_stage_i_prefetch_32_prefetch_buffer_i_fifo_i_rdata_Q_0_22 (BUFH_X0P7M_A9TL) (r=144000)
    Added inst lp_riscv/post_cts_hold_opt_inst_FE_PHC10277_i_riscv_core_if_stage_i_prefetch_32_prefetch_buffer_i_fifo_i_rdata_Q_0_22 (BUFH_X0P7M_A9TL) (r=144000)
  Added 2 buffers
    Added inst lp_riscv/post_cts_hold_opt_inst_FE_PHC10278_i_riscv_core_if_stage_i_prefetch_32_prefetch_buffer_i_fifo_i_rdata_Q_0_1 (BUFH_X0P7M_A9TL) (r=144000)
    Added inst lp_riscv/post_cts_hold_opt_inst_FE_PHC10278_i_riscv_core_if_stage_i_prefetch_32_prefetch_buffer_i_fifo_i_rdata_Q_0_1 (BUFH_X0P7M_A9TL) (r=144000)
  Added 2 buffers
    Added inst lp_riscv/post_cts_hold_opt_inst_FE_PHC10279_i_riscv_core_if_stage_i_prefetch_32_prefetch_buffer_i_fifo_i_rdata_Q_0_18 (BUFH_X0P7M_A9TL) (r=144000)
    Added inst lp_riscv/post_cts_hold_opt_inst_FE_PHC10279_i_riscv_core_if_stage_i_prefetch_32_prefetch_buffer_i_fifo_i_rdata_Q_0_18 (BUFH_X0P7M_A9TL) (r=144000)
  Added 2 buffers
    Added inst lp_riscv/post_cts_hold_opt_inst_FE_PHC10280_i_riscv_core_if_stage_i_prefetch_32_prefetch_buffer_i_fifo_i_rdata_Q_0_25 (BUFH_X0P7M_A9TL) (r=144000)
    Added inst lp_riscv/post_cts_hold_opt_inst_FE_PHC10280_i_riscv_core_if_stage_i_prefetch_32_prefetch_buffer_i_fifo_i_rdata_Q_0_25 (BUFH_X0P7M_A9TL) (r=144000)
  Added 2 buffers
    Added inst lp_riscv/post_cts_hold_opt_inst_FE_PHC10281_i_riscv_core_if_stage_i_prefetch_32_prefetch_buffer_i_fifo_i_rdata_Q_0_19 (BUFH_X0P7M_A9TL) (r=144000)
    Added inst lp_riscv/post_cts_hold_opt_inst_FE_PHC10281_i_riscv_core_if_stage_i_prefetch_32_prefetch_buffer_i_fifo_i_rdata_Q_0_19 (BUFH_X0P7M_A9TL) (r=144000)
  Added 2 buffers
    Added inst lp_riscv/post_cts_hold_opt_inst_FE_PHC10282_n_8133 (BUFH_X0P7M_A9TL) (r=144000)
    Added inst lp_riscv/post_cts_hold_opt_inst_FE_PHC10282_n_8133 (BUFH_X0P7M_A9TL) (r=144000)
  Added 2 buffers
    Added inst lp_riscv/post_cts_hold_opt_inst_FE_PHC10283_n_8141 (BUFH_X0P7M_A9TR) (r=144000)
    Added inst lp_riscv/post_cts_hold_opt_inst_FE_PHC10283_n_8141 (BUFH_X0P7M_A9TR) (r=144000)
  Added 2 buffers
    Added inst lp_riscv/post_cts_hold_opt_inst_FE_PHC10284_i_riscv_core_if_stage_i_prefetch_32_prefetch_buffer_i_fifo_i_rdata_Q_0_26 (BUFH_X0P7M_A9TL) (r=144000)
    Added inst lp_riscv/post_cts_hold_opt_inst_FE_PHC10284_i_riscv_core_if_stage_i_prefetch_32_prefetch_buffer_i_fifo_i_rdata_Q_0_26 (BUFH_X0P7M_A9TL) (r=144000)
  Added 2 buffers
    Added inst lp_riscv/post_cts_hold_opt_inst_FE_PHC10285_i_riscv_core_if_stage_i_prefetch_32_prefetch_buffer_i_fifo_i_rdata_Q_0_30 (BUFH_X0P7M_A9TL) (r=144000)
    Added inst lp_riscv/post_cts_hold_opt_inst_FE_PHC10285_i_riscv_core_if_stage_i_prefetch_32_prefetch_buffer_i_fifo_i_rdata_Q_0_30 (BUFH_X0P7M_A9TL) (r=144000)
  Added 2 buffers
    Added inst lp_riscv/post_cts_hold_opt_inst_FE_PHC10286_i_riscv_core_if_stage_i_prefetch_32_prefetch_buffer_i_fifo_i_rdata_Q_0_31 (BUFH_X0P7M_A9TL) (r=144000)
    Added inst lp_riscv/post_cts_hold_opt_inst_FE_PHC10286_i_riscv_core_if_stage_i_prefetch_32_prefetch_buffer_i_fifo_i_rdata_Q_0_31 (BUFH_X0P7M_A9TL) (r=144000)
  Added 2 buffers
    Added inst lp_riscv/post_cts_hold_opt_inst_FE_PHC10287_i_riscv_core_if_stage_i_prefetch_32_prefetch_buffer_i_fifo_i_rdata_Q_0_28 (BUFH_X0P7M_A9TL) (r=144000)
    Added inst lp_riscv/post_cts_hold_opt_inst_FE_PHC10287_i_riscv_core_if_stage_i_prefetch_32_prefetch_buffer_i_fifo_i_rdata_Q_0_28 (BUFH_X0P7M_A9TL) (r=144000)
  Added 2 buffers
    Added inst lp_riscv/post_cts_hold_opt_inst_FE_PHC10288_placement_opt_inst_FE_DBTN129_i_riscv_core_ex_stage_i_mult_i_mulh_CS_1 (BUFH_X0P7M_A9TL) (r=144000)
    Added inst lp_riscv/post_cts_hold_opt_inst_FE_PHC10288_placement_opt_inst_FE_DBTN129_i_riscv_core_ex_stage_i_mult_i_mulh_CS_1 (BUFH_X0P7M_A9TL) (r=144000)
  Added 2 buffers
    Added inst lp_riscv/post_cts_hold_opt_inst_FE_PHC10289_i_riscv_core_if_stage_i_prefetch_32_prefetch_buffer_i_fifo_i_rdata_Q_2_29 (BUFH_X0P7M_A9TL) (r=144000)
    Added inst lp_riscv/post_cts_hold_opt_inst_FE_PHC10289_i_riscv_core_if_stage_i_prefetch_32_prefetch_buffer_i_fifo_i_rdata_Q_2_29 (BUFH_X0P7M_A9TL) (r=144000)
  Added 2 buffers
    Added inst lp_riscv/post_cts_hold_opt_inst_FE_PHC10290_i_riscv_core_cs_registers_i_exc_cause_4 (BUFH_X0P7M_A9TL) (r=144000)
    Added inst lp_riscv/post_cts_hold_opt_inst_FE_PHC10290_i_riscv_core_cs_registers_i_exc_cause_4 (BUFH_X0P7M_A9TL) (r=144000)
  Added 2 buffers
    Added inst lp_riscv/post_cts_hold_opt_inst_FE_PHC10291_i_riscv_core_if_stage_i_prefetch_32_prefetch_buffer_i_fifo_i_rdata_Q_0_4 (BUFH_X0P7M_A9TL) (r=144000)
    Added inst lp_riscv/post_cts_hold_opt_inst_FE_PHC10291_i_riscv_core_if_stage_i_prefetch_32_prefetch_buffer_i_fifo_i_rdata_Q_0_4 (BUFH_X0P7M_A9TL) (r=144000)
  Added 2 buffers
    Added inst lp_riscv/post_cts_hold_opt_inst_FE_PHC10292_i_riscv_core_data_sign_ext_ex (BUFH_X0P7M_A9TL) (r=144000)
    Added inst lp_riscv/post_cts_hold_opt_inst_FE_PHC10292_i_riscv_core_data_sign_ext_ex (BUFH_X0P7M_A9TL) (r=144000)
  Added 2 buffers
    Added inst lp_riscv/post_cts_hold_opt_inst_FE_PHC10293_n_8117 (BUFH_X0P7M_A9TL) (r=144000)
    Added inst lp_riscv/post_cts_hold_opt_inst_FE_PHC10293_n_8117 (BUFH_X0P7M_A9TL) (r=144000)
  Added 2 buffers
    Added inst lp_riscv/post_cts_hold_opt_inst_FE_PHC10294_n_8121 (BUFH_X0P7M_A9TL) (r=144000)
    Added inst lp_riscv/post_cts_hold_opt_inst_FE_PHC10294_n_8121 (BUFH_X0P7M_A9TL) (r=144000)
  Added 2 buffers
    Added inst lp_riscv/post_cts_hold_opt_inst_FE_PHC10295_n_8116 (BUFH_X0P7M_A9TL) (r=144000)
    Added inst lp_riscv/post_cts_hold_opt_inst_FE_PHC10295_n_8116 (BUFH_X0P7M_A9TL) (r=144000)
  Added 2 buffers
    Added inst lp_riscv/post_cts_hold_opt_inst_FE_PHC10296_n_8125 (BUFH_X0P7M_A9TL) (r=144000)
    Added inst lp_riscv/post_cts_hold_opt_inst_FE_PHC10296_n_8125 (BUFH_X0P7M_A9TL) (r=144000)
  Added 2 buffers
    Added inst lp_riscv/post_cts_hold_opt_inst_FE_PHC10297_n_8114 (BUFH_X0P7M_A9TL) (r=144000)
    Added inst lp_riscv/post_cts_hold_opt_inst_FE_PHC10297_n_8114 (BUFH_X0P7M_A9TL) (r=144000)
  Added 2 buffers
    Added inst lp_riscv/post_cts_hold_opt_inst_FE_PHC10298_n_8131 (BUFH_X0P7M_A9TL) (r=144000)
    Added inst lp_riscv/post_cts_hold_opt_inst_FE_PHC10298_n_8131 (BUFH_X0P7M_A9TL) (r=144000)
  Added 2 buffers
    Added inst lp_riscv/post_cts_hold_opt_inst_FE_PHC10299_n_8115 (BUFH_X0P7M_A9TL) (r=144000)
    Added inst lp_riscv/post_cts_hold_opt_inst_FE_PHC10299_n_8115 (BUFH_X0P7M_A9TL) (r=144000)
  Added 2 buffers
    Added inst lp_riscv/post_cts_hold_opt_inst_FE_PHC10300_n_8120 (BUFH_X0P7M_A9TL) (r=144000)
    Added inst lp_riscv/post_cts_hold_opt_inst_FE_PHC10300_n_8120 (BUFH_X0P7M_A9TL) (r=144000)
  Added 2 buffers
    Added inst lp_riscv/post_cts_hold_opt_inst_FE_PHC10301_n_8132 (BUFH_X0P7M_A9TL) (r=144000)
    Added inst lp_riscv/post_cts_hold_opt_inst_FE_PHC10301_n_8132 (BUFH_X0P7M_A9TL) (r=144000)
  Added 2 buffers
    Added inst lp_riscv/post_cts_hold_opt_inst_FE_PHC10302_i_riscv_core_pc_id_27 (BUFH_X0P7M_A9TL) (r=144000)
    Added inst lp_riscv/post_cts_hold_opt_inst_FE_PHC10302_i_riscv_core_pc_id_27 (BUFH_X0P7M_A9TL) (r=144000)
  Added 2 buffers
    Added inst lp_riscv/post_cts_hold_opt_inst_FE_PHC10303_n_8128 (BUFH_X0P7M_A9TL) (r=144000)
    Added inst lp_riscv/post_cts_hold_opt_inst_FE_PHC10303_n_8128 (BUFH_X0P7M_A9TL) (r=144000)
  Added 2 buffers
    Added inst lp_riscv/post_cts_hold_opt_inst_FE_PHC10304_i_riscv_core_pc_id_28 (BUFH_X0P7M_A9TL) (r=144000)
    Added inst lp_riscv/post_cts_hold_opt_inst_FE_PHC10304_i_riscv_core_pc_id_28 (BUFH_X0P7M_A9TL) (r=144000)
  Added 2 buffers
    Added inst lp_riscv/post_cts_hold_opt_inst_FE_PHC10305_i_riscv_core_if_stage_i_prefetch_32_prefetch_buffer_i_fifo_i_rdata_Q_1_6 (BUFH_X0P7M_A9TL) (r=144000)
    Added inst lp_riscv/post_cts_hold_opt_inst_FE_PHC10305_i_riscv_core_if_stage_i_prefetch_32_prefetch_buffer_i_fifo_i_rdata_Q_1_6 (BUFH_X0P7M_A9TL) (r=144000)
  Added 2 buffers
    Added inst lp_riscv/post_cts_hold_opt_inst_FE_PHC10306_n_8108 (BUFH_X0P7M_A9TL) (r=144000)
    Added inst lp_riscv/post_cts_hold_opt_inst_FE_PHC10306_n_8108 (BUFH_X0P7M_A9TL) (r=144000)
  Added 2 buffers
    Added inst lp_riscv/post_cts_hold_opt_inst_FE_PHC10307_n_8119 (BUFH_X0P7M_A9TL) (r=144000)
    Added inst lp_riscv/post_cts_hold_opt_inst_FE_PHC10307_n_8119 (BUFH_X0P7M_A9TL) (r=144000)
  Added 2 buffers
    Added inst lp_riscv/post_cts_hold_opt_inst_FE_PHC10308_i_riscv_core_if_stage_i_prefetch_32_prefetch_buffer_i_fifo_i_rdata_Q_1_2 (BUFH_X0P7M_A9TL) (r=144000)
    Added inst lp_riscv/post_cts_hold_opt_inst_FE_PHC10308_i_riscv_core_if_stage_i_prefetch_32_prefetch_buffer_i_fifo_i_rdata_Q_1_2 (BUFH_X0P7M_A9TL) (r=144000)
  Added 2 buffers
    Added inst lp_riscv/post_cts_hold_opt_inst_FE_PHC10309_i_riscv_core_load_store_unit_i_data_type_q_0 (BUFH_X0P7M_A9TL) (r=144000)
    Added inst lp_riscv/post_cts_hold_opt_inst_FE_PHC10309_i_riscv_core_load_store_unit_i_data_type_q_0 (BUFH_X0P7M_A9TL) (r=144000)
  Added 2 buffers
    Added inst lp_riscv/post_cts_hold_opt_inst_FE_PHC10310_i_riscv_core_pc_id_10 (BUFH_X0P7M_A9TL) (r=144000)
    Added inst lp_riscv/post_cts_hold_opt_inst_FE_PHC10310_i_riscv_core_pc_id_10 (BUFH_X0P7M_A9TL) (r=144000)
  Added 2 buffers
    Added inst lp_riscv/post_cts_hold_opt_inst_FE_PHC10311_placement_opt_inst_FE_DBTN128_i_riscv_core_ex_stage_i_mult_i_mulh_CS_0 (BUFH_X0P7M_A9TL) (r=144000)
    Added inst lp_riscv/post_cts_hold_opt_inst_FE_PHC10311_placement_opt_inst_FE_DBTN128_i_riscv_core_ex_stage_i_mult_i_mulh_CS_0 (BUFH_X0P7M_A9TL) (r=144000)
  Added 2 buffers
    Added inst lp_riscv/post_cts_hold_opt_inst_FE_PHC10312_i_riscv_core_load_store_unit_i_rdata_offset_q_1 (BUFH_X0P7M_A9TL) (r=144000)
    Added inst lp_riscv/post_cts_hold_opt_inst_FE_PHC10312_i_riscv_core_load_store_unit_i_rdata_offset_q_1 (BUFH_X0P7M_A9TL) (r=144000)
  Added 2 buffers
    Added inst lp_riscv/post_cts_hold_opt_inst_FE_PHC10313_i_riscv_core_alu_operand_a_ex_31 (BUFH_X0P7M_A9TL) (r=144000)
    Added inst lp_riscv/post_cts_hold_opt_inst_FE_PHC10313_i_riscv_core_alu_operand_a_ex_31 (BUFH_X0P7M_A9TL) (r=144000)
  Added 2 buffers
    Added inst lp_riscv/post_cts_hold_opt_inst_FE_PHC10314_i_riscv_core_if_stage_i_prefetch_32_prefetch_buffer_i_fifo_i_rdata_Q_1_20 (BUFH_X0P7M_A9TL) (r=144000)
    Added inst lp_riscv/post_cts_hold_opt_inst_FE_PHC10314_i_riscv_core_if_stage_i_prefetch_32_prefetch_buffer_i_fifo_i_rdata_Q_1_20 (BUFH_X0P7M_A9TL) (r=144000)
  Added 2 buffers
    Added inst lp_riscv/post_cts_hold_opt_inst_FE_PHC10315_i_riscv_core_if_stage_i_prefetch_32_prefetch_buffer_i_fifo_i_rdata_Q_2_31 (BUFH_X0P7M_A9TL) (r=144000)
    Added inst lp_riscv/post_cts_hold_opt_inst_FE_PHC10315_i_riscv_core_if_stage_i_prefetch_32_prefetch_buffer_i_fifo_i_rdata_Q_2_31 (BUFH_X0P7M_A9TL) (r=144000)
  Added 2 buffers
    Added inst lp_riscv/post_cts_hold_opt_inst_FE_PHC10316_i_riscv_core_pc_id_8 (BUFH_X0P7M_A9TL) (r=144000)
    Added inst lp_riscv/post_cts_hold_opt_inst_FE_PHC10316_i_riscv_core_pc_id_8 (BUFH_X0P7M_A9TL) (r=144000)
  Added 2 buffers
    Added inst lp_riscv/post_cts_hold_opt_inst_FE_PHC10317_i_riscv_core_if_stage_i_prefetch_32_prefetch_buffer_i_fifo_i_rdata_Q_1_14 (BUFH_X0P7M_A9TL) (r=144000)
    Added inst lp_riscv/post_cts_hold_opt_inst_FE_PHC10317_i_riscv_core_if_stage_i_prefetch_32_prefetch_buffer_i_fifo_i_rdata_Q_1_14 (BUFH_X0P7M_A9TL) (r=144000)
  Added 2 buffers
    Added inst lp_riscv/post_cts_hold_opt_inst_FE_PHC10318_i_riscv_core_if_stage_i_prefetch_32_prefetch_buffer_i_fifo_i_rdata_Q_3_21 (BUFH_X0P7M_A9TL) (r=144000)
    Added inst lp_riscv/post_cts_hold_opt_inst_FE_PHC10318_i_riscv_core_if_stage_i_prefetch_32_prefetch_buffer_i_fifo_i_rdata_Q_3_21 (BUFH_X0P7M_A9TL) (r=144000)
  Added 2 buffers
    Added inst lp_riscv/post_cts_hold_opt_inst_FE_PHC10319_i_riscv_core_if_stage_i_prefetch_32_prefetch_buffer_i_fifo_i_rdata_Q_3_22 (BUFH_X0P7M_A9TL) (r=144000)
    Added inst lp_riscv/post_cts_hold_opt_inst_FE_PHC10319_i_riscv_core_if_stage_i_prefetch_32_prefetch_buffer_i_fifo_i_rdata_Q_3_22 (BUFH_X0P7M_A9TL) (r=144000)
  Added 2 buffers
    Added inst lp_riscv/post_cts_hold_opt_inst_FE_PHC10320_i_riscv_core_if_stage_i_prefetch_32_prefetch_buffer_i_fifo_i_rdata_Q_2_14 (BUFH_X0P7M_A9TL) (r=144000)
    Added inst lp_riscv/post_cts_hold_opt_inst_FE_PHC10320_i_riscv_core_if_stage_i_prefetch_32_prefetch_buffer_i_fifo_i_rdata_Q_2_14 (BUFH_X0P7M_A9TL) (r=144000)
  Added 2 buffers
    Added inst lp_riscv/post_cts_hold_opt_inst_FE_PHC10321_i_riscv_core_pc_id_13 (BUFH_X0P7M_A9TL) (r=144000)
    Added inst lp_riscv/post_cts_hold_opt_inst_FE_PHC10321_i_riscv_core_pc_id_13 (BUFH_X0P7M_A9TL) (r=144000)
  Added 2 buffers
    Added inst lp_riscv/post_cts_hold_opt_inst_FE_PHC10322_i_riscv_core_if_stage_i_prefetch_32_prefetch_buffer_i_fifo_i_rdata_Q_3_20 (BUFH_X0P7M_A9TL) (r=144000)
    Added inst lp_riscv/post_cts_hold_opt_inst_FE_PHC10322_i_riscv_core_if_stage_i_prefetch_32_prefetch_buffer_i_fifo_i_rdata_Q_3_20 (BUFH_X0P7M_A9TL) (r=144000)
  Added 2 buffers
    Added inst lp_riscv/post_cts_hold_opt_inst_FE_PHC10323_i_riscv_core_if_stage_i_prefetch_32_prefetch_buffer_i_fifo_i_rdata_Q_2_23 (BUFH_X0P7M_A9TL) (r=144000)
    Added inst lp_riscv/post_cts_hold_opt_inst_FE_PHC10323_i_riscv_core_if_stage_i_prefetch_32_prefetch_buffer_i_fifo_i_rdata_Q_2_23 (BUFH_X0P7M_A9TL) (r=144000)
  Added 2 buffers
    Added inst lp_riscv/post_cts_hold_opt_inst_FE_PHC10324_i_riscv_core_if_stage_i_prefetch_32_prefetch_buffer_i_fifo_i_rdata_Q_3_30 (BUFH_X0P7M_A9TL) (r=144000)
    Added inst lp_riscv/post_cts_hold_opt_inst_FE_PHC10324_i_riscv_core_if_stage_i_prefetch_32_prefetch_buffer_i_fifo_i_rdata_Q_3_30 (BUFH_X0P7M_A9TL) (r=144000)
  Added 2 buffers
    Added inst lp_riscv/post_cts_hold_opt_inst_FE_PHC10325_i_riscv_core_if_stage_i_prefetch_32_prefetch_buffer_i_fifo_i_rdata_Q_0_11 (BUFH_X0P7M_A9TL) (r=144000)
    Added inst lp_riscv/post_cts_hold_opt_inst_FE_PHC10325_i_riscv_core_if_stage_i_prefetch_32_prefetch_buffer_i_fifo_i_rdata_Q_0_11 (BUFH_X0P7M_A9TL) (r=144000)
  Added 2 buffers
    Added inst lp_riscv/post_cts_hold_opt_inst_FE_PHC10326_i_riscv_core_cs_registers_i_mestatus_q_0 (BUFH_X0P7M_A9TL) (r=144000)
    Added inst lp_riscv/post_cts_hold_opt_inst_FE_PHC10326_i_riscv_core_cs_registers_i_mestatus_q_0 (BUFH_X0P7M_A9TL) (r=144000)
  Added 2 buffers
    Added inst lp_riscv/post_cts_hold_opt_inst_FE_PHC10327_i_riscv_core_if_stage_i_prefetch_32_prefetch_buffer_i_fifo_i_rdata_Q_3_18 (BUFH_X0P7M_A9TL) (r=144000)
    Added inst lp_riscv/post_cts_hold_opt_inst_FE_PHC10327_i_riscv_core_if_stage_i_prefetch_32_prefetch_buffer_i_fifo_i_rdata_Q_3_18 (BUFH_X0P7M_A9TL) (r=144000)
  Added 2 buffers
    Added inst lp_riscv/post_cts_hold_opt_inst_FE_PHC10328_i_riscv_core_if_stage_i_prefetch_32_prefetch_buffer_i_fifo_i_rdata_Q_1_12 (BUFH_X0P8M_A9TL) (r=144000)
    Added inst lp_riscv/post_cts_hold_opt_inst_FE_PHC10328_i_riscv_core_if_stage_i_prefetch_32_prefetch_buffer_i_fifo_i_rdata_Q_1_12 (BUFH_X0P8M_A9TL) (r=144000)
  Added 2 buffers
    Added inst lp_riscv/post_cts_hold_opt_inst_FE_PHC10329_i_riscv_core_if_stage_i_prefetch_32_prefetch_buffer_i_fifo_i_rdata_Q_3_12 (BUFH_X0P7M_A9TL) (r=144000)
    Added inst lp_riscv/post_cts_hold_opt_inst_FE_PHC10329_i_riscv_core_if_stage_i_prefetch_32_prefetch_buffer_i_fifo_i_rdata_Q_3_12 (BUFH_X0P7M_A9TL) (r=144000)
  Added 2 buffers
    Added inst lp_riscv/post_cts_hold_opt_inst_FE_PHC10330_i_riscv_core_if_stage_i_prefetch_32_prefetch_buffer_i_fifo_i_rdata_Q_1_10 (BUFH_X0P7M_A9TL) (r=144000)
    Added inst lp_riscv/post_cts_hold_opt_inst_FE_PHC10330_i_riscv_core_if_stage_i_prefetch_32_prefetch_buffer_i_fifo_i_rdata_Q_1_10 (BUFH_X0P7M_A9TL) (r=144000)
  Added 2 buffers
    Added inst lp_riscv/post_cts_hold_opt_inst_FE_PHC10331_i_riscv_core_if_stage_i_prefetch_32_prefetch_buffer_i_fifo_i_rdata_Q_3_10 (BUFH_X0P7M_A9TL) (r=144000)
    Added inst lp_riscv/post_cts_hold_opt_inst_FE_PHC10331_i_riscv_core_if_stage_i_prefetch_32_prefetch_buffer_i_fifo_i_rdata_Q_3_10 (BUFH_X0P7M_A9TL) (r=144000)
  Added 2 buffers
    Added inst lp_riscv/post_cts_hold_opt_inst_FE_PHC10332_i_riscv_core_if_stage_i_prefetch_32_prefetch_buffer_i_fifo_i_rdata_Q_0_8 (BUFH_X0P7M_A9TL) (r=144000)
    Added inst lp_riscv/post_cts_hold_opt_inst_FE_PHC10332_i_riscv_core_if_stage_i_prefetch_32_prefetch_buffer_i_fifo_i_rdata_Q_0_8 (BUFH_X0P7M_A9TL) (r=144000)
  Added 2 buffers
    Added inst lp_riscv/post_cts_hold_opt_inst_FE_PHC10333_i_riscv_core_if_stage_i_prefetch_32_prefetch_buffer_i_fifo_i_rdata_Q_2_22 (BUFH_X0P7M_A9TL) (r=144000)
    Added inst lp_riscv/post_cts_hold_opt_inst_FE_PHC10333_i_riscv_core_if_stage_i_prefetch_32_prefetch_buffer_i_fifo_i_rdata_Q_2_22 (BUFH_X0P7M_A9TL) (r=144000)
  Added 2 buffers
    Added inst lp_riscv/post_cts_hold_opt_inst_FE_PHC10334_n_2458 (BUFH_X0P7M_A9TL) (r=144000)
    Added inst lp_riscv/post_cts_hold_opt_inst_FE_PHC10334_n_2458 (BUFH_X0P7M_A9TL) (r=144000)
    Committed inst lp_riscv/g124344, resized cell OA22_X1M_A9TL -> cell OA22_X1M_A9TR
===========================================================================================
  Phase 1 : Step 2 Iter 1 Summary (AddBuffer + LegalResize)
------------------------------------------------------------------------------------------
 Hold WNS :      -0.0133
      TNS :      -0.0657
      #VP :           12
      TNS+:       1.2871/93 improved (0.0138 per commit, 95.143%)
  Density :      13.491%
------------------------------------------------------------------------------------------
 77 buffer added (phase total 77, total 77)
 16 inst resized (phase total 316, total 316)
   including 15 FF resized (phase total 315, total 315)
------------------------------------------------------------------------------------------
 iteration   cpu=0:00:01.9 real=0:00:02.0
 accumulated cpu=0:00:26.6 real=0:00:27.0 totSessionCpu=0:19:25 mem=10841.3M
------------------------------------------------------------------------------------------
 hold buffering full eval pass rate : 100.00 %
    there are 78 full evals passed out of 78 
===========================================================================================

Starting Phase 1 Step 2 Iter 2 ...
  Added 2 buffers
    Added inst lp_riscv/post_cts_hold_opt_inst_FE_PHC10335_i_riscv_core_pc_id_31 (BUFH_X0P7M_A9TL) (r=144000)
    Added inst lp_riscv/post_cts_hold_opt_inst_FE_PHC10335_i_riscv_core_pc_id_31 (BUFH_X0P7M_A9TL) (r=144000)
  Added 2 buffers
    Added inst lp_riscv/post_cts_hold_opt_inst_FE_PHC10336_i_riscv_core_pc_id_1 (BUFH_X0P7M_A9TL) (r=144000)
    Added inst lp_riscv/post_cts_hold_opt_inst_FE_PHC10336_i_riscv_core_pc_id_1 (BUFH_X0P7M_A9TL) (r=144000)
  Added 2 buffers
    Added inst lp_riscv/post_cts_hold_opt_inst_FE_PHC10337_i_riscv_core_pc_id_30 (BUFH_X0P7M_A9TL) (r=144000)
    Added inst lp_riscv/post_cts_hold_opt_inst_FE_PHC10337_i_riscv_core_pc_id_30 (BUFH_X0P7M_A9TL) (r=144000)
  Added 2 buffers
    Added inst lp_riscv/post_cts_hold_opt_inst_FE_PHC10338_i_riscv_core_pc_id_29 (BUFH_X0P7M_A9TL) (r=144000)
    Added inst lp_riscv/post_cts_hold_opt_inst_FE_PHC10338_i_riscv_core_pc_id_29 (BUFH_X0P7M_A9TL) (r=144000)
  Added 2 buffers
    Added inst lp_riscv/post_cts_hold_opt_inst_FE_PHC10339_i_riscv_core_pc_id_2 (BUFH_X0P7M_A9TL) (r=144000)
    Added inst lp_riscv/post_cts_hold_opt_inst_FE_PHC10339_i_riscv_core_pc_id_2 (BUFH_X0P7M_A9TL) (r=144000)
  Added 2 buffers
    Added inst lp_riscv/post_cts_hold_opt_inst_FE_PHC10340_i_riscv_core_pc_id_3 (BUFH_X0P7M_A9TL) (r=144000)
    Added inst lp_riscv/post_cts_hold_opt_inst_FE_PHC10340_i_riscv_core_pc_id_3 (BUFH_X0P7M_A9TL) (r=144000)
  Added 2 buffers
    Added inst lp_riscv/post_cts_hold_opt_inst_FE_PHC10341_i_riscv_core_pc_id_26 (BUFH_X0P7M_A9TL) (r=144000)
    Added inst lp_riscv/post_cts_hold_opt_inst_FE_PHC10341_i_riscv_core_pc_id_26 (BUFH_X0P7M_A9TL) (r=144000)
  Added 2 buffers
    Added inst lp_riscv/post_cts_hold_opt_inst_FE_PHC10342_i_riscv_core_pc_id_5 (BUFH_X0P7M_A9TL) (r=144000)
    Added inst lp_riscv/post_cts_hold_opt_inst_FE_PHC10342_i_riscv_core_pc_id_5 (BUFH_X0P7M_A9TL) (r=144000)
  Added 2 buffers
    Added inst lp_riscv/post_cts_hold_opt_inst_FE_PHC10343_i_riscv_core_pc_id_4 (BUFH_X0P7M_A9TL) (r=144000)
    Added inst lp_riscv/post_cts_hold_opt_inst_FE_PHC10343_i_riscv_core_pc_id_4 (BUFH_X0P7M_A9TL) (r=144000)
  Added 2 buffers
    Added inst lp_riscv/post_cts_hold_opt_inst_FE_PHC10344_i_riscv_core_pc_id_24 (BUFH_X0P7M_A9TL) (r=144000)
    Added inst lp_riscv/post_cts_hold_opt_inst_FE_PHC10344_i_riscv_core_pc_id_24 (BUFH_X0P7M_A9TL) (r=144000)
  Added 2 buffers
    Added inst lp_riscv/post_cts_hold_opt_inst_FE_PHC10345_i_riscv_core_pc_id_7 (BUFH_X0P7M_A9TL) (r=144000)
    Added inst lp_riscv/post_cts_hold_opt_inst_FE_PHC10345_i_riscv_core_pc_id_7 (BUFH_X0P7M_A9TL) (r=144000)
  Added 2 buffers
    Added inst lp_riscv/post_cts_hold_opt_inst_FE_PHC10346_i_riscv_core_pc_id_25 (BUFH_X0P7M_A9TL) (r=144000)
    Added inst lp_riscv/post_cts_hold_opt_inst_FE_PHC10346_i_riscv_core_pc_id_25 (BUFH_X0P7M_A9TL) (r=144000)
===========================================================================================
  Phase 1 : Step 2 Iter 2 Summary (AddBuffer + LegalResize)
------------------------------------------------------------------------------------------
 Hold WNS :       0.0000
      TNS :       0.0000
      #VP :            0
      TNS+:       0.0657/12 improved (0.0055 per commit, 100.000%)
  Density :      13.494%
------------------------------------------------------------------------------------------
 12 buffer added (phase total 89, total 89)
------------------------------------------------------------------------------------------
 iteration   cpu=0:00:00.3 real=0:00:01.0
 accumulated cpu=0:00:26.9 real=0:00:28.0 totSessionCpu=0:19:26 mem=10841.3M
------------------------------------------------------------------------------------------
 hold buffering full eval pass rate : 100.00 %
    there are 12 full evals passed out of 12 
===========================================================================================


*info:    Total 89 cells added for Phase I
*info:        in which 0 is ripple commits (0.000%)
*info:    Total 316 instances resized for Phase I
*info:        in which 315 FF resizing 
*info:        in which 0 ripple resizing (0.000%)
** Profile ** Start :  cpu=0:00:00.0, mem=10841.3M
** Profile ** Other data :  cpu=0:00:00.0, mem=10841.3M
** Profile ** Overall slacks :  cpu=0:00:00.2, mem=10851.3M

*** Finished Core Fixing (fixHold) cpu=0:00:27.2 real=0:00:28.0 totSessionCpu=0:19:26 mem=10851.3M density=13.494% ***

*info:
*info: Added a total of 89 cells to fix/reduce hold violation
*info:
*info: Summary: 
*info:           74 cells of type 'BUFH_X0P7M_A9TL' used
*info:            1 cell  of type 'BUFH_X0P7M_A9TR' used
*info:            6 cells of type 'BUFH_X0P8M_A9TH' used
*info:            1 cell  of type 'BUFH_X0P8M_A9TL' used
*info:            5 cells of type 'BUFH_X1M_A9TH' used
*info:            2 cells of type 'BUF_X0P7B_A9TR' used
*info:
*info: Total 316 instances resized
*info:       in which 315 FF resizing
*info:

*summary:    332 instances changed cell type
*	:     68 instances changed cell type from 'DFFRPQN_X1M_A9TL' to 'DFFRPQN_X1M_A9TH'
*	:     86 instances changed cell type from 'DFFRPQN_X1M_A9TL' to 'DFFRPQN_X1M_A9TR'
*	:      3 instances changed cell type from 'DFFRPQN_X1M_A9TR' to 'DFFRPQN_X1M_A9TH'
*	:      3 instances changed cell type from 'DFFRPQ_X1M_A9TH' to 'DFFRPQ_X0P5M_A9TH'
*	:      1 instance  changed cell type from 'DFFRPQ_X1M_A9TH' to 'DFFRPQ_X1M_A9TL'
*	:     30 instances changed cell type from 'DFFRPQ_X1M_A9TL' to 'DFFRPQ_X1M_A9TH'
*	:    113 instances changed cell type from 'DFFRPQ_X1M_A9TL' to 'DFFRPQ_X1M_A9TR'
*	:      9 instances changed cell type from 'DFFRPQ_X1M_A9TR' to 'DFFRPQ_X0P5M_A9TH'
*	:      5 instances changed cell type from 'DFFRPQ_X1M_A9TR' to 'DFFRPQ_X1M_A9TH'
*	:      7 instances changed cell type from 'DFFRPQ_X1M_A9TR' to 'DFFRPQ_X1M_A9TL'
*	:      3 instances changed cell type from 'DFFRPQ_X1M_A9TR' to 'DFFRPQ_X4M_A9TH'
*	:      1 instance  changed cell type from 'DFFSQN_X1M_A9TL' to 'DFFSQN_X1M_A9TR'
*	:      2 instances changed cell type from 'DFFSQ_X1M_A9TL' to 'DFFSQ_X1M_A9TR'
*	:      1 instance  changed cell type from 'OA22_X1M_A9TL' to 'OA22_X1M_A9TR'
*** Starting place_detail (0:19:26 mem=10837.3M) ***
Total net bbox length = 7.137e+05 (3.620e+05 3.516e+05) (ext = 1.140e+05)
Move report: Detail placement moves 0 insts, mean move: 0.00 um, max move: 0.00 um 
	Runtime: CPU: 0:00:00.6 REAL: 0:00:01.0 MEM: 10845.3MB
Summary Report:
Instances move: 0 (out of 26598 movable)
Instances flipped: 0
Mean displacement: 0.00 um
Max displacement: 0.00 um 
Total net bbox length = 7.137e+05 (3.620e+05 3.516e+05) (ext = 1.140e+05)
Runtime: CPU: 0:00:00.7 REAL: 0:00:01.0 MEM: 10845.3MB
*** Finished place_detail (0:19:27 mem=10845.3M) ***
Finished re-routing un-routed nets (0:00:00.0 10840.3M)


Density : 0.1349
Max route overflow : 0.0000


*** Finish Physical Update (cpu=0:00:01.6 real=0:00:02.0 mem=10840.3M) ***
** Profile ** Start :  cpu=0:00:00.0, mem=10840.3M
** Profile ** Other data :  cpu=0:00:00.0, mem=10840.3M
** Profile ** Overall slacks :  cpu=0:00:00.1, mem=10850.3M
*** Finish Post CTS Hold Fixing (cpu=0:00:28.9 real=0:00:30.0 totSessionCpu=0:19:28 mem=10850.3M density=13.494%) ***
**INFO: total 2361 insts, 2220 nets marked don't touch
**INFO: total 2361 insts, 2220 nets marked don't touch DB property
**INFO: total 2361 insts, 2220 nets unmarked don't touch

*** HoldOpt #1 [finish] (opt_design #2) : cpu/real = 0:00:10.5/0:00:10.7 (1.0), totSession cpu/real = 0:19:27.9/0:21:15.3 (0.9), mem = 10754.2M
*** Steiner Routed Nets: 0.785%; Threshold: 100; Threshold for Hold: 100
Re-routed 0 nets
GigaOpt_HOLD: Recover setup timing after hold fixing
GigaOpt_HOLD: max_tran 119 => 119, max_cap 50 => 48 (threshold 10) - Skip drv recovery
GigaOpt: WNS changes after routing: -0.328 -> -0.328 (bump = 0.0)
GigaOpt: WNS bump threshold: 0.0145
GigaOpt: Skipping postEco optimization
GigaOpt: WNS changes after postEco optimization: -0.328 -> -0.328 (bump = 0.0)
GigaOpt: Skipping nonLegal postEco optimization
HighEffort PG TNS changes after trial route: -93.322 -> -93.325 (threshold = 5.8)
GigaOpt: Skipping post-eco TNS optimization

Active setup views:
 wc_analysis_view
  Dominating endpoints: 0
  Dominating TNS: -0.000

[NR-eGR] Track table information for default rule: 
[NR-eGR] M1 has single uniform track structure
[NR-eGR] M2 has single uniform track structure
[NR-eGR] M3 has single uniform track structure
[NR-eGR] M4 has single uniform track structure
[NR-eGR] M5 has single uniform track structure
[NR-eGR] M6 has single uniform track structure
[NR-eGR] M7 has single uniform track structure
[NR-eGR] M8 has single uniform track structure
[NR-eGR] M9 has single uniform track structure
[NR-eGR] AP has single uniform track structure
[NR-eGR] Read 14981 PG shapes
[NR-eGR] Read 0 clock shapes
[NR-eGR] Read 0 other shapes
[NR-eGR] #Routing Blockages  : 44
[NR-eGR] #Instance Blockages : 39256
[NR-eGR] #PG Blockages       : 14981
[NR-eGR] #Halo Blockages     : 0
[NR-eGR] #Boundary Blockages : 0
[NR-eGR] #Clock Blockages    : 0
[NR-eGR] #Other Blockages    : 0
[NR-eGR] Num Prerouted Nets = 0  Num Prerouted Wires = 0
[NR-eGR] Read 27150 nets ( ignored 0 )
[NR-eGR] There are 59 clock nets ( 0 with NDR ).
[NR-eGR] ============ Routing rule table ============
[NR-eGR] Rule id: 0  Nets: 27115
[NR-eGR] ========================================
[NR-eGR] 
[NR-eGR] Layer group 1: route 27115 net(s) in layer range [2, 10]
[NR-eGR] Early Global Route overflow of layer group 1: 0.00% H + 0.00% V. EstWL: 7.665102e+05um
[NR-eGR] Congestion Analysis By layer: (blocked Gcells are excluded) 
[NR-eGR]                        OverCon           OverCon           OverCon           OverCon            
[NR-eGR]                         #Gcell            #Gcell            #Gcell            #Gcell     %Gcell
[NR-eGR]        Layer             (1-4)             (5-8)            (9-12)           (13-15)    OverCon
[NR-eGR] -------------------------------------------------------------------------------------------------
[NR-eGR]      M1 ( 1)         0( 0.00%)         0( 0.00%)         0( 0.00%)         0( 0.00%)   ( 0.00%) 
[NR-eGR]      M2 ( 2)        13( 0.00%)         0( 0.00%)         0( 0.00%)         0( 0.00%)   ( 0.00%) 
[NR-eGR]      M3 ( 3)         0( 0.00%)         0( 0.00%)         0( 0.00%)         0( 0.00%)   ( 0.00%) 
[NR-eGR]      M4 ( 4)         0( 0.00%)         0( 0.00%)         0( 0.00%)         0( 0.00%)   ( 0.00%) 
[NR-eGR]      M5 ( 5)         0( 0.00%)         0( 0.00%)         0( 0.00%)         0( 0.00%)   ( 0.00%) 
[NR-eGR]      M6 ( 6)         0( 0.00%)         0( 0.00%)         0( 0.00%)         0( 0.00%)   ( 0.00%) 
[NR-eGR]      M7 ( 7)         4( 0.00%)         0( 0.00%)         0( 0.00%)         0( 0.00%)   ( 0.00%) 
[NR-eGR]      M8 ( 8)        12( 0.00%)         0( 0.00%)         0( 0.00%)         0( 0.00%)   ( 0.00%) 
[NR-eGR]      M9 ( 9)         5( 0.00%)        26( 0.00%)         0( 0.00%)        26( 0.00%)   ( 0.00%) 
[NR-eGR]      AP (10)        52( 0.01%)         0( 0.00%)         0( 0.00%)         0( 0.00%)   ( 0.01%) 
[NR-eGR] -------------------------------------------------------------------------------------------------
[NR-eGR]        Total        86( 0.00%)        26( 0.00%)         0( 0.00%)        26( 0.00%)   ( 0.00%) 
[NR-eGR] 
[NR-eGR] Overflow after Early Global Route 0.00% H + 0.00% V
[NR-eGR] Finished Early Global Route kernel ( CPU: 2.28 sec, Real: 2.67 sec, Curr Mem: 10956.17 MB )
[hotspot] +------------+---------------+---------------+
[hotspot] |            |   max hotspot | total hotspot |
[hotspot] +------------+---------------+---------------+
[hotspot] | normalized |          0.00 |          0.00 |
[hotspot] +------------+---------------+---------------+
Local HotSpot Analysis: normalized max congestion hotspot area = 0.00, normalized total congestion hotspot area = 0.00 (area is in unit of 4 std-cell row bins)
[hotspot] Hotspot report including placement blocked areas
[hotspot] +------------+---------------+---------------+
[hotspot] |            |   max hotspot | total hotspot |
[hotspot] +------------+---------------+---------------+
[hotspot] | normalized |          0.00 |          0.00 |
[hotspot] +------------+---------------+---------------+
Local HotSpot Analysis (blockage included): normalized max congestion hotspot area = 0.00, normalized total congestion hotspot area = 0.00 (area is in unit of 4 std-cell row bins)
cleaningup cpe interface
Reported timing to dir ./timingReports
**opt_design ... cpu = 0:00:49, real = 0:00:51, mem = 2809.9M, totSessionCpu=0:19:32 **
** Profile ** Start :  cpu=0:00:00.0, mem=10690.4M
** Profile ** Other data :  cpu=0:00:00.2, mem=10690.4M
Starting delay calculation for Hold views
AAE_INFO: opIsDesignInPostRouteState() is 0
#################################################################################
# Design Stage: PreRoute
# Design Name: lp_riscv_top
# Design Mode: 65nm
# Analysis Mode: MMMC OCV 
# Parasitics Mode: No SPEF/RCDB 
# Signoff Settings: SI Off (EWM)
#################################################################################
Start delay calculation (fullDC) (1 T). (MEM=10692)
*** Calculating scaling factor for bc_libset libraries using the default operating condition of each library.
Total number of fetched objects 27406
AAE_INFO: Total number of nets for which stage creation was skipped for all views 0
End delay calculation. (MEM=10759.4 CPU=0:00:05.0 REAL=0:00:05.0)
End delay calculation (fullDC). (MEM=10759.4 CPU=0:00:05.7 REAL=0:00:05.0)
*** Done Building Timing Graph (cpu=0:00:07.4 real=0:00:07.0 totSessionCpu=0:19:40 mem=10767.4M)
** Profile ** Overall slacks :  cpu=0:00:07.6, mem=10767.4M
** Profile ** bc_analysis_view slacks :  cpu=0:00:00.1, mem=10767.4M
** Profile ** Total reports :  cpu=0:00:00.0, mem=10724.4M
** Profile ** bc_analysis_view reports :  cpu=0:00:00.0, mem=10724.5M
Starting delay calculation for Setup views
AAE_INFO: opIsDesignInPostRouteState() is 0
#################################################################################
# Design Stage: PreRoute
# Design Name: lp_riscv_top
# Design Mode: 65nm
# Analysis Mode: MMMC OCV 
# Parasitics Mode: No SPEF/RCDB 
# Signoff Settings: SI Off (EWM)
#################################################################################
Start delay calculation (fullDC) (1 T). (MEM=10698.8)
*** Calculating scaling factor for wc_libset libraries using the default operating condition of each library.
Total number of fetched objects 27406
AAE_INFO: Total number of nets for which stage creation was skipped for all views 0
End delay calculation. (MEM=10766.2 CPU=0:00:05.4 REAL=0:00:06.0)
End delay calculation (fullDC). (MEM=10766.2 CPU=0:00:06.0 REAL=0:00:06.0)
*** Done Building Timing Graph (cpu=0:00:07.8 real=0:00:08.0 totSessionCpu=0:19:48 mem=10774.2M)
** Profile ** Overall slacks :  cpu=0:00:08.1, mem=10774.2M
** Profile ** wc_analysis_view slacks :  cpu=0:00:00.1, mem=10774.2M
** Profile ** Total reports :  cpu=0:00:00.1, mem=10730.2M
** Profile ** wc_analysis_view reports :  cpu=0:00:00.1, mem=10730.3M
** Profile ** DRVs :  cpu=0:00:00.6, mem=10743.7M

------------------------------------------------------------------
     opt_design Final Summary
------------------------------------------------------------------

Setup views included:
 wc_analysis_view 
Hold views included:
 bc_analysis_view

+--------------------+---------+---------+---------+---------+---------+---------+---------+
|     Setup mode     |   all   | reg2reg |reg2cgate| in2reg  | reg2out | in2out  | default |
+--------------------+---------+---------+---------+---------+---------+---------+---------+
|           WNS (ns):| -0.329  | -0.329  | -0.008  |  0.489  |  1.562  |   N/A   |  0.000  |
|           TNS (ns):| -93.318 | -93.310 | -0.008  |  0.000  |  0.000  |   N/A   |  0.000  |
|    Violating Paths:|   698   |   697   |    1    |    0    |    0    |   N/A   |    0    |
|          All Paths:|  4434   |  2148   |   52    |  2454   |    1    |   N/A   |    0    |
+--------------------+---------+---------+---------+---------+---------+---------+---------+
|wc_analysis_view    | -0.329  | -0.329  | -0.008  |  0.489  |  1.562  |   N/A   |  0.000  |
|                    | -93.318 | -93.310 | -0.008  |  0.000  |  0.000  |   N/A   |  0.000  |
|                    |   698   |   697   |    1    |    0    |    0    |   N/A   |    0    |
|                    |  4434   |  2148   |   52    |  2454   |    1    |   N/A   |    0    |
+--------------------+---------+---------+---------+---------+---------+---------+---------+

+--------------------+---------+---------+---------+---------+---------+---------+---------+
|     Hold mode      |   all   | reg2reg |reg2cgate| in2reg  | reg2out | in2out  | default |
+--------------------+---------+---------+---------+---------+---------+---------+---------+
|           WNS (ns):| -0.000  | -0.000  |  0.031  |  1.926  |  2.556  |   N/A   | -0.000  |
|           TNS (ns):| -0.000  |  0.000  |  0.000  |  0.000  |  0.000  |   N/A   |  0.000  |
|    Violating Paths:|    1    |    1    |    0    |    0    |    0    |   N/A   |    0    |
|          All Paths:|  4434   |  2148   |   52    |  2454   |    1    |   N/A   |    0    |
+--------------------+---------+---------+---------+---------+---------+---------+---------+
|bc_analysis_view    | -0.000  | -0.000  |  0.031  |  1.926  |  2.556  |   N/A   | -0.000  |
|                    | -0.000  |  0.000  |  0.000  |  0.000  |  0.000  |   N/A   |  0.000  |
|                    |    1    |    1    |    0    |    0    |    0    |   N/A   |    0    |
|                    |  4434   |  2148   |   52    |  2454   |    1    |   N/A   |    0    |
+--------------------+---------+---------+---------+---------+---------+---------+---------+

+----------------+-------------------------------+------------------+
|                |              Real             |       Total      |
|    DRVs        +------------------+------------+------------------|
|                |  Nr nets(terms)  | Worst Vio  |  Nr nets(terms)  |
+----------------+------------------+------------+------------------+
|   max_cap      |      0 (0)       |   0.000    |     48 (48)      |
|   max_tran     |     25 (49)      |   -0.476   |    119 (235)     |
|   max_fanout   |      0 (0)       |     0      |     54 (54)      |
|   max_length   |      0 (0)       |     0      |      0 (0)       |
+----------------+------------------+------------+------------------+

Density: 13.494%
Routing Overflow: 0.00% H and 0.00% V
------------------------------------------------------------------
** Profile ** Report data :  cpu=0:00:00.6, mem=10743.7M
**opt_design ... cpu = 0:01:07, real = 0:01:09, mem = 2861.0M, totSessionCpu=0:19:50 **
*** Finished opt_design ***
cleaningup cpe interface
      flow.cputime  flow.realtime  timing.setup.tns  timing.setup.wns  snapshot
UM:*                                     -93.318 ns         -0.329 ns  final
UM: Running design category ...
------------------------------------------------------------
	Current design flip-flop statistics

Single-Bit FF Count          :         2188
Multi-Bit FF Count           :            0
Total Bit Count              :         2188
Total FF Count               :         2188
Bits Per Flop                :        1.000
Total Clock Pin Cap(FF)      :     1858.967
Multibit Conversion Ratio(%) :         0.00
------------------------------------------------------------
------------------------------------------------------------
            Multi-bit cell usage statistics

------------------------------------------------------------
============================================================
Sequential Multibit cells usage statistics
------------------------------------------------------------
            Not Merged-bits         Merged-bits     Multibit Conversion %     Bits Per Flop
------------------------------------------------------------
-FlipFlops             2188                    0        0.00                    1.00
------------------------------------------------------------

------------------------------------------------------------
Seq_Mbit libcell              Bitwidth        Count
------------------------------------------------------------
Total 0
============================================================
------------------------------------------------------------
Category            Num of Insts Rejected     Reasons
------------------------------------------------------------
------------------------------------------------------------
      flow.cputime  flow.realtime  timing.setup.tns  timing.setup.wns  snapshot
UM:           98.2            104        -93.318 ns         -0.329 ns  opt_design_postcts_hold
cleaningup cpe interface
Info: Destroy the CCOpt slew target map.
*** opt_design #2 [finish] : cpu/real = 0:01:08.2/0:01:09.6 (1.0), totSession cpu/real = 0:19:50.9/0:21:39.2 (0.9), mem = 10749.7M
@innovus 245> enics_message "Finished post CTS hold optimization"
enics_message "Finished post CTS hold optimization"
ENICSINFO: Finished post CTS hold optimization
@innovus 246> 

@innovus 246> enics_create_stage_reports -pop_snapshot yes
enics_create_stage_reports -pop_snapshot yes

ENICSINFO: Starting to create reports for stage: post_cts_hold
--------------------------------------------------------------
ENICSINFO: Reports directory is: /data/project/tsmc65/users/liosky/ws/DVD25/hw7/workspace/../reports/post_cts_hold/ 
ENICSINFO: Export directory is: /data/project/tsmc65/users/liosky/ws/DVD25/hw7/workspace/../export/post_cts_hold/ 
ENICSINFO: Export directory is: /data/project/tsmc65/users/liosky/ws/DVD25/hw7/workspace/../export/post_cts_hold/ 
ENICSINFO: Reporting Timing
ENICSINFO: Writing out Database
wc_timing_condition bc_timing_condition tc_timing_condition
#% Begin save design ... (date=02/10 16:10:28, mem=2761.6M)
% Begin Save ccopt configuration ... (date=02/10 16:10:28, mem=2761.6M)
% End Save ccopt configuration ... (date=02/10 16:10:28, total cpu=0:00:00.1, real=0:00:00.0, peak res=2761.9M, current mem=2761.9M)
% Begin Save netlist data ... (date=02/10 16:10:28, mem=2761.9M)
Writing Binary DB to /data/project/tsmc65/users/liosky/ws/DVD25/hw7/workspace/../dbs/post_cts_hold.tmp/lp_riscv_top.v.bin in single-threaded mode...
% End Save netlist data ... (date=02/10 16:10:28, total cpu=0:00:00.1, real=0:00:00.0, peak res=2761.9M, current mem=2761.9M)
Writing Netlist "/data/project/tsmc65/users/liosky/ws/DVD25/hw7/workspace/../dbs/post_cts_hold.tmp/lp_riscv_top.v.gz" ...
Saving symbol-table file ...
Saving congestion map file /data/project/tsmc65/users/liosky/ws/DVD25/hw7/workspace/../dbs/post_cts_hold.tmp/lp_riscv_top.route.congmap.gz ...
% Begin Save AAE data ... (date=02/10 16:10:29, mem=2762.2M)
Saving AAE Data ...
% End Save AAE data ... (date=02/10 16:10:29, total cpu=0:00:00.0, real=0:00:00.0, peak res=2762.2M, current mem=2762.2M)
Saving preference file /data/project/tsmc65/users/liosky/ws/DVD25/hw7/workspace/../dbs/post_cts_hold.tmp/gui.pref.tcl ...
Saving mode setting ...
Saving root attributes to be loaded post write_db ...
Saving global file ...
Saving root attributes to be loaded previous write_db ...
% Begin Save floorplan data ... (date=02/10 16:10:30, mem=2763.8M)
Saving floorplan file ...
% End Save floorplan data ... (date=02/10 16:10:31, total cpu=0:00:00.1, real=0:00:01.0, peak res=2763.9M, current mem=2763.9M)
Saving PG file /data/project/tsmc65/users/liosky/ws/DVD25/hw7/workspace/../dbs/post_cts_hold.tmp/lp_riscv_top.pg.gz, version#2, (Created by Innovus v21.15-s110_1 on Mon Feb 10 16:10:31 2025)
*** Completed savePGFile (cpu=0:00:00.0 real=0:00:00.0 mem=10658.2M) ***
Saving Drc markers ...
... 7130 markers are saved ...
... 0 geometry drc markers are saved ...
... 0 antenna drc markers are saved ...
% Begin Save placement data ... (date=02/10 16:10:31, mem=2763.9M)
** Saving stdCellPlacement_binary (version# 2) ...
Save Adaptive View Pruning View Names to Binary file
% End Save placement data ... (date=02/10 16:10:31, total cpu=0:00:00.0, real=0:00:00.0, peak res=2763.9M, current mem=2763.9M)
% Begin Save routing data ... (date=02/10 16:10:31, mem=2763.9M)
Saving route file ...
*** Completed saveRoute (cpu=0:00:00.2 real=0:00:01.0 mem=10658.2M) ***
% End Save routing data ... (date=02/10 16:10:32, total cpu=0:00:00.2, real=0:00:01.0, peak res=2763.9M, current mem=2763.9M)
Saving property file /data/project/tsmc65/users/liosky/ws/DVD25/hw7/workspace/../dbs/post_cts_hold.tmp/lp_riscv_top.prop
*** Completed saveProperty (cpu=0:00:00.0 real=0:00:00.0 mem=10661.2M) ***
Saving rc congestion map /data/project/tsmc65/users/liosky/ws/DVD25/hw7/workspace/../dbs/post_cts_hold.tmp/lp_riscv_top.congmap.gz ...
Saving preRoute extracted patterns in file '/data/project/tsmc65/users/liosky/ws/DVD25/hw7/workspace/../dbs/post_cts_hold.tmp/lp_riscv_top.techData.gz' ...
Saving preRoute extraction data in directory '/data/project/tsmc65/users/liosky/ws/DVD25/hw7/workspace/../dbs/post_cts_hold.tmp/extraction/' ...
% Begin Save power constraints data ... (date=02/10 16:10:32, mem=2763.7M)
% End Save power constraints data ... (date=02/10 16:10:32, total cpu=0:00:00.0, real=0:00:00.0, peak res=2763.7M, current mem=2763.7M)
tc_rc_corner bc_rc_corner wc_rc_corner
tc_rc_corner bc_rc_corner wc_rc_corner
tc_rc_corner bc_rc_corner wc_rc_corner
tc_rc_corner bc_rc_corner wc_rc_corner
tc_rc_corner bc_rc_corner wc_rc_corner
tc_rc_corner bc_rc_corner wc_rc_corner
tc_rc_corner bc_rc_corner wc_rc_corner
Generated self-contained design post_cts_hold.tmp
#% End save design ... (date=02/10 16:10:34, total cpu=0:00:02.3, real=0:00:06.0, peak res=2764.1M, current mem=2764.1M)
*** Message Summary: 0 warning(s), 0 error(s)

ENICSINFO: Starting specific reports after post CTS hold fixing
@innovus 247> 

@innovus 247>
 
@innovus 247> ############################################
############################################
@innovus 248> # Route
# Route
@innovus 249> ############################################
############################################
@innovus 250> enics_start_stage "route"
enics_start_stage "route"
*****************************************
*****************************************
**   ENICSINFO: Starting stage route   **
*****************************************
*****************************************
ENICSINFO: Current time is: 10/02/2025 16:10
ENICSINFO: ----------------------------------
@innovus 251> 

@innovus 251> set_db route_design_with_timing_driven true
set_db route_design_with_timing_driven true
1 true
@innovus 252> set_db route_design_with_si_driven true
set_db route_design_with_si_driven true
1 true
@innovus 253> set_db route_design_detail_use_multi_cut_viaset_db route_design_detail_use_multi_cut_via_effort medium
_effort medium
1 medium
@innovus 254> 

@innovus 254> enics_message "Starting Route Design"enics_message "Starting Route Design" medium
 medium

ENICSINFO: Starting Route Design
--------------------------------
@innovus 255> route_opt_design
route_opt_design
*** route_opt_design #1 [begin] : totSession cpu/real = 0:19:54.1/0:21:46.4 (0.9), mem = 10641.0M
GigaOpt running with 1 threads.
**INFO: Running RouteOpt flow with FullDrOpt.
AAE_INFO: Pre Route call back at the beginning of routeDesign
**INFO: flowCheckPoint #1 GlobalDetailRoute
*** RouteDesign #1 [begin] (route_opt_design #1) : totSession cpu/real = 0:19:54.1/0:21:46.4 (0.9), mem = 10641.0M
#route_design: cpu time = 00:00:00, elapsed time = 00:00:00, memory = 2764.63 (MB), peak = 3233.87 (MB)
#**INFO: setDesignMode -flowEffort standard
#**INFO: setDesignMode -powerEffort none
**INFO: User settings:
delaycal_enable_high_fanout                                    true
delaycal_equivalent_waveform_model                             propagation
delaycal_ignore_net_load                                       false
delaycal_socv_accuracy_mode                                    low
setAnalysisMode -cts                                           postCTS
setAnalysisMode -skew                                          true
setDelayCalMode -engine                                        aae
design_process_node                                            65
extract_rc_coupled                                             true
extract_rc_coupling_cap_threshold                              3.0
extract_rc_effort_level                                        medium
extract_rc_engine                                              pre_route
extract_rc_relative_cap_threshold                              0.03
extract_rc_shrink_factor                                       1.0
extract_rc_total_cap_threshold                                 5.0
route_design_detail_use_multi_cut_via_effort                   medium
route_design_extract_third_party_compatible                    false
route_design_filler_inst_prefix                                FILLDECAP
route_design_global_exp_timing_driven_std_delay                29.0
route_design_re_insert_filler_cell_list                        {FILLCAP128_A9TR FILLCAP65_A9TR FILLCAP32_A9TR FILLCAP17_A9TR FILLCAP8_A9TR FILLCAP6_A9TR FILL128_A9TR FILL64_A9TR FILL32_A9TR FILL16_A9TR FILL8_A9TR FILL4_A9TR FILL2_A9TR FILL1_A9TR}
route_design_re_insert_filler_cell_list_from_file              false
route_design_with_opt                                          false
route_design_with_si_driven                                    true
route_design_with_timing_driven                                true
route_design_with_via_in_pin                                   true
getAnalysisMode -cts                                           postCTS
getAnalysisMode -skew                                          true
getDelayCalMode -engine                                        aae
getIlmMode -keepHighFanoutCriticalInsts                        false
getOptMode -expTATEnhancementV3                                true
get_power_analysis_mode -report_power_quiet                    false
getAnalysisMode -cts                                           postCTS
getAnalysisMode -skew                                          true
#**INFO: multi-cut via swapping will be performed after routing.
#**INFO: All auto set options tuned by route_design will be restored to their original settings on command completion.
Begin checking placement ... (start mem=10641.0M, init mem=10641.0M)
Not Placed on Placement Grid:	2
Overlapping with other instance:	7122
IO instance overlap:4
*info: Placed = 43851          (Fixed = 17253)
*info: Unplaced = 0           
Placement Density:13.49%(84379/625313)
Placement Density (including fixed std cells):15.18%(96800/637734)
Finished check_place (total: cpu=0:00:00.5, real=0:00:01.0; vio checks: cpu=0:00:00.3, real=0:00:00.0; mem=10641.0M)
#WARNING (NRIG-77) Found placement violations. Please investigate and correct before routing. Routing with placement violations can cause long runtime and may be irresolvable.
#Use route_design -placement_check to stop on violations. Use route_design -no_placement_check to skip the check.

changeUseClockNetStatus Option :  -noFixedNetWires 
*** Changed status on (0) nets in Clock.
*** End changeUseClockNetStatus (cpu=0:00:00.0, real=0:00:00.0, mem=10641.0M) ***
#**INFO: auto set of droutePostRouteSwapVia to multiCut

route_global_detail

#Start route_global_detail on Mon Feb 10 16:10:42 2025
#
#ERROR (NRIG-91) INSTANCE lp_riscv/iccm_ram_wrapper_iccm_ram_0_sram_sp_16384x32 connected to NET lp_riscv/placement_opt_inst_FE_OFN14793_iccm_ram_wrapper_n_44 is not placed on the manufacturing grid.  All instances connected to nets must be legally placed. Correct the placement before continuing.
#ERROR (NRIG-91) INSTANCE lp_riscv/iccm_ram_wrapper_iccm_ram_1_sram_sp_16384x32 connected to NET lp_riscv/placement_opt_inst_FE_OFN14793_iccm_ram_wrapper_n_44 is not placed on the manufacturing grid.  All instances connected to nets must be legally placed. Correct the placement before continuing.
#ERROR (NRIG-91) INSTANCE lp_riscv/iccm_ram_wrapper_iccm_ram_0_sram_sp_16384x32 connected to NET lp_riscv/placement_opt_inst_FE_OFN14775_iram_prog_data_3__3 is not placed on the manufacturing grid.  All instances connected to nets must be legally placed. Correct the placement before continuing.
#ERROR (NRIG-91) INSTANCE lp_riscv/iccm_ram_wrapper_iccm_ram_1_sram_sp_16384x32 connected to NET lp_riscv/TIE_LTIELO_29_NET is not placed on the manufacturing grid.  All instances connected to nets must be legally placed. Correct the placement before continuing.
#ERROR (NRIG-91) INSTANCE lp_riscv/iccm_ram_wrapper_iccm_ram_1_sram_sp_16384x32 connected to NET lp_riscv/TIE_LTIELO_29_NET is not placed on the manufacturing grid.  All instances connected to nets must be legally placed. Correct the placement before continuing.
#ERROR (NRIG-91) INSTANCE lp_riscv/iccm_ram_wrapper_iccm_ram_1_sram_sp_16384x32 connected to NET lp_riscv/TIE_LTIELO_29_NET is not placed on the manufacturing grid.  All instances connected to nets must be legally placed. Correct the placement before continuing.
#ERROR (NRIG-91) INSTANCE lp_riscv/iccm_ram_wrapper_iccm_ram_1_sram_sp_16384x32 connected to NET lp_riscv/TIE_LTIELO_29_NET is not placed on the manufacturing grid.  All instances connected to nets must be legally placed. Correct the placement before continuing.
#ERROR (NRIG-91) INSTANCE lp_riscv/iccm_ram_wrapper_iccm_ram_1_sram_sp_16384x32 connected to NET lp_riscv/TIE_LTIELO_29_NET is not placed on the manufacturing grid.  All instances connected to nets must be legally placed. Correct the placement before continuing.
#ERROR (NRIG-91) INSTANCE lp_riscv/iccm_ram_wrapper_iccm_ram_1_sram_sp_16384x32 connected to NET lp_riscv/TIE_LTIELO_28_NET is not placed on the manufacturing grid.  All instances connected to nets must be legally placed. Correct the placement before continuing.
#ERROR (NRIG-91) INSTANCE lp_riscv/iccm_ram_wrapper_iccm_ram_1_sram_sp_16384x32 connected to NET lp_riscv/TIE_LTIELO_28_NET is not placed on the manufacturing grid.  All instances connected to nets must be legally placed. Correct the placement before continuing.
#ERROR (NRIG-91) INSTANCE lp_riscv/iccm_ram_wrapper_iccm_ram_1_sram_sp_16384x32 connected to NET lp_riscv/TIE_LTIELO_28_NET is not placed on the manufacturing grid.  All instances connected to nets must be legally placed. Correct the placement before continuing.
#ERROR (NRIG-91) INSTANCE lp_riscv/iccm_ram_wrapper_iccm_ram_1_sram_sp_16384x32 connected to NET lp_riscv/TIE_LTIELO_28_NET is not placed on the manufacturing grid.  All instances connected to nets must be legally placed. Correct the placement before continuing.
#ERROR (NRIG-91) INSTANCE lp_riscv/iccm_ram_wrapper_iccm_ram_1_sram_sp_16384x32 connected to NET lp_riscv/TIE_LTIELO_28_NET is not placed on the manufacturing grid.  All instances connected to nets must be legally placed. Correct the placement before continuing.
#ERROR (NRIG-91) INSTANCE lp_riscv/iccm_ram_wrapper_iccm_ram_1_sram_sp_16384x32 connected to NET lp_riscv/TIE_LTIELO_28_NET is not placed on the manufacturing grid.  All instances connected to nets must be legally placed. Correct the placement before continuing.
#ERROR (NRIG-91) INSTANCE lp_riscv/iccm_ram_wrapper_iccm_ram_1_sram_sp_16384x32 connected to NET lp_riscv/TIE_LTIELO_28_NET is not placed on the manufacturing grid.  All instances connected to nets must be legally placed. Correct the placement before continuing.
#ERROR (NRIG-91) INSTANCE lp_riscv/iccm_ram_wrapper_iccm_ram_1_sram_sp_16384x32 connected to NET lp_riscv/TIE_LTIELO_28_NET is not placed on the manufacturing grid.  All instances connected to nets must be legally placed. Correct the placement before continuing.
#ERROR (NRIG-91) INSTANCE lp_riscv/iccm_ram_wrapper_iccm_ram_1_sram_sp_16384x32 connected to NET lp_riscv/TIE_LTIELO_28_NET is not placed on the manufacturing grid.  All instances connected to nets must be legally placed. Correct the placement before continuing.
#ERROR (NRIG-91) INSTANCE lp_riscv/iccm_ram_wrapper_iccm_ram_1_sram_sp_16384x32 connected to NET lp_riscv/TIE_LTIELO_27_NET is not placed on the manufacturing grid.  All instances connected to nets must be legally placed. Correct the placement before continuing.
#ERROR (NRIG-91) INSTANCE lp_riscv/iccm_ram_wrapper_iccm_ram_1_sram_sp_16384x32 connected to NET lp_riscv/TIE_LTIELO_27_NET is not placed on the manufacturing grid.  All instances connected to nets must be legally placed. Correct the placement before continuing.
#ERROR (NRIG-91) INSTANCE lp_riscv/iccm_ram_wrapper_iccm_ram_1_sram_sp_16384x32 connected to NET lp_riscv/TIE_LTIELO_27_NET is not placed on the manufacturing grid.  All instances connected to nets must be legally placed. Correct the placement before continuing.
#WARNING (EMS-27) Message (NRIG-91) has exceeded the current message display limit of 20.
#To increase the message display limit, refer to the product command reference manual.
**WARN: (IMPEXT-3493):	The design extraction status has been reset by set_analysis_view/update_rc_corner or set_db  command. The parasitic data can be regenerated either by extracting the design using the extract_rc command or by loading the SPEF or RCDB file(s). To prevent resetting of the extraction status, avoid changing extraction modes.
#Default setup view is reset to wc_analysis_view.
#route_design: cpu time = 00:00:08, elapsed time = 00:00:08, memory = 2630.79 (MB), peak = 3233.87 (MB)
*** RouteDesign #1 [finish] (route_opt_design #1) : cpu/real = 0:00:08.1/0:00:08.3 (1.0), totSession cpu/real = 0:20:02.3/0:21:54.7 (0.9), mem = 10497.4M
      flow.cputime  flow.realtime  timing.setup.tns  timing.setup.wns  snapshot
UM:*                                                                   final
UM: Running design category ...
------------------------------------------------------------
	Current design flip-flop statistics

Single-Bit FF Count          :         2188
Multi-Bit FF Count           :            0
Total Bit Count              :         2188
Total FF Count               :         2188
Bits Per Flop                :        1.000
Total Clock Pin Cap(FF)      :     1858.967
Multibit Conversion Ratio(%) :         0.00
------------------------------------------------------------
------------------------------------------------------------
            Multi-bit cell usage statistics

------------------------------------------------------------
============================================================
Sequential Multibit cells usage statistics
------------------------------------------------------------
            Not Merged-bits         Merged-bits     Multibit Conversion %     Bits Per Flop
------------------------------------------------------------
-FlipFlops             2188                    0        0.00                    1.00
------------------------------------------------------------

------------------------------------------------------------
Seq_Mbit libcell              Bitwidth        Count
------------------------------------------------------------
Total 0
============================================================
------------------------------------------------------------
Category            Num of Insts Rejected     Reasons
------------------------------------------------------------
------------------------------------------------------------
      flow.cputime  flow.realtime  timing.setup.tns  timing.setup.wns  snapshot
UM:          12.68             16                                      route_opt_design
*** route_opt_design #1 [finish] : cpu/real = 0:00:09.3/0:00:09.5 (1.0), totSession cpu/real = 0:20:03.5/0:21:55.9 (0.9), mem = 10512.5M


@innovus 256> #route_design
#route_design
@innovus 257> enics_message "Finished running Route Design"
enics_message "Finished running Route Design"
ENICSINFO: Finished running Route Design
@innovus 258> 

@innovus 258> enics_create_stage_reports -check_drc yes -check_connectivity yes  [1G-pop_snapshot yes
enics_create_stage_reports -check_drc yes -check_connectivity yes -pop_snapshot yes

ENICSINFO: Starting to create reports for stage: route
------------------------------------------------------
ENICSINFO: Reports directory is: /data/project/tsmc65/users/liosky/ws/DVD25/hw7/workspace/../reports/route/ 
ENICSINFO: Export directory is: /data/project/tsmc65/users/liosky/ws/DVD25/hw7/workspace/../export/route/ 
ENICSINFO: Export directory is: /data/project/tsmc65/users/liosky/ws/DVD25/hw7/workspace/../export/route/ 
ENICSINFO: Reporting Timing
AAE_INFO: opIsDesignInPostRouteState() is 0
AAE DB initialization (MEM=10510.5 CPU=0:00:00.0 REAL=0:00:00.0) 
#################################################################################
# Design Stage: PreRoute
# Design Name: lp_riscv_top
# Design Mode: 65nm
# Analysis Mode: MMMC OCV 
# Parasitics Mode: No SPEF/RCDB 
# Signoff Settings: SI Off (EWM)
#################################################################################
Extraction called for design 'lp_riscv_top' of instances=47207 and nets=28325 using extraction engine 'pre_route' .
pre_route RC Extraction called for design lp_riscv_top.
RC Extraction called in multi-corner(2) mode.
RCMode: PreRoute
      RC Corner Indexes            0       1   
Capacitance Scaling Factor   : 1.00000 1.00000 
Resistance Scaling Factor    : 1.00000 1.00000 
Clock Cap. Scaling Factor    : 1.00000 1.00000 
Clock Res. Scaling Factor    : 1.00000 1.00000 
Shrink Factor                : 1.00000
PreRoute extraction is honoring NDR/Shielding/ExtraSpace for clock nets.
Using Quantus QRC technology file ...
Skipped RC grid update for preRoute extraction.
Initializing multi-corner resistance tables ...
PreRoute RC Extraction DONE (CPU Time: 0:00:00.4  Real Time: 0:00:00.0  MEM: 10502.531M)
Start delay calculation (fullDC) (1 T). (MEM=10517.1)
**WARN: (IMPMSMV-1810):	Net i_ioring/placement_opt_inst_FE_OFN10257_placement_opt_inst_FE_OFN14845_n, driver i_ioring/placement_opt_inst_FE_OFC10257_placement_opt_inst_FE_OFN14845_n/Y (cell BUF_X16M_A9TL) voltage 0.9 does not match receiver i_ioring/i_EXT_PERF_COUNTERS_11/IE (cell PDDW1216SCDG) voltage 1.08 for view wc_analysis_view.
Type 'man IMPMSMV-1810' for more detail.
**WARN: (IMPMSMV-1810):	Net i_ioring/placement_opt_inst_FE_OFN10256_placement_opt_inst_FE_OFN14821_n, driver i_ioring/placement_opt_inst_FE_OFC10256_placement_opt_inst_FE_OFN14821_n/Y (cell BUFH_X16M_A9TL) voltage 0.9 does not match receiver i_ioring/i_IRAM_PROG_BYTE_5/PE (cell PDDW1216SCDG) voltage 1.08 for view wc_analysis_view.
Type 'man IMPMSMV-1810' for more detail.
**WARN: (IMPMSMV-1810):	Net i_ioring/placement_opt_inst_FE_OFN14986_n, driver i_ioring/placement_opt_inst_FE_OFC10311_n/Y (cell INV_X4M_A9TL) voltage 0.9 does not match receiver i_ioring/i_IRAM_PROG_BYTE_2/DS (cell PDDW1216SCDG) voltage 1.08 for view wc_analysis_view.
Type 'man IMPMSMV-1810' for more detail.
**WARN: (IMPMSMV-1810):	Net i_ioring/placement_opt_inst_FE_OFN10255_placement_opt_inst_FE_OFN14819_n, driver i_ioring/placement_opt_inst_FE_OFC10255_placement_opt_inst_FE_OFN14819_n/Y (cell BUFH_X16M_A9TL) voltage 0.9 does not match receiver i_ioring/i_IRAM_PROG_BYTE_5/DS (cell PDDW1216SCDG) voltage 1.08 for view wc_analysis_view.
Type 'man IMPMSMV-1810' for more detail.
**WARN: (IMPMSMV-1810):	Net i_ioring/placement_opt_inst_FE_OFN10254_placement_opt_inst_FE_OFN14886_n, driver i_ioring/placement_opt_inst_FE_OFC10254_placement_opt_inst_FE_OFN14886_n/Y (cell BUFH_X16M_A9TL) voltage 0.9 does not match receiver i_ioring/i_CLOCK_EN/DS (cell PDDW1216SCDG) voltage 1.08 for view wc_analysis_view.
Type 'man IMPMSMV-1810' for more detail.
**WARN: (IMPMSMV-1810):	Net i_ioring/placement_opt_inst_FE_OFN14984_n, driver i_ioring/placement_opt_inst_FE_OFC10309_n/Y (cell INV_X6M_A9TL) voltage 0.9 does not match receiver i_ioring/i_EXT_PERF_COUNTERS_11/DS (cell PDDW1216SCDG) voltage 1.08 for view wc_analysis_view.
Type 'man IMPMSMV-1810' for more detail.
**WARN: (IMPMSMV-1810):	Net i_ioring/placement_opt_inst_FE_OFN14984_n, driver i_ioring/placement_opt_inst_FE_OFC10309_n/Y (cell INV_X6M_A9TL) voltage 0.9 does not match receiver i_ioring/i_EXT_PERF_COUNTERS_11/PE (cell PDDW1216SCDG) voltage 1.08 for view wc_analysis_view.
Type 'man IMPMSMV-1810' for more detail.
**WARN: (IMPMSMV-1810):	Net i_ioring/placement_opt_inst_FE_OFN10253_n, driver i_ioring/placement_opt_inst_FE_OFC10253_n/Y (cell BUFH_X16M_A9TL) voltage 0.9 does not match receiver i_ioring/i_EXT_PERF_COUNTERS_10/PE (cell PDDW1216SCDG) voltage 1.08 for view wc_analysis_view.
Type 'man IMPMSMV-1810' for more detail.
**WARN: (IMPMSMV-1810):	Net i_ioring/placement_opt_inst_FE_OFN10253_n, driver i_ioring/placement_opt_inst_FE_OFC10253_n/Y (cell BUFH_X16M_A9TL) voltage 0.9 does not match receiver i_ioring/i_EXT_PERF_COUNTERS_10/DS (cell PDDW1216SCDG) voltage 1.08 for view wc_analysis_view.
Type 'man IMPMSMV-1810' for more detail.
**WARN: (IMPMSMV-1810):	Net i_ioring/placement_opt_inst_FE_OFN14980_n, driver i_ioring/placement_opt_inst_FE_OFC10305_placement_opt_inst_FE_OFN14917_n/Y (cell INV_X16M_A9TL) voltage 0.9 does not match receiver i_ioring/i_EXT_PERF_COUNTERS_9/PE (cell PDDW1216SCDG) voltage 1.08 for view wc_analysis_view.
Type 'man IMPMSMV-1810' for more detail.
**WARN: (IMPMSMV-1810):	Net i_ioring/placement_opt_inst_FE_OFN14978_n, driver i_ioring/placement_opt_inst_FE_OFC10303_placement_opt_inst_FE_OFN14863_n/Y (cell INV_X16B_A9TL) voltage 0.9 does not match receiver i_ioring/i_FETCH_EN/DS (cell PDDW1216SCDG) voltage 1.08 for view wc_analysis_view.
Type 'man IMPMSMV-1810' for more detail.
**WARN: (IMPMSMV-1810):	Net i_ioring/placement_opt_inst_FE_OFN14978_n, driver i_ioring/placement_opt_inst_FE_OFC10303_placement_opt_inst_FE_OFN14863_n/Y (cell INV_X16B_A9TL) voltage 0.9 does not match receiver i_ioring/i_FETCH_EN/PE (cell PDDW1216SCDG) voltage 1.08 for view wc_analysis_view.
Type 'man IMPMSMV-1810' for more detail.
**WARN: (IMPMSMV-1810):	Net i_ioring/placement_opt_inst_FE_OFN14976_n, driver i_ioring/placement_opt_inst_FE_OFC10301_placement_opt_inst_FE_OFN14859_n/Y (cell INV_X16B_A9TL) voltage 0.9 does not match receiver i_ioring/i_EXT_PERF_COUNTERS_15/DS (cell PDDW1216SCDG) voltage 1.08 for view wc_analysis_view.
Type 'man IMPMSMV-1810' for more detail.
**WARN: (IMPMSMV-1810):	Net i_ioring/placement_opt_inst_FE_OFN14976_n, driver i_ioring/placement_opt_inst_FE_OFC10301_placement_opt_inst_FE_OFN14859_n/Y (cell INV_X16B_A9TL) voltage 0.9 does not match receiver i_ioring/i_EXT_PERF_COUNTERS_15/PE (cell PDDW1216SCDG) voltage 1.08 for view wc_analysis_view.
Type 'man IMPMSMV-1810' for more detail.
**WARN: (IMPMSMV-1810):	Net i_ioring/placement_opt_inst_FE_OFN14974_n, driver i_ioring/placement_opt_inst_FE_OFC10299_placement_opt_inst_FE_OFN14851_n/Y (cell INV_X16B_A9TL) voltage 0.9 does not match receiver i_ioring/i_EXT_PERF_COUNTERS_13/DS (cell PDDW1216SCDG) voltage 1.08 for view wc_analysis_view.
Type 'man IMPMSMV-1810' for more detail.
**WARN: (IMPMSMV-1810):	Net i_ioring/placement_opt_inst_FE_OFN14974_n, driver i_ioring/placement_opt_inst_FE_OFC10299_placement_opt_inst_FE_OFN14851_n/Y (cell INV_X16B_A9TL) voltage 0.9 does not match receiver i_ioring/i_EXT_PERF_COUNTERS_13/PE (cell PDDW1216SCDG) voltage 1.08 for view wc_analysis_view.
Type 'man IMPMSMV-1810' for more detail.
**WARN: (IMPMSMV-1810):	Net i_ioring/placement_opt_inst_FE_OFN14972_n, driver i_ioring/placement_opt_inst_FE_OFC10297_placement_opt_inst_FE_OFN14813_n/Y (cell INV_X16B_A9TL) voltage 0.9 does not match receiver i_ioring/i_IRAM_PROG_BYTE_4/DS (cell PDDW1216SCDG) voltage 1.08 for view wc_analysis_view.
Type 'man IMPMSMV-1810' for more detail.
**WARN: (IMPMSMV-1810):	Net i_ioring/placement_opt_inst_FE_OFN14972_n, driver i_ioring/placement_opt_inst_FE_OFC10297_placement_opt_inst_FE_OFN14813_n/Y (cell INV_X16B_A9TL) voltage 0.9 does not match receiver i_ioring/i_IRAM_PROG_BYTE_4/IE (cell PDDW1216SCDG) voltage 1.08 for view wc_analysis_view.
Type 'man IMPMSMV-1810' for more detail.
**WARN: (IMPMSMV-1810):	Net i_ioring/placement_opt_inst_FE_OFN14968_n, driver i_ioring/placement_opt_inst_FE_OFC10293_placement_opt_inst_FE_OFN14884_n/Y (cell INV_X16M_A9TL) voltage 0.9 does not match receiver i_ioring/i_IRAM_PROG_BYTE_3/DS (cell PDDW1216SCDG) voltage 1.08 for view wc_analysis_view.
Type 'man IMPMSMV-1810' for more detail.
**WARN: (IMPMSMV-1810):	Net i_ioring/placement_opt_inst_FE_OFN14963_placement_opt_inst_FE_OFN14825_n, driver i_ioring/placement_opt_inst_FE_OFC10288_placement_opt_inst_FE_OFN14825_n/Y (cell INV_X9M_A9TL) voltage 0.9 does not match receiver i_ioring/i_IRAM_PROG_BYTE_7/IE (cell PDDW1216SCDG) voltage 1.08 for view wc_analysis_view.
Type 'man IMPMSMV-1810' for more detail.
**WARN: (EMS-27):	Message (IMPMSMV-1810) has exceeded the current message display limit of 20.
To increase the message display limit, refer to the product command reference manual.
Total number of fetched objects 27406
AAE_INFO: Total number of nets for which stage creation was skipped for all views 0
End delay calculation. (MEM=10668.8 CPU=0:00:05.3 REAL=0:00:05.0)
End delay calculation (fullDC). (MEM=10668.8 CPU=0:00:06.1 REAL=0:00:06.0)
ENICSINFO: Checking DRC
#-check_same_via_cell true               # bool, default=false, user setting
#-report /data/project/tsmc65/users/liosky/ws/DVD25/hw7/workspace/../export/route//drc.rpt # string, default="", user setting
 *** Starting Verify DRC (MEM: 10668.8) ***

  VERIFY DRC ...... Starting Verification
  VERIFY DRC ...... Initializing
  VERIFY DRC ...... Deleting Existing Violations
  VERIFY DRC ...... Creating Sub-Areas
  VERIFY DRC ...... Using new threading
**WARN: (IMPVFG-1240):	Skip checking DRC in area { -746.205, -246.300, -658.365, -159.900 } as there are too many objects overlapped. The cell instance density is 400.0%.
**WARN: (IMPVFG-1103):	VERIFY DRC did not complete: Number of violations exceeds the Error Limit [1000]

  Verification Complete : 1000 Viols.

 Violation Summary By Layer and Type:

	          Short      Mar ViaInPin   CutSpc   MetSpc   CShort   MinStp   Others   Totals
	M1           66        0       63        0        0        0       34        0      163
	VIA1          0        0        0       13        0        0        0        0       13
	M2           44       71        0        0        0        0        0        0      115
	VIA2          0        0        0        7        0        1        0        0        8
	M3            0       27        0        0        0        0        0        0       27
	VIA3          0        0        0        1        0        0        0        0        1
	M4            0       18        0        0        0        0        0        0       18
	VIA4          0        0        0        1        0        0        0        0        1
	M5            0       14        0        0        0        0        0        0       14
	M6            0       11        6        0        0        0        0        6       23
	VIA6          0        0        0        6        0        0        0        6       12
	M7           13        0       10        0       30        0        0       16       69
	VIA7          0        0        0        7        0        6        0       13       26
	M8            6       12       30        0       28        0        9        1       86
	VIA8          0        0        0        0        0       26        0       26       52
	M9          169        0       44        0       37        0       15        1      266
	RV            0        0        0       62        0       29        0        0       91
	AP           14        0        0        0        1        0        0        0       15
	Totals      312      153      153       97       96       62       58       69     1000

 *** End Verify DRC (CPU: 0:00:00.3  ELAPSED TIME: 0.00  MEM: 768.1M) ***

ENICSINFO: Checking Connectivity
VERIFY_CONNECTIVITY use new engine.

******** Start: VERIFY CONNECTIVITY ********
Start Time: Mon Feb 10 16:10:52 2025

Design Name: lp_riscv_top
Database Units: 2000
Design Boundary: (-746.2050, -246.3000) (2053.7950, 1553.7000)
Error Limit = 1000; Warning Limit = 50
Check all nets
**** 16:10:52 **** Processed 5000 nets.
Net lp_riscv/i_riscv_core_pc_ex[31]: has an unconnected terminal, has regular routing with opens, dangling Wire.
Net lp_riscv/i_riscv_core_pc_ex[30]: has an unconnected terminal, has regular routing with opens, dangling Wire.
Net lp_riscv/i_riscv_core_pc_ex[26]: has an unconnected terminal, has regular routing with opens, dangling Wire.
Net lp_riscv/i_riscv_core_pc_ex[25]: has an unconnected terminal, has regular routing with opens, dangling Wire.
Net lp_riscv/i_riscv_core_pc_ex[24]: has an unconnected terminal, has regular routing with opens, dangling Wire.
Net lp_riscv/i_riscv_core_pc_ex[15]: has an unconnected terminal, has regular routing with opens, dangling Wire.
Net lp_riscv/i_riscv_core_pc_ex[14]: has an unconnected terminal, has regular routing with opens, dangling Wire.
Net lp_riscv/i_riscv_core_pc_ex[11]: has an unconnected terminal, has regular routing with opens, dangling Wire.
Net lp_riscv/i_riscv_core_pc_ex[5]: has an unconnected terminal, has regular routing with opens, dangling Wire.
Net lp_riscv/i_riscv_core_pc_ex[4]: has an unconnected terminal, has regular routing with opens, dangling Wire.
Net lp_riscv/i_riscv_core_pc_ex[3]: has an unconnected terminal, has regular routing with opens, dangling Wire.
Net lp_riscv/i_riscv_core_pc_ex[2]: has an unconnected terminal, has regular routing with opens, dangling Wire.
Net lp_riscv/i_riscv_core_pc_ex[1]: has an unconnected terminal, has regular routing with opens, dangling Wire.
**** 16:10:53 **** Processed 10000 nets.
**** 16:10:53 **** Processed 15000 nets.
**** 16:10:53 **** Processed 20000 nets.
**** 16:10:53 **** Processed 25000 nets.
Net lp_riscv/rc_gclk_46968: has an unconnected terminal, has regular routing with opens, dangling Wire.
Net vdd: has an unconnected terminal, has special routes with opens, has regular routing with opens.
Net vddio: has special routes with opens.
Net gnd: has an unconnected terminal, has special routes with opens, has regular routing with opens.
**WARN: (IMPVFC-3):	Verify Connectivity stopped: Number of errors exceeds the limit 1000
Type 'man IMPVFC-3' for more detail.

Begin Summary 
    840 Problem(s) (IMPVFC-96): Terminal(s) are not connected.
    10 Problem(s) (IMPVFC-200): Special Wires: Pieces of the net are not connected together.
    134 Problem(s) (IMPVFC-92): Pieces of the net are not connected together.
    16 Problem(s) (IMPVFC-94): The net has dangling wire(s).
    1000 total info(s) created.
End Summary

End Time: Mon Feb 10 16:10:53 2025
Time Elapsed: 0:00:01.0

******** End: VERIFY CONNECTIVITY ********
  Verification Complete : 1000 Viols.  0 Wrngs.
  (CPU Time: 0:00:01.3  MEM: -0.883M)

ENICSINFO: Writing out Database
wc_timing_condition bc_timing_condition tc_timing_condition
#% Begin save design ... (date=02/10 16:10:53, mem=2705.5M)
% Begin Save ccopt configuration ... (date=02/10 16:10:54, mem=2705.5M)
% End Save ccopt configuration ... (date=02/10 16:10:54, total cpu=0:00:00.1, real=0:00:00.0, peak res=2705.6M, current mem=2705.6M)
% Begin Save netlist data ... (date=02/10 16:10:54, mem=2705.6M)
Writing Binary DB to /data/project/tsmc65/users/liosky/ws/DVD25/hw7/workspace/../dbs/route.tmp/lp_riscv_top.v.bin in single-threaded mode...
% End Save netlist data ... (date=02/10 16:10:54, total cpu=0:00:00.1, real=0:00:00.0, peak res=2705.6M, current mem=2705.6M)
Writing Netlist "/data/project/tsmc65/users/liosky/ws/DVD25/hw7/workspace/../dbs/route.tmp/lp_riscv_top.v.gz" ...
Saving symbol-table file ...
Saving congestion map file /data/project/tsmc65/users/liosky/ws/DVD25/hw7/workspace/../dbs/route.tmp/lp_riscv_top.route.congmap.gz ...
% Begin Save AAE data ... (date=02/10 16:10:55, mem=2706.1M)
Saving AAE Data ...
% End Save AAE data ... (date=02/10 16:10:55, total cpu=0:00:00.0, real=0:00:00.0, peak res=2706.1M, current mem=2706.1M)
Saving preference file /data/project/tsmc65/users/liosky/ws/DVD25/hw7/workspace/../dbs/route.tmp/gui.pref.tcl ...
Saving mode setting ...
Saving root attributes to be loaded post write_db ...
Saving global file ...
Saving root attributes to be loaded previous write_db ...
% Begin Save floorplan data ... (date=02/10 16:10:56, mem=2707.4M)
Saving floorplan file ...
% End Save floorplan data ... (date=02/10 16:10:56, total cpu=0:00:00.1, real=0:00:00.0, peak res=2707.5M, current mem=2707.5M)
Saving PG file /data/project/tsmc65/users/liosky/ws/DVD25/hw7/workspace/../dbs/route.tmp/lp_riscv_top.pg.gz, version#2, (Created by Innovus v21.15-s110_1 on Mon Feb 10 16:10:56 2025)
*** Completed savePGFile (cpu=0:00:00.0 real=0:00:01.0 mem=11649.4M) ***
Saving Drc markers ...
... No Drc file written since there is no markers found.
% Begin Save placement data ... (date=02/10 16:10:57, mem=2707.5M)
** Saving stdCellPlacement_binary (version# 2) ...
Save Adaptive View Pruning View Names to Binary file
% End Save placement data ... (date=02/10 16:10:57, total cpu=0:00:00.1, real=0:00:00.0, peak res=2707.5M, current mem=2707.5M)
% Begin Save routing data ... (date=02/10 16:10:57, mem=2707.5M)
Saving route file ...
*** Completed saveRoute (cpu=0:00:00.2 real=0:00:00.0 mem=11649.4M) ***
% End Save routing data ... (date=02/10 16:10:57, total cpu=0:00:00.2, real=0:00:00.0, peak res=2707.5M, current mem=2707.5M)
Saving property file /data/project/tsmc65/users/liosky/ws/DVD25/hw7/workspace/../dbs/route.tmp/lp_riscv_top.prop
*** Completed saveProperty (cpu=0:00:00.0 real=0:00:00.0 mem=11652.4M) ***
Saving rc congestion map /data/project/tsmc65/users/liosky/ws/DVD25/hw7/workspace/../dbs/route.tmp/lp_riscv_top.congmap.gz ...
Saving preRoute extracted patterns in file '/data/project/tsmc65/users/liosky/ws/DVD25/hw7/workspace/../dbs/route.tmp/lp_riscv_top.techData.gz' ...
Saving preRoute extraction data in directory '/data/project/tsmc65/users/liosky/ws/DVD25/hw7/workspace/../dbs/route.tmp/extraction/' ...
% Begin Save power constraints data ... (date=02/10 16:10:58, mem=2707.9M)
% End Save power constraints data ... (date=02/10 16:10:58, total cpu=0:00:00.0, real=0:00:00.0, peak res=2707.9M, current mem=2707.9M)
tc_rc_corner bc_rc_corner wc_rc_corner
tc_rc_corner bc_rc_corner wc_rc_corner
tc_rc_corner bc_rc_corner wc_rc_corner
tc_rc_corner bc_rc_corner wc_rc_corner
tc_rc_corner bc_rc_corner wc_rc_corner
tc_rc_corner bc_rc_corner wc_rc_corner
tc_rc_corner bc_rc_corner wc_rc_corner
Generated self-contained design route.tmp
#% End save design ... (date=02/10 16:10:59, total cpu=0:00:02.3, real=0:00:05.0, peak res=2707.9M, current mem=2707.1M)
*** Message Summary: 0 warning(s), 0 error(s)

ENICSINFO: Starting specific reports after routing
**WARN: (IMPEXT-3493):	The design extraction status has been reset by set_analysis_view/update_rc_corner or set_db  command. The parasitic data can be regenerated either by extracting the design using the extract_rc command or by loading the SPEF or RCDB file(s). To prevent resetting of the extraction status, avoid changing extraction modes.
Type 'man IMPEXT-3493' for more detail.
AAE_INFO: switching -siAware from false to true ...
AAE_INFO: The setting is changed from false to true in setDelayCalMode -SIAware
*** time_design #2 [begin] : totSession cpu/real = 0:20:15.9/0:22:12.0 (0.9), mem = 11621.7M
**WARN: (IMPOPT-7139):	'set_db extract_rc_coupled false' has been implicitly activated since current delay calulation is under SIAware false mode.
#WARNING (NRIG-1303) The congestion map does not match the GCELL grid. Clearing the map.
#Invoke dbWirePreImport deleteTR=0 convert_unrouted=0 selected_only=0 (nr_selected_net=0)
#num needed restored net=0
#need_extraction net=0 (total=28325)
#Extract in post route mode
#Finish check_net_pin_list step Enter extract_rc_in_nr_cmd
#Fast data preparation for tQuantus.
#Start routing data preparation on Mon Feb 10 16:11:00 2025
#
# M1           H   Track-Pitch = 0.20000    Line-2-Via Pitch = 0.18500
# M2           V   Track-Pitch = 0.20000    Line-2-Via Pitch = 0.20000
# M3           H   Track-Pitch = 0.20000    Line-2-Via Pitch = 0.20000
# M4           V   Track-Pitch = 0.20000    Line-2-Via Pitch = 0.20000
# M5           H   Track-Pitch = 0.20000    Line-2-Via Pitch = 0.20000
# M6           V   Track-Pitch = 0.20000    Line-2-Via Pitch = 0.20000
# M7           H   Track-Pitch = 0.20000    Line-2-Via Pitch = 0.20000
# M8           V   Track-Pitch = 0.80000    Line-2-Via Pitch = 0.80000
# M9           H   Track-Pitch = 0.80000    Line-2-Via Pitch = 0.80000
# AP           V   Track-Pitch = 5.00000    Line-2-Via Pitch = 6.50000
#WARNING (NRAG-44) Track pitch is too small compared with line-2-via pitch.
#Regenerating Ggrids automatically.
#Auto generating G-grids with size=15 tracks, using layer M3's pitch = 0.20000.
#Using automatically generated G-grids.
#Done routing data preparation.
#cpu time = 00:00:00, elapsed time = 00:00:00, memory = 2669.36 (MB), peak = 3233.87 (MB)
#Start routing data preparation on Mon Feb 10 16:11:01 2025
#
#Minimum voltage of a net in the design = 0.000.
#Maximum voltage of a net in the design = 1.320.
#Voltage range [0.000 - 1.320] has 28298 nets.
#Voltage range [0.000 - 0.000] has 9 nets.
#Voltage range [0.900 - 1.320] has 18 nets.
#Build and mark too close pins for the same net.
#Regenerating Ggrids automatically.
#Auto generating G-grids with size=15 tracks, using layer M3's pitch = 0.20000.
#Using automatically generated G-grids.
#(check_and_prepare_match_target_file) no match_target_file in constraint. quit
#Done routing data preparation.
#cpu time = 00:00:05, elapsed time = 00:00:05, memory = 2736.69 (MB), peak = 3233.87 (MB)
#
#Start tQuantus RC extraction...
#Start building rc corner(s)...
#Number of RC Corner = 2
#Corner bc_rc_corner /tech/tsmc/65LP/QRC/1.3a/rcbest/qrcTechFile -40.000000 (real) 
#Corner wc_rc_corner /tech/tsmc/65LP/QRC/1.3a/rcworst/qrcTechFile 125.000000 (real) 
#metal1 -> M1 (1)
#metal2 -> M2 (2)
#metal3 -> M3 (3)
#metal4 -> M4 (4)
#metal5 -> M5 (5)
#metal6 -> M6 (6)
#metal7 -> M7 (7)
#metal8 -> M8 (8)
#metal9 -> M9 (9)
#metal10 -> AP (10)
#SADV-On
# Corner(s) : 
#bc_rc_corner [-40.00] 
#wc_rc_corner [125.00]
# Corner id: 0
# Layout Scale: 1.000000
# Has Metal Fill model: yes
# Temperature was set
# Temperature : -40.000000
# Ref. Temp   : 25.000000
# Corner id: 1
# Layout Scale: 1.000000
# Has Metal Fill model: yes
# Temperature was set
# Temperature : 125.000000
# Ref. Temp   : 25.000000
#SADV-Off
#
#layer[9] tech width 800 != ict width 4000.0
#
#layer[9] tech spc 800 != ict spc 4000.0
#total pattern=220 [20, 1210]
#( rc_model.bin ) does not exist.
#invalid or missing tQuantus model file
#rc model rebuild is required for this corner(s)
#1 rcmodel(s) requires rebuild
#Rebuild RC model file for all corners.
#Start building rc corner(s)...
#Number of RC Corner = 3
#Corner tc_rc_corner /tech/tsmc/65LP/QRC/1.3a/typical/qrcTechFile 25.000000 (real) 
#Corner bc_rc_corner /tech/tsmc/65LP/QRC/1.3a/rcbest/qrcTechFile -40.000000 (real) 
#Corner wc_rc_corner /tech/tsmc/65LP/QRC/1.3a/rcworst/qrcTechFile 125.000000 (real) 
#metal1 -> M1 (1)
#metal2 -> M2 (2)
#metal3 -> M3 (3)
#metal4 -> M4 (4)
#metal5 -> M5 (5)
#metal6 -> M6 (6)
#metal7 -> M7 (7)
#metal8 -> M8 (8)
#metal9 -> M9 (9)
#metal10 -> AP (10)
#SADV-On
# Corner(s) : 
#tc_rc_corner [25.00] 
#bc_rc_corner [-40.00] 
#wc_rc_corner [125.00]
# Corner id: 0
# Layout Scale: 1.000000
# Has Metal Fill model: yes
# Temperature was set
# Temperature : 25.000000
# Ref. Temp   : 25.000000
# Corner id: 1
# Layout Scale: 1.000000
# Has Metal Fill model: yes
# Temperature was set
# Temperature : -40.000000
# Ref. Temp   : 25.000000
# Corner id: 2
# Layout Scale: 1.000000
# Has Metal Fill model: yes
# Temperature was set
# Temperature : 125.000000
# Ref. Temp   : 25.000000
#SADV-Off
#
#layer[9] tech width 800 != ict width 4000.0
#
#layer[9] tech spc 800 != ict spc 4000.0
#total pattern=220 [30, 1815]
#Generating the tQuantus model file automatically.
#num_tile=16236 avg_aspect_ratio=1.123600 
#Vertical num_row 45 per_row= 356 halo= 150000 
#hor_num_col = 174 final aspect_ratio= 0.547172
#Build RC corners: cpu time = 00:00:29, elapsed time = 00:00:49, memory = 2817.83 (MB), peak = 3233.87 (MB)
#Start building rc corner(s)...
#Number of RC Corner = 2
#Corner bc_rc_corner /tech/tsmc/65LP/QRC/1.3a/rcbest/qrcTechFile -40.000000 (real) 
#Corner wc_rc_corner /tech/tsmc/65LP/QRC/1.3a/rcworst/qrcTechFile 125.000000 (real) 
#metal1 -> M1 (1)
#metal2 -> M2 (2)
#metal3 -> M3 (3)
#metal4 -> M4 (4)
#metal5 -> M5 (5)
#metal6 -> M6 (6)
#metal7 -> M7 (7)
#metal8 -> M8 (8)
#metal9 -> M9 (9)
#metal10 -> AP (10)
#SADV-On
# Corner(s) : 
#bc_rc_corner [-40.00] 
#wc_rc_corner [125.00]
# Corner id: 0
# Layout Scale: 1.000000
# Has Metal Fill model: yes
# Temperature was set
# Temperature : -40.000000
# Ref. Temp   : 25.000000
# Corner id: 1
# Layout Scale: 1.000000
# Has Metal Fill model: yes
# Temperature was set
# Temperature : 125.000000
# Ref. Temp   : 25.000000
#SADV-Off
#
#layer[9] tech width 800 != ict width 4000.0
#
#layer[9] tech spc 800 != ict spc 4000.0
#total pattern=220 [20, 1210]
#Reading previously stored rc_model file ( rc_model.bin ) ...
#found CAPMODEL /tech/tsmc/65LP/QRC/1.3a/rcbest/qrcTechFile
#found CAPMODEL /tech/tsmc/65LP/QRC/1.3a/rcworst/qrcTechFile
#found RESMODEL /tech/tsmc/65LP/QRC/1.3a/rcbest/qrcTechFile -40.000000 
#found RESMODEL /tech/tsmc/65LP/QRC/1.3a/rcworst/qrcTechFile 125.000000 
#number model r/c [2,2] [20,1210] read
#0 rcmodel(s) requires rebuild
#Build RC corners: cpu time = 00:00:01, elapsed time = 00:00:02, memory = 2816.61 (MB), peak = 3233.87 (MB)
#Finish check_net_pin_list step Enter extract
#Start init net ripin tree building
#Finish init net ripin tree building
#Cpu time = 00:00:00
#Elapsed time = 00:00:00
#Increased memory = 0.10 (MB)
#Total memory = 2816.71 (MB)
#Peak memory = 3233.87 (MB)
#begin processing metal fill model file
#end processing metal fill model file
#Length limit = 200 pitches
#opt mode = 2
#WARNING (NREX-96) Net clk_to_core has different number of fe term(22) and NR pin(20). Skipped to avoid netlist inconsistent issue in RCDB read.
#WARNING (NREX-96) Net lp_riscv/placement_opt_inst_FE_OFN14793_iccm_ram_wrapper_n_44 has different number of fe term(4) and NR pin(2). Skipped to avoid netlist inconsistent issue in RCDB read.
#Finish check_net_pin_list step Fix net pin list
#WARNING (NREX-96) Net clk_to_core has different number of fe term(22) and NR pin(20). Skipped to avoid netlist inconsistent issue in RCDB read.
#Net 212(clk_to_core) marked as inconsistent
#WARNING (NREX-96) Net lp_riscv/placement_opt_inst_FE_OFN14793_iccm_ram_wrapper_n_44 has different number of fe term(4) and NR pin(2). Skipped to avoid netlist inconsistent issue in RCDB read.
#Net 21775(lp_riscv/placement_opt_inst_FE_OFN14793_iccm_ram_wrapper_n_44) marked as inconsistent
#Start generate extraction boxes.
#
#Extract using 30 x 30 Hboxes
#33x21 initial hboxes
#Use area based hbox pruning.
#0/0 hboxes pruned.
#Complete generating extraction boxes.
#Extract 340 hboxes with single thread on machine with  Xeon 3.44GHz 55296KB Cache 2CPU...
#Process 0 special clock nets for rc extraction
#WARNING (NREX-82) Net lp_riscv/rc_gclk_46968 has incomplete routes. This will cause inaccurate RC extraction.
#WARNING (NREX-82) Net lp_riscv/i_riscv_core_pc_ex[15] has incomplete routes. This will cause inaccurate RC extraction.
#WARNING (NREX-82) Net lp_riscv/i_riscv_core_pc_ex[5] has incomplete routes. This will cause inaccurate RC extraction.
#WARNING (NREX-82) Net lp_riscv/i_riscv_core_pc_ex[2] has incomplete routes. This will cause inaccurate RC extraction.
#WARNING (NREX-82) Net lp_riscv/i_riscv_core_pc_ex[26] has incomplete routes. This will cause inaccurate RC extraction.
#WARNING (NREX-82) Net lp_riscv/i_riscv_core_pc_ex[24] has incomplete routes. This will cause inaccurate RC extraction.
#WARNING (NREX-82) Net lp_riscv/i_riscv_core_pc_ex[25] has incomplete routes. This will cause inaccurate RC extraction.
#WARNING (NREX-82) Net lp_riscv/i_riscv_core_pc_ex[3] has incomplete routes. This will cause inaccurate RC extraction.
#WARNING (NREX-82) Net lp_riscv/i_riscv_core_pc_ex[14] has incomplete routes. This will cause inaccurate RC extraction.
#WARNING (NREX-82) Net lp_riscv/i_riscv_core_pc_ex[11] has incomplete routes. This will cause inaccurate RC extraction.
#WARNING (NREX-82) Net lp_riscv/i_riscv_core_pc_ex[4] has incomplete routes. This will cause inaccurate RC extraction.
#WARNING (NREX-82) Net lp_riscv/i_riscv_core_pc_ex[1] has incomplete routes. This will cause inaccurate RC extraction.
#WARNING (NREX-82) Net lp_riscv/i_riscv_core_pc_ex[31] has incomplete routes. This will cause inaccurate RC extraction.
#WARNING (NREX-82) Net lp_riscv/i_riscv_core_pc_ex[30] has incomplete routes. This will cause inaccurate RC extraction.
#Total 26969 nets were built. 4864 nodes added to break long wires. 14 net(s) have incomplete routes.
#Run Statistics for Extraction:
#   Cpu time = 00:00:22, elapsed time = 00:00:22 .
#   Increased memory =    40.43 (MB), total memory =  2857.15 (MB), peak memory =  3233.87 (MB)
#Register nets and terms for rcdb /tmp/innovus_temp_17057_ip-10-70-158-178.il-central-1.compute.internal_liosky_8LPhOa/nr17057_T0Fm9f.rcdb.d
#Finish registering nets and terms for rcdb.
#Simplify RC tree: cpu time = 00:00:00, elapsed time = 00:00:00, memory = 2845.19 (MB), peak = 3233.87 (MB)
#RC Statistics: 154103 Res, 86448 Ground Cap, 0 XCap (Edge to Edge)
#RC V/H edge ratio: 0.69, Avg V/H Edge Length: 6986.47 (86171), Avg L-Edge Length: 7829.03 (34128)
#Nets and terms are pre-registered for rcdb /tmp/innovus_temp_17057_ip-10-70-158-178.il-central-1.compute.internal_liosky_8LPhOa/nr17057_T0Fm9f.rcdb.d.
#Start writing RC data.
#Finish writing RC data
#Finish writing rcdb with 181105 nodes, 154136 edges, and 0 xcaps
#cpu time = 00:00:00, elapsed time = 00:00:00, memory = 2837.32 (MB), peak = 3233.87 (MB)
Restoring parasitic data from file '/tmp/innovus_temp_17057_ip-10-70-158-178.il-central-1.compute.internal_liosky_8LPhOa/nr17057_T0Fm9f.rcdb.d' ...
Reading RCDB with compressed RC data.
Reading RCDB with compressed RC data.
Begin read_parasitics... (cpu: 0:00:00.0 real: 0:00:00.0 mem: 11799.375M)
Following multi-corner parasitics specified:
	/tmp/innovus_temp_17057_ip-10-70-158-178.il-central-1.compute.internal_liosky_8LPhOa/nr17057_T0Fm9f.rcdb.d (rcdb)
Reading RCDB with compressed RC data.
		Cell lp_riscv_top has rcdb /tmp/innovus_temp_17057_ip-10-70-158-178.il-central-1.compute.internal_liosky_8LPhOa/nr17057_T0Fm9f.rcdb.d specified
Cell lp_riscv_top, hinst 
Reading RCDB with compressed RC data.
Done read_parasitics... (cpu: 0:00:01.0 real: 0:00:01.0 mem: 11799.375M)
#
#Restore RCDB.
#
#Complete tQuantus RC extraction.
#Cpu time = 00:00:56
#Elapsed time = 00:01:18
#Increased memory = 101.32 (MB)
#Total memory = 2838.53 (MB)
#Peak memory = 3233.87 (MB)
#
#4864 inserted nodes are removed
#	no debugging net set
#Start Inst Signature in MT(0)
#Start Net Signature in MT(38505574)
#Calculate SNet Signature in MT (98137547)
#Run time and memory report for RC extraction:
#RC extraction running on  Xeon 3.50GHz 55296KB Cache 2CPU.
#Run Statistics for snet signature:
#   Cpu time = 00:00:00, elapsed time = 00:00:00 .
#   Increased memory =     0.00 (MB), total memory =  2795.73 (MB), peak memory =  3233.87 (MB)
#Run Statistics for Net Final Signature:
#   Cpu time = 00:00:00, elapsed time = 00:00:00 .
#   Increased memory =     0.00 (MB), total memory =  2795.73 (MB), peak memory =  3233.87 (MB)
#Run Statistics for Net launch:
#   Cpu time = 00:00:00, elapsed time = 00:00:00 .
#   Increased memory =     0.11 (MB), total memory =  2795.73 (MB), peak memory =  3233.87 (MB)
#Run Statistics for Net init_dbsNet_slist:
#   Cpu time = 00:00:00, elapsed time = 00:00:00 .
#   Increased memory =     0.00 (MB), total memory =  2795.62 (MB), peak memory =  3233.87 (MB)
#Run Statistics for net signature:
#   Cpu time = 00:00:00, elapsed time = 00:00:00 .
#   Increased memory =     0.11 (MB), total memory =  2795.73 (MB), peak memory =  3233.87 (MB)
#Run Statistics for inst signature:
#   Cpu time = 00:00:00, elapsed time = 00:00:00 .
#   Increased memory =     0.17 (MB), total memory =  2795.62 (MB), peak memory =  3233.87 (MB)
** Profile ** Start :  cpu=0:00:00.0, mem=11292.7M
** Profile ** Other data :  cpu=0:00:00.3, mem=11292.7M
**WARN: (IMPEXT-3493):	The design extraction status has been reset by set_analysis_view/update_rc_corner or set_db  command. The parasitic data can be regenerated either by extracting the design using the extract_rc command or by loading the SPEF or RCDB file(s). To prevent resetting of the extraction status, avoid changing extraction modes.
Type 'man IMPEXT-3493' for more detail.
#WARNING (NRIG-1303) The congestion map does not match the GCELL grid. Clearing the map.
#Invoke dbWirePreImport deleteTR=0 convert_unrouted=0 selected_only=0 (nr_selected_net=0)
#num needed restored net=0
#need_extraction net=0 (total=28325)
#Extract in post route mode
#Finish check_net_pin_list step Enter extract_rc_in_nr_cmd
#Fast data preparation for tQuantus.
#Start routing data preparation on Mon Feb 10 16:12:25 2025
#
# M1           H   Track-Pitch = 0.20000    Line-2-Via Pitch = 0.18500
# M2           V   Track-Pitch = 0.20000    Line-2-Via Pitch = 0.20000
# M3           H   Track-Pitch = 0.20000    Line-2-Via Pitch = 0.20000
# M4           V   Track-Pitch = 0.20000    Line-2-Via Pitch = 0.20000
# M5           H   Track-Pitch = 0.20000    Line-2-Via Pitch = 0.20000
# M6           V   Track-Pitch = 0.20000    Line-2-Via Pitch = 0.20000
# M7           H   Track-Pitch = 0.20000    Line-2-Via Pitch = 0.20000
# M8           V   Track-Pitch = 0.80000    Line-2-Via Pitch = 0.80000
# M9           H   Track-Pitch = 0.80000    Line-2-Via Pitch = 0.80000
# AP           V   Track-Pitch = 5.00000    Line-2-Via Pitch = 6.50000
#WARNING (NRAG-44) Track pitch is too small compared with line-2-via pitch.
#Regenerating Ggrids automatically.
#Auto generating G-grids with size=15 tracks, using layer M3's pitch = 0.20000.
#Using automatically generated G-grids.
#Done routing data preparation.
#cpu time = 00:00:00, elapsed time = 00:00:00, memory = 2803.73 (MB), peak = 3233.87 (MB)
#Start routing data preparation on Mon Feb 10 16:12:25 2025
#
#Minimum voltage of a net in the design = 0.000.
#Maximum voltage of a net in the design = 1.320.
#Voltage range [0.000 - 1.320] has 28298 nets.
#Voltage range [0.000 - 0.000] has 9 nets.
#Voltage range [0.900 - 1.320] has 18 nets.
#Build and mark too close pins for the same net.
#Regenerating Ggrids automatically.
#Auto generating G-grids with size=15 tracks, using layer M3's pitch = 0.20000.
#Using automatically generated G-grids.
#(check_and_prepare_match_target_file) no match_target_file in constraint. quit
#Done routing data preparation.
#cpu time = 00:00:05, elapsed time = 00:00:05, memory = 2811.66 (MB), peak = 3233.87 (MB)
#
#Start tQuantus RC extraction...
#Start building rc corner(s)...
#Number of RC Corner = 2
#Corner bc_rc_corner /tech/tsmc/65LP/QRC/1.3a/rcbest/qrcTechFile -40.000000 (real) 
#Corner wc_rc_corner /tech/tsmc/65LP/QRC/1.3a/rcworst/qrcTechFile 125.000000 (real) 
#metal1 -> M1 (1)
#metal2 -> M2 (2)
#metal3 -> M3 (3)
#metal4 -> M4 (4)
#metal5 -> M5 (5)
#metal6 -> M6 (6)
#metal7 -> M7 (7)
#metal8 -> M8 (8)
#metal9 -> M9 (9)
#metal10 -> AP (10)
#SADV-On
# Corner(s) : 
#bc_rc_corner [-40.00] 
#wc_rc_corner [125.00]
# Corner id: 0
# Layout Scale: 1.000000
# Has Metal Fill model: yes
# Temperature was set
# Temperature : -40.000000
# Ref. Temp   : 25.000000
# Corner id: 1
# Layout Scale: 1.000000
# Has Metal Fill model: yes
# Temperature was set
# Temperature : 125.000000
# Ref. Temp   : 25.000000
#SADV-Off
#
#layer[9] tech width 800 != ict width 4000.0
#
#layer[9] tech spc 800 != ict spc 4000.0
#total pattern=220 [20, 1210]
#Reading previously stored rc_model file ( rc_model.bin ) ...
#found CAPMODEL /tech/tsmc/65LP/QRC/1.3a/rcbest/qrcTechFile
#found CAPMODEL /tech/tsmc/65LP/QRC/1.3a/rcworst/qrcTechFile
#found RESMODEL /tech/tsmc/65LP/QRC/1.3a/rcbest/qrcTechFile -40.000000 
#found RESMODEL /tech/tsmc/65LP/QRC/1.3a/rcworst/qrcTechFile 125.000000 
#number model r/c [2,2] [20,1210] read
#0 rcmodel(s) requires rebuild
#Build RC corners: cpu time = 00:00:01, elapsed time = 00:00:02, memory = 2816.29 (MB), peak = 3233.87 (MB)
#Start building rc corner(s)...
#Number of RC Corner = 2
#Corner bc_rc_corner /tech/tsmc/65LP/QRC/1.3a/rcbest/qrcTechFile -40.000000 (real) 
#Corner wc_rc_corner /tech/tsmc/65LP/QRC/1.3a/rcworst/qrcTechFile 125.000000 (real) 
#metal1 -> M1 (1)
#metal2 -> M2 (2)
#metal3 -> M3 (3)
#metal4 -> M4 (4)
#metal5 -> M5 (5)
#metal6 -> M6 (6)
#metal7 -> M7 (7)
#metal8 -> M8 (8)
#metal9 -> M9 (9)
#metal10 -> AP (10)
#SADV-On
# Corner(s) : 
#bc_rc_corner [-40.00] 
#wc_rc_corner [125.00]
# Corner id: 0
# Layout Scale: 1.000000
# Has Metal Fill model: yes
# Temperature was set
# Temperature : -40.000000
# Ref. Temp   : 25.000000
# Corner id: 1
# Layout Scale: 1.000000
# Has Metal Fill model: yes
# Temperature was set
# Temperature : 125.000000
# Ref. Temp   : 25.000000
#SADV-Off
#
#layer[9] tech width 800 != ict width 4000.0
#
#layer[9] tech spc 800 != ict spc 4000.0
#total pattern=220 [20, 1210]
#Reading previously stored rc_model file ( rc_model.bin ) ...
#found CAPMODEL /tech/tsmc/65LP/QRC/1.3a/rcbest/qrcTechFile
#found CAPMODEL /tech/tsmc/65LP/QRC/1.3a/rcworst/qrcTechFile
#found RESMODEL /tech/tsmc/65LP/QRC/1.3a/rcbest/qrcTechFile -40.000000 
#found RESMODEL /tech/tsmc/65LP/QRC/1.3a/rcworst/qrcTechFile 125.000000 
#number model r/c [2,2] [20,1210] read
#0 rcmodel(s) requires rebuild
#Build RC corners: cpu time = 00:00:01, elapsed time = 00:00:02, memory = 2815.45 (MB), peak = 3233.87 (MB)
#Finish check_net_pin_list step Enter extract
#Start init net ripin tree building
#Finish init net ripin tree building
#Cpu time = 00:00:00
#Elapsed time = 00:00:00
#Increased memory = 0.02 (MB)
#Total memory = 2815.46 (MB)
#Peak memory = 3233.87 (MB)
#begin processing metal fill model file
#end processing metal fill model file
#Length limit = 200 pitches
#opt mode = 2
#WARNING (NREX-96) Net clk_to_core has different number of fe term(22) and NR pin(20). Skipped to avoid netlist inconsistent issue in RCDB read.
#WARNING (NREX-96) Net lp_riscv/placement_opt_inst_FE_OFN14793_iccm_ram_wrapper_n_44 has different number of fe term(4) and NR pin(2). Skipped to avoid netlist inconsistent issue in RCDB read.
#Finish check_net_pin_list step Fix net pin list
#WARNING (NREX-96) Net clk_to_core has different number of fe term(22) and NR pin(20). Skipped to avoid netlist inconsistent issue in RCDB read.
#Net 212(clk_to_core) marked as inconsistent
#WARNING (NREX-96) Net lp_riscv/placement_opt_inst_FE_OFN14793_iccm_ram_wrapper_n_44 has different number of fe term(4) and NR pin(2). Skipped to avoid netlist inconsistent issue in RCDB read.
#Net 21775(lp_riscv/placement_opt_inst_FE_OFN14793_iccm_ram_wrapper_n_44) marked as inconsistent
#Start generate extraction boxes.
#
#Extract using 30 x 30 Hboxes
#33x21 initial hboxes
#Use area based hbox pruning.
#0/0 hboxes pruned.
#Complete generating extraction boxes.
#Extract 340 hboxes with single thread on machine with  Xeon 3.43GHz 55296KB Cache 2CPU...
#Process 0 special clock nets for rc extraction
#WARNING (NREX-82) Net lp_riscv/rc_gclk_46968 has incomplete routes. This will cause inaccurate RC extraction.
#WARNING (NREX-82) Net lp_riscv/i_riscv_core_pc_ex[15] has incomplete routes. This will cause inaccurate RC extraction.
#WARNING (NREX-82) Net lp_riscv/i_riscv_core_pc_ex[5] has incomplete routes. This will cause inaccurate RC extraction.
#WARNING (NREX-82) Net lp_riscv/i_riscv_core_pc_ex[2] has incomplete routes. This will cause inaccurate RC extraction.
#WARNING (NREX-82) Net lp_riscv/i_riscv_core_pc_ex[26] has incomplete routes. This will cause inaccurate RC extraction.
#WARNING (NREX-82) Net lp_riscv/i_riscv_core_pc_ex[24] has incomplete routes. This will cause inaccurate RC extraction.
#WARNING (NREX-82) Net lp_riscv/i_riscv_core_pc_ex[25] has incomplete routes. This will cause inaccurate RC extraction.
#WARNING (NREX-82) Net lp_riscv/i_riscv_core_pc_ex[3] has incomplete routes. This will cause inaccurate RC extraction.
#WARNING (NREX-82) Net lp_riscv/i_riscv_core_pc_ex[14] has incomplete routes. This will cause inaccurate RC extraction.
#WARNING (NREX-82) Net lp_riscv/i_riscv_core_pc_ex[11] has incomplete routes. This will cause inaccurate RC extraction.
#WARNING (NREX-82) Net lp_riscv/i_riscv_core_pc_ex[4] has incomplete routes. This will cause inaccurate RC extraction.
#WARNING (NREX-82) Net lp_riscv/i_riscv_core_pc_ex[1] has incomplete routes. This will cause inaccurate RC extraction.
#WARNING (NREX-82) Net lp_riscv/i_riscv_core_pc_ex[31] has incomplete routes. This will cause inaccurate RC extraction.
#WARNING (NREX-82) Net lp_riscv/i_riscv_core_pc_ex[30] has incomplete routes. This will cause inaccurate RC extraction.
#Total 26969 nets were built. 4864 nodes added to break long wires. 14 net(s) have incomplete routes.
#Run Statistics for Extraction:
#   Cpu time = 00:00:23, elapsed time = 00:00:23 .
#   Increased memory =    95.32 (MB), total memory =  2910.79 (MB), peak memory =  3233.87 (MB)
#Register nets and terms for rcdb /tmp/innovus_temp_17057_ip-10-70-158-178.il-central-1.compute.internal_liosky_8LPhOa/nr17057_PDcq6W.rcdb.d
#Finish registering nets and terms for rcdb.
#Simplify RC tree: cpu time = 00:00:00, elapsed time = 00:00:00, memory = 2896.32 (MB), peak = 3233.87 (MB)
#RC Statistics: 154102 Res, 86447 Ground Cap, 17460 XCap (Edge to Edge)
#RC V/H edge ratio: 0.69, Avg V/H Edge Length: 6986.63 (86169), Avg L-Edge Length: 7829.03 (34128)
#Nets and terms are pre-registered for rcdb /tmp/innovus_temp_17057_ip-10-70-158-178.il-central-1.compute.internal_liosky_8LPhOa/nr17057_PDcq6W.rcdb.d.
#Start writing RC data.
#Finish writing RC data
#Finish writing rcdb with 181104 nodes, 154135 edges, and 40102 xcaps
#cpu time = 00:00:01, elapsed time = 00:00:01, memory = 2888.91 (MB), peak = 3233.87 (MB)
Restoring parasitic data from file '/tmp/innovus_temp_17057_ip-10-70-158-178.il-central-1.compute.internal_liosky_8LPhOa/nr17057_PDcq6W.rcdb.d' ...
Reading RCDB with compressed RC data.
Reading RCDB with compressed RC data.
Begin read_parasitics... (cpu: 0:00:00.0 real: 0:00:00.0 mem: 11833.602M)
Following multi-corner parasitics specified:
	/tmp/innovus_temp_17057_ip-10-70-158-178.il-central-1.compute.internal_liosky_8LPhOa/nr17057_PDcq6W.rcdb.d (rcdb)
Reading RCDB with compressed RC data.
		Cell lp_riscv_top has rcdb /tmp/innovus_temp_17057_ip-10-70-158-178.il-central-1.compute.internal_liosky_8LPhOa/nr17057_PDcq6W.rcdb.d specified
Cell lp_riscv_top, hinst 
Reading RCDB with compressed RC data.
Done read_parasitics... (cpu: 0:00:01.0 real: 0:00:00.0 mem: 11833.602M)
#
#Restore RCDB.
#
#Complete tQuantus RC extraction.
#Cpu time = 00:00:27
#Elapsed time = 00:00:29
#Increased memory = 76.96 (MB)
#Total memory = 2889.13 (MB)
#Peak memory = 3233.87 (MB)
#
#4864 inserted nodes are removed
#	no debugging net set
#Start Inst Signature in MT(0)
#Start Net Signature in MT(38505574)
#Calculate SNet Signature in MT (98137547)
#Run time and memory report for RC extraction:
#RC extraction running on  Xeon 3.50GHz 55296KB Cache 2CPU.
#Run Statistics for snet signature:
#   Cpu time = 00:00:00, elapsed time = 00:00:00 .
#   Increased memory =     0.00 (MB), total memory =  2849.36 (MB), peak memory =  3233.87 (MB)
#Run Statistics for Net Final Signature:
#   Cpu time = 00:00:00, elapsed time = 00:00:00 .
#   Increased memory =     0.00 (MB), total memory =  2849.36 (MB), peak memory =  3233.87 (MB)
#Run Statistics for Net launch:
#   Cpu time = 00:00:00, elapsed time = 00:00:00 .
#   Increased memory =     0.00 (MB), total memory =  2849.36 (MB), peak memory =  3233.87 (MB)
#Run Statistics for Net init_dbsNet_slist:
#   Cpu time = 00:00:00, elapsed time = 00:00:00 .
#   Increased memory =     0.00 (MB), total memory =  2849.36 (MB), peak memory =  3233.87 (MB)
#Run Statistics for net signature:
#   Cpu time = 00:00:00, elapsed time = 00:00:00 .
#   Increased memory =     0.00 (MB), total memory =  2849.36 (MB), peak memory =  3233.87 (MB)
#Run Statistics for inst signature:
#   Cpu time = 00:00:00, elapsed time = 00:00:00 .
#   Increased memory =    -0.03 (MB), total memory =  2849.36 (MB), peak memory =  3233.87 (MB)
Starting delay calculation for Setup views
AAE_INFO: opIsDesignInPostRouteState() is 0
AAE_INFO: resetNetProps viewIdx 0 
Starting SI iteration 1 using Infinite Timing Windows
#################################################################################
# Design Stage: PreRoute
# Design Name: lp_riscv_top
# Design Mode: 65nm
# Analysis Mode: MMMC OCV 
# Parasitics Mode: SPEF/RCDB 
# Signoff Settings: SI On (EWM)
#################################################################################
AAE_INFO: 1 threads acquired from CTE.
Start delay calculation (fullDC) (1 T). (MEM=11327.9)
 Report initialization with DMWrite ... (0, Worst)
Reading RCDB with compressed RC data.
**WARN: (IMPMSMV-1810):	Net i_ioring/placement_opt_inst_FE_OFN10257_placement_opt_inst_FE_OFN14845_n, driver i_ioring/placement_opt_inst_FE_OFC10257_placement_opt_inst_FE_OFN14845_n/Y (cell BUF_X16M_A9TL) voltage 0.9 does not match receiver i_ioring/i_EXT_PERF_COUNTERS_11/IE (cell PDDW1216SCDG) voltage 1.08 for view wc_analysis_view.
Type 'man IMPMSMV-1810' for more detail.
**WARN: (IMPMSMV-1810):	Net i_ioring/placement_opt_inst_FE_OFN10256_placement_opt_inst_FE_OFN14821_n, driver i_ioring/placement_opt_inst_FE_OFC10256_placement_opt_inst_FE_OFN14821_n/Y (cell BUFH_X16M_A9TL) voltage 0.9 does not match receiver i_ioring/i_IRAM_PROG_BYTE_5/PE (cell PDDW1216SCDG) voltage 1.08 for view wc_analysis_view.
Type 'man IMPMSMV-1810' for more detail.
**WARN: (IMPMSMV-1810):	Net i_ioring/placement_opt_inst_FE_OFN14986_n, driver i_ioring/placement_opt_inst_FE_OFC10311_n/Y (cell INV_X4M_A9TL) voltage 0.9 does not match receiver i_ioring/i_IRAM_PROG_BYTE_2/DS (cell PDDW1216SCDG) voltage 1.08 for view wc_analysis_view.
Type 'man IMPMSMV-1810' for more detail.
**WARN: (IMPMSMV-1810):	Net i_ioring/placement_opt_inst_FE_OFN10255_placement_opt_inst_FE_OFN14819_n, driver i_ioring/placement_opt_inst_FE_OFC10255_placement_opt_inst_FE_OFN14819_n/Y (cell BUFH_X16M_A9TL) voltage 0.9 does not match receiver i_ioring/i_IRAM_PROG_BYTE_5/DS (cell PDDW1216SCDG) voltage 1.08 for view wc_analysis_view.
Type 'man IMPMSMV-1810' for more detail.
**WARN: (IMPMSMV-1810):	Net i_ioring/placement_opt_inst_FE_OFN10254_placement_opt_inst_FE_OFN14886_n, driver i_ioring/placement_opt_inst_FE_OFC10254_placement_opt_inst_FE_OFN14886_n/Y (cell BUFH_X16M_A9TL) voltage 0.9 does not match receiver i_ioring/i_CLOCK_EN/DS (cell PDDW1216SCDG) voltage 1.08 for view wc_analysis_view.
Type 'man IMPMSMV-1810' for more detail.
**WARN: (IMPMSMV-1810):	Net i_ioring/placement_opt_inst_FE_OFN14984_n, driver i_ioring/placement_opt_inst_FE_OFC10309_n/Y (cell INV_X6M_A9TL) voltage 0.9 does not match receiver i_ioring/i_EXT_PERF_COUNTERS_11/DS (cell PDDW1216SCDG) voltage 1.08 for view wc_analysis_view.
Type 'man IMPMSMV-1810' for more detail.
**WARN: (IMPMSMV-1810):	Net i_ioring/placement_opt_inst_FE_OFN14984_n, driver i_ioring/placement_opt_inst_FE_OFC10309_n/Y (cell INV_X6M_A9TL) voltage 0.9 does not match receiver i_ioring/i_EXT_PERF_COUNTERS_11/PE (cell PDDW1216SCDG) voltage 1.08 for view wc_analysis_view.
Type 'man IMPMSMV-1810' for more detail.
**WARN: (IMPMSMV-1810):	Net i_ioring/placement_opt_inst_FE_OFN10253_n, driver i_ioring/placement_opt_inst_FE_OFC10253_n/Y (cell BUFH_X16M_A9TL) voltage 0.9 does not match receiver i_ioring/i_EXT_PERF_COUNTERS_10/PE (cell PDDW1216SCDG) voltage 1.08 for view wc_analysis_view.
Type 'man IMPMSMV-1810' for more detail.
**WARN: (IMPMSMV-1810):	Net i_ioring/placement_opt_inst_FE_OFN10253_n, driver i_ioring/placement_opt_inst_FE_OFC10253_n/Y (cell BUFH_X16M_A9TL) voltage 0.9 does not match receiver i_ioring/i_EXT_PERF_COUNTERS_10/DS (cell PDDW1216SCDG) voltage 1.08 for view wc_analysis_view.
Type 'man IMPMSMV-1810' for more detail.
**WARN: (IMPMSMV-1810):	Net i_ioring/placement_opt_inst_FE_OFN14980_n, driver i_ioring/placement_opt_inst_FE_OFC10305_placement_opt_inst_FE_OFN14917_n/Y (cell INV_X16M_A9TL) voltage 0.9 does not match receiver i_ioring/i_EXT_PERF_COUNTERS_9/PE (cell PDDW1216SCDG) voltage 1.08 for view wc_analysis_view.
Type 'man IMPMSMV-1810' for more detail.
**WARN: (IMPMSMV-1810):	Net i_ioring/placement_opt_inst_FE_OFN14978_n, driver i_ioring/placement_opt_inst_FE_OFC10303_placement_opt_inst_FE_OFN14863_n/Y (cell INV_X16B_A9TL) voltage 0.9 does not match receiver i_ioring/i_FETCH_EN/DS (cell PDDW1216SCDG) voltage 1.08 for view wc_analysis_view.
Type 'man IMPMSMV-1810' for more detail.
**WARN: (IMPMSMV-1810):	Net i_ioring/placement_opt_inst_FE_OFN14978_n, driver i_ioring/placement_opt_inst_FE_OFC10303_placement_opt_inst_FE_OFN14863_n/Y (cell INV_X16B_A9TL) voltage 0.9 does not match receiver i_ioring/i_FETCH_EN/PE (cell PDDW1216SCDG) voltage 1.08 for view wc_analysis_view.
Type 'man IMPMSMV-1810' for more detail.
**WARN: (IMPMSMV-1810):	Net i_ioring/placement_opt_inst_FE_OFN14976_n, driver i_ioring/placement_opt_inst_FE_OFC10301_placement_opt_inst_FE_OFN14859_n/Y (cell INV_X16B_A9TL) voltage 0.9 does not match receiver i_ioring/i_EXT_PERF_COUNTERS_15/DS (cell PDDW1216SCDG) voltage 1.08 for view wc_analysis_view.
Type 'man IMPMSMV-1810' for more detail.
**WARN: (IMPMSMV-1810):	Net i_ioring/placement_opt_inst_FE_OFN14976_n, driver i_ioring/placement_opt_inst_FE_OFC10301_placement_opt_inst_FE_OFN14859_n/Y (cell INV_X16B_A9TL) voltage 0.9 does not match receiver i_ioring/i_EXT_PERF_COUNTERS_15/PE (cell PDDW1216SCDG) voltage 1.08 for view wc_analysis_view.
Type 'man IMPMSMV-1810' for more detail.
**WARN: (IMPMSMV-1810):	Net i_ioring/placement_opt_inst_FE_OFN14974_n, driver i_ioring/placement_opt_inst_FE_OFC10299_placement_opt_inst_FE_OFN14851_n/Y (cell INV_X16B_A9TL) voltage 0.9 does not match receiver i_ioring/i_EXT_PERF_COUNTERS_13/DS (cell PDDW1216SCDG) voltage 1.08 for view wc_analysis_view.
Type 'man IMPMSMV-1810' for more detail.
**WARN: (IMPMSMV-1810):	Net i_ioring/placement_opt_inst_FE_OFN14974_n, driver i_ioring/placement_opt_inst_FE_OFC10299_placement_opt_inst_FE_OFN14851_n/Y (cell INV_X16B_A9TL) voltage 0.9 does not match receiver i_ioring/i_EXT_PERF_COUNTERS_13/PE (cell PDDW1216SCDG) voltage 1.08 for view wc_analysis_view.
Type 'man IMPMSMV-1810' for more detail.
**WARN: (IMPMSMV-1810):	Net i_ioring/placement_opt_inst_FE_OFN14972_n, driver i_ioring/placement_opt_inst_FE_OFC10297_placement_opt_inst_FE_OFN14813_n/Y (cell INV_X16B_A9TL) voltage 0.9 does not match receiver i_ioring/i_IRAM_PROG_BYTE_4/DS (cell PDDW1216SCDG) voltage 1.08 for view wc_analysis_view.
Type 'man IMPMSMV-1810' for more detail.
**WARN: (IMPMSMV-1810):	Net i_ioring/placement_opt_inst_FE_OFN14972_n, driver i_ioring/placement_opt_inst_FE_OFC10297_placement_opt_inst_FE_OFN14813_n/Y (cell INV_X16B_A9TL) voltage 0.9 does not match receiver i_ioring/i_IRAM_PROG_BYTE_4/IE (cell PDDW1216SCDG) voltage 1.08 for view wc_analysis_view.
Type 'man IMPMSMV-1810' for more detail.
**WARN: (IMPMSMV-1810):	Net i_ioring/placement_opt_inst_FE_OFN14968_n, driver i_ioring/placement_opt_inst_FE_OFC10293_placement_opt_inst_FE_OFN14884_n/Y (cell INV_X16M_A9TL) voltage 0.9 does not match receiver i_ioring/i_IRAM_PROG_BYTE_3/DS (cell PDDW1216SCDG) voltage 1.08 for view wc_analysis_view.
Type 'man IMPMSMV-1810' for more detail.
**WARN: (IMPMSMV-1810):	Net i_ioring/placement_opt_inst_FE_OFN14963_placement_opt_inst_FE_OFN14825_n, driver i_ioring/placement_opt_inst_FE_OFC10288_placement_opt_inst_FE_OFN14825_n/Y (cell INV_X9M_A9TL) voltage 0.9 does not match receiver i_ioring/i_IRAM_PROG_BYTE_7/IE (cell PDDW1216SCDG) voltage 1.08 for view wc_analysis_view.
Type 'man IMPMSMV-1810' for more detail.
**WARN: (EMS-27):	Message (IMPMSMV-1810) has exceeded the current message display limit of 20.
To increase the message display limit, refer to the product command reference manual.
**WARN: (IMPESI-3095):	Net: 'PAD_TEST_EN' has no receivers. SI analysis is not performed.
**WARN: (IMPESI-3095):	Net: 'PAD_TEST_EN' has no receivers. SI analysis is not performed.
**WARN: (IMPESI-3095):	Net: 'PAD_RST_N' has no receivers. SI analysis is not performed.
**WARN: (IMPESI-3095):	Net: 'PAD_RST_N' has no receivers. SI analysis is not performed.
**WARN: (IMPESI-3095):	Net: 'PAD_IRAM_PROG_WR' has no receivers. SI analysis is not performed.
**WARN: (IMPESI-3095):	Net: 'PAD_IRAM_PROG_WR' has no receivers. SI analysis is not performed.
**WARN: (IMPESI-3095):	Net: 'PAD_IRAM_PROG_DATA_BYTE' has no receivers. SI analysis is not performed.
**WARN: (IMPESI-3095):	Net: 'PAD_IRAM_PROG_DATA_BYTE' has no receivers. SI analysis is not performed.
**WARN: (IMPESI-3095):	Net: 'PAD_IRAM_PROG_BYTE_IDX_1' has no receivers. SI analysis is not performed.
**WARN: (IMPESI-3095):	Net: 'PAD_IRAM_PROG_BYTE_IDX_1' has no receivers. SI analysis is not performed.
**WARN: (IMPESI-3095):	Net: 'PAD_IRAM_PROG_BYTE_IDX_0' has no receivers. SI analysis is not performed.
**WARN: (IMPESI-3095):	Net: 'PAD_IRAM_PROG_BYTE_IDX_0' has no receivers. SI analysis is not performed.
**WARN: (IMPESI-3095):	Net: 'PAD_IRAM_PROG_BYTE_7' has no receivers. SI analysis is not performed.
**WARN: (IMPESI-3095):	Net: 'PAD_IRAM_PROG_BYTE_7' has no receivers. SI analysis is not performed.
**WARN: (IMPESI-3095):	Net: 'PAD_IRAM_PROG_BYTE_6' has no receivers. SI analysis is not performed.
**WARN: (IMPESI-3095):	Net: 'PAD_IRAM_PROG_BYTE_6' has no receivers. SI analysis is not performed.
**WARN: (IMPESI-3095):	Net: 'PAD_IRAM_PROG_BYTE_5' has no receivers. SI analysis is not performed.
**WARN: (IMPESI-3095):	Net: 'PAD_IRAM_PROG_BYTE_5' has no receivers. SI analysis is not performed.
**WARN: (IMPESI-3095):	Net: 'PAD_IRAM_PROG_BYTE_4' has no receivers. SI analysis is not performed.
**WARN: (IMPESI-3095):	Net: 'PAD_IRAM_PROG_BYTE_4' has no receivers. SI analysis is not performed.
**WARN: (IMPESI-3140):	Bumpy transitions may exist in the design which may lead to inaccurate delay computation. To report/analyze the nets having bumpy transition, please enable delay report and use command 'report_noise -noisy_waveform -threshold 0' after timing analysis. Delay report is enabled by setting 'set_db si_delay_enable_report true' before timing analysis.
Type 'man IMPESI-3140' for more detail.
Total number of fetched objects 27406
AAE_INFO: Total number of nets for which stage creation was skipped for all views 0
AAE_INFO-618: Total number of nets in the design is 28325,  97.0 percent of the nets selected for SI analysis
End delay calculation. (MEM=11393.7 CPU=0:00:08.5 REAL=0:00:08.0)
End delay calculation (fullDC). (MEM=11393.7 CPU=0:00:09.0 REAL=0:00:09.0)
Loading CTE timing window with TwFlowType 0...(CPU = 0:00:00.0, REAL = 0:00:00.0, MEM = 11401.7M)
Add other clocks and setupCteToAAEClockMapping during iter 1
Loading CTE timing window is completed (CPU = 0:00:00.1, REAL = 0:00:00.0, MEM = 11401.7M)
Starting SI iteration 2
Start delay calculation (fullDC) (1 T). (MEM=11355.9)
 Report initialization with DMUpdate ... (1, Worst)
Glitch Analysis: View wc_analysis_view -- Total Number of Nets Skipped = 0. 
Glitch Analysis: View wc_analysis_view -- Total Number of Nets Analyzed = 27406. 
Total number of fetched objects 27406
AAE_INFO: Total number of nets for which stage creation was skipped for all views 0
AAE_INFO-618: Total number of nets in the design is 28325,  12.4 percent of the nets selected for SI analysis
End delay calculation. (MEM=11401.6 CPU=0:00:02.7 REAL=0:00:03.0)
End delay calculation (fullDC). (MEM=11401.6 CPU=0:00:02.7 REAL=0:00:03.0)
*** Done Building Timing Graph (cpu=0:00:14.7 real=0:00:15.0 totSessionCpu=0:22:07 mem=11409.6M)
** Profile ** Overall slacks :  cpu=0:00:48.6, mem=11409.6M
** Profile ** wc_analysis_view slacks :  cpu=0:00:00.1, mem=11409.6M
** Profile ** Total reports :  cpu=0:00:00.1, mem=11369.6M
** Profile ** wc_analysis_view reports :  cpu=0:00:00.0, mem=11369.6M
** Profile ** DRVs :  cpu=0:00:00.8, mem=11383.2M

------------------------------------------------------------------
         time_design Summary
------------------------------------------------------------------

Setup views included:
 wc_analysis_view 

+--------------------+---------+---------+---------+---------+---------+---------+---------+
|     Setup mode     |   all   | reg2reg |reg2cgate| in2reg  | reg2out | in2out  | default |
+--------------------+---------+---------+---------+---------+---------+---------+---------+
|           WNS (ns):| -0.637  | -0.637  | -0.257  |  0.608  |  1.469  |   N/A   |  0.000  |
|           TNS (ns):|-352.147 |-351.700 | -0.447  |  0.000  |  0.000  |   N/A   |  0.000  |
|    Violating Paths:|  1377   |  1375   |    2    |    0    |    0    |   N/A   |    0    |
|          All Paths:|  4434   |  2148   |   52    |  2454   |    1    |   N/A   |    0    |
+--------------------+---------+---------+---------+---------+---------+---------+---------+
|wc_analysis_view    | -0.637  | -0.637  | -0.257  |  0.608  |  1.469  |   N/A   |  0.000  |
|                    |-352.147 |-351.700 | -0.447  |  0.000  |  0.000  |   N/A   |  0.000  |
|                    |  1377   |  1375   |    2    |    0    |    0    |   N/A   |    0    |
|                    |  4434   |  2148   |   52    |  2454   |    1    |   N/A   |    0    |
+--------------------+---------+---------+---------+---------+---------+---------+---------+

+----------------+-------------------------------+------------------+
|                |              Real             |       Total      |
|    DRVs        +------------------+------------+------------------|
|                |  Nr nets(terms)  | Worst Vio  |  Nr nets(terms)  |
+----------------+------------------+------------+------------------+
|   max_cap      |      4 (4)       |   -0.023   |     56 (56)      |
|   max_tran     |     15 (41)      |   -0.879   |    108 (221)     |
|   max_fanout   |      0 (0)       |     0      |     54 (54)      |
|   max_length   |      0 (0)       |     0      |      0 (0)       |
+----------------+------------------+------------+------------------+

Density: 13.494%
Total number of glitch violations: 1
------------------------------------------------------------------
** Profile ** Report data :  cpu=0:00:00.5, mem=11383.2M
Reported timing to dir /data/project/tsmc65/users/liosky/ws/DVD25/hw7/workspace/../reports/route/
Total CPU time: 112.3 sec
Total Real time: 136.0 sec
Total Memory Usage: 11383.207031 Mbytes
*** time_design #2 [finish] : cpu/real = 0:01:52.3/0:02:16.2 (0.8), totSession cpu/real = 0:22:08.2/0:24:28.1 (0.9), mem = 11383.2M
*** time_design #3 [begin] : totSession cpu/real = 0:22:08.2/0:24:28.1 (0.9), mem = 11383.2M
 Reset EOS DB
Ignoring AAE DB Resetting ...
#Start Inst Signature in MT(0)
#Start Net Signature in MT(38505574)
#Calculate SNet Signature in MT (98137547)
#Run time and memory report for RC extraction:
#RC extraction running on  Xeon 3.50GHz 55296KB Cache 2CPU.
#Run Statistics for snet signature:
#   Cpu time = 00:00:00, elapsed time = 00:00:00 .
#   Increased memory =     0.00 (MB), total memory =  2910.73 (MB), peak memory =  3233.87 (MB)
#Run Statistics for Net Final Signature:
#   Cpu time = 00:00:00, elapsed time = 00:00:00 .
#   Increased memory =     0.00 (MB), total memory =  2910.73 (MB), peak memory =  3233.87 (MB)
#Run Statistics for Net launch:
#   Cpu time = 00:00:00, elapsed time = 00:00:00 .
#   Increased memory =     0.00 (MB), total memory =  2910.73 (MB), peak memory =  3233.87 (MB)
#Run Statistics for Net init_dbsNet_slist:
#   Cpu time = 00:00:00, elapsed time = 00:00:00 .
#   Increased memory =     0.00 (MB), total memory =  2910.73 (MB), peak memory =  3233.87 (MB)
#Run Statistics for net signature:
#   Cpu time = 00:00:00, elapsed time = 00:00:00 .
#   Increased memory =     0.00 (MB), total memory =  2910.73 (MB), peak memory =  3233.87 (MB)
#Run Statistics for inst signature:
#   Cpu time = 00:00:00, elapsed time = 00:00:00 .
#   Increased memory =    -2.70 (MB), total memory =  2910.73 (MB), peak memory =  3233.87 (MB)
The design is extracted. Skipping TQuantus.
** Profile ** Start :  cpu=0:00:00.0, mem=11339.2M
** Profile ** Other data :  cpu=0:00:00.3, mem=11339.2M
Starting delay calculation for Hold views
AAE_INFO: opIsDesignInPostRouteState() is 0
AAE_INFO: resetNetProps viewIdx 1 
Starting SI iteration 1 using Infinite Timing Windows
#################################################################################
# Design Stage: PreRoute
# Design Name: lp_riscv_top
# Design Mode: 65nm
# Analysis Mode: MMMC OCV 
# Parasitics Mode: SPEF/RCDB 
# Signoff Settings: SI On (EWM)
#################################################################################
AAE_INFO: 1 threads acquired from CTE.
Start delay calculation (fullDC) (1 T). (MEM=11337.2)
*** Calculating scaling factor for bc_libset libraries using the default operating condition of each library.
 Report initialization with DMWrite ... (0, Best)
Reading RCDB with compressed RC data.
Total number of fetched objects 27406
AAE_INFO: Total number of nets for which stage creation was skipped for all views 0
AAE_INFO-618: Total number of nets in the design is 28325,  97.0 percent of the nets selected for SI analysis
End delay calculation. (MEM=11396.5 CPU=0:00:08.6 REAL=0:00:08.0)
End delay calculation (fullDC). (MEM=11396.5 CPU=0:00:09.0 REAL=0:00:09.0)
Loading CTE timing window with TwFlowType 0...(CPU = 0:00:00.0, REAL = 0:00:00.0, MEM = 11404.5M)
Add other clocks and setupCteToAAEClockMapping during iter 1
Loading CTE timing window is completed (CPU = 0:00:00.1, REAL = 0:00:00.0, MEM = 11404.5M)
Starting SI iteration 2
Start delay calculation (fullDC) (1 T). (MEM=11355.6)
 Report initialization with DMUpdate ... (1, Worst)
Glitch Analysis: View bc_analysis_view -- Total Number of Nets Skipped = 0. 
Glitch Analysis: View bc_analysis_view -- Total Number of Nets Analyzed = 27406. 
Total number of fetched objects 27406
AAE_INFO: Total number of nets for which stage creation was skipped for all views 0
AAE_INFO-618: Total number of nets in the design is 28325,  4.8 percent of the nets selected for SI analysis
End delay calculation. (MEM=11400.3 CPU=0:00:00.8 REAL=0:00:00.0)
End delay calculation (fullDC). (MEM=11400.3 CPU=0:00:00.9 REAL=0:00:00.0)
*** Done Building Timing Graph (cpu=0:00:12.9 real=0:00:13.0 totSessionCpu=0:22:22 mem=11408.3M)
** Profile ** Overall slacks :  cpu=0:00:13.0, mem=11408.3M
** Profile ** bc_analysis_view slacks :  cpu=0:00:00.1, mem=11408.3M
** Profile ** Total reports :  cpu=0:00:00.1, mem=11367.4M
** Profile ** bc_analysis_view reports :  cpu=0:00:00.0, mem=11367.4M

------------------------------------------------------------------
         time_design Summary
------------------------------------------------------------------

Hold views included:
 bc_analysis_view 

+--------------------+---------+---------+---------+---------+---------+---------+---------+
|     Hold mode      |   all   | reg2reg |reg2cgate| in2reg  | reg2out | in2out  | default |
+--------------------+---------+---------+---------+---------+---------+---------+---------+
|           WNS (ns):| -0.008  | -0.008  |  0.036  |  1.905  |  2.587  |   N/A   |  0.000  |
|           TNS (ns):| -0.018  | -0.018  |  0.000  |  0.000  |  0.000  |   N/A   |  0.000  |
|    Violating Paths:|    5    |    5    |    0    |    0    |    0    |   N/A   |    0    |
|          All Paths:|  4434   |  2148   |   52    |  2454   |    1    |   N/A   |    0    |
+--------------------+---------+---------+---------+---------+---------+---------+---------+
|bc_analysis_view    | -0.008  | -0.008  |  0.036  |  1.905  |  2.587  |   N/A   |  0.000  |
|                    | -0.018  | -0.018  |  0.000  |  0.000  |  0.000  |   N/A   |  0.000  |
|                    |    5    |    5    |    0    |    0    |    0    |   N/A   |    0    |
|                    |  4434   |  2148   |   52    |  2454   |    1    |   N/A   |    0    |
+--------------------+---------+---------+---------+---------+---------+---------+---------+

Density: 13.494%
------------------------------------------------------------------
** Profile ** Report data :  cpu=0:00:00.5, mem=11367.4M
Reported timing to dir /data/project/tsmc65/users/liosky/ws/DVD25/hw7/workspace/../reports/route/
Total CPU time: 14.38 sec
Total Real time: 14.0 sec
Total Memory Usage: 11324.6875 Mbytes
Reset AAE Options
*** time_design #3 [finish] : cpu/real = 0:00:14.4/0:00:14.5 (1.0), totSession cpu/real = 0:22:22.5/0:24:42.7 (0.9), mem = 11324.7M
0
@innovus 259> 


# -----------------------
# Post Route Optimization
@innovus 259> 
@innovus 259> # -----------------------
@innovus 260> # Post Route Optimization
@innovus 261> # ----------------------# -----------------------
-
@innovus 262> enics_start_stage "post_route_opt"
enics_start_stage "post_route_opt"
**************************************************
**************************************************
**   ENICSINFO: Starting stage post_route_opt   **
**************************************************
**************************************************
ENICSINFO: Current time is: 10/02/2025 16:13
ENICSINFO: ----------------------------------
@innovus 263> opt_design -post_route -setup -holopt_design -post_route -setup -hold
d
**opt_design ... cpu = 0:00:00, real = 0:00:00, mem = 2868.1M, totSessionCpu=0:22:23 **
**ERROR: (IMPOPT-608):	Design is not routed yet.
   _____________________________________________________________
  /  Design State
 +--------------------------------------------------------------
 | unconnected nets:      286
 | signal nets: 
 |    routed nets:    27056 (99.9% routed)
 |     total nets:    27090
 | clock nets: 
 |    routed nets:       59 (98.3% routed)
 |     total nets:       60
 +--------------------------------------------------------------
**INFO: Design is not detail routed
1
1
@innovus 264> #enics_message "Finished post Route hold optimization"
#enics_message "Finished post Route hold optimization"
@innovus 265>
 
@innovus 265> enics_message "Running Post Route DFM Optimizations" medium
enics_message "Running Post Route DFM Optimizations" medium

ENICSINFO: Running Post Route DFM Optimizations
-----------------------------------------------
@innovus 266> set_db route_design_with_timing_driven false
set_db route_design_with_timing_driven false
1 false
@innovus 267> set_db route_design_with_si_driven false
set_db route_design_with_si_driven false
1 false
@innovus 268> set_db route_design_detail_post_route_spread_wire true
set_db route_design_detail_post_route_spread_wire true
1 true
@innovus 269> set_db route_design_detail_use_multi_cut_via_effort high
set_db route_design_detail_use_multi_cut_via_effort high
1 high
@innovus 270> route_design -wire_opt
route_design -wire_opt
#% Begin route_design (date=02/10 16:13:30, mem=2868.1M)
#route_design: cpu time = 00:00:00, elapsed time = 00:00:00, memory = 2868.09 (MB), peak = 3233.87 (MB)
#**INFO: setDesignMode -flowEffort standard
#**INFO: setDesignMode -powerEffort none
**INFO: User settings:
delaycal_enable_high_fanout                                                                true
delaycal_enable_si                                                                         true
delaycal_equivalent_waveform_model                                                         propagation
delaycal_ignore_net_load                                                                   false
delaycal_socv_accuracy_mode                                                                low
setAnalysisMode -cts                                                                       postCTS
setAnalysisMode -skew                                                                      true
setDelayCalMode -engine                                                                    aae
design_process_node                                                                        65
extract_rc_coupled                                                                         true
extract_rc_coupling_cap_threshold                                                          3.0
extract_rc_effort_level                                                                    medium
extract_rc_engine                                                                          post_route
extract_rc_relative_cap_threshold                                                          0.03
extract_rc_shrink_factor                                                                   1.0
extract_rc_total_cap_threshold                                                             5.0
extract_design_signature                                                                   98490299
extract_rc_model_file                                                                      rc_model.bin
route_design_detail_post_route_spread_wire                                                 true
route_design_detail_use_lef_pin_taper_rule                                                 true
route_design_detail_use_min_spacing_for_blockage                                           auto
route_design_detail_use_multi_cut_via_effort                                               high
route_design_extract_third_party_compatible                                                false
route_design_filler_inst_prefix                                                            FILLDECAP
route_design_global_exp_timing_driven_std_delay                                            29.0
route_design_global_exp_timing_driven_use_tif_timing_engine_for_import_design              true
route_design_re_insert_filler_cell_list                                                    {FILLCAP128_A9TR FILLCAP65_A9TR FILLCAP32_A9TR FILLCAP17_A9TR FILLCAP8_A9TR FILLCAP6_A9TR FILL128_A9TR FILL64_A9TR FILL32_A9TR FILL16_A9TR FILL8_A9TR FILL4_A9TR FILL2_A9TR FILL1_A9TR}
route_design_re_insert_filler_cell_list_from_file                                          false
route_design_si_effort                                                                     high
route_design_strict_honor_route_rule                                                       false
route_design_with_si_driven                                                                false
route_design_with_timing_driven                                                            false
route_design_with_via_in_pin                                                               true
getAnalysisMode -cts                                                                       postCTS
getAnalysisMode -skew                                                                      true
getDelayCalMode -engine                                                                    aae
getIlmMode -keepHighFanoutCriticalInsts                                                    false
getOptMode -expTATEnhancementV3                                                            true
get_power_analysis_mode -report_power_quiet                                                false
getAnalysisMode -cts                                                                       postCTS
getAnalysisMode -skew                                                                      true
#**INFO: multi-cut via swapping will not be performed after routing.
#**INFO: All auto set options tuned by route_design will be restored to their original settings on command completion.
Begin checking placement ... (start mem=11324.7M, init mem=11324.7M)
Not Placed on Placement Grid:	2
Overlapping with other instance:	7122
IO instance overlap:4
*info: Placed = 43851          (Fixed = 17253)
*info: Unplaced = 0           
Placement Density:13.49%(84379/625313)
Placement Density (including fixed std cells):15.18%(96800/637734)
Finished check_place (total: cpu=0:00:00.5, real=0:00:00.0; vio checks: cpu=0:00:00.3, real=0:00:00.0; mem=11324.7M)
#WARNING (NRIG-77) Found placement violations. Please investigate and correct before routing. Routing with placement violations can cause long runtime and may be irresolvable.
#Use route_design -placement_check to stop on violations. Use route_design -no_placement_check to skip the check.

changeUseClockNetStatus Option :  -noFixedNetWires 
*** Changed status on (0) nets in Clock.
*** End changeUseClockNetStatus (cpu=0:00:00.0, real=0:00:00.0, mem=11324.7M) ***

route_detail

#Start route_detail on Mon Feb 10 16:13:38 2025
#
#ERROR (NRIG-91) INSTANCE lp_riscv/iccm_ram_wrapper_iccm_ram_0_sram_sp_16384x32 connected to NET lp_riscv/placement_opt_inst_FE_OFN14793_iccm_ram_wrapper_n_44 is not placed on the manufacturing grid.  All instances connected to nets must be legally placed. Correct the placement before continuing.
#ERROR (NRIG-91) INSTANCE lp_riscv/iccm_ram_wrapper_iccm_ram_1_sram_sp_16384x32 connected to NET lp_riscv/placement_opt_inst_FE_OFN14793_iccm_ram_wrapper_n_44 is not placed on the manufacturing grid.  All instances connected to nets must be legally placed. Correct the placement before continuing.
#ERROR (NRIG-91) INSTANCE lp_riscv/iccm_ram_wrapper_iccm_ram_0_sram_sp_16384x32 connected to NET lp_riscv/placement_opt_inst_FE_OFN14775_iram_prog_data_3__3 is not placed on the manufacturing grid.  All instances connected to nets must be legally placed. Correct the placement before continuing.
#ERROR (NRIG-91) INSTANCE lp_riscv/iccm_ram_wrapper_iccm_ram_1_sram_sp_16384x32 connected to NET lp_riscv/TIE_LTIELO_29_NET is not placed on the manufacturing grid.  All instances connected to nets must be legally placed. Correct the placement before continuing.
#ERROR (NRIG-91) INSTANCE lp_riscv/iccm_ram_wrapper_iccm_ram_1_sram_sp_16384x32 connected to NET lp_riscv/TIE_LTIELO_29_NET is not placed on the manufacturing grid.  All instances connected to nets must be legally placed. Correct the placement before continuing.
#ERROR (NRIG-91) INSTANCE lp_riscv/iccm_ram_wrapper_iccm_ram_1_sram_sp_16384x32 connected to NET lp_riscv/TIE_LTIELO_29_NET is not placed on the manufacturing grid.  All instances connected to nets must be legally placed. Correct the placement before continuing.
#ERROR (NRIG-91) INSTANCE lp_riscv/iccm_ram_wrapper_iccm_ram_1_sram_sp_16384x32 connected to NET lp_riscv/TIE_LTIELO_29_NET is not placed on the manufacturing grid.  All instances connected to nets must be legally placed. Correct the placement before continuing.
#ERROR (NRIG-91) INSTANCE lp_riscv/iccm_ram_wrapper_iccm_ram_1_sram_sp_16384x32 connected to NET lp_riscv/TIE_LTIELO_29_NET is not placed on the manufacturing grid.  All instances connected to nets must be legally placed. Correct the placement before continuing.
#ERROR (NRIG-91) INSTANCE lp_riscv/iccm_ram_wrapper_iccm_ram_1_sram_sp_16384x32 connected to NET lp_riscv/TIE_LTIELO_28_NET is not placed on the manufacturing grid.  All instances connected to nets must be legally placed. Correct the placement before continuing.
#ERROR (NRIG-91) INSTANCE lp_riscv/iccm_ram_wrapper_iccm_ram_1_sram_sp_16384x32 connected to NET lp_riscv/TIE_LTIELO_28_NET is not placed on the manufacturing grid.  All instances connected to nets must be legally placed. Correct the placement before continuing.
#ERROR (NRIG-91) INSTANCE lp_riscv/iccm_ram_wrapper_iccm_ram_1_sram_sp_16384x32 connected to NET lp_riscv/TIE_LTIELO_28_NET is not placed on the manufacturing grid.  All instances connected to nets must be legally placed. Correct the placement before continuing.
#ERROR (NRIG-91) INSTANCE lp_riscv/iccm_ram_wrapper_iccm_ram_1_sram_sp_16384x32 connected to NET lp_riscv/TIE_LTIELO_28_NET is not placed on the manufacturing grid.  All instances connected to nets must be legally placed. Correct the placement before continuing.
#ERROR (NRIG-91) INSTANCE lp_riscv/iccm_ram_wrapper_iccm_ram_1_sram_sp_16384x32 connected to NET lp_riscv/TIE_LTIELO_28_NET is not placed on the manufacturing grid.  All instances connected to nets must be legally placed. Correct the placement before continuing.
#ERROR (NRIG-91) INSTANCE lp_riscv/iccm_ram_wrapper_iccm_ram_1_sram_sp_16384x32 connected to NET lp_riscv/TIE_LTIELO_28_NET is not placed on the manufacturing grid.  All instances connected to nets must be legally placed. Correct the placement before continuing.
#ERROR (NRIG-91) INSTANCE lp_riscv/iccm_ram_wrapper_iccm_ram_1_sram_sp_16384x32 connected to NET lp_riscv/TIE_LTIELO_28_NET is not placed on the manufacturing grid.  All instances connected to nets must be legally placed. Correct the placement before continuing.
#ERROR (NRIG-91) INSTANCE lp_riscv/iccm_ram_wrapper_iccm_ram_1_sram_sp_16384x32 connected to NET lp_riscv/TIE_LTIELO_28_NET is not placed on the manufacturing grid.  All instances connected to nets must be legally placed. Correct the placement before continuing.
#ERROR (NRIG-91) INSTANCE lp_riscv/iccm_ram_wrapper_iccm_ram_1_sram_sp_16384x32 connected to NET lp_riscv/TIE_LTIELO_28_NET is not placed on the manufacturing grid.  All instances connected to nets must be legally placed. Correct the placement before continuing.
#ERROR (NRIG-91) INSTANCE lp_riscv/iccm_ram_wrapper_iccm_ram_1_sram_sp_16384x32 connected to NET lp_riscv/TIE_LTIELO_27_NET is not placed on the manufacturing grid.  All instances connected to nets must be legally placed. Correct the placement before continuing.
#ERROR (NRIG-91) INSTANCE lp_riscv/iccm_ram_wrapper_iccm_ram_1_sram_sp_16384x32 connected to NET lp_riscv/TIE_LTIELO_27_NET is not placed on the manufacturing grid.  All instances connected to nets must be legally placed. Correct the placement before continuing.
#ERROR (NRIG-91) INSTANCE lp_riscv/iccm_ram_wrapper_iccm_ram_1_sram_sp_16384x32 connected to NET lp_riscv/TIE_LTIELO_27_NET is not placed on the manufacturing grid.  All instances connected to nets must be legally placed. Correct the placement before continuing.
#WARNING (EMS-27) Message (NRIG-91) has exceeded the current message display limit of 20.
#To increase the message display limit, refer to the product command reference manual.
#route_design: cpu time = 00:00:08, elapsed time = 00:00:08, memory = 2864.43 (MB), peak = 3233.87 (MB)
#% End route_design (date=02/10 16:13:38, total cpu=0:00:08.0, real=0:00:08.0, peak res=2868.1M, current mem=2864.4M)


@innovus 271> route_design -via_opt
route_design -via_opt
#% Begin route_design (date=02/10 16:13:38, mem=2864.4M)
#route_design: cpu time = 00:00:00, elapsed time = 00:00:00, memory = 2864.43 (MB), peak = 3233.87 (MB)
#**INFO: setDesignMode -flowEffort standard
#**INFO: setDesignMode -powerEffort none
**INFO: User settings:
delaycal_enable_high_fanout                                                                true
delaycal_enable_si                                                                         true
delaycal_equivalent_waveform_model                                                         propagation
delaycal_ignore_net_load                                                                   false
delaycal_socv_accuracy_mode                                                                low
setAnalysisMode -cts                                                                       postCTS
setAnalysisMode -skew                                                                      true
setDelayCalMode -engine                                                                    aae
design_process_node                                                                        65
extract_rc_coupled                                                                         true
extract_rc_coupling_cap_threshold                                                          3.0
extract_rc_effort_level                                                                    medium
extract_rc_engine                                                                          post_route
extract_rc_relative_cap_threshold                                                          0.03
extract_rc_shrink_factor                                                                   1.0
extract_rc_total_cap_threshold                                                             5.0
extract_design_signature                                                                   98490299
extract_rc_model_file                                                                      rc_model.bin
route_design_detail_post_route_spread_wire                                                 true
route_design_detail_use_lef_pin_taper_rule                                                 true
route_design_detail_use_min_spacing_for_blockage                                           auto
route_design_detail_use_multi_cut_via_effort                                               high
route_design_extract_third_party_compatible                                                false
route_design_filler_inst_prefix                                                            FILLDECAP
route_design_global_exp_timing_driven_std_delay                                            29.0
route_design_global_exp_timing_driven_use_tif_timing_engine_for_import_design              true
route_design_re_insert_filler_cell_list                                                    {FILLCAP128_A9TR FILLCAP65_A9TR FILLCAP32_A9TR FILLCAP17_A9TR FILLCAP8_A9TR FILLCAP6_A9TR FILL128_A9TR FILL64_A9TR FILL32_A9TR FILL16_A9TR FILL8_A9TR FILL4_A9TR FILL2_A9TR FILL1_A9TR}
route_design_re_insert_filler_cell_list_from_file                                          false
route_design_si_effort                                                                     high
route_design_strict_honor_route_rule                                                       false
route_design_with_si_driven                                                                false
route_design_with_timing_driven                                                            false
route_design_with_via_in_pin                                                               true
getAnalysisMode -cts                                                                       postCTS
getAnalysisMode -skew                                                                      true
getDelayCalMode -engine                                                                    aae
getIlmMode -keepHighFanoutCriticalInsts                                                    false
getOptMode -expTATEnhancementV3                                                            true
get_power_analysis_mode -report_power_quiet                                                false
getAnalysisMode -cts                                                                       postCTS
getAnalysisMode -skew                                                                      true
#**INFO: multi-cut via swapping will be performed after routing.
#**INFO: All auto set options tuned by route_design will be restored to their original settings on command completion.
Begin checking placement ... (start mem=11324.7M, init mem=11324.7M)
Not Placed on Placement Grid:	2
Overlapping with other instance:	7122
IO instance overlap:4
*info: Placed = 43851          (Fixed = 17253)
*info: Unplaced = 0           
Placement Density:13.49%(84379/625313)
Placement Density (including fixed std cells):15.18%(96800/637734)
Finished check_place (total: cpu=0:00:00.5, real=0:00:00.0; vio checks: cpu=0:00:00.4, real=0:00:00.0; mem=11324.7M)
#WARNING (NRIG-77) Found placement violations. Please investigate and correct before routing. Routing with placement violations can cause long runtime and may be irresolvable.
#Use route_design -placement_check to stop on violations. Use route_design -no_placement_check to skip the check.

changeUseClockNetStatus Option :  -noFixedNetWires 
*** Changed status on (0) nets in Clock.
*** End changeUseClockNetStatus (cpu=0:00:00.0, real=0:00:00.0, mem=11324.7M) ***
#**INFO: auto set of droutePostRouteSwapVia to true

route_detail

#Start route_detail on Mon Feb 10 16:13:46 2025
#
#ERROR (NRIG-91) INSTANCE lp_riscv/iccm_ram_wrapper_iccm_ram_0_sram_sp_16384x32 connected to NET lp_riscv/placement_opt_inst_FE_OFN14793_iccm_ram_wrapper_n_44 is not placed on the manufacturing grid.  All instances connected to nets must be legally placed. Correct the placement before continuing.
#ERROR (NRIG-91) INSTANCE lp_riscv/iccm_ram_wrapper_iccm_ram_1_sram_sp_16384x32 connected to NET lp_riscv/placement_opt_inst_FE_OFN14793_iccm_ram_wrapper_n_44 is not placed on the manufacturing grid.  All instances connected to nets must be legally placed. Correct the placement before continuing.
#ERROR (NRIG-91) INSTANCE lp_riscv/iccm_ram_wrapper_iccm_ram_0_sram_sp_16384x32 connected to NET lp_riscv/placement_opt_inst_FE_OFN14775_iram_prog_data_3__3 is not placed on the manufacturing grid.  All instances connected to nets must be legally placed. Correct the placement before continuing.
#ERROR (NRIG-91) INSTANCE lp_riscv/iccm_ram_wrapper_iccm_ram_1_sram_sp_16384x32 connected to NET lp_riscv/TIE_LTIELO_29_NET is not placed on the manufacturing grid.  All instances connected to nets must be legally placed. Correct the placement before continuing.
#ERROR (NRIG-91) INSTANCE lp_riscv/iccm_ram_wrapper_iccm_ram_1_sram_sp_16384x32 connected to NET lp_riscv/TIE_LTIELO_29_NET is not placed on the manufacturing grid.  All instances connected to nets must be legally placed. Correct the placement before continuing.
#ERROR (NRIG-91) INSTANCE lp_riscv/iccm_ram_wrapper_iccm_ram_1_sram_sp_16384x32 connected to NET lp_riscv/TIE_LTIELO_29_NET is not placed on the manufacturing grid.  All instances connected to nets must be legally placed. Correct the placement before continuing.
#ERROR (NRIG-91) INSTANCE lp_riscv/iccm_ram_wrapper_iccm_ram_1_sram_sp_16384x32 connected to NET lp_riscv/TIE_LTIELO_29_NET is not placed on the manufacturing grid.  All instances connected to nets must be legally placed. Correct the placement before continuing.
#ERROR (NRIG-91) INSTANCE lp_riscv/iccm_ram_wrapper_iccm_ram_1_sram_sp_16384x32 connected to NET lp_riscv/TIE_LTIELO_29_NET is not placed on the manufacturing grid.  All instances connected to nets must be legally placed. Correct the placement before continuing.
#ERROR (NRIG-91) INSTANCE lp_riscv/iccm_ram_wrapper_iccm_ram_1_sram_sp_16384x32 connected to NET lp_riscv/TIE_LTIELO_28_NET is not placed on the manufacturing grid.  All instances connected to nets must be legally placed. Correct the placement before continuing.
#ERROR (NRIG-91) INSTANCE lp_riscv/iccm_ram_wrapper_iccm_ram_1_sram_sp_16384x32 connected to NET lp_riscv/TIE_LTIELO_28_NET is not placed on the manufacturing grid.  All instances connected to nets must be legally placed. Correct the placement before continuing.
#ERROR (NRIG-91) INSTANCE lp_riscv/iccm_ram_wrapper_iccm_ram_1_sram_sp_16384x32 connected to NET lp_riscv/TIE_LTIELO_28_NET is not placed on the manufacturing grid.  All instances connected to nets must be legally placed. Correct the placement before continuing.
#ERROR (NRIG-91) INSTANCE lp_riscv/iccm_ram_wrapper_iccm_ram_1_sram_sp_16384x32 connected to NET lp_riscv/TIE_LTIELO_28_NET is not placed on the manufacturing grid.  All instances connected to nets must be legally placed. Correct the placement before continuing.
#ERROR (NRIG-91) INSTANCE lp_riscv/iccm_ram_wrapper_iccm_ram_1_sram_sp_16384x32 connected to NET lp_riscv/TIE_LTIELO_28_NET is not placed on the manufacturing grid.  All instances connected to nets must be legally placed. Correct the placement before continuing.
#ERROR (NRIG-91) INSTANCE lp_riscv/iccm_ram_wrapper_iccm_ram_1_sram_sp_16384x32 connected to NET lp_riscv/TIE_LTIELO_28_NET is not placed on the manufacturing grid.  All instances connected to nets must be legally placed. Correct the placement before continuing.
#ERROR (NRIG-91) INSTANCE lp_riscv/iccm_ram_wrapper_iccm_ram_1_sram_sp_16384x32 connected to NET lp_riscv/TIE_LTIELO_28_NET is not placed on the manufacturing grid.  All instances connected to nets must be legally placed. Correct the placement before continuing.
#ERROR (NRIG-91) INSTANCE lp_riscv/iccm_ram_wrapper_iccm_ram_1_sram_sp_16384x32 connected to NET lp_riscv/TIE_LTIELO_28_NET is not placed on the manufacturing grid.  All instances connected to nets must be legally placed. Correct the placement before continuing.
#ERROR (NRIG-91) INSTANCE lp_riscv/iccm_ram_wrapper_iccm_ram_1_sram_sp_16384x32 connected to NET lp_riscv/TIE_LTIELO_28_NET is not placed on the manufacturing grid.  All instances connected to nets must be legally placed. Correct the placement before continuing.
#ERROR (NRIG-91) INSTANCE lp_riscv/iccm_ram_wrapper_iccm_ram_1_sram_sp_16384x32 connected to NET lp_riscv/TIE_LTIELO_27_NET is not placed on the manufacturing grid.  All instances connected to nets must be legally placed. Correct the placement before continuing.
#ERROR (NRIG-91) INSTANCE lp_riscv/iccm_ram_wrapper_iccm_ram_1_sram_sp_16384x32 connected to NET lp_riscv/TIE_LTIELO_27_NET is not placed on the manufacturing grid.  All instances connected to nets must be legally placed. Correct the placement before continuing.
#ERROR (NRIG-91) INSTANCE lp_riscv/iccm_ram_wrapper_iccm_ram_1_sram_sp_16384x32 connected to NET lp_riscv/TIE_LTIELO_27_NET is not placed on the manufacturing grid.  All instances connected to nets must be legally placed. Correct the placement before continuing.
#WARNING (EMS-27) Message (NRIG-91) has exceeded the current message display limit of 20.
#To increase the message display limit, refer to the product command reference manual.
#route_design: cpu time = 00:00:08, elapsed time = 00:00:08, memory = 2863.32 (MB), peak = 3233.87 (MB)
#% End route_design (date=02/10 16:13:46, total cpu=0:00:08.0, real=0:00:08.0, peak res=2864.4M, current mem=2863.3M)


@innovus 272> set_db route_design_detail_post_route_spread_wire false
set_db route_design_detail_post_route_spread_wire false
1 false
@innovus 273> set_db route_design_with_timing_driven true
set_db route_design_with_timing_driven true
1 true
@innovus 274> set_db route_design_with_si_drivset_db route_design_with_si_driven true
en true
1 true
@innovus 275> enics_message "Finished Running Post Route DFM Optimizations" 
enics_message "Finished Running Post Route DFM Optimizations" 
ENICSINFO: Finished Running Post Route DFM Optimizations
@innovus 276>
 
@innovus 276> enics_create_stage_reports -check_drc yes -check_connectivity yes  [1G-pop_snapshot yes
enics_create_stage_reports -check_drc yes -check_connectivity yes -pop_snapshot yes

ENICSINFO: Starting to create reports for stage: post_route_opt
---------------------------------------------------------------
ENICSINFO: Reports directory is: /data/project/tsmc65/users/liosky/ws/DVD25/hw7/workspace/../reports/post_route_opt/ 
ENICSINFO: Export directory is: /data/project/tsmc65/users/liosky/ws/DVD25/hw7/workspace/../export/post_route_opt/ 
ENICSINFO: Export directory is: /data/project/tsmc65/users/liosky/ws/DVD25/hw7/workspace/../export/post_route_opt/ 
ENICSINFO: Reporting Timing
AAE_INFO: opIsDesignInPostRouteState() is 0
AAE_INFO: resetNetProps viewIdx 0 
Starting SI iteration 1 using Infinite Timing Windows
#################################################################################
# Design Stage: PreRoute
# Design Name: lp_riscv_top
# Design Mode: 65nm
# Analysis Mode: MMMC OCV 
# Parasitics Mode: SPEF/RCDB 
# Signoff Settings: SI On (EWM)
#################################################################################
AAE_INFO: 1 threads acquired from CTE.
Start delay calculation (fullDC) (1 T). (MEM=11337.2)
*** Calculating scaling factor for wc_libset libraries using the default operating condition of each library.
 Report initialization with DMWrite ... (0, Worst)
Total number of fetched objects 27406
AAE_INFO: Total number of nets for which stage creation was skipped for all views 0
AAE_INFO-618: Total number of nets in the design is 28325,  97.0 percent of the nets selected for SI analysis
End delay calculation. (MEM=11401.1 CPU=0:00:08.5 REAL=0:00:08.0)
End delay calculation (fullDC). (MEM=11401.1 CPU=0:00:08.9 REAL=0:00:09.0)
Loading CTE timing window with TwFlowType 0...(CPU = 0:00:00.0, REAL = 0:00:00.0, MEM = 11409.1M)
Add other clocks and setupCteToAAEClockMapping during iter 1
Loading CTE timing window is completed (CPU = 0:00:00.1, REAL = 0:00:00.0, MEM = 11409.1M)
Starting SI iteration 2
Start delay calculation (fullDC) (1 T). (MEM=11362.2)
 Report initialization with DMUpdate ... (1, Worst)
Glitch Analysis: View wc_analysis_view -- Total Number of Nets Skipped = 0. 
Glitch Analysis: View wc_analysis_view -- Total Number of Nets Analyzed = 27406. 
Total number of fetched objects 27406
AAE_INFO: Total number of nets for which stage creation was skipped for all views 0
AAE_INFO-618: Total number of nets in the design is 28325,  12.4 percent of the nets selected for SI analysis
End delay calculation. (MEM=11406.9 CPU=0:00:02.7 REAL=0:00:02.0)
End delay calculation (fullDC). (MEM=11406.9 CPU=0:00:02.7 REAL=0:00:02.0)
ENICSINFO: Checking DRC
#-check_same_via_cell true               # bool, default=false, user setting
#-report /data/project/tsmc65/users/liosky/ws/DVD25/hw7/workspace/../export/post_route_opt//drc.rpt # string, default="", user setting
 *** Starting Verify DRC (MEM: 11414.9) ***

  VERIFY DRC ...... Starting Verification
  VERIFY DRC ...... Initializing
  VERIFY DRC ...... Deleting Existing Violations
  VERIFY DRC ...... Creating Sub-Areas
  VERIFY DRC ...... Using new threading
**WARN: (IMPVFG-1240):	Skip checking DRC in area { -746.205, -246.300, -658.365, -159.900 } as there are too many objects overlapped. The cell instance density is 400.0%.
**WARN: (IMPVFG-1103):	VERIFY DRC did not complete: Number of violations exceeds the Error Limit [1000]

  Verification Complete : 1000 Viols.

 Violation Summary By Layer and Type:

	          Short      Mar ViaInPin   CutSpc   MetSpc   CShort   MinStp   Others   Totals
	M1           66        0       63        0        0        0       34        0      163
	VIA1          0        0        0       13        0        0        0        0       13
	M2           44       71        0        0        0        0        0        0      115
	VIA2          0        0        0        7        0        1        0        0        8
	M3            0       27        0        0        0        0        0        0       27
	VIA3          0        0        0        1        0        0        0        0        1
	M4            0       18        0        0        0        0        0        0       18
	VIA4          0        0        0        1        0        0        0        0        1
	M5            0       14        0        0        0        0        0        0       14
	M6            0       11        6        0        0        0        0        6       23
	VIA6          0        0        0        6        0        0        0        6       12
	M7           13        0       10        0       30        0        0       16       69
	VIA7          0        0        0        7        0        6        0       13       26
	M8            6       12       30        0       28        0        9        1       86
	VIA8          0        0        0        0        0       26        0       26       52
	M9          169        0       44        0       37        0       15        1      266
	RV            0        0        0       62        0       29        0        0       91
	AP           14        0        0        0        1        0        0        0       15
	Totals      312      153      153       97       96       62       58       69     1000

 *** End Verify DRC (CPU: 0:00:00.5  ELAPSED TIME: 1.00  MEM: 768.1M) ***

ENICSINFO: Checking Connectivity
VERIFY_CONNECTIVITY use new engine.

******** Start: VERIFY CONNECTIVITY ********
Start Time: Mon Feb 10 16:14:02 2025

Design Name: lp_riscv_top
Database Units: 2000
Design Boundary: (-746.2050, -246.3000) (2053.7950, 1553.7000)
Error Limit = 1000; Warning Limit = 50
Check all nets
**** 16:14:02 **** Processed 5000 nets.
Net lp_riscv/i_riscv_core_pc_ex[31]: has an unconnected terminal, has regular routing with opens, dangling Wire.
Net lp_riscv/i_riscv_core_pc_ex[30]: has an unconnected terminal, has regular routing with opens, dangling Wire.
Net lp_riscv/i_riscv_core_pc_ex[26]: has an unconnected terminal, has regular routing with opens, dangling Wire.
Net lp_riscv/i_riscv_core_pc_ex[25]: has an unconnected terminal, has regular routing with opens, dangling Wire.
Net lp_riscv/i_riscv_core_pc_ex[24]: has an unconnected terminal, has regular routing with opens, dangling Wire.
Net lp_riscv/i_riscv_core_pc_ex[15]: has an unconnected terminal, has regular routing with opens, dangling Wire.
Net lp_riscv/i_riscv_core_pc_ex[14]: has an unconnected terminal, has regular routing with opens, dangling Wire.
Net lp_riscv/i_riscv_core_pc_ex[11]: has an unconnected terminal, has regular routing with opens, dangling Wire.
Net lp_riscv/i_riscv_core_pc_ex[5]: has an unconnected terminal, has regular routing with opens, dangling Wire.
Net lp_riscv/i_riscv_core_pc_ex[4]: has an unconnected terminal, has regular routing with opens, dangling Wire.
Net lp_riscv/i_riscv_core_pc_ex[3]: has an unconnected terminal, has regular routing with opens, dangling Wire.
Net lp_riscv/i_riscv_core_pc_ex[2]: has an unconnected terminal, has regular routing with opens, dangling Wire.
Net lp_riscv/i_riscv_core_pc_ex[1]: has an unconnected terminal, has regular routing with opens, dangling Wire.
**** 16:14:02 **** Processed 10000 nets.
**** 16:14:02 **** Processed 15000 nets.
**** 16:14:02 **** Processed 20000 nets.
**** 16:14:02 **** Processed 25000 nets.
Net lp_riscv/rc_gclk_46968: has an unconnected terminal, has regular routing with opens, dangling Wire.
Net vdd: has an unconnected terminal, has special routes with opens, has regular routing with opens.
Net vddio: has special routes with opens.
Net gnd: has an unconnected terminal, has special routes with opens, has regular routing with opens.
**WARN: (IMPVFC-3):	Verify Connectivity stopped: Number of errors exceeds the limit 1000
Type 'man IMPVFC-3' for more detail.

Begin Summary 
    840 Problem(s) (IMPVFC-96): Terminal(s) are not connected.
    10 Problem(s) (IMPVFC-200): Special Wires: Pieces of the net are not connected together.
    134 Problem(s) (IMPVFC-92): Pieces of the net are not connected together.
    16 Problem(s) (IMPVFC-94): The net has dangling wire(s).
    1000 total info(s) created.
End Summary

End Time: Mon Feb 10 16:14:03 2025
Time Elapsed: 0:00:01.0

******** End: VERIFY CONNECTIVITY ********
  Verification Complete : 1000 Viols.  0 Wrngs.
  (CPU Time: 0:00:01.3  MEM: -0.945M)

ENICSINFO: Writing out Database
wc_timing_condition bc_timing_condition tc_timing_condition
The in-memory database contained RC information but was not saved. To save 
the RC information, use write_db's -rc_extract option. Note: Saving RC information can be quite large, 
so it should only be saved when it is really desired.
#% Begin save design ... (date=02/10 16:14:03, mem=2922.1M)
% Begin Save ccopt configuration ... (date=02/10 16:14:03, mem=2922.1M)
% End Save ccopt configuration ... (date=02/10 16:14:03, total cpu=0:00:00.1, real=0:00:00.0, peak res=2922.4M, current mem=2922.4M)
% Begin Save netlist data ... (date=02/10 16:14:03, mem=2922.4M)
Writing Binary DB to /data/project/tsmc65/users/liosky/ws/DVD25/hw7/workspace/../dbs/post_route_opt.tmp/lp_riscv_top.v.bin in single-threaded mode...
% End Save netlist data ... (date=02/10 16:14:03, total cpu=0:00:00.1, real=0:00:00.0, peak res=2922.4M, current mem=2922.4M)
Writing Netlist "/data/project/tsmc65/users/liosky/ws/DVD25/hw7/workspace/../dbs/post_route_opt.tmp/lp_riscv_top.v.gz" ...
Saving symbol-table file ...
Saving congestion map file /data/project/tsmc65/users/liosky/ws/DVD25/hw7/workspace/../dbs/post_route_opt.tmp/lp_riscv_top.route.congmap.gz ...
% Begin Save AAE data ... (date=02/10 16:14:04, mem=2922.8M)
Saving AAE Data ...
% End Save AAE data ... (date=02/10 16:14:04, total cpu=0:00:00.0, real=0:00:00.0, peak res=2922.9M, current mem=2922.9M)
Saving preference file /data/project/tsmc65/users/liosky/ws/DVD25/hw7/workspace/../dbs/post_route_opt.tmp/gui.pref.tcl ...
Saving mode setting ...
Saving root attributes to be loaded post write_db ...
Saving global file ...
Saving root attributes to be loaded previous write_db ...
% Begin Save floorplan data ... (date=02/10 16:14:06, mem=2923.8M)
Saving floorplan file ...
% End Save floorplan data ... (date=02/10 16:14:06, total cpu=0:00:00.1, real=0:00:00.0, peak res=2923.8M, current mem=2923.8M)
Saving PG file /data/project/tsmc65/users/liosky/ws/DVD25/hw7/workspace/../dbs/post_route_opt.tmp/lp_riscv_top.pg.gz, version#2, (Created by Innovus v21.15-s110_1 on Mon Feb 10 16:14:06 2025)
*** Completed savePGFile (cpu=0:00:00.0 real=0:00:00.0 mem=12397.5M) ***
Saving Drc markers ...
... No Drc file written since there is no markers found.
% Begin Save placement data ... (date=02/10 16:14:06, mem=2923.8M)
** Saving stdCellPlacement_binary (version# 2) ...
Save Adaptive View Pruning View Names to Binary file
% End Save placement data ... (date=02/10 16:14:06, total cpu=0:00:00.0, real=0:00:00.0, peak res=2923.8M, current mem=2923.8M)
% Begin Save routing data ... (date=02/10 16:14:06, mem=2923.8M)
Saving route file ...
*** Completed saveRoute (cpu=0:00:00.2 real=0:00:01.0 mem=12397.5M) ***
% End Save routing data ... (date=02/10 16:14:07, total cpu=0:00:00.2, real=0:00:01.0, peak res=2923.8M, current mem=2923.8M)
Saving property file /data/project/tsmc65/users/liosky/ws/DVD25/hw7/workspace/../dbs/post_route_opt.tmp/lp_riscv_top.prop
*** Completed saveProperty (cpu=0:00:00.0 real=0:00:00.0 mem=12400.5M) ***
Saving parasitic data in file '/data/project/tsmc65/users/liosky/ws/DVD25/hw7/workspace/../dbs/post_route_opt.tmp/lp_riscv_top.rcdb.d' ...
Reading RCDB with compressed RC data.
Reading RCDB with compressed RC data.
Saving preRoute extracted patterns in file '/data/project/tsmc65/users/liosky/ws/DVD25/hw7/workspace/../dbs/post_route_opt.tmp/lp_riscv_top.techData.gz' ...
Saving preRoute extraction data in directory '/data/project/tsmc65/users/liosky/ws/DVD25/hw7/workspace/../dbs/post_route_opt.tmp/extraction/' ...
% Begin Save power constraints data ... (date=02/10 16:14:07, mem=2924.5M)
% End Save power constraints data ... (date=02/10 16:14:07, total cpu=0:00:00.0, real=0:00:00.0, peak res=2924.5M, current mem=2924.5M)
tc_rc_corner bc_rc_corner wc_rc_corner
tc_rc_corner bc_rc_corner wc_rc_corner
tc_rc_corner bc_rc_corner wc_rc_corner
tc_rc_corner bc_rc_corner wc_rc_corner
tc_rc_corner bc_rc_corner wc_rc_corner
tc_rc_corner bc_rc_corner wc_rc_corner
tc_rc_corner bc_rc_corner wc_rc_corner
Generated self-contained design post_route_opt.tmp
#% End save design ... (date=02/10 16:14:09, total cpu=0:00:02.2, real=0:00:06.0, peak res=2924.7M, current mem=2924.7M)
*** Message Summary: 0 warning(s), 0 error(s)

@innovus 277> 

@innovus 277> 

@innovus 277> 

@innovus 277> 

@innovus 277> ############################################
############################################
@innovus 278> # Export
# Export
@innovus 279> ############################################
############################################
@innovus 280> enics_start_stage "signoff"
enics_start_stage "signoff"
*******************************************
*******************************************
**   ENICSINFO: Starting stage signoff   **
*******************************************
*******************************************
ENICSINFO: Current time is: 10/02/2025 16:14
ENICSINFO: ----------------------------------
@innovus 281> 

@innovus 281> #add_decap_cell_candidates XXX
#add_decap_cell_candidates XXX
@innovus 282> #add_decaps -total_cap 1000 -cells XXX
#add_decaps -total_cap 1000 -cells XXX
@innovus 283> 

@innovus 283> delete_route_blockages -name M2_pwr_stripe_route_blk; # Cancel out [1G preventive blockage for clean DRC report
delete_route_blockages -name M2_pwr_stripe_route_blk; # Cancel out preventive blockage for clean DRC report
@innovus 284> 

@innovus 284> enics_message "Adding Fillers" medium
enics_message "Adding Fillers" medium

ENICSINFO: Adding Fillers
-------------------------
@innovus 285> add_fillers -check_drc
add_fillers -check_drc
*INFO: Adding fillers to top-module.
*INFO:   Added 6820 filler insts (cell FILLCAP128_A9TR / prefix FILLDECAP).
*INFO:   Added 0 filler inst  (cell FILL128_A9TR / prefix FILLDECAP).
*INFO:   Added 6900 filler insts (cell FILLCAP65_A9TR / prefix FILLDECAP).
*INFO:   Added 12 filler insts (cell FILL64_A9TR / prefix FILLDECAP).
*INFO:   Added 1244 filler insts (cell FILLCAP32_A9TR / prefix FILLDECAP).
*INFO:   Added 0 filler inst  (cell FILL32_A9TR / prefix FILLDECAP).
*INFO:   Added 1200 filler insts (cell FILLCAP17_A9TR / prefix FILLDECAP).
*INFO:   Added 393 filler insts (cell FILL16_A9TR / prefix FILLDECAP).
*INFO:   Added 3126 filler insts (cell FILLCAP8_A9TR / prefix FILLDECAP).
*INFO:   Added 0 filler inst  (cell FILL8_A9TR / prefix FILLDECAP).
*INFO:   Added 2571 filler insts (cell FILLCAP6_A9TR / prefix FILLDECAP).
*INFO:   Added 10189 filler insts (cell FILL4_A9TR / prefix FILLDECAP).
*INFO:   Added 7627 filler insts (cell FILL2_A9TR / prefix FILLDECAP).
*INFO:   Added 17426 filler insts (cell FILL1_A9TR / prefix FILLDECAP).
*INFO: Total 57508 filler insts added - prefix FILLDECAP (CPU: 0:00:01.4).
For 57508 new insts, @innovus 286> set_db route_design_with_si_driven false
set_db route_design_with_si_driven false
1 false
@innovus 287> enics_message "Fixing DRCs after adding fillers" medium
enics_message "Fixing DRCs after adding fillers" medium

ENICSINFO: Fixing DRCs after adding fillers
-------------------------------------------
@innovus 288> route_eco -fix_drroute_eco -fix_drc
c
**INFO: User settings:
design_process_node                                                                        65
extract_design_signature                                                                   98490299
extract_rc_model_file                                                                      rc_model.bin
route_design_detail_post_route_spread_wire                                                 false
route_design_detail_use_lef_pin_taper_rule                                                 true
route_design_detail_use_min_spacing_for_blockage                                           auto
route_design_detail_use_multi_cut_via_effort                                               high
route_design_extract_third_party_compatible                                                false
route_design_filler_inst_prefix                                                            FILLDECAP
route_design_global_exp_timing_driven_std_delay                                            29.0
route_design_global_exp_timing_driven_use_tif_timing_engine_for_import_design              true
route_design_re_insert_filler_cell_list                                                    {FILLCAP128_A9TR FILLCAP65_A9TR FILLCAP32_A9TR FILLCAP17_A9TR FILLCAP8_A9TR FILLCAP6_A9TR FILL128_A9TR FILL64_A9TR FILL32_A9TR FILL16_A9TR FILL8_A9TR FILL4_A9TR FILL2_A9TR FILL1_A9TR}
route_design_re_insert_filler_cell_list_from_file                                          false
route_design_si_effort                                                                     high
route_design_strict_honor_route_rule                                                       false
route_design_with_si_driven                                                                false
route_design_with_timing_driven                                                            true
route_design_with_via_in_pin                                                               true
getAnalysisMode -cts                                                                       postCTS
getAnalysisMode -skew                                                                      true
getDelayCalMode -engine                                                                    aae
getIlmMode -keepHighFanoutCriticalInsts                                                    false
getOptMode -expTATEnhancementV3                                                            true
get_power_analysis_mode -report_power_quiet                                                false
getAnalysisMode -cts                                                                       postCTS
getAnalysisMode -skew                                                                      true

route_detail -fix_drc

#Start route_detail on Mon Feb 10 16:14:18 2025
#
#WARNING (NRIF-78) The option route_design_with_eco combined with route_design_with_timing_driven is not recommended due to possible high memory usage, increased run-time, and increased routing pattern pertubations. Please use with caution.
#ERROR (NRIG-91) INSTANCE lp_riscv/iccm_ram_wrapper_iccm_ram_0_sram_sp_16384x32 connected to NET lp_riscv/placement_opt_inst_FE_OFN14793_iccm_ram_wrapper_n_44 is not placed on the manufacturing grid.  All instances connected to nets must be legally placed. Correct the placement before continuing.
#ERROR (NRIG-91) INSTANCE lp_riscv/iccm_ram_wrapper_iccm_ram_1_sram_sp_16384x32 connected to NET lp_riscv/placement_opt_inst_FE_OFN14793_iccm_ram_wrapper_n_44 is not placed on the manufacturing grid.  All instances connected to nets must be legally placed. Correct the placement before continuing.
#ERROR (NRIG-91) INSTANCE lp_riscv/iccm_ram_wrapper_iccm_ram_0_sram_sp_16384x32 connected to NET lp_riscv/placement_opt_inst_FE_OFN14775_iram_prog_data_3__3 is not placed on the manufacturing grid.  All instances connected to nets must be legally placed. Correct the placement before continuing.
#ERROR (NRIG-91) INSTANCE lp_riscv/iccm_ram_wrapper_iccm_ram_1_sram_sp_16384x32 connected to NET lp_riscv/TIE_LTIELO_29_NET is not placed on the manufacturing grid.  All instances connected to nets must be legally placed. Correct the placement before continuing.
#ERROR (NRIG-91) INSTANCE lp_riscv/iccm_ram_wrapper_iccm_ram_1_sram_sp_16384x32 connected to NET lp_riscv/TIE_LTIELO_29_NET is not placed on the manufacturing grid.  All instances connected to nets must be legally placed. Correct the placement before continuing.
#ERROR (NRIG-91) INSTANCE lp_riscv/iccm_ram_wrapper_iccm_ram_1_sram_sp_16384x32 connected to NET lp_riscv/TIE_LTIELO_29_NET is not placed on the manufacturing grid.  All instances connected to nets must be legally placed. Correct the placement before continuing.
#ERROR (NRIG-91) INSTANCE lp_riscv/iccm_ram_wrapper_iccm_ram_1_sram_sp_16384x32 connected to NET lp_riscv/TIE_LTIELO_29_NET is not placed on the manufacturing grid.  All instances connected to nets must be legally placed. Correct the placement before continuing.
#ERROR (NRIG-91) INSTANCE lp_riscv/iccm_ram_wrapper_iccm_ram_1_sram_sp_16384x32 connected to NET lp_riscv/TIE_LTIELO_29_NET is not placed on the manufacturing grid.  All instances connected to nets must be legally placed. Correct the placement before continuing.
#ERROR (NRIG-91) INSTANCE lp_riscv/iccm_ram_wrapper_iccm_ram_1_sram_sp_16384x32 connected to NET lp_riscv/TIE_LTIELO_28_NET is not placed on the manufacturing grid.  All instances connected to nets must be legally placed. Correct the placement before continuing.
#ERROR (NRIG-91) INSTANCE lp_riscv/iccm_ram_wrapper_iccm_ram_1_sram_sp_16384x32 connected to NET lp_riscv/TIE_LTIELO_28_NET is not placed on the manufacturing grid.  All instances connected to nets must be legally placed. Correct the placement before continuing.
#ERROR (NRIG-91) INSTANCE lp_riscv/iccm_ram_wrapper_iccm_ram_1_sram_sp_16384x32 connected to NET lp_riscv/TIE_LTIELO_28_NET is not placed on the manufacturing grid.  All instances connected to nets must be legally placed. Correct the placement before continuing.
#ERROR (NRIG-91) INSTANCE lp_riscv/iccm_ram_wrapper_iccm_ram_1_sram_sp_16384x32 connected to NET lp_riscv/TIE_LTIELO_28_NET is not placed on the manufacturing grid.  All instances connected to nets must be legally placed. Correct the placement before continuing.
#ERROR (NRIG-91) INSTANCE lp_riscv/iccm_ram_wrapper_iccm_ram_1_sram_sp_16384x32 connected to NET lp_riscv/TIE_LTIELO_28_NET is not placed on the manufacturing grid.  All instances connected to nets must be legally placed. Correct the placement before continuing.
#ERROR (NRIG-91) INSTANCE lp_riscv/iccm_ram_wrapper_iccm_ram_1_sram_sp_16384x32 connected to NET lp_riscv/TIE_LTIELO_28_NET is not placed on the manufacturing grid.  All instances connected to nets must be legally placed. Correct the placement before continuing.
#ERROR (NRIG-91) INSTANCE lp_riscv/iccm_ram_wrapper_iccm_ram_1_sram_sp_16384x32 connected to NET lp_riscv/TIE_LTIELO_28_NET is not placed on the manufacturing grid.  All instances connected to nets must be legally placed. Correct the placement before continuing.
#ERROR (NRIG-91) INSTANCE lp_riscv/iccm_ram_wrapper_iccm_ram_1_sram_sp_16384x32 connected to NET lp_riscv/TIE_LTIELO_28_NET is not placed on the manufacturing grid.  All instances connected to nets must be legally placed. Correct the placement before continuing.
#ERROR (NRIG-91) INSTANCE lp_riscv/iccm_ram_wrapper_iccm_ram_1_sram_sp_16384x32 connected to NET lp_riscv/TIE_LTIELO_28_NET is not placed on the manufacturing grid.  All instances connected to nets must be legally placed. Correct the placement before continuing.
#ERROR (NRIG-91) INSTANCE lp_riscv/iccm_ram_wrapper_iccm_ram_1_sram_sp_16384x32 connected to NET lp_riscv/TIE_LTIELO_27_NET is not placed on the manufacturing grid.  All instances connected to nets must be legally placed. Correct the placement before continuing.
#ERROR (NRIG-91) INSTANCE lp_riscv/iccm_ram_wrapper_iccm_ram_1_sram_sp_16384x32 connected to NET lp_riscv/TIE_LTIELO_27_NET is not placed on the manufacturing grid.  All instances connected to nets must be legally placed. Correct the placement before continuing.
#ERROR (NRIG-91) INSTANCE lp_riscv/iccm_ram_wrapper_iccm_ram_1_sram_sp_16384x32 connected to NET lp_riscv/TIE_LTIELO_27_NET is not placed on the manufacturing grid.  All instances connected to nets must be legally placed. Correct the placement before continuing.
#WARNING (EMS-27) Message (NRIG-91) has exceeded the current message display limit of 20.
#To increase the message display limit, refer to the product command reference manual.


@innovus 289> 

@innovus 289> delete_assigns
delete_assigns
@innovus 290> delete_empty_hinst
delete_empty_hinst
**WARN: (IMPCTE-104):	The constraint mode of this inactive view 'tc_analysis_view' has been modified and may need to be reanalyzed to ensure proper timing results. To reanalyze timing for this view make the view active using 'set_analysis_view' and run timing analysis.
Type 'man IMPCTE-104' for more detail.
7 empty module found.
Saving CCOpt state...
Saving CCOpt state done.
CCOpt state has been saved. Subsequent CCOpt commands will cause this data to be restored.
**WARN: (IMPCCOPT-2231):	CCOpt data structures have been affected by deleting hterm lp_riscv/dccm_ram_wrapper_dccm_ram_3/sram_sp_8192x32/CLK.

Deleting empty module (hs_tiehigh).
Deleting empty module (hs_tielow).
Deleting empty module (sram_sp_8192x32_m16_be_wrap).
Deleting empty module (sram_sp_8192x32_m16_be_wrap_3250).
Deleting empty module (sram_sp_8192x32_m16_be_wrap_3249).
Deleting empty module (sram_sp_8192x32_m16_be_wrap_3248).
Deleting empty module (sp_hde_8192_m16).
7 empty module deleted.
Current (total cpu=0:23:07, real=0:25:34, peak res=3233.9M, current mem=2852.6M)
lp_riscv_top
Ending "Constraint file reading stats" (total cpu=0:00:00.1, real=0:00:00.0, peak res=2866.2M, current mem=2866.2M)
Current (total cpu=0:23:07, real=0:25:34, peak res=3233.9M, current mem=2866.2M)
Current (total cpu=0:23:07, real=0:25:34, peak res=3233.9M, current mem=2866.3M)
Ending "Constraint file reading stats" (total cpu=0:00:00.2, real=0:00:00.0, peak res=2892.1M, current mem=2892.1M)
Current (total cpu=0:23:08, real=0:25:34, peak res=3233.9M, current mem=2892.1M)
@innovus 291>
 
@innovus 291> enics_message "Exporting Design" medium
enics_message "Exporting Design" medium

ENICSINFO: Exporting Design
---------------------------
@innovus 292> write_netlist $design(postroute_netlist)
write_netlist $design(postroute_netlist)
Writing Netlist "/data/project/tsmc65/users/liosky/ws/DVD25/hw7/workspace/../export/lp_riscv_top.final.v" ...
@innovus 293> write_sdf $design(postroute_sdf)
write_sdf $design(postroute_sdf)
**WARN: (SDF-808):	The software is currently operating in a high performance mode which optimizes the handling of multiple timing arcs between input and output pin pairs. With the current settings, the SDF file generated will contain the same delay information for all of these arcs. To have the SDF recalculated with explicit pin pair data, you should use the option '-recompute_delay_calc'. This setting is recommended for generating SDF for functional  simulation applications.
AAE_INFO: opIsDesignInPostRouteState() is 0
#################################################################################
# Design Stage: PreRoute
# Design Name: lp_riscv_top
# Design Mode: 65nm
# Analysis Mode: MMMC OCV 
# Parasitics Mode: No SPEF/RCDB 
# Signoff Settings: SI On (EWM)
#################################################################################
#WARNING (NRIG-1303) The congestion map does not match the GCELL grid. Clearing the map.
#Invoke dbWirePreImport deleteTR=0 convert_unrouted=0 selected_only=0 (nr_selected_net=0)
#num needed restored net=0
#need_extraction net=0 (total=27769)
#Extract in post route mode
#Finish check_net_pin_list step Enter extract_rc_in_nr_cmd
#Fast data preparation for tQuantus.
#Start routing data preparation on Mon Feb 10 16:14:21 2025
#
# M1           H   Track-Pitch = 0.20000    Line-2-Via Pitch = 0.18500
# M2           V   Track-Pitch = 0.20000    Line-2-Via Pitch = 0.20000
# M3           H   Track-Pitch = 0.20000    Line-2-Via Pitch = 0.20000
# M4           V   Track-Pitch = 0.20000    Line-2-Via Pitch = 0.20000
# M5           H   Track-Pitch = 0.20000    Line-2-Via Pitch = 0.20000
# M6           V   Track-Pitch = 0.20000    Line-2-Via Pitch = 0.20000
# M7           H   Track-Pitch = 0.20000    Line-2-Via Pitch = 0.20000
# M8           V   Track-Pitch = 0.80000    Line-2-Via Pitch = 0.80000
# M9           H   Track-Pitch = 0.80000    Line-2-Via Pitch = 0.80000
# AP           V   Track-Pitch = 5.00000    Line-2-Via Pitch = 6.50000
#WARNING (NRAG-44) Track pitch is too small compared with line-2-via pitch.
#Regenerating Ggrids automatically.
#Auto generating G-grids with size=15 tracks, using layer M3's pitch = 0.20000.
#Using automatically generated G-grids.
#Done routing data preparation.
#cpu time = 00:00:00, elapsed time = 00:00:00, memory = 2902.42 (MB), peak = 3233.87 (MB)
#Start routing data preparation on Mon Feb 10 16:14:21 2025
#
#Minimum voltage of a net in the design = 0.000.
#Maximum voltage of a net in the design = 1.320.
#Voltage range [0.000 - 1.320] has 27742 nets.
#Voltage range [0.000 - 0.000] has 9 nets.
#Voltage range [0.900 - 1.320] has 18 nets.
#Build and mark too close pins for the same net.
#Regenerating Ggrids automatically.
#Auto generating G-grids with size=15 tracks, using layer M3's pitch = 0.20000.
#Using automatically generated G-grids.
#(check_and_prepare_match_target_file) no match_target_file in constraint. quit
#Done routing data preparation.
#cpu time = 00:00:05, elapsed time = 00:00:05, memory = 2910.41 (MB), peak = 3233.87 (MB)
#
#Start tQuantus RC extraction...
#Start building rc corner(s)...
#Number of RC Corner = 2
#Corner bc_rc_corner /tech/tsmc/65LP/QRC/1.3a/rcbest/qrcTechFile -40.000000 (real) 
#Corner wc_rc_corner /tech/tsmc/65LP/QRC/1.3a/rcworst/qrcTechFile 125.000000 (real) 
#metal1 -> M1 (1)
#metal2 -> M2 (2)
#metal3 -> M3 (3)
#metal4 -> M4 (4)
#metal5 -> M5 (5)
#metal6 -> M6 (6)
#metal7 -> M7 (7)
#metal8 -> M8 (8)
#metal9 -> M9 (9)
#metal10 -> AP (10)
#SADV-On
# Corner(s) : 
#bc_rc_corner [-40.00] 
#wc_rc_corner [125.00]
# Corner id: 0
# Layout Scale: 1.000000
# Has Metal Fill model: yes
# Temperature was set
# Temperature : -40.000000
# Ref. Temp   : 25.000000
# Corner id: 1
# Layout Scale: 1.000000
# Has Metal Fill model: yes
# Temperature was set
# Temperature : 125.000000
# Ref. Temp   : 25.000000
#SADV-Off
#
#layer[9] tech width 800 != ict width 4000.0
#
#layer[9] tech spc 800 != ict spc 4000.0
#total pattern=220 [20, 1210]
#Reading previously stored rc_model file ( rc_model.bin ) ...
#found CAPMODEL /tech/tsmc/65LP/QRC/1.3a/rcbest/qrcTechFile
#found CAPMODEL /tech/tsmc/65LP/QRC/1.3a/rcworst/qrcTechFile
#found RESMODEL /tech/tsmc/65LP/QRC/1.3a/rcbest/qrcTechFile -40.000000 
#found RESMODEL /tech/tsmc/65LP/QRC/1.3a/rcworst/qrcTechFile 125.000000 
#number model r/c [2,2] [20,1210] read
#0 rcmodel(s) requires rebuild
#Build RC corners: cpu time = 00:00:01, elapsed time = 00:00:02, memory = 2915.16 (MB), peak = 3233.87 (MB)
#Start building rc corner(s)...
#Number of RC Corner = 2
#Corner bc_rc_corner /tech/tsmc/65LP/QRC/1.3a/rcbest/qrcTechFile -40.000000 (real) 
#Corner wc_rc_corner /tech/tsmc/65LP/QRC/1.3a/rcworst/qrcTechFile 125.000000 (real) 
#metal1 -> M1 (1)
#metal2 -> M2 (2)
#metal3 -> M3 (3)
#metal4 -> M4 (4)
#metal5 -> M5 (5)
#metal6 -> M6 (6)
#metal7 -> M7 (7)
#metal8 -> M8 (8)
#metal9 -> M9 (9)
#metal10 -> AP (10)
#SADV-On
# Corner(s) : 
#bc_rc_corner [-40.00] 
#wc_rc_corner [125.00]
# Corner id: 0
# Layout Scale: 1.000000
# Has Metal Fill model: yes
# Temperature was set
# Temperature : -40.000000
# Ref. Temp   : 25.000000
# Corner id: 1
# Layout Scale: 1.000000
# Has Metal Fill model: yes
# Temperature was set
# Temperature : 125.000000
# Ref. Temp   : 25.000000
#SADV-Off
#
#layer[9] tech width 800 != ict width 4000.0
#
#layer[9] tech spc 800 != ict spc 4000.0
#total pattern=220 [20, 1210]
#Reading previously stored rc_model file ( rc_model.bin ) ...
#found CAPMODEL /tech/tsmc/65LP/QRC/1.3a/rcbest/qrcTechFile
#found CAPMODEL /tech/tsmc/65LP/QRC/1.3a/rcworst/qrcTechFile
#found RESMODEL /tech/tsmc/65LP/QRC/1.3a/rcbest/qrcTechFile -40.000000 
#found RESMODEL /tech/tsmc/65LP/QRC/1.3a/rcworst/qrcTechFile 125.000000 
#number model r/c [2,2] [20,1210] read
#0 rcmodel(s) requires rebuild
#Build RC corners: cpu time = 00:00:01, elapsed time = 00:00:02, memory = 2914.64 (MB), peak = 3233.87 (MB)
#Finish check_net_pin_list step Enter extract
#Start init net ripin tree building
#Finish init net ripin tree building
#Cpu time = 00:00:00
#Elapsed time = 00:00:00
#Increased memory = 0.02 (MB)
#Total memory = 2914.65 (MB)
#Peak memory = 3233.87 (MB)
#begin processing metal fill model file
#end processing metal fill model file
#Length limit = 200 pitches
#opt mode = 2
#WARNING (NREX-96) Net clk_to_core has different number of fe term(22) and NR pin(20). Skipped to avoid netlist inconsistent issue in RCDB read.
#WARNING (NREX-96) Net lp_riscv/placement_opt_inst_FE_OFN14793_iccm_ram_wrapper_n_44 has different number of fe term(4) and NR pin(2). Skipped to avoid netlist inconsistent issue in RCDB read.
#Finish check_net_pin_list step Fix net pin list
#WARNING (NREX-96) Net clk_to_core has different number of fe term(22) and NR pin(20). Skipped to avoid netlist inconsistent issue in RCDB read.
#Net 212(clk_to_core) marked as inconsistent
#WARNING (NREX-96) Net lp_riscv/placement_opt_inst_FE_OFN14793_iccm_ram_wrapper_n_44 has different number of fe term(4) and NR pin(2). Skipped to avoid netlist inconsistent issue in RCDB read.
#Net 21775(lp_riscv/placement_opt_inst_FE_OFN14793_iccm_ram_wrapper_n_44) marked as inconsistent
#Start generate extraction boxes.
#
#Extract using 30 x 30 Hboxes
#33x21 initial hboxes
#Use area based hbox pruning.
#0/0 hboxes pruned.
#Complete generating extraction boxes.
#Extract 340 hboxes with single thread on machine with  Xeon 3.50GHz 55296KB Cache 2CPU...
#Process 0 special clock nets for rc extraction
#WARNING (NREX-82) Net lp_riscv/rc_gclk_46968 has incomplete routes. This will cause inaccurate RC extraction.
#WARNING (NREX-82) Net lp_riscv/i_riscv_core_pc_ex[15] has incomplete routes. This will cause inaccurate RC extraction.
#WARNING (NREX-82) Net lp_riscv/i_riscv_core_pc_ex[5] has incomplete routes. This will cause inaccurate RC extraction.
#WARNING (NREX-82) Net lp_riscv/i_riscv_core_pc_ex[2] has incomplete routes. This will cause inaccurate RC extraction.
#WARNING (NREX-82) Net lp_riscv/i_riscv_core_pc_ex[26] has incomplete routes. This will cause inaccurate RC extraction.
#WARNING (NREX-82) Net lp_riscv/i_riscv_core_pc_ex[24] has incomplete routes. This will cause inaccurate RC extraction.
#WARNING (NREX-82) Net lp_riscv/i_riscv_core_pc_ex[25] has incomplete routes. This will cause inaccurate RC extraction.
#WARNING (NREX-82) Net lp_riscv/i_riscv_core_pc_ex[3] has incomplete routes. This will cause inaccurate RC extraction.
#WARNING (NREX-82) Net lp_riscv/i_riscv_core_pc_ex[14] has incomplete routes. This will cause inaccurate RC extraction.
#WARNING (NREX-82) Net lp_riscv/i_riscv_core_pc_ex[11] has incomplete routes. This will cause inaccurate RC extraction.
#WARNING (NREX-82) Net lp_riscv/i_riscv_core_pc_ex[4] has incomplete routes. This will cause inaccurate RC extraction.
#WARNING (NREX-82) Net lp_riscv/i_riscv_core_pc_ex[1] has incomplete routes. This will cause inaccurate RC extraction.
#WARNING (NREX-82) Net lp_riscv/i_riscv_core_pc_ex[31] has incomplete routes. This will cause inaccurate RC extraction.
#WARNING (NREX-82) Net lp_riscv/i_riscv_core_pc_ex[30] has incomplete routes. This will cause inaccurate RC extraction.
#Total 26969 nets were built. 4864 nodes added to break long wires. 14 net(s) have incomplete routes.
#Run Statistics for Extraction:
#   Cpu time = 00:00:24, elapsed time = 00:00:24 .
#   Increased memory =   100.41 (MB), total memory =  3015.06 (MB), peak memory =  3233.87 (MB)
#Register nets and terms for rcdb /tmp/innovus_temp_17057_ip-10-70-158-178.il-central-1.compute.internal_liosky_8LPhOa/nr17057_VFJOv8.rcdb.d
#Finish registering nets and terms for rcdb.
#Simplify RC tree: cpu time = 00:00:00, elapsed time = 00:00:00, memory = 3001.29 (MB), peak = 3233.87 (MB)
#RC Statistics: 154102 Res, 86447 Ground Cap, 17455 XCap (Edge to Edge)
#RC V/H edge ratio: 0.69, Avg V/H Edge Length: 6986.63 (86169), Avg L-Edge Length: 7829.03 (34128)
#Nets and terms are pre-registered for rcdb /tmp/innovus_temp_17057_ip-10-70-158-178.il-central-1.compute.internal_liosky_8LPhOa/nr17057_VFJOv8.rcdb.d.
#Start writing RC data.
#Finish writing RC data
#Finish writing rcdb with 181104 nodes, 154135 edges, and 40084 xcaps
#cpu time = 00:00:01, elapsed time = 00:00:01, memory = 2993.83 (MB), peak = 3233.87 (MB)
Restoring parasitic data from file '/tmp/innovus_temp_17057_ip-10-70-158-178.il-central-1.compute.internal_liosky_8LPhOa/nr17057_VFJOv8.rcdb.d' ...
Reading RCDB with compressed RC data.
Reading RCDB with compressed RC data.
Begin read_parasitics... (cpu: 0:00:00.0 real: 0:00:00.0 mem: 12397.195M)
Following multi-corner parasitics specified:
	/tmp/innovus_temp_17057_ip-10-70-158-178.il-central-1.compute.internal_liosky_8LPhOa/nr17057_VFJOv8.rcdb.d (rcdb)
Reading RCDB with compressed RC data.
		Cell lp_riscv_top has rcdb /tmp/innovus_temp_17057_ip-10-70-158-178.il-central-1.compute.internal_liosky_8LPhOa/nr17057_VFJOv8.rcdb.d specified
Cell lp_riscv_top, hinst 
Reading RCDB with compressed RC data.
Done read_parasitics... (cpu: 0:00:01.1 real: 0:00:01.0 mem: 12397.195M)
#
#Restore RCDB.
#
#Complete tQuantus RC extraction.
#Cpu time = 00:00:28
#Elapsed time = 00:00:30
#Increased memory = 83.96 (MB)
#Total memory = 2994.73 (MB)
#Peak memory = 3233.87 (MB)
#
#4864 inserted nodes are removed
#	no debugging net set
#Start Inst Signature in MT(0)
#Start Net Signature in MT(4424859)
#Calculate SNet Signature in MT (64056832)
#Run time and memory report for RC extraction:
#RC extraction running on  Xeon 3.50GHz 55296KB Cache 2CPU.
#Run Statistics for snet signature:
#   Cpu time = 00:00:00, elapsed time = 00:00:00 .
#   Increased memory =     0.00 (MB), total memory =  2953.88 (MB), peak memory =  3233.87 (MB)
#Run Statistics for Net Final Signature:
#   Cpu time = 00:00:00, elapsed time = 00:00:00 .
#   Increased memory =     0.00 (MB), total memory =  2953.88 (MB), peak memory =  3233.87 (MB)
#Run Statistics for Net launch:
#   Cpu time = 00:00:00, elapsed time = 00:00:00 .
#   Increased memory =     0.00 (MB), total memory =  2953.88 (MB), peak memory =  3233.87 (MB)
#Run Statistics for Net init_dbsNet_slist:
#   Cpu time = 00:00:00, elapsed time = 00:00:00 .
#   Increased memory =     0.00 (MB), total memory =  2953.88 (MB), peak memory =  3233.87 (MB)
#Run Statistics for net signature:
#   Cpu time = 00:00:00, elapsed time = 00:00:00 .
#   Increased memory =     0.00 (MB), total memory =  2953.88 (MB), peak memory =  3233.87 (MB)
#Run Statistics for inst signature:
#   Cpu time = 00:00:00, elapsed time = 00:00:00 .
#   Increased memory =    -0.05 (MB), total memory =  2953.88 (MB), peak memory =  3233.87 (MB)
Start delay calculation (fullDC) (1 T). (MEM=11911)
 Report initialization with DMWrite ... (0, Worst)
Reading RCDB with compressed RC data.
**WARN: (IMPMSMV-1810):	Net i_ioring/placement_opt_inst_FE_OFN10257_placement_opt_inst_FE_OFN14845_n, driver i_ioring/placement_opt_inst_FE_OFC10257_placement_opt_inst_FE_OFN14845_n/Y (cell BUF_X16M_A9TL) voltage 0.9 does not match receiver i_ioring/i_EXT_PERF_COUNTERS_11/IE (cell PDDW1216SCDG) voltage 1.08 for view wc_analysis_view.
Type 'man IMPMSMV-1810' for more detail.
**WARN: (IMPMSMV-1810):	Net i_ioring/placement_opt_inst_FE_OFN10256_placement_opt_inst_FE_OFN14821_n, driver i_ioring/placement_opt_inst_FE_OFC10256_placement_opt_inst_FE_OFN14821_n/Y (cell BUFH_X16M_A9TL) voltage 0.9 does not match receiver i_ioring/i_IRAM_PROG_BYTE_5/PE (cell PDDW1216SCDG) voltage 1.08 for view wc_analysis_view.
Type 'man IMPMSMV-1810' for more detail.
**WARN: (IMPMSMV-1810):	Net i_ioring/placement_opt_inst_FE_OFN14986_n, driver i_ioring/placement_opt_inst_FE_OFC10311_n/Y (cell INV_X4M_A9TL) voltage 0.9 does not match receiver i_ioring/i_IRAM_PROG_BYTE_2/DS (cell PDDW1216SCDG) voltage 1.08 for view wc_analysis_view.
Type 'man IMPMSMV-1810' for more detail.
**WARN: (IMPMSMV-1810):	Net i_ioring/placement_opt_inst_FE_OFN10255_placement_opt_inst_FE_OFN14819_n, driver i_ioring/placement_opt_inst_FE_OFC10255_placement_opt_inst_FE_OFN14819_n/Y (cell BUFH_X16M_A9TL) voltage 0.9 does not match receiver i_ioring/i_IRAM_PROG_BYTE_5/DS (cell PDDW1216SCDG) voltage 1.08 for view wc_analysis_view.
Type 'man IMPMSMV-1810' for more detail.
**WARN: (IMPMSMV-1810):	Net i_ioring/placement_opt_inst_FE_OFN10254_placement_opt_inst_FE_OFN14886_n, driver i_ioring/placement_opt_inst_FE_OFC10254_placement_opt_inst_FE_OFN14886_n/Y (cell BUFH_X16M_A9TL) voltage 0.9 does not match receiver i_ioring/i_CLOCK_EN/DS (cell PDDW1216SCDG) voltage 1.08 for view wc_analysis_view.
Type 'man IMPMSMV-1810' for more detail.
**WARN: (IMPMSMV-1810):	Net i_ioring/placement_opt_inst_FE_OFN14984_n, driver i_ioring/placement_opt_inst_FE_OFC10309_n/Y (cell INV_X6M_A9TL) voltage 0.9 does not match receiver i_ioring/i_EXT_PERF_COUNTERS_11/PE (cell PDDW1216SCDG) voltage 1.08 for view wc_analysis_view.
Type 'man IMPMSMV-1810' for more detail.
**WARN: (IMPMSMV-1810):	Net i_ioring/placement_opt_inst_FE_OFN14984_n, driver i_ioring/placement_opt_inst_FE_OFC10309_n/Y (cell INV_X6M_A9TL) voltage 0.9 does not match receiver i_ioring/i_EXT_PERF_COUNTERS_11/DS (cell PDDW1216SCDG) voltage 1.08 for view wc_analysis_view.
Type 'man IMPMSMV-1810' for more detail.
**WARN: (IMPMSMV-1810):	Net i_ioring/placement_opt_inst_FE_OFN10253_n, driver i_ioring/placement_opt_inst_FE_OFC10253_n/Y (cell BUFH_X16M_A9TL) voltage 0.9 does not match receiver i_ioring/i_EXT_PERF_COUNTERS_10/PE (cell PDDW1216SCDG) voltage 1.08 for view wc_analysis_view.
Type 'man IMPMSMV-1810' for more detail.
**WARN: (IMPMSMV-1810):	Net i_ioring/placement_opt_inst_FE_OFN10253_n, driver i_ioring/placement_opt_inst_FE_OFC10253_n/Y (cell BUFH_X16M_A9TL) voltage 0.9 does not match receiver i_ioring/i_EXT_PERF_COUNTERS_10/DS (cell PDDW1216SCDG) voltage 1.08 for view wc_analysis_view.
Type 'man IMPMSMV-1810' for more detail.
**WARN: (IMPMSMV-1810):	Net i_ioring/placement_opt_inst_FE_OFN14980_n, driver i_ioring/placement_opt_inst_FE_OFC10305_placement_opt_inst_FE_OFN14917_n/Y (cell INV_X16M_A9TL) voltage 0.9 does not match receiver i_ioring/i_EXT_PERF_COUNTERS_9/PE (cell PDDW1216SCDG) voltage 1.08 for view wc_analysis_view.
Type 'man IMPMSMV-1810' for more detail.
**WARN: (IMPMSMV-1810):	Net i_ioring/placement_opt_inst_FE_OFN14978_n, driver i_ioring/placement_opt_inst_FE_OFC10303_placement_opt_inst_FE_OFN14863_n/Y (cell INV_X16B_A9TL) voltage 0.9 does not match receiver i_ioring/i_FETCH_EN/PE (cell PDDW1216SCDG) voltage 1.08 for view wc_analysis_view.
Type 'man IMPMSMV-1810' for more detail.
**WARN: (IMPMSMV-1810):	Net i_ioring/placement_opt_inst_FE_OFN14978_n, driver i_ioring/placement_opt_inst_FE_OFC10303_placement_opt_inst_FE_OFN14863_n/Y (cell INV_X16B_A9TL) voltage 0.9 does not match receiver i_ioring/i_FETCH_EN/DS (cell PDDW1216SCDG) voltage 1.08 for view wc_analysis_view.
Type 'man IMPMSMV-1810' for more detail.
**WARN: (IMPMSMV-1810):	Net i_ioring/placement_opt_inst_FE_OFN14976_n, driver i_ioring/placement_opt_inst_FE_OFC10301_placement_opt_inst_FE_OFN14859_n/Y (cell INV_X16B_A9TL) voltage 0.9 does not match receiver i_ioring/i_EXT_PERF_COUNTERS_15/PE (cell PDDW1216SCDG) voltage 1.08 for view wc_analysis_view.
Type 'man IMPMSMV-1810' for more detail.
**WARN: (IMPMSMV-1810):	Net i_ioring/placement_opt_inst_FE_OFN14976_n, driver i_ioring/placement_opt_inst_FE_OFC10301_placement_opt_inst_FE_OFN14859_n/Y (cell INV_X16B_A9TL) voltage 0.9 does not match receiver i_ioring/i_EXT_PERF_COUNTERS_15/DS (cell PDDW1216SCDG) voltage 1.08 for view wc_analysis_view.
Type 'man IMPMSMV-1810' for more detail.
**WARN: (IMPMSMV-1810):	Net i_ioring/placement_opt_inst_FE_OFN14974_n, driver i_ioring/placement_opt_inst_FE_OFC10299_placement_opt_inst_FE_OFN14851_n/Y (cell INV_X16B_A9TL) voltage 0.9 does not match receiver i_ioring/i_EXT_PERF_COUNTERS_13/PE (cell PDDW1216SCDG) voltage 1.08 for view wc_analysis_view.
Type 'man IMPMSMV-1810' for more detail.
**WARN: (IMPMSMV-1810):	Net i_ioring/placement_opt_inst_FE_OFN14974_n, driver i_ioring/placement_opt_inst_FE_OFC10299_placement_opt_inst_FE_OFN14851_n/Y (cell INV_X16B_A9TL) voltage 0.9 does not match receiver i_ioring/i_EXT_PERF_COUNTERS_13/DS (cell PDDW1216SCDG) voltage 1.08 for view wc_analysis_view.
Type 'man IMPMSMV-1810' for more detail.
**WARN: (IMPMSMV-1810):	Net i_ioring/placement_opt_inst_FE_OFN14972_n, driver i_ioring/placement_opt_inst_FE_OFC10297_placement_opt_inst_FE_OFN14813_n/Y (cell INV_X16B_A9TL) voltage 0.9 does not match receiver i_ioring/i_IRAM_PROG_BYTE_4/IE (cell PDDW1216SCDG) voltage 1.08 for view wc_analysis_view.
Type 'man IMPMSMV-1810' for more detail.
**WARN: (IMPMSMV-1810):	Net i_ioring/placement_opt_inst_FE_OFN14972_n, driver i_ioring/placement_opt_inst_FE_OFC10297_placement_opt_inst_FE_OFN14813_n/Y (cell INV_X16B_A9TL) voltage 0.9 does not match receiver i_ioring/i_IRAM_PROG_BYTE_4/DS (cell PDDW1216SCDG) voltage 1.08 for view wc_analysis_view.
Type 'man IMPMSMV-1810' for more detail.
**WARN: (IMPMSMV-1810):	Net i_ioring/placement_opt_inst_FE_OFN14968_n, driver i_ioring/placement_opt_inst_FE_OFC10293_placement_opt_inst_FE_OFN14884_n/Y (cell INV_X16M_A9TL) voltage 0.9 does not match receiver i_ioring/i_IRAM_PROG_BYTE_3/DS (cell PDDW1216SCDG) voltage 1.08 for view wc_analysis_view.
Type 'man IMPMSMV-1810' for more detail.
**WARN: (IMPMSMV-1810):	Net i_ioring/placement_opt_inst_FE_OFN14963_placement_opt_inst_FE_OFN14825_n, driver i_ioring/placement_opt_inst_FE_OFC10288_placement_opt_inst_FE_OFN14825_n/Y (cell INV_X9M_A9TL) voltage 0.9 does not match receiver i_ioring/i_IRAM_PROG_BYTE_7/IE (cell PDDW1216SCDG) voltage 1.08 for view wc_analysis_view.
Type 'man IMPMSMV-1810' for more detail.
**WARN: (EMS-27):	Message (IMPMSMV-1810) has exceeded the current message display limit of 20.
To increase the message display limit, refer to the product command reference manual.
Glitch Analysis: View wc_analysis_view -- Total Number of Nets Skipped = 0. 
Glitch Analysis: View wc_analysis_view -- Total Number of Nets Analyzed = 2864. 
Total number of fetched objects 27408
AAE_INFO: Total number of nets for which stage creation was skipped for all views 0
Glitch Analysis: View bc_analysis_view -- Total Number of Nets Skipped = 0. 
Glitch Analysis: View bc_analysis_view -- Total Number of Nets Analyzed = 27408. 
Total number of fetched objects 27408
AAE_INFO: Total number of nets for which stage creation was skipped for all views 0
End delay calculation. (MEM=11969.2 CPU=0:00:10.2 REAL=0:00:10.0)
End delay calculation (fullDC). (MEM=11969.2 CPU=0:00:11.0 REAL=0:00:11.0)
@innovus 294> #write_parasitics -spef_file $design(spef_file_wc).spef -rc_corner [1G XXX
#write_parasitics -spef_file $design(spef_file_wc).spef -rc_corner XXX
@innovus 295> set_db write_stream_text_size 0.02;       # Set the fonts to be mu [1Gch smaller than the defaul
set_db write_stream_text_size 0.02;       # Set the fonts to be much smaller than the defaul
1 0.02
@innovus 296> write_stream $design(export_dir)/signoff/$design(TOPLEVEL).gds
write_stream $design(export_dir)/signoff/$design(TOPLEVEL).gds
Parse flat map file...
Writing GDSII file ...
	****** db unit per micron = 2000 ******
	****** output gds2 file unit per micron = 2000 ******
	****** unit scaling factor = 1 ******
Output for instance
Output for bump
Output for physical terminals
Output for logical terminals
Output for regular nets
Output for special nets and metal fills
Output for via structure generation total number 26
Statistics for GDS generated (version 3)
----------------------------------------
Stream Out Layer Mapping Information:
GDS Layer Number          GDS Layer Name
----------------------------------------
    205                             COMP
    206                          DIEAREA
    195                               AP
    193                               AP
    192                               AP
    191                               AP
    190                               AP
    189                               RV
    188                               RV
    184                               RV
    174                               M9
    172                               M9
    171                               M9
    170                               M9
    169                               M9
    168                             VIA8
    167                             VIA8
    163                             VIA8
    153                               M8
    151                               M8
    150                               M8
    149                               M8
    148                               M8
    147                             VIA7
    146                             VIA7
    142                             VIA7
    136                               M7
    135                               M7
    134                               M7
    133                               M7
    132                               M7
    131                               M7
    130                               M7
    129                               M7
    128                               M7
    127                               M7
    126                             VIA6
    125                             VIA6
    124                             VIA6
    123                             VIA6
    122                             VIA6
    196                               AP
    58                              VIA3
    57                              VIA3
    50                                M3
    107                               M6
    46                                M3
    45                                M3
    121                             VIA6
    44                                M3
    63                              VIA3
    120                             VIA6
    43                                M3
    199                               AP
    62                              VIA3
    178                               M9
    41                              VIA2
    22                                M2
    173                               M9
    40                              VIA2
    175                               M9
    37                              VIA2
    197                               AP
    59                              VIA3
    36                              VIA2
    165                             VIA8
    31                                M2
    88                                M5
    29                                M2
    86                                M5
    105                             VIA5
    143                             VIA7
    9                                 M1
    66                                M4
    42                              VIA2
    23                                M2
    99                              VIA5
    152                               M8
    19                              VIA1
    8                                 M1
    65                                M4
    84                              VIA4
    164                             VIA8
    30                                M2
    87                                M5
    141                             VIA7
    7                                 M1
    145                             VIA7
    6                                 M1
    64                                M4
    83                              VIA4
    177                               M9
    39                              VIA2
    154                               M8
    16                              VIA1
    186                               RV
    52                                M3
    109                               M6
    2                                 M1
    21                              VIA1
    78                              VIA4
    144                             VIA7
    10                                M1
    67                                M4
    185                               RV
    51                                M3
    108                               M6
    162                             VIA8
    28                                M2
    1                                 M1
    157                               M8
    20                              VIA1
    176                               M9
    38                              VIA2
    15                              VIA1
    5                                 M1
    81                              VIA4
    155                               M8
    17                              VIA1
    183                               RV
    49                                M3
    156                               M8
    18                              VIA1
    47                                M3
    24                                M2
    100                             VIA5
    187                               RV
    48                                M3
    106                               M6
    25                                M2
    3                                 M1
    79                              VIA4
    26                                M2
    102                             VIA5
    4                                 M1
    166                             VIA8
    27                                M2
    85                                M5
    104                             VIA5
    198                               AP
    60                              VIA3
    194                               AP
    61                              VIA3
    68                                M4
    69                                M4
    70                                M4
    71                                M4
    72                                M4
    73                                M4
    80                              VIA4
    82                              VIA4
    89                                M5
    90                                M5
    91                                M5
    92                                M5
    93                                M5
    94                                M5
    101                             VIA5
    103                             VIA5
    110                               M6
    111                               M6
    112                               M6
    113                               M6
    114                               M6
    115                               M6
    203                               AP
    202                               AP
    201                               AP
    200                               AP
    182                               M9
    181                               M9
    180                               M9
    179                               M9
    161                               M8
    160                               M8
    159                               M8
    158                               M8
    140                               M7
    139                               M7
    138                               M7
    137                               M7
    117                               M6
    56                                M3
    55                                M3
    54                                M3
    53                                M3
    32                                M2
    98                                M5
    96                                M5
    76                                M4
    33                                M2
    75                                M4
    97                                M5
    74                                M4
    119                               M6
    12                                M1
    77                                M4
    118                               M6
    11                                M1
    34                                M2
    116                               M6
    35                                M2
    13                                M1
    14                                M1
    95                                M5


Stream Out Information Processed for GDS version 3:
Units: 2000 DBU

Object                             Count
----------------------------------------
Instances                         104715

Ports/Pins                             0

Nets                              175842
    metal layer M2                 82689
    metal layer M3                 77933
    metal layer M4                  9875
    metal layer M5                  3607
    metal layer M6                   645
    metal layer M7                   222
    metal layer M8                   195
    metal layer M9                   581
    metal layer AP                    95

    Via Instances                 251901

Special Nets                        2340
    metal layer M1                  2004
    metal layer M2                   223
    metal layer M3                    60
    metal layer M4                    13
    metal layer M5                     8
    metal layer M6                     8
    metal layer M7                     8
    metal layer M8                     8
    metal layer M9                     8

    Via Instances                  14543

Metal Fills                            0

    Via Instances                      0

Metal FillOPCs                         0

    Via Instances                      0

Metal FillDRCs                         0

    Via Instances                      0

Text                               27153
    metal layer M2                 14742
    metal layer M3                 10847
    metal layer M4                   928
    metal layer M5                   323
    metal layer M6                   152
    metal layer M7                    30
    metal layer M8                    29
    metal layer M9                    92
    metal layer AP                    10


Blockages                              0


Custom Text                            0


Custom Box                             0

Trim Metal                             0

######Streamout is finished!
@innovus 297> 

@innovus 297> enics_create_stage_reports -check_drc yes -check_connectivity yes  [1G-pop_snapshot yes
enics_create_stage_reports -check_drc yes -check_connectivity yes -pop_snapshot yes

ENICSINFO: Starting to create reports for stage: signoff
--------------------------------------------------------
ENICSINFO: Reports directory is: /data/project/tsmc65/users/liosky/ws/DVD25/hw7/workspace/../reports/signoff/ 
ENICSINFO: Export directory is: /data/project/tsmc65/users/liosky/ws/DVD25/hw7/workspace/../export/signoff/ 
ENICSINFO: Export directory is: /data/project/tsmc65/users/liosky/ws/DVD25/hw7/workspace/../export/signoff/ 
ENICSINFO: Reporting Timing
AAE_INFO: opIsDesignInPostRouteState() is 0
AAE_INFO: resetNetProps viewIdx 0 
Starting SI iteration 1 using Infinite Timing Windows
#################################################################################
# Design Stage: PreRoute
# Design Name: lp_riscv_top
# Design Mode: 65nm
# Analysis Mode: MMMC OCV 
# Parasitics Mode: SPEF/RCDB 
# Signoff Settings: SI On (EWM)
#################################################################################
AAE_INFO: 1 threads acquired from CTE.
Start delay calculation (fullDC) (1 T). (MEM=11949.2)
 Report initialization with DMWrite ... (0, Worst)
**WARN: (IMPESI-3095):	Net: 'PAD_TEST_EN' has no receivers. SI analysis is not performed.
**WARN: (IMPESI-3095):	Net: 'PAD_TEST_EN' has no receivers. SI analysis is not performed.
**WARN: (IMPESI-3095):	Net: 'PAD_RST_N' has no receivers. SI analysis is not performed.
**WARN: (IMPESI-3095):	Net: 'PAD_RST_N' has no receivers. SI analysis is not performed.
**WARN: (IMPESI-3095):	Net: 'PAD_IRAM_PROG_WR' has no receivers. SI analysis is not performed.
**WARN: (IMPESI-3095):	Net: 'PAD_IRAM_PROG_WR' has no receivers. SI analysis is not performed.
**WARN: (IMPESI-3095):	Net: 'PAD_IRAM_PROG_DATA_BYTE' has no receivers. SI analysis is not performed.
**WARN: (IMPESI-3095):	Net: 'PAD_IRAM_PROG_DATA_BYTE' has no receivers. SI analysis is not performed.
**WARN: (IMPESI-3095):	Net: 'PAD_IRAM_PROG_BYTE_IDX_1' has no receivers. SI analysis is not performed.
**WARN: (IMPESI-3095):	Net: 'PAD_IRAM_PROG_BYTE_IDX_1' has no receivers. SI analysis is not performed.
**WARN: (IMPESI-3095):	Net: 'PAD_IRAM_PROG_BYTE_IDX_0' has no receivers. SI analysis is not performed.
**WARN: (IMPESI-3095):	Net: 'PAD_IRAM_PROG_BYTE_IDX_0' has no receivers. SI analysis is not performed.
**WARN: (IMPESI-3095):	Net: 'PAD_IRAM_PROG_BYTE_7' has no receivers. SI analysis is not performed.
**WARN: (IMPESI-3095):	Net: 'PAD_IRAM_PROG_BYTE_7' has no receivers. SI analysis is not performed.
**WARN: (IMPESI-3095):	Net: 'PAD_IRAM_PROG_BYTE_6' has no receivers. SI analysis is not performed.
**WARN: (IMPESI-3095):	Net: 'PAD_IRAM_PROG_BYTE_6' has no receivers. SI analysis is not performed.
**WARN: (IMPESI-3095):	Net: 'PAD_IRAM_PROG_BYTE_5' has no receivers. SI analysis is not performed.
**WARN: (IMPESI-3095):	Net: 'PAD_IRAM_PROG_BYTE_5' has no receivers. SI analysis is not performed.
**WARN: (IMPESI-3095):	Net: 'PAD_IRAM_PROG_BYTE_4' has no receivers. SI analysis is not performed.
**WARN: (IMPESI-3095):	Net: 'PAD_IRAM_PROG_BYTE_4' has no receivers. SI analysis is not performed.
Total number of fetched objects 27408
AAE_INFO: Total number of nets for which stage creation was skipped for all views 0
AAE_INFO-618: Total number of nets in the design is 27769,  98.9 percent of the nets selected for SI analysis
End delay calculation. (MEM=11960.8 CPU=0:00:08.3 REAL=0:00:08.0)
End delay calculation (fullDC). (MEM=11960.8 CPU=0:00:08.7 REAL=0:00:09.0)
Loading CTE timing window with TwFlowType 0...(CPU = 0:00:00.0, REAL = 0:00:00.0, MEM = 11968.8M)
Add other clocks and setupCteToAAEClockMapping during iter 1
Loading CTE timing window is completed (CPU = 0:00:00.1, REAL = 0:00:00.0, MEM = 11968.8M)
Starting SI iteration 2
Start delay calculation (fullDC) (1 T). (MEM=11904.9)
 Report initialization with DMUpdate ... (1, Worst)
Glitch Analysis: View wc_analysis_view -- Total Number of Nets Skipped = 0. 
Glitch Analysis: View wc_analysis_view -- Total Number of Nets Analyzed = 27408. 
Total number of fetched objects 27408
AAE_INFO: Total number of nets for which stage creation was skipped for all views 0
AAE_INFO-618: Total number of nets in the design is 27769,  12.7 percent of the nets selected for SI analysis
End delay calculation. (MEM=11948.6 CPU=0:00:02.7 REAL=0:00:03.0)
End delay calculation (fullDC). (MEM=11948.6 CPU=0:00:02.8 REAL=0:00:03.0)
ENICSINFO: Checking DRC
#-check_same_via_cell true               # bool, default=false, user setting
#-report /data/project/tsmc65/users/liosky/ws/DVD25/hw7/workspace/../export/signoff//drc.rpt # string, default="", user setting
 *** Starting Verify DRC (MEM: 11956.6) ***

  VERIFY DRC ...... Starting Verification
  VERIFY DRC ...... Initializing
  VERIFY DRC ...... Deleting Existing Violations
  VERIFY DRC ...... Creating Sub-Areas
  VERIFY DRC ...... Using new threading
**WARN: (IMPVFG-1240):	Skip checking DRC in area { -746.205, -246.300, -658.365, -159.900 } as there are too many objects overlapped. The cell instance density is 400.0%.
**WARN: (IMPVFG-1103):	VERIFY DRC did not complete: Number of violations exceeds the Error Limit [1000]

  Verification Complete : 1000 Viols.

 Violation Summary By Layer and Type:

	          Short      Mar ViaInPin   MetSpc   CutSpc   MinStp   CShort   Others   Totals
	M1            0        0       63       13        0       67        0        7      150
	VIA1          0        0        0        0       13        0        0        0       13
	M2           32       71        0        0        0        0        0        3      106
	VIA2          0        0        0        0        7        0        1        0        8
	M3           14       27        0        0        0        0        0        1       42
	VIA3          0        0        0        0        1        0        0        0        1
	M4            0       18        0        0        0        0        0        0       18
	VIA4          0        0        0        0        1        0        0        0        1
	M5            1       14        0        0        0        0        0        0       15
	M6            1       11        6        0        0        0        0        6       24
	VIA6          0        0        0        0        6        0        0        6       12
	M7           18        0       10       30        0        0        0       16       74
	VIA7          0        0        0        0        7        0        6       13       26
	M8            6       12       30       28        0        9        0        1       86
	VIA8          0        0        0        0        0        0       26       26       52
	M9          169        0       44       37        0       15        0        1      266
	RV            0        0        0        0       62        0       29        0       91
	AP           14        0        0        1        0        0        0        0       15
	Totals      255      153      153      109       97       91       62       80     1000

 *** End Verify DRC (CPU: 0:00:00.4  ELAPSED TIME: 0.00  MEM: 768.1M) ***

ENICSINFO: Checking Connectivity
VERIFY_CONNECTIVITY use new engine.

******** Start: VERIFY CONNECTIVITY ********
Start Time: Mon Feb 10 16:15:25 2025

Design Name: lp_riscv_top
Database Units: 2000
Design Boundary: (-746.2050, -246.3000) (2053.7950, 1553.7000)
Error Limit = 1000; Warning Limit = 50
Check all nets
**** 16:15:26 **** Processed 5000 nets.
Net lp_riscv/i_riscv_core_pc_ex[31]: has an unconnected terminal, has regular routing with opens, dangling Wire.
Net lp_riscv/i_riscv_core_pc_ex[30]: has an unconnected terminal, has regular routing with opens, dangling Wire.
Net lp_riscv/i_riscv_core_pc_ex[26]: has an unconnected terminal, has regular routing with opens, dangling Wire.
Net lp_riscv/i_riscv_core_pc_ex[25]: has an unconnected terminal, has regular routing with opens, dangling Wire.
Net lp_riscv/i_riscv_core_pc_ex[24]: has an unconnected terminal, has regular routing with opens, dangling Wire.
Net lp_riscv/i_riscv_core_pc_ex[15]: has an unconnected terminal, has regular routing with opens, dangling Wire.
Net lp_riscv/i_riscv_core_pc_ex[14]: has an unconnected terminal, has regular routing with opens, dangling Wire.
Net lp_riscv/i_riscv_core_pc_ex[11]: has an unconnected terminal, has regular routing with opens, dangling Wire.
Net lp_riscv/i_riscv_core_pc_ex[5]: has an unconnected terminal, has regular routing with opens, dangling Wire.
Net lp_riscv/i_riscv_core_pc_ex[4]: has an unconnected terminal, has regular routing with opens, dangling Wire.
Net lp_riscv/i_riscv_core_pc_ex[3]: has an unconnected terminal, has regular routing with opens, dangling Wire.
Net lp_riscv/i_riscv_core_pc_ex[2]: has an unconnected terminal, has regular routing with opens, dangling Wire.
Net lp_riscv/i_riscv_core_pc_ex[1]: has an unconnected terminal, has regular routing with opens, dangling Wire.
**** 16:15:26 **** Processed 10000 nets.
**** 16:15:26 **** Processed 15000 nets.
**** 16:15:26 **** Processed 20000 nets.
**** 16:15:26 **** Processed 25000 nets.
Net lp_riscv/rc_gclk_46968: has an unconnected terminal, has regular routing with opens, dangling Wire.
Net vdd: has an unconnected terminal, has special routes with opens, has regular routing with opens.
Net vddio: has special routes with opens.
Net gnd: has an unconnected terminal, has special routes with opens, has regular routing with opens.
**WARN: (IMPVFC-3):	Verify Connectivity stopped: Number of errors exceeds the limit 1000
Type 'man IMPVFC-3' for more detail.

Begin Summary 
    840 Problem(s) (IMPVFC-96): Terminal(s) are not connected.
    10 Problem(s) (IMPVFC-200): Special Wires: Pieces of the net are not connected together.
    134 Problem(s) (IMPVFC-92): Pieces of the net are not connected together.
    16 Problem(s) (IMPVFC-94): The net has dangling wire(s).
    1000 total info(s) created.
End Summary

End Time: Mon Feb 10 16:15:28 2025
Time Elapsed: 0:00:03.0

******** End: VERIFY CONNECTIVITY ********
  Verification Complete : 1000 Viols.  0 Wrngs.
  (CPU Time: 0:00:02.7  MEM: -0.688M)

ENICSINFO: Writing out Database
wc_timing_condition bc_timing_condition tc_timing_condition
The in-memory database contained RC information but was not saved. To save 
the RC information, use write_db's -rc_extract option. Note: Saving RC information can be quite large, 
so it should only be saved when it is really desired.
#% Begin save design ... (date=02/10 16:15:28, mem=2987.1M)
% Begin Save ccopt configuration ... (date=02/10 16:15:28, mem=2987.1M)
Restoring CCOpt state...
  Extracting original clock gating for CLK...
    clock_tree CLK contains 2191 sinks and 58 clock gates.
  Extracting original clock gating for CLK done.
  The skew group CLK was created. It contains 2191 sinks and 1 sources.
  The skew group CLK was created. It contains 2191 sinks and 1 sources.
CCOpt state has been restored.
Restoring CCOpt state done.
% End Save ccopt configuration ... (date=02/10 16:15:28, total cpu=0:00:00.2, real=0:00:00.0, peak res=3000.8M, current mem=3000.8M)
% Begin Save netlist data ... (date=02/10 16:15:28, mem=3000.8M)
Writing Binary DB to /data/project/tsmc65/users/liosky/ws/DVD25/hw7/workspace/../dbs/signoff.tmp/lp_riscv_top.v.bin in single-threaded mode...
% End Save netlist data ... (date=02/10 16:15:28, total cpu=0:00:00.1, real=0:00:01.0, peak res=3000.8M, current mem=3000.8M)
Writing Netlist "/data/project/tsmc65/users/liosky/ws/DVD25/hw7/workspace/../dbs/signoff.tmp/lp_riscv_top.v.gz" ...
Saving symbol-table file ...
Saving congestion map file /data/project/tsmc65/users/liosky/ws/DVD25/hw7/workspace/../dbs/signoff.tmp/lp_riscv_top.route.congmap.gz ...
% Begin Save AAE data ... (date=02/10 16:15:29, mem=3001.6M)
Saving AAE Data ...
% End Save AAE data ... (date=02/10 16:15:29, total cpu=0:00:00.0, real=0:00:00.0, peak res=3001.6M, current mem=3001.6M)
Saving preference file /data/project/tsmc65/users/liosky/ws/DVD25/hw7/workspace/../dbs/signoff.tmp/gui.pref.tcl ...
Saving mode setting ...
Saving root attributes to be loaded post write_db ...
Saving global file ...
Saving root attributes to be loaded previous write_db ...
% Begin Save floorplan data ... (date=02/10 16:15:31, mem=3003.5M)
Saving floorplan file ...
% End Save floorplan data ... (date=02/10 16:15:31, total cpu=0:00:00.1, real=0:00:00.0, peak res=3003.5M, current mem=3003.5M)
Saving PG file /data/project/tsmc65/users/liosky/ws/DVD25/hw7/workspace/../dbs/signoff.tmp/lp_riscv_top.pg.gz, version#2, (Created by Innovus v21.15-s110_1 on Mon Feb 10 16:15:31 2025)
*** Completed savePGFile (cpu=0:00:00.1 real=0:00:00.0 mem=12949.8M) ***
Saving Drc markers ...
... No Drc file written since there is no markers found.
% Begin Save placement data ... (date=02/10 16:15:31, mem=3003.5M)
** Saving stdCellPlacement_binary (version# 2) ...
Save Adaptive View Pruning View Names to Binary file
% End Save placement data ... (date=02/10 16:15:31, total cpu=0:00:00.1, real=0:00:00.0, peak res=3003.6M, current mem=3003.6M)
% Begin Save routing data ... (date=02/10 16:15:31, mem=3003.6M)
Saving route file ...
*** Completed saveRoute (cpu=0:00:00.2 real=0:00:01.0 mem=12949.8M) ***
% End Save routing data ... (date=02/10 16:15:32, total cpu=0:00:00.3, real=0:00:01.0, peak res=3003.7M, current mem=3003.7M)
Saving property file /data/project/tsmc65/users/liosky/ws/DVD25/hw7/workspace/../dbs/signoff.tmp/lp_riscv_top.prop
*** Completed saveProperty (cpu=0:00:00.0 real=0:00:00.0 mem=12952.8M) ***
Saving parasitic data in file '/data/project/tsmc65/users/liosky/ws/DVD25/hw7/workspace/../dbs/signoff.tmp/lp_riscv_top.rcdb.d' ...
Reading RCDB with compressed RC data.
Reading RCDB with compressed RC data.
Saving preRoute extracted patterns in file '/data/project/tsmc65/users/liosky/ws/DVD25/hw7/workspace/../dbs/signoff.tmp/lp_riscv_top.techData.gz' ...
Saving preRoute extraction data in directory '/data/project/tsmc65/users/liosky/ws/DVD25/hw7/workspace/../dbs/signoff.tmp/extraction/' ...
% Begin Save power constraints data ... (date=02/10 16:15:32, mem=3004.7M)
% End Save power constraints data ... (date=02/10 16:15:33, total cpu=0:00:00.0, real=0:00:01.0, peak res=3004.7M, current mem=3004.7M)
tc_rc_corner bc_rc_corner wc_rc_corner
tc_rc_corner bc_rc_corner wc_rc_corner
tc_rc_corner bc_rc_corner wc_rc_corner
tc_rc_corner bc_rc_corner wc_rc_corner
tc_rc_corner bc_rc_corner wc_rc_corner
tc_rc_corner bc_rc_corner wc_rc_corner
tc_rc_corner bc_rc_corner wc_rc_corner
Generated self-contained design signoff.tmp
#% End save design ... (date=02/10 16:15:34, total cpu=0:00:02.4, real=0:00:06.0, peak res=3004.7M, current mem=3003.5M)
*** Message Summary: 0 warning(s), 0 error(s)

@innovus 298> exit

*** Memory Usage v#1 (Current mem = 14014.875M, initial mem = 2004.215M) ***
*** Message Summary: 20872 warning(s), 13 error(s)

--- Ending "Innovus" (totcpu=0:24:26, real=0:30:10, mem=14014.9M) ---
